corp_code,company_name,business_year,fiscal_quarter,report_code,annual_reference_basis,statement_basis,basis_matches_annual_reference,basis_comparable_to_immediate_predecessor,statement_fetch_status,operating_profit_cumulative,operating_profit_q,net_income_cumulative,net_income_q,equity_q_end,cfo_cumulative,cfo_q,capex_ppe_cumulative,capex_ppe_q_spend,capex_intangible_cumulative,capex_intangible_q_spend,capex_q_spend,fcf_q,op_pure_method,ni_pure_method,cfo_pure_method,metric_selection_json,signal_date_status,seed_source,modern_oos_protected
00100258,주식회사 에스마크,2016,Q1,11013,CFS,CFS,True,True,ok,-3176470462.0,-3176470462.0,-3176631038.0,-3176631038.0,24285388306.0,-3310142205.0,-3310142205.0,5425067.0,5425067.0,1324420923.0,1324420923.0,1329845990.0,-4639988195.0,direct_q1,direct_q1,direct_q1,"{""operating_profit"": {""cumulative"": -3176470462.0, ""selection_rule"": ""standard_id"", ""amount_method"": ""q1_thstrm_amount"", ""account_id"": ""dart_OperatingIncomeLoss"", ""account_nm"": ""영업이익(손실)"", ""sj_div"": ""CIS""}, ""net_income"": {""cumulative"": -3176631038.0, ""selection_rule"": ""standard_id"", ""amount_method"": ""q1_thstrm_amount"", ""account_id"": ""ifrs_ProfitLoss"", ""account_nm"": ""당기순이익(손실)"", ""sj_div"": ""CIS""}, ""equity"": {""cumulative"": 24285388306.0, ""selection_rule"": ""standard_id"", ""amount_method"": ""instant_thstrm_amount"", ""account_id"": ""ifrs_Equity"", ""account_nm"": ""자본총계"", ""sj_div"": ""BS""}, ""cfo"": {""cumulative"": -3310142205.0, ""selection_rule"": ""standard_id"", ""amount_method"": ""q1_thstrm_amount"", ""account_id"": ""ifrs_CashFlowsFromUsedInOperatingActivities"", ""account_nm"": ""영업활동현금흐름"", ""sj_div"": ""CF""}, ""capex_ppe"": {""cumulative"": 5425067.0, ""selection_rule"": ""standard_id_sum"", ""row_count"": 1, ""rows"": [{""account_id"": ""ifrs_PurchaseOfPropertyPlantAndEquipmentClassifiedAsInvestingActivities"", ""account_nm"": ""유형자산의 취득"", ""value"": 5425067.0, ""method"": ""q1_thstrm_amount""}]}, ""capex_intangible"": {""cumulative"": 1324420923.0, ""selection_rule"": ""standard_id_sum"", ""row_count"": 1, ""rows"": [{""account_id"": ""ifrs_PurchaseOfIntangibleAssetsClassifiedAsInvestingActivities"", ""account_nm"": ""무형자산의 취득"", ""value"": 1324420923.0, ""method"": ""q1_thstrm_amount""}]}}",NOT_ASSIGNED_ACCOUNTING_STAGE,annual_reference_2015_2020_accept,True
00100258,주식회사 에스마크,2016,Q2,11012,CFS,CFS,True,True,ok,-7102727695.0,-3926257233.0,-7320465935.0,-4143834897.0,29062431958.0,-7713849723.0,-4403707518.0,39161228.0,33736161.0,,,,,cumulative_difference,cumulative_difference,cumulative_difference,"{""operating_profit"": {""cumulative"": -7102727695.0, ""selection_rule"": ""standard_id"", ""amount_method"": ""cumulative_thstrm_add_amount"", ""account_id"": ""dart_OperatingIncomeLoss"", ""account_nm"": ""영업이익(손실)"", ""sj_div"": ""CIS""}, ""net_income"": {""cumulative"": -7320465935.0, ""selection_rule"": ""standard_id"", ""amount_method"": ""cumulative_thstrm_add_amount"", ""account_id"": ""ifrs_ProfitLoss"", ""account_nm"": ""당기순이익(손실)"", ""sj_div"": ""CIS""}, ""equity"": {""cumulative"": 29062431958.0, ""selection_rule"": ""standard_id"", ""amount_method"": ""instant_thstrm_amount"", ""account_id"": ""ifrs_Equity"", ""account_nm"": ""자본총계"", ""sj_div"": ""BS""}, ""cfo"": {""cumulative"": -7713849723.0, ""selection_rule"": ""standard_id"", ""amount_method"": ""cumulative_cf_thstrm_amount"", ""account_id"": ""ifrs_CashFlowsFromUsedInOperatingActivities"", ""account_nm"": ""영업활동현금흐름"", ""sj_div"": ""CF""}, ""capex_ppe"": {""cumulative"": 39161228.0, ""selection_rule"": ""standard_id_sum"", ""row_count"": 1, ""rows"": [{""account_id"": ""ifrs_PurchaseOfPropertyPlantAndEquipmentClassifiedAsInvestingActivities"", ""account_nm"": ""유형자산의 취득"", ""value"": 39161228.0, ""method"": ""cumulative_cf_thstrm_amount""}]}, ""capex_intangible"": {""cumulative"": null, ""selection_rule"": ""standard_id_sum"", ""row_count"": 1, ""rows"": [{""account_id"": ""ifrs_PurchaseOfIntangibleAssetsClassifiedAsInvestingActivities"", ""account_nm"": ""무형자산의 취득"", ""value"": null, ""method"": ""cumulative_missing""}]}}",NOT_ASSIGNED_ACCOUNTING_STAGE,annual_reference_2015_2020_accept,True
00100258,주식회사 에스마크,2016,Q3,11014,CFS,CFS,True,True,ok,-13261671165.0,-6158943470.0,-13631228314.0,-6310762379.0,39893902042.0,-8919197777.0,-1205348054.0,932853922.0,893692694.0,0.0,,,,cumulative_difference,cumulative_difference,cumulative_difference,"{""operating_profit"": {""cumulative"": -13261671165.0, ""selection_rule"": ""standard_id"", ""amount_method"": ""cumulative_thstrm_add_amount"", ""account_id"": ""dart_OperatingIncomeLoss"", ""account_nm"": ""영업이익(손실)"", ""sj_div"": ""CIS""}, ""net_income"": {""cumulative"": -13631228314.0, ""selection_rule"": ""standard_id"", ""amount_method"": ""cumulative_thstrm_add_amount"", ""account_id"": ""ifrs_ProfitLoss"", ""account_nm"": ""당기순이익(손실)"", ""sj_div"": ""CIS""}, ""equity"": {""cumulative"": 39893902042.0, ""selection_rule"": ""standard_id"", ""amount_method"": ""instant_thstrm_amount"", ""account_id"": ""ifrs_Equity"", ""account_nm"": ""자본총계"", ""sj_div"": ""BS""}, ""cfo"": {""cumulative"": -8919197777.0, ""selection_rule"": ""standard_id"", ""amount_method"": ""cumulative_cf_thstrm_amount"", ""account_id"": ""ifrs_CashFlowsFromUsedInOperatingActivities"", ""account_nm"": ""영업활동현금흐름"", ""sj_div"": ""CF""}, ""capex_ppe"": {""cumulative"": 932853922.0, ""selection_rule"": ""standard_id_sum"", ""row_count"": 1, ""rows"": [{""account_id"": ""ifrs_PurchaseOfPropertyPlantAndEquipmentClassifiedAsInvestingActivities"", ""account_nm"": ""유형자산의 취득"", ""value"": 932853922.0, ""method"": ""cumulative_cf_thstrm_amount""}]}, ""capex_intangible"": {""cumulative"": 0.0, ""selection_rule"": ""standard_id_sum"", ""row_count"": 1, ""rows"": [{""account_id"": ""ifrs_PurchaseOfIntangibleAssetsClassifiedAsInvestingActivities"", ""account_nm"": ""무형자산의 취득"", ""value"": 0.0, ""method"": ""cumulative_cf_thstrm_amount""}]}}",NOT_ASSIGNED_ACCOUNTING_STAGE,annual_reference_2015_2020_accept,True
00100258,주식회사 에스마크,2016,Q4,11011,CFS,CFS,True,True,ok,-16257012492.0,-2995341327.0,-20911963294.0,-7280734980.0,47442925425.0,-10113477564.0,-1194279787.0,1159311978.0,226458056.0,11150758529.0,11150758529.0,11377216585.0,-12571496372.0,cumulative_difference,cumulative_difference,cumulative_difference,"{""operating_profit"": {""cumulative"": -16257012492.0, ""selection_rule"": ""standard_id"", ""amount_method"": ""fy_thstrm_amount"", ""account_id"": ""dart_OperatingIncomeLoss"", ""account_nm"": ""영업이익(손실)"", ""sj_div"": ""CIS""}, ""net_income"": {""cumulative"": -20911963294.0, ""selection_rule"": ""standard_id"", ""amount_method"": ""fy_thstrm_amount"", ""account_id"": ""ifrs_ProfitLoss"", ""account_nm"": ""당기순이익(손실)"", ""sj_div"": ""CIS""}, ""equity"": {""cumulative"": 47442925425.0, ""selection_rule"": ""standard_id"", ""amount_method"": ""instant_thstrm_amount"", ""account_id"": ""ifrs_Equity"", ""account_nm"": ""자본총계"", ""sj_div"": ""BS""}, ""cfo"": {""cumulative"": -10113477564.0, ""selection_rule"": ""standard_id"", ""amount_method"": ""fy_thstrm_amount"", ""account_id"": ""ifrs_CashFlowsFromUsedInOperatingActivities"", ""account_nm"": ""영업활동현금흐름"", ""sj_div"": ""CF""}, ""capex_ppe"": {""cumulative"": 1159311978.0, ""selection_rule"": ""standard_id_sum"", ""row_count"": 1, ""rows"": [{""account_id"": ""ifrs_PurchaseOfPropertyPlantAndEquipmentClassifiedAsInvestingActivities"", ""account_nm"": ""유형자산의 취득"", ""value"": 1159311978.0, ""method"": ""fy_thstrm_amount""}]}, ""capex_intangible"": {""cumulative"": 11150758529.0, ""selection_rule"": ""standard_id_sum"", ""row_count"": 1, ""rows"": [{""account_id"": ""ifrs_PurchaseOfIntangibleAssetsClassifiedAsInvestingActivities"", ""account_nm"": ""무형자산의 취득"", ""value"": 11150758529.0, ""method"": ""fy_thstrm_amount""}]}}",NOT_ASSIGNED_ACCOUNTING_STAGE,annual_reference_2015_2020_accept,True
00100601,(주)웰크론강원,2016,Q1,11013,CFS,CFS,True,True,ok,74820720.0,74820720.0,132872173.0,132872173.0,57157936530.0,-7676802314.0,-7676802314.0,999789809.0,999789809.0,,,,,direct_q1,direct_q1,direct_q1,"{""operating_profit"": {""cumulative"": 74820720.0, ""selection_rule"": ""standard_id"", ""amount_method"": ""q1_thstrm_amount"", ""account_id"": ""dart_OperatingIncomeLoss"", ""account_nm"": ""영업이익(손실)"", ""sj_div"": ""CIS""}, ""net_income"": {""cumulative"": 132872173.0, ""selection_rule"": ""standard_id"", ""amount_method"": ""q1_thstrm_amount"", ""account_id"": ""ifrs_ProfitLoss"", ""account_nm"": ""당기순이익(손실)"", ""sj_div"": ""CIS""}, ""equity"": {""cumulative"": 57157936530.0, ""selection_rule"": ""standard_id"", ""amount_method"": ""instant_thstrm_amount"", ""account_id"": ""ifrs_Equity"", ""account_nm"": ""자본총계"", ""sj_div"": ""BS""}, ""cfo"": {""cumulative"": -7676802314.0, ""selection_rule"": ""standard_id"", ""amount_method"": ""q1_thstrm_amount"", ""account_id"": ""ifrs_CashFlowsFromUsedInOperatingActivities"", ""account_nm"": ""영업활동현금흐름"", ""sj_div"": ""CF""}, ""capex_ppe"": {""cumulative"": 999789809.0, ""selection_rule"": ""exact_label_sum"", ""row_count"": 1, ""rows"": [{""account_id"": ""-표준계정코드 미사용-"", ""account_nm"": ""유형자산의 취득"", ""value"": 999789809.0, ""method"": ""q1_thstrm_amount""}]}, ""capex_intangible"": {""cumulative"": null, ""selection_rule"": ""exact_label_sum"", ""row_count"": 1, ""rows"": [{""account_id"": ""-표준계정코드 미사용-"", ""account_nm"": ""무형자산의 취득"", ""value"": null, ""method"": ""missing""}]}}",NOT_ASSIGNED_ACCOUNTING_STAGE,annual_reference_2015_2020_accept,True
00100601,(주)웰크론강원,2016,Q2,11012,CFS,CFS,True,True,ok,67541266.0,-7279454.0,-802887028.0,-935759201.0,55459091631.0,-18001554732.0,-10324752418.0,1634465869.0,634676060.0,,,,,cumulative_difference,cumulative_difference,cumulative_difference,"{""operating_profit"": {""cumulative"": 67541266.0, ""selection_rule"": ""standard_id"", ""amount_method"": ""cumulative_thstrm_add_amount"", ""account_id"": ""dart_OperatingIncomeLoss"", ""account_nm"": ""영업이익(손실)"", ""sj_div"": ""CIS""}, ""net_income"": {""cumulative"": -802887028.0, ""selection_rule"": ""standard_id"", ""amount_method"": ""cumulative_thstrm_add_amount"", ""account_id"": ""ifrs_ProfitLoss"", ""account_nm"": ""당기순이익(손실)"", ""sj_div"": ""CIS""}, ""equity"": {""cumulative"": 55459091631.0, ""selection_rule"": ""standard_id"", ""amount_method"": ""instant_thstrm_amount"", ""account_id"": ""ifrs_Equity"", ""account_nm"": ""자본총계"", ""sj_div"": ""BS""}, ""cfo"": {""cumulative"": -18001554732.0, ""selection_rule"": ""standard_id"", ""amount_method"": ""cumulative_cf_thstrm_amount"", ""account_id"": ""ifrs_CashFlowsFromUsedInOperatingActivities"", ""account_nm"": ""영업활동현금흐름"", ""sj_div"": ""CF""}, ""capex_ppe"": {""cumulative"": 1634465869.0, ""selection_rule"": ""exact_label_sum"", ""row_count"": 1, ""rows"": [{""account_id"": ""-표준계정코드 미사용-"", ""account_nm"": ""유형자산의 취득"", ""value"": 1634465869.0, ""method"": ""cumulative_cf_thstrm_amount""}]}, ""capex_intangible"": {""cumulative"": null, ""selection_rule"": ""exact_label_sum"", ""row_count"": 1, ""rows"": [{""account_id"": ""-표준계정코드 미사용-"", ""account_nm"": ""무형자산의 취득"", ""value"": null, ""method"": ""cumulative_missing""}]}}",NOT_ASSIGNED_ACCOUNTING_STAGE,annual_reference_2015_2020_accept,True
00100601,(주)웰크론강원,2016,Q3,11014,CFS,CFS,True,True,ok,-2133891411.0,-2201432677.0,-3281246642.0,-2478359614.0,53133437539.0,-17876472425.0,125082307.0,2215122991.0,580657122.0,,,,,cumulative_difference,cumulative_difference,cumulative_difference,"{""operating_profit"": {""cumulative"": -2133891411.0, ""selection_rule"": ""standard_id"", ""amount_method"": ""cumulative_thstrm_add_amount"", ""account_id"": ""dart_OperatingIncomeLoss"", ""account_nm"": ""영업이익(손실)"", ""sj_div"": ""CIS""}, ""net_income"": {""cumulative"": -3281246642.0, ""selection_rule"": ""standard_id"", ""amount_method"": ""cumulative_thstrm_add_amount"", ""account_id"": ""ifrs_ProfitLoss"", ""account_nm"": ""당기순이익(손실)"", ""sj_div"": ""CIS""}, ""equity"": {""cumulative"": 53133437539.0, ""selection_rule"": ""standard_id"", ""amount_method"": ""instant_thstrm_amount"", ""account_id"": ""ifrs_Equity"", ""account_nm"": ""자본총계"", ""sj_div"": ""BS""}, ""cfo"": {""cumulative"": -17876472425.0, ""selection_rule"": ""standard_id"", ""amount_method"": ""cumulative_cf_thstrm_amount"", ""account_id"": ""ifrs_CashFlowsFromUsedInOperatingActivities"", ""account_nm"": ""영업활동현금흐름"", ""sj_div"": ""CF""}, ""capex_ppe"": {""cumulative"": 2215122991.0, ""selection_rule"": ""exact_label_sum"", ""row_count"": 1, ""rows"": [{""account_id"": ""-표준계정코드 미사용-"", ""account_nm"": ""유형자산의 취득"", ""value"": 2215122991.0, ""method"": ""cumulative_cf_thstrm_amount""}]}, ""capex_intangible"": {""cumulative"": null, ""selection_rule"": ""exact_label_sum"", ""row_count"": 1, ""rows"": [{""account_id"": ""-표준계정코드 미사용-"", ""account_nm"": ""무형자산의 취득"", ""value"": null, ""method"": ""cumulative_missing""}]}}",NOT_ASSIGNED_ACCOUNTING_STAGE,annual_reference_2015_2020_accept,True
00100601,(주)웰크론강원,2016,Q4,11011,CFS,CFS,True,True,ok,-1311190015.0,822701396.0,-1125370879.0,2155875763.0,55088689748.0,-15783875642.0,2092596783.0,2345743147.0,130620156.0,,,,,cumulative_difference,cumulative_difference,cumulative_difference,"{""operating_profit"": {""cumulative"": -1311190015.0, ""selection_rule"": ""standard_id"", ""amount_method"": ""fy_thstrm_amount"", ""account_id"": ""dart_OperatingIncomeLoss"", ""account_nm"": ""영업이익(손실)"", ""sj_div"": ""CIS""}, ""net_income"": {""cumulative"": -1125370879.0, ""selection_rule"": ""standard_id"", ""amount_method"": ""fy_thstrm_amount"", ""account_id"": ""ifrs_ProfitLoss"", ""account_nm"": ""당기순이익(손실)"", ""sj_div"": ""CIS""}, ""equity"": {""cumulative"": 55088689748.0, ""selection_rule"": ""standard_id"", ""amount_method"": ""instant_thstrm_amount"", ""account_id"": ""ifrs_Equity"", ""account_nm"": ""자본총계"", ""sj_div"": ""BS""}, ""cfo"": {""cumulative"": -15783875642.0, ""selection_rule"": ""standard_id"", ""amount_method"": ""fy_thstrm_amount"", ""account_id"": ""ifrs_CashFlowsFromUsedInOperatingActivities"", ""account_nm"": ""영업활동현금흐름"", ""sj_div"": ""CF""}, ""capex_ppe"": {""cumulative"": 2345743147.0, ""selection_rule"": ""exact_label_sum"", ""row_count"": 1, ""rows"": [{""account_id"": ""-표준계정코드 미사용-"", ""account_nm"": ""유형자산의 취득"", ""value"": 2345743147.0, ""method"": ""fy_thstrm_amount""}]}, ""capex_intangible"": {""cumulative"": null, ""selection_rule"": ""exact_label_sum"", ""row_count"": 1, ""rows"": [{""account_id"": ""-표준계정코드 미사용-"", ""account_nm"": ""무형자산의 취득"", ""value"": null, ""method"": ""missing""}]}}",NOT_ASSIGNED_ACCOUNTING_STAGE,annual_reference_2015_2020_accept,True
00100717,(주)아이이,2016,Q1,11013,CFS,CFS,True,True,ok,-706294538.0,-706294538.0,-716990427.0,-716990427.0,54654817500.0,-1396704047.0,-1396704047.0,,,0.0,0.0,,,direct_q1,direct_q1,direct_q1,"{""operating_profit"": {""cumulative"": -706294538.0, ""selection_rule"": ""standard_id"", ""amount_method"": ""q1_thstrm_amount"", ""account_id"": ""dart_OperatingIncomeLoss"", ""account_nm"": ""영업이익(손실)"", ""sj_div"": ""CIS""}, ""net_income"": {""cumulative"": -716990427.0, ""selection_rule"": ""standard_id"", ""amount_method"": ""q1_thstrm_amount"", ""account_id"": ""ifrs_ProfitLoss"", ""account_nm"": ""당기순이익(손실)"", ""sj_div"": ""CIS""}, ""equity"": {""cumulative"": 54654817500.0, ""selection_rule"": ""standard_id"", ""amount_method"": ""instant_thstrm_amount"", ""account_id"": ""ifrs_Equity"", ""account_nm"": ""자본총계"", ""sj_div"": ""BS""}, ""cfo"": {""cumulative"": -1396704047.0, ""selection_rule"": ""standard_id"", ""amount_method"": ""q1_thstrm_amount"", ""account_id"": ""ifrs_CashFlowsFromUsedInOperatingActivities"", ""account_nm"": ""영업활동현금흐름"", ""sj_div"": ""CF""}, ""capex_ppe"": {""cumulative"": null, ""selection_rule"": ""standard_id_sum"", ""row_count"": 1, ""rows"": [{""account_id"": ""ifrs_PurchaseOfPropertyPlantAndEquipmentClassifiedAsInvestingActivities"", ""account_nm"": ""시설장치의 취득"", ""value"": null, ""method"": ""missing""}]}, ""capex_intangible"": {""cumulative"": 0.0, ""selection_rule"": ""no_qualifying_rows_zero"", ""row_count"": 0, ""rows"": []}}",NOT_ASSIGNED_ACCOUNTING_STAGE,annual_reference_2015_2020_accept,True
00100717,(주)아이이,2016,Q2,11012,CFS,CFS,True,True,ok,-1790123946.0,-1083829408.0,-2010049070.0,-1293058643.0,54691931525.0,-1935253591.0,-538549544.0,135524990.0,,0.0,0.0,,,cumulative_difference,cumulative_difference,cumulative_difference,"{""operating_profit"": {""cumulative"": -1790123946.0, ""selection_rule"": ""standard_id"", ""amount_method"": ""cumulative_thstrm_add_amount"", ""account_id"": ""dart_OperatingIncomeLoss"", ""account_nm"": ""영업이익(손실)"", ""sj_div"": ""CIS""}, ""net_income"": {""cumulative"": -2010049070.0, ""selection_rule"": ""standard_id"", ""amount_method"": ""cumulative_thstrm_add_amount"", ""account_id"": ""ifrs_ProfitLoss"", ""account_nm"": ""당기순이익(손실)"", ""sj_div"": ""CIS""}, ""equity"": {""cumulative"": 54691931525.0, ""selection_rule"": ""standard_id"", ""amount_method"": ""instant_thstrm_amount"", ""account_id"": ""ifrs_Equity"", ""account_nm"": ""자본총계"", ""sj_div"": ""BS""}, ""cfo"": {""cumulative"": -1935253591.0, ""selection_rule"": ""standard_id"", ""amount_method"": ""cumulative_cf_thstrm_amount"", ""account_id"": ""ifrs_CashFlowsFromUsedInOperatingActivities"", ""account_nm"": ""영업활동현금흐름"", ""sj_div"": ""CF""}, ""capex_ppe"": {""cumulative"": 135524990.0, ""selection_rule"": ""standard_id_sum"", ""row_count"": 1, ""rows"": [{""account_id"": ""ifrs_PurchaseOfPropertyPlantAndEquipmentClassifiedAsInvestingActivities"", ""account_nm"": ""시설장치의 취득"", ""value"": 135524990.0, ""method"": ""cumulative_cf_thstrm_amount""}]}, ""capex_intangible"": {""cumulative"": 0.0, ""selection_rule"": ""no_qualifying_rows_zero"", ""row_count"": 0, ""rows"": []}}",NOT_ASSIGNED_ACCOUNTING_STAGE,annual_reference_2015_2020_accept,True
00100717,(주)아이이,2016,Q3,11014,CFS,CFS,True,True,ok,-2200820156.0,-410696210.0,-15347811224.0,-13337762154.0,128141275552.0,-2343055502.0,-407801911.0,162900504.0,27375514.0,0.0,0.0,27375514.0,-435177425.0,cumulative_difference,cumulative_difference,cumulative_difference,"{""operating_profit"": {""cumulative"": -2200820156.0, ""selection_rule"": ""standard_id"", ""amount_method"": ""cumulative_thstrm_add_amount"", ""account_id"": ""dart_OperatingIncomeLoss"", ""account_nm"": ""영업이익(손실)"", ""sj_div"": ""CIS""}, ""net_income"": {""cumulative"": -15347811224.0, ""selection_rule"": ""standard_id"", ""amount_method"": ""cumulative_thstrm_add_amount"", ""account_id"": ""ifrs_ProfitLoss"", ""account_nm"": ""당기순이익(손실)"", ""sj_div"": ""CIS""}, ""equity"": {""cumulative"": 128141275552.0, ""selection_rule"": ""standard_id"", ""amount_method"": ""instant_thstrm_amount"", ""account_id"": ""ifrs_Equity"", ""account_nm"": ""자본총계"", ""sj_div"": ""BS""}, ""cfo"": {""cumulative"": -2343055502.0, ""selection_rule"": ""standard_id"", ""amount_method"": ""cumulative_cf_thstrm_amount"", ""account_id"": ""ifrs_CashFlowsFromUsedInOperatingActivities"", ""account_nm"": ""영업활동현금흐름"", ""sj_div"": ""CF""}, ""capex_ppe"": {""cumulative"": 162900504.0, ""selection_rule"": ""standard_id_sum"", ""row_count"": 1, ""rows"": [{""account_id"": ""ifrs_PurchaseOfPropertyPlantAndEquipmentClassifiedAsInvestingActivities"", ""account_nm"": ""시설장치의 취득"", ""value"": 162900504.0, ""method"": ""cumulative_cf_thstrm_amount""}]}, ""capex_intangible"": {""cumulative"": 0.0, ""selection_rule"": ""no_qualifying_rows_zero"", ""row_count"": 0, ""rows"": []}}",NOT_ASSIGNED_ACCOUNTING_STAGE,annual_reference_2015_2020_accept,True
00100717,(주)아이이,2016,Q4,11011,CFS,CFS,True,True,ok,-3751117693.0,-1550297537.0,-142116069548.0,-126768258324.0,9306767612.0,4906587697.0,7249643199.0,165978147.0,3077643.0,0.0,0.0,3077643.0,7246565556.0,cumulative_difference,cumulative_difference,cumulative_difference,"{""operating_profit"": {""cumulative"": -3751117693.0, ""selection_rule"": ""standard_id"", ""amount_method"": ""fy_thstrm_amount"", ""account_id"": ""dart_OperatingIncomeLoss"", ""account_nm"": ""영업이익(손실)"", ""sj_div"": ""CIS""}, ""net_income"": {""cumulative"": -142116069548.0, ""selection_rule"": ""standard_id"", ""amount_method"": ""fy_thstrm_amount"", ""account_id"": ""ifrs_ProfitLoss"", ""account_nm"": ""당기순이익(손실)"", ""sj_div"": ""CIS""}, ""equity"": {""cumulative"": 9306767612.0, ""selection_rule"": ""standard_id"", ""amount_method"": ""instant_thstrm_amount"", ""account_id"": ""ifrs_Equity"", ""account_nm"": ""자본총계"", ""sj_div"": ""BS""}, ""cfo"": {""cumulative"": 4906587697.0, ""selection_rule"": ""standard_id"", ""amount_method"": ""fy_thstrm_amount"", ""account_id"": ""ifrs_CashFlowsFromUsedInOperatingActivities"", ""account_nm"": ""영업활동현금흐름"", ""sj_div"": ""CF""}, ""capex_ppe"": {""cumulative"": 165978147.0, ""selection_rule"": ""standard_id_sum"", ""row_count"": 1, ""rows"": [{""account_id"": ""ifrs_PurchaseOfPropertyPlantAndEquipmentClassifiedAsInvestingActivities"", ""account_nm"": ""시설장치의 취득"", ""value"": 165978147.0, ""method"": ""fy_thstrm_amount""}]}, ""capex_intangible"": {""cumulative"": 0.0, ""selection_rule"": ""no_qualifying_rows_zero"", ""row_count"": 0, ""rows"": []}}",NOT_ASSIGNED_ACCOUNTING_STAGE,annual_reference_2015_2020_accept,True
00101044,슈넬생명과학(주),2016,Q1,11013,CFS,CFS,True,True,ok,-230532711.0,-230532711.0,-221516886.0,-221516886.0,74825671284.0,4856258.0,4856258.0,602359503.0,602359503.0,,,,,direct_q1,direct_q1,direct_q1,"{""operating_profit"": {""cumulative"": -230532711.0, ""selection_rule"": ""standard_id"", ""amount_method"": ""q1_thstrm_amount"", ""account_id"": ""dart_OperatingIncomeLoss"", ""account_nm"": ""영업이익(손실)"", ""sj_div"": ""CIS""}, ""net_income"": {""cumulative"": -221516886.0, ""selection_rule"": ""standard_id"", ""amount_method"": ""q1_thstrm_amount"", ""account_id"": ""ifrs_ProfitLoss"", ""account_nm"": ""당기순이익(손실)"", ""sj_div"": ""CIS""}, ""equity"": {""cumulative"": 74825671284.0, ""selection_rule"": ""standard_id"", ""amount_method"": ""instant_thstrm_amount"", ""account_id"": ""ifrs_Equity"", ""account_nm"": ""자본총계"", ""sj_div"": ""BS""}, ""cfo"": {""cumulative"": 4856258.0, ""selection_rule"": ""standard_id"", ""amount_method"": ""q1_thstrm_amount"", ""account_id"": ""ifrs_CashFlowsFromUsedInOperatingActivities"", ""account_nm"": ""영업활동현금흐름"", ""sj_div"": ""CF""}, ""capex_ppe"": {""cumulative"": 602359503.0, ""selection_rule"": ""standard_id_sum"", ""row_count"": 1, ""rows"": [{""account_id"": ""ifrs_PurchaseOfPropertyPlantAndEquipmentClassifiedAsInvestingActivities"", ""account_nm"": ""유형자산의 취득"", ""value"": 602359503.0, ""method"": ""q1_thstrm_amount""}]}, ""capex_intangible"": {""cumulative"": null, ""selection_rule"": ""standard_id_sum"", ""row_count"": 1, ""rows"": [{""account_id"": ""ifrs_PurchaseOfIntangibleAssetsClassifiedAsInvestingActivities"", ""account_nm"": ""무형자산의 취득"", ""value"": null, ""method"": ""missing""}]}}",NOT_ASSIGNED_ACCOUNTING_STAGE,annual_reference_2015_2020_accept,True
00101044,슈넬생명과학(주),2016,Q2,11012,CFS,CFS,True,True,ok,-247857583.0,-17324872.0,-577975530.0,-356458644.0,81601829491.0,-536516511.0,-541372769.0,930202095.0,327842592.0,1000000000.0,,,,cumulative_difference,cumulative_difference,cumulative_difference,"{""operating_profit"": {""cumulative"": -247857583.0, ""selection_rule"": ""standard_id"", ""amount_method"": ""cumulative_thstrm_add_amount"", ""account_id"": ""dart_OperatingIncomeLoss"", ""account_nm"": ""영업이익(손실)"", ""sj_div"": ""CIS""}, ""net_income"": {""cumulative"": -577975530.0, ""selection_rule"": ""standard_id"", ""amount_method"": ""cumulative_thstrm_add_amount"", ""account_id"": ""ifrs_ProfitLoss"", ""account_nm"": ""당기순이익(손실)"", ""sj_div"": ""CIS""}, ""equity"": {""cumulative"": 81601829491.0, ""selection_rule"": ""standard_id"", ""amount_method"": ""instant_thstrm_amount"", ""account_id"": ""ifrs_Equity"", ""account_nm"": ""자본총계"", ""sj_div"": ""BS""}, ""cfo"": {""cumulative"": -536516511.0, ""selection_rule"": ""standard_id"", ""amount_method"": ""cumulative_cf_thstrm_amount"", ""account_id"": ""ifrs_CashFlowsFromUsedInOperatingActivities"", ""account_nm"": ""영업활동현금흐름"", ""sj_div"": ""CF""}, ""capex_ppe"": {""cumulative"": 930202095.0, ""selection_rule"": ""standard_id_sum"", ""row_count"": 1, ""rows"": [{""account_id"": ""ifrs_PurchaseOfPropertyPlantAndEquipmentClassifiedAsInvestingActivities"", ""account_nm"": ""유형자산의 취득"", ""value"": 930202095.0, ""method"": ""cumulative_cf_thstrm_amount""}]}, ""capex_intangible"": {""cumulative"": 1000000000.0, ""selection_rule"": ""standard_id_sum"", ""row_count"": 1, ""rows"": [{""account_id"": ""ifrs_PurchaseOfIntangibleAssetsClassifiedAsInvestingActivities"", ""account_nm"": ""무형자산의 취득"", ""value"": 1000000000.0, ""method"": ""cumulative_cf_thstrm_amount""}]}}",NOT_ASSIGNED_ACCOUNTING_STAGE,annual_reference_2015_2020_accept,True
00101044,슈넬생명과학(주),2016,Q3,11014,CFS,CFS,True,True,ok,-696944605.0,-449087022.0,-1567826838.0,-989851308.0,80676638272.0,-195850683.0,340665828.0,1087772170.0,157570075.0,1022000000.0,22000000.0,179570075.0,161095753.0,cumulative_difference,cumulative_difference,cumulative_difference,"{""operating_profit"": {""cumulative"": -696944605.0, ""selection_rule"": ""standard_id"", ""amount_method"": ""cumulative_thstrm_add_amount"", ""account_id"": ""dart_OperatingIncomeLoss"", ""account_nm"": ""영업이익(손실)"", ""sj_div"": ""CIS""}, ""net_income"": {""cumulative"": -1567826838.0, ""selection_rule"": ""standard_id"", ""amount_method"": ""cumulative_thstrm_add_amount"", ""account_id"": ""ifrs_ProfitLoss"", ""account_nm"": ""당기순이익(손실)"", ""sj_div"": ""CIS""}, ""equity"": {""cumulative"": 80676638272.0, ""selection_rule"": ""standard_id"", ""amount_method"": ""instant_thstrm_amount"", ""account_id"": ""ifrs_Equity"", ""account_nm"": ""자본총계"", ""sj_div"": ""BS""}, ""cfo"": {""cumulative"": -195850683.0, ""selection_rule"": ""standard_id"", ""amount_method"": ""cumulative_cf_thstrm_amount"", ""account_id"": ""ifrs_CashFlowsFromUsedInOperatingActivities"", ""account_nm"": ""영업활동현금흐름"", ""sj_div"": ""CF""}, ""capex_ppe"": {""cumulative"": 1087772170.0, ""selection_rule"": ""standard_id_sum"", ""row_count"": 1, ""rows"": [{""account_id"": ""ifrs_PurchaseOfPropertyPlantAndEquipmentClassifiedAsInvestingActivities"", ""account_nm"": ""유형자산의 취득"", ""value"": 1087772170.0, ""method"": ""cumulative_cf_thstrm_amount""}]}, ""capex_intangible"": {""cumulative"": 1022000000.0, ""selection_rule"": ""standard_id_sum"", ""row_count"": 1, ""rows"": [{""account_id"": ""ifrs_PurchaseOfIntangibleAssetsClassifiedAsInvestingActivities"", ""account_nm"": ""무형자산의 취득"", ""value"": 1022000000.0, ""method"": ""cumulative_cf_thstrm_amount""}]}}",NOT_ASSIGNED_ACCOUNTING_STAGE,annual_reference_2015_2020_accept,True
00101044,슈넬생명과학(주),2016,Q4,11011,CFS,CFS,True,True,ok,-247371843.0,449572762.0,-4766946975.0,-3199120137.0,78120480559.0,449980363.0,645831046.0,1698297395.0,610525225.0,1122000000.0,100000000.0,710525225.0,-64694179.0,cumulative_difference,cumulative_difference,cumulative_difference,"{""operating_profit"": {""cumulative"": -247371843.0, ""selection_rule"": ""standard_id"", ""amount_method"": ""fy_thstrm_amount"", ""account_id"": ""dart_OperatingIncomeLoss"", ""account_nm"": ""영업이익(손실)"", ""sj_div"": ""CIS""}, ""net_income"": {""cumulative"": -4766946975.0, ""selection_rule"": ""standard_id"", ""amount_method"": ""fy_thstrm_amount"", ""account_id"": ""ifrs_ProfitLoss"", ""account_nm"": ""당기순이익(손실)"", ""sj_div"": ""CIS""}, ""equity"": {""cumulative"": 78120480559.0, ""selection_rule"": ""standard_id"", ""amount_method"": ""instant_thstrm_amount"", ""account_id"": ""ifrs_Equity"", ""account_nm"": ""자본총계"", ""sj_div"": ""BS""}, ""cfo"": {""cumulative"": 449980363.0, ""selection_rule"": ""standard_id"", ""amount_method"": ""fy_thstrm_amount"", ""account_id"": ""ifrs_CashFlowsFromUsedInOperatingActivities"", ""account_nm"": ""영업활동현금흐름"", ""sj_div"": ""CF""}, ""capex_ppe"": {""cumulative"": 1698297395.0, ""selection_rule"": ""standard_id_sum"", ""row_count"": 1, ""rows"": [{""account_id"": ""ifrs_PurchaseOfPropertyPlantAndEquipmentClassifiedAsInvestingActivities"", ""account_nm"": ""유형자산의 취득"", ""value"": 1698297395.0, ""method"": ""fy_thstrm_amount""}]}, ""capex_intangible"": {""cumulative"": 1122000000.0, ""selection_rule"": ""standard_id_sum"", ""row_count"": 1, ""rows"": [{""account_id"": ""ifrs_PurchaseOfIntangibleAssetsClassifiedAsInvestingActivities"", ""account_nm"": ""무형자산의 취득"", ""value"": 1122000000.0, ""method"": ""fy_thstrm_amount""}]}}",NOT_ASSIGNED_ACCOUNTING_STAGE,annual_reference_2015_2020_accept,True
00101220,KG케미칼,2016,Q1,11013,CFS,CFS,True,True,ok,13458855306.0,13458855306.0,7478389368.0,7478389368.0,462816519386.0,32457043886.0,32457043886.0,2647514326.0,2647514326.0,820725497.0,820725497.0,3468239823.0,28988804063.0,direct_q1,direct_q1,direct_q1,"{""operating_profit"": {""cumulative"": 13458855306.0, ""selection_rule"": ""standard_id"", ""amount_method"": ""q1_thstrm_amount"", ""account_id"": ""dart_OperatingIncomeLoss"", ""account_nm"": ""영업이익(손실)"", ""sj_div"": ""CIS""}, ""net_income"": {""cumulative"": 7478389368.0, ""selection_rule"": ""standard_id"", ""amount_method"": ""q1_thstrm_amount"", ""account_id"": ""ifrs_ProfitLoss"", ""account_nm"": ""당기순이익(손실)"", ""sj_div"": ""CIS""}, ""equity"": {""cumulative"": 462816519386.0, ""selection_rule"": ""standard_id"", ""amount_method"": ""instant_thstrm_amount"", ""account_id"": ""ifrs_Equity"", ""account_nm"": ""자본총계"", ""sj_div"": ""BS""}, ""cfo"": {""cumulative"": 32457043886.0, ""selection_rule"": ""standard_id"", ""amount_method"": ""q1_thstrm_amount"", ""account_id"": ""ifrs_CashFlowsFromUsedInOperatingActivities"", ""account_nm"": ""영업활동현금흐름"", ""sj_div"": ""CF""}, ""capex_ppe"": {""cumulative"": 2647514326.0, ""selection_rule"": ""standard_id_sum"", ""row_count"": 1, ""rows"": [{""account_id"": ""ifrs_PurchaseOfPropertyPlantAndEquipmentClassifiedAsInvestingActivities"", ""account_nm"": ""유형자산의 취득"", ""value"": 2647514326.0, ""method"": ""q1_thstrm_amount""}]}, ""capex_intangible"": {""cumulative"": 820725497.0, ""selection_rule"": ""standard_id_sum"", ""row_count"": 1, ""rows"": [{""account_id"": ""ifrs_PurchaseOfIntangibleAssetsClassifiedAsInvestingActivities"", ""account_nm"": ""무형자산의 취득"", ""value"": 820725497.0, ""method"": ""q1_thstrm_amount""}]}}",NOT_ASSIGNED_ACCOUNTING_STAGE,annual_reference_2015_2020_accept,True
00101220,KG케미칼,2016,Q2,11012,CFS,CFS,True,True,ok,30680778111.0,17221922805.0,26299352686.0,18820963318.0,500620236950.0,45546298399.0,13089254513.0,9977630164.0,7330115838.0,4315866136.0,3495140639.0,10825256477.0,2263998036.0,cumulative_difference,cumulative_difference,cumulative_difference,"{""operating_profit"": {""cumulative"": 30680778111.0, ""selection_rule"": ""standard_id"", ""amount_method"": ""cumulative_thstrm_add_amount"", ""account_id"": ""dart_OperatingIncomeLoss"", ""account_nm"": ""영업이익"", ""sj_div"": ""CIS""}, ""net_income"": {""cumulative"": 26299352686.0, ""selection_rule"": ""standard_id"", ""amount_method"": ""cumulative_thstrm_add_amount"", ""account_id"": ""ifrs_ProfitLoss"", ""account_nm"": ""당기순이익"", ""sj_div"": ""CIS""}, ""equity"": {""cumulative"": 500620236950.0, ""selection_rule"": ""standard_id"", ""amount_method"": ""instant_thstrm_amount"", ""account_id"": ""ifrs_Equity"", ""account_nm"": ""자본총계"", ""sj_div"": ""BS""}, ""cfo"": {""cumulative"": 45546298399.0, ""selection_rule"": ""standard_id"", ""amount_method"": ""cumulative_cf_thstrm_amount"", ""account_id"": ""ifrs_CashFlowsFromUsedInOperatingActivities"", ""account_nm"": ""영업활동현금흐름"", ""sj_div"": ""CF""}, ""capex_ppe"": {""cumulative"": 9977630164.0, ""selection_rule"": ""standard_id_sum"", ""row_count"": 1, ""rows"": [{""account_id"": ""ifrs_PurchaseOfPropertyPlantAndEquipmentClassifiedAsInvestingActivities"", ""account_nm"": ""유형자산의 취득"", ""value"": 9977630164.0, ""method"": ""cumulative_cf_thstrm_amount""}]}, ""capex_intangible"": {""cumulative"": 4315866136.0, ""selection_rule"": ""standard_id_sum"", ""row_count"": 1, ""rows"": [{""account_id"": ""ifrs_PurchaseOfIntangibleAssetsClassifiedAsInvestingActivities"", ""account_nm"": ""무형자산의 취득"", ""value"": 4315866136.0, ""method"": ""cumulative_cf_thstrm_amount""}]}}",NOT_ASSIGNED_ACCOUNTING_STAGE,annual_reference_2015_2020_accept,True
00101220,KG케미칼,2016,Q3,11014,CFS,CFS,True,True,ok,47030617724.0,16349839613.0,36309445761.0,10010093075.0,516131964347.0,81694085804.0,36147787405.0,15539587037.0,5561956873.0,6257179243.0,1941313107.0,7503269980.0,28644517425.0,cumulative_difference,cumulative_difference,cumulative_difference,"{""operating_profit"": {""cumulative"": 47030617724.0, ""selection_rule"": ""standard_id"", ""amount_method"": ""cumulative_thstrm_add_amount"", ""account_id"": ""dart_OperatingIncomeLoss"", ""account_nm"": ""영업이익"", ""sj_div"": ""CIS""}, ""net_income"": {""cumulative"": 36309445761.0, ""selection_rule"": ""standard_id"", ""amount_method"": ""cumulative_thstrm_add_amount"", ""account_id"": ""ifrs_ProfitLoss"", ""account_nm"": ""당기순이익"", ""sj_div"": ""CIS""}, ""equity"": {""cumulative"": 516131964347.0, ""selection_rule"": ""standard_id"", ""amount_method"": ""instant_thstrm_amount"", ""account_id"": ""ifrs_Equity"", ""account_nm"": ""자본총계"", ""sj_div"": ""BS""}, ""cfo"": {""cumulative"": 81694085804.0, ""selection_rule"": ""standard_id"", ""amount_method"": ""cumulative_cf_thstrm_amount"", ""account_id"": ""ifrs_CashFlowsFromUsedInOperatingActivities"", ""account_nm"": ""영업활동현금흐름"", ""sj_div"": ""CF""}, ""capex_ppe"": {""cumulative"": 15539587037.0, ""selection_rule"": ""standard_id_sum"", ""row_count"": 1, ""rows"": [{""account_id"": ""ifrs_PurchaseOfPropertyPlantAndEquipmentClassifiedAsInvestingActivities"", ""account_nm"": ""유형자산의 취득"", ""value"": 15539587037.0, ""method"": ""cumulative_cf_thstrm_amount""}]}, ""capex_intangible"": {""cumulative"": 6257179243.0, ""selection_rule"": ""standard_id_sum"", ""row_count"": 1, ""rows"": [{""account_id"": ""ifrs_PurchaseOfIntangibleAssetsClassifiedAsInvestingActivities"", ""account_nm"": ""무형자산의 취득"", ""value"": 6257179243.0, ""method"": ""cumulative_cf_thstrm_amount""}]}}",NOT_ASSIGNED_ACCOUNTING_STAGE,annual_reference_2015_2020_accept,True
00101220,KG케미칼,2016,Q4,11011,CFS,CFS,True,True,ok,53308668391.0,6278050667.0,28347116846.0,-7962328915.0,510212080643.0,75892026840.0,-5802058964.0,22351797572.0,6812210535.0,6698756282.0,441577039.0,7253787574.0,-13055846538.0,cumulative_difference,cumulative_difference,cumulative_difference,"{""operating_profit"": {""cumulative"": 53308668391.0, ""selection_rule"": ""standard_id"", ""amount_method"": ""fy_thstrm_amount"", ""account_id"": ""dart_OperatingIncomeLoss"", ""account_nm"": ""영업이익"", ""sj_div"": ""CIS""}, ""net_income"": {""cumulative"": 28347116846.0, ""selection_rule"": ""standard_id"", ""amount_method"": ""fy_thstrm_amount"", ""account_id"": ""ifrs_ProfitLoss"", ""account_nm"": ""당기순이익"", ""sj_div"": ""CIS""}, ""equity"": {""cumulative"": 510212080643.0, ""selection_rule"": ""standard_id"", ""amount_method"": ""instant_thstrm_amount"", ""account_id"": ""ifrs_Equity"", ""account_nm"": ""자본총계"", ""sj_div"": ""BS""}, ""cfo"": {""cumulative"": 75892026840.0, ""selection_rule"": ""standard_id"", ""amount_method"": ""fy_thstrm_amount"", ""account_id"": ""ifrs_CashFlowsFromUsedInOperatingActivities"", ""account_nm"": ""영업활동현금흐름"", ""sj_div"": ""CF""}, ""capex_ppe"": {""cumulative"": 22351797572.0, ""selection_rule"": ""standard_id_sum"", ""row_count"": 1, ""rows"": [{""account_id"": ""ifrs_PurchaseOfPropertyPlantAndEquipmentClassifiedAsInvestingActivities"", ""account_nm"": ""유형자산의 취득"", ""value"": 22351797572.0, ""method"": ""fy_thstrm_amount""}]}, ""capex_intangible"": {""cumulative"": 6698756282.0, ""selection_rule"": ""standard_id_sum"", ""row_count"": 1, ""rows"": [{""account_id"": ""ifrs_PurchaseOfIntangibleAssetsClassifiedAsInvestingActivities"", ""account_nm"": ""무형자산의 취득"", ""value"": 6698756282.0, ""method"": ""fy_thstrm_amount""}]}}",NOT_ASSIGNED_ACCOUNTING_STAGE,annual_reference_2015_2020_accept,True
00101257,경남기업,2016,Q1,11013,CFS,,False,True,no_data,,,,,,,,,,,,,,missing,missing,missing,"{""operating_profit"": {""cumulative"": null, ""selection_rule"": ""missing_statement"", ""amount_method"": ""missing"", ""account_id"": null, ""account_nm"": null, ""sj_div"": null}, ""net_income"": {""cumulative"": null, ""selection_rule"": ""missing_statement"", ""amount_method"": ""missing"", ""account_id"": null, ""account_nm"": null, ""sj_div"": null}, ""equity"": {""cumulative"": null, ""selection_rule"": ""missing_statement"", ""amount_method"": ""missing"", ""account_id"": null, ""account_nm"": null, ""sj_div"": null}, ""cfo"": {""cumulative"": null, ""selection_rule"": ""missing_statement"", ""amount_method"": ""missing"", ""account_id"": null, ""account_nm"": null, ""sj_div"": null}, ""capex_ppe"": {""cumulative"": null, ""selection_rule"": ""missing_statement"", ""amount_method"": ""missing"", ""account_id"": null, ""account_nm"": null, ""sj_div"": null}, ""capex_intangible"": {""cumulative"": null, ""selection_rule"": ""missing_statement"", ""amount_method"": ""missing"", ""account_id"": null, ""account_nm"": null, ""sj_div"": null}}",NOT_ASSIGNED_ACCOUNTING_STAGE,annual_reference_2015_2020_accept,True
00101257,경남기업,2016,Q2,11012,CFS,,False,False,no_data,,,,,,,,,,,,,,missing_predecessor_or_basis_change,missing_predecessor_or_basis_change,missing_predecessor_or_basis_change,"{""operating_profit"": {""cumulative"": null, ""selection_rule"": ""missing_statement"", ""amount_method"": ""missing"", ""account_id"": null, ""account_nm"": null, ""sj_div"": null}, ""net_income"": {""cumulative"": null, ""selection_rule"": ""missing_statement"", ""amount_method"": ""missing"", ""account_id"": null, ""account_nm"": null, ""sj_div"": null}, ""equity"": {""cumulative"": null, ""selection_rule"": ""missing_statement"", ""amount_method"": ""missing"", ""account_id"": null, ""account_nm"": null, ""sj_div"": null}, ""cfo"": {""cumulative"": null, ""selection_rule"": ""missing_statement"", ""amount_method"": ""missing"", ""account_id"": null, ""account_nm"": null, ""sj_div"": null}, ""capex_ppe"": {""cumulative"": null, ""selection_rule"": ""missing_statement"", ""amount_method"": ""missing"", ""account_id"": null, ""account_nm"": null, ""sj_div"": null}, ""capex_intangible"": {""cumulative"": null, ""selection_rule"": ""missing_statement"", ""amount_method"": ""missing"", ""account_id"": null, ""account_nm"": null, ""sj_div"": null}}",NOT_ASSIGNED_ACCOUNTING_STAGE,annual_reference_2015_2020_accept,True
00101257,경남기업,2016,Q3,11014,CFS,,False,False,no_data,,,,,,,,,,,,,,missing_predecessor_or_basis_change,missing_predecessor_or_basis_change,missing_predecessor_or_basis_change,"{""operating_profit"": {""cumulative"": null, ""selection_rule"": ""missing_statement"", ""amount_method"": ""missing"", ""account_id"": null, ""account_nm"": null, ""sj_div"": null}, ""net_income"": {""cumulative"": null, ""selection_rule"": ""missing_statement"", ""amount_method"": ""missing"", ""account_id"": null, ""account_nm"": null, ""sj_div"": null}, ""equity"": {""cumulative"": null, ""selection_rule"": ""missing_statement"", ""amount_method"": ""missing"", ""account_id"": null, ""account_nm"": null, ""sj_div"": null}, ""cfo"": {""cumulative"": null, ""selection_rule"": ""missing_statement"", ""amount_method"": ""missing"", ""account_id"": null, ""account_nm"": null, ""sj_div"": null}, ""capex_ppe"": {""cumulative"": null, ""selection_rule"": ""missing_statement"", ""amount_method"": ""missing"", ""account_id"": null, ""account_nm"": null, ""sj_div"": null}, ""capex_intangible"": {""cumulative"": null, ""selection_rule"": ""missing_statement"", ""amount_method"": ""missing"", ""account_id"": null, ""account_nm"": null, ""sj_div"": null}}",NOT_ASSIGNED_ACCOUNTING_STAGE,annual_reference_2015_2020_accept,True
00101257,경남기업,2016,Q4,11011,CFS,,False,False,no_data,,,,,,,,,,,,,,missing_predecessor_or_basis_change,missing_predecessor_or_basis_change,missing_predecessor_or_basis_change,"{""operating_profit"": {""cumulative"": null, ""selection_rule"": ""missing_statement"", ""amount_method"": ""missing"", ""account_id"": null, ""account_nm"": null, ""sj_div"": null}, ""net_income"": {""cumulative"": null, ""selection_rule"": ""missing_statement"", ""amount_method"": ""missing"", ""account_id"": null, ""account_nm"": null, ""sj_div"": null}, ""equity"": {""cumulative"": null, ""selection_rule"": ""missing_statement"", ""amount_method"": ""missing"", ""account_id"": null, ""account_nm"": null, ""sj_div"": null}, ""cfo"": {""cumulative"": null, ""selection_rule"": ""missing_statement"", ""amount_method"": ""missing"", ""account_id"": null, ""account_nm"": null, ""sj_div"": null}, ""capex_ppe"": {""cumulative"": null, ""selection_rule"": ""missing_statement"", ""amount_method"": ""missing"", ""account_id"": null, ""account_nm"": null, ""sj_div"": null}, ""capex_intangible"": {""cumulative"": null, ""selection_rule"": ""missing_statement"", ""amount_method"": ""missing"", ""account_id"": null, ""account_nm"": null, ""sj_div"": null}}",NOT_ASSIGNED_ACCOUNTING_STAGE,annual_reference_2015_2020_accept,True
00101336,경남에너지주식회사,2016,Q1,11013,CFS,,False,True,no_data,,,,,,,,,,,,,,missing,missing,missing,"{""operating_profit"": {""cumulative"": null, ""selection_rule"": ""missing_statement"", ""amount_method"": ""missing"", ""account_id"": null, ""account_nm"": null, ""sj_div"": null}, ""net_income"": {""cumulative"": null, ""selection_rule"": ""missing_statement"", ""amount_method"": ""missing"", ""account_id"": null, ""account_nm"": null, ""sj_div"": null}, ""equity"": {""cumulative"": null, ""selection_rule"": ""missing_statement"", ""amount_method"": ""missing"", ""account_id"": null, ""account_nm"": null, ""sj_div"": null}, ""cfo"": {""cumulative"": null, ""selection_rule"": ""missing_statement"", ""amount_method"": ""missing"", ""account_id"": null, ""account_nm"": null, ""sj_div"": null}, ""capex_ppe"": {""cumulative"": null, ""selection_rule"": ""missing_statement"", ""amount_method"": ""missing"", ""account_id"": null, ""account_nm"": null, ""sj_div"": null}, ""capex_intangible"": {""cumulative"": null, ""selection_rule"": ""missing_statement"", ""amount_method"": ""missing"", ""account_id"": null, ""account_nm"": null, ""sj_div"": null}}",NOT_ASSIGNED_ACCOUNTING_STAGE,annual_reference_2015_2020_accept,True
00101336,경남에너지주식회사,2016,Q2,11012,CFS,,False,False,no_data,,,,,,,,,,,,,,missing_predecessor_or_basis_change,missing_predecessor_or_basis_change,missing_predecessor_or_basis_change,"{""operating_profit"": {""cumulative"": null, ""selection_rule"": ""missing_statement"", ""amount_method"": ""missing"", ""account_id"": null, ""account_nm"": null, ""sj_div"": null}, ""net_income"": {""cumulative"": null, ""selection_rule"": ""missing_statement"", ""amount_method"": ""missing"", ""account_id"": null, ""account_nm"": null, ""sj_div"": null}, ""equity"": {""cumulative"": null, ""selection_rule"": ""missing_statement"", ""amount_method"": ""missing"", ""account_id"": null, ""account_nm"": null, ""sj_div"": null}, ""cfo"": {""cumulative"": null, ""selection_rule"": ""missing_statement"", ""amount_method"": ""missing"", ""account_id"": null, ""account_nm"": null, ""sj_div"": null}, ""capex_ppe"": {""cumulative"": null, ""selection_rule"": ""missing_statement"", ""amount_method"": ""missing"", ""account_id"": null, ""account_nm"": null, ""sj_div"": null}, ""capex_intangible"": {""cumulative"": null, ""selection_rule"": ""missing_statement"", ""amount_method"": ""missing"", ""account_id"": null, ""account_nm"": null, ""sj_div"": null}}",NOT_ASSIGNED_ACCOUNTING_STAGE,annual_reference_2015_2020_accept,True
00101336,경남에너지주식회사,2016,Q3,11014,CFS,,False,False,no_data,,,,,,,,,,,,,,missing_predecessor_or_basis_change,missing_predecessor_or_basis_change,missing_predecessor_or_basis_change,"{""operating_profit"": {""cumulative"": null, ""selection_rule"": ""missing_statement"", ""amount_method"": ""missing"", ""account_id"": null, ""account_nm"": null, ""sj_div"": null}, ""net_income"": {""cumulative"": null, ""selection_rule"": ""missing_statement"", ""amount_method"": ""missing"", ""account_id"": null, ""account_nm"": null, ""sj_div"": null}, ""equity"": {""cumulative"": null, ""selection_rule"": ""missing_statement"", ""amount_method"": ""missing"", ""account_id"": null, ""account_nm"": null, ""sj_div"": null}, ""cfo"": {""cumulative"": null, ""selection_rule"": ""missing_statement"", ""amount_method"": ""missing"", ""account_id"": null, ""account_nm"": null, ""sj_div"": null}, ""capex_ppe"": {""cumulative"": null, ""selection_rule"": ""missing_statement"", ""amount_method"": ""missing"", ""account_id"": null, ""account_nm"": null, ""sj_div"": null}, ""capex_intangible"": {""cumulative"": null, ""selection_rule"": ""missing_statement"", ""amount_method"": ""missing"", ""account_id"": null, ""account_nm"": null, ""sj_div"": null}}",NOT_ASSIGNED_ACCOUNTING_STAGE,annual_reference_2015_2020_accept,True
00101336,경남에너지주식회사,2016,Q4,11011,CFS,,False,False,no_data,,,,,,,,,,,,,,missing_predecessor_or_basis_change,missing_predecessor_or_basis_change,missing_predecessor_or_basis_change,"{""operating_profit"": {""cumulative"": null, ""selection_rule"": ""missing_statement"", ""amount_method"": ""missing"", ""account_id"": null, ""account_nm"": null, ""sj_div"": null}, ""net_income"": {""cumulative"": null, ""selection_rule"": ""missing_statement"", ""amount_method"": ""missing"", ""account_id"": null, ""account_nm"": null, ""sj_div"": null}, ""equity"": {""cumulative"": null, ""selection_rule"": ""missing_statement"", ""amount_method"": ""missing"", ""account_id"": null, ""account_nm"": null, ""sj_div"": null}, ""cfo"": {""cumulative"": null, ""selection_rule"": ""missing_statement"", ""amount_method"": ""missing"", ""account_id"": null, ""account_nm"": null, ""sj_div"": null}, ""capex_ppe"": {""cumulative"": null, ""selection_rule"": ""missing_statement"", ""amount_method"": ""missing"", ""account_id"": null, ""account_nm"": null, ""sj_div"": null}, ""capex_intangible"": {""cumulative"": null, ""selection_rule"": ""missing_statement"", ""amount_method"": ""missing"", ""account_id"": null, ""account_nm"": null, ""sj_div"": null}}",NOT_ASSIGNED_ACCOUNTING_STAGE,annual_reference_2015_2020_accept,True
00101488,주식회사 경동나비엔,2016,Q1,11013,CFS,CFS,True,True,ok,15873562772.0,15873562772.0,,,216032172682.0,326618435.0,326618435.0,5260576069.0,5260576069.0,442388383.0,442388383.0,5702964452.0,-5376346017.0,direct_q1,missing,direct_q1,"{""operating_profit"": {""cumulative"": 15873562772.0, ""selection_rule"": ""standard_id"", ""amount_method"": ""q1_thstrm_amount"", ""account_id"": ""dart_OperatingIncomeLoss"", ""account_nm"": ""영업이익(손실)"", ""sj_div"": ""IS""}, ""net_income"": {""cumulative"": null, ""selection_rule"": ""ambiguous_standard_id"", ""amount_method"": ""missing"", ""account_id"": null, ""account_nm"": null, ""sj_div"": null}, ""equity"": {""cumulative"": 216032172682.0, ""selection_rule"": ""standard_id"", ""amount_method"": ""instant_thstrm_amount"", ""account_id"": ""ifrs_Equity"", ""account_nm"": ""자본총계"", ""sj_div"": ""BS""}, ""cfo"": {""cumulative"": 326618435.0, ""selection_rule"": ""standard_id"", ""amount_method"": ""q1_thstrm_amount"", ""account_id"": ""ifrs_CashFlowsFromUsedInOperatingActivities"", ""account_nm"": ""영업활동현금흐름"", ""sj_div"": ""CF""}, ""capex_ppe"": {""cumulative"": 5260576069.0, ""selection_rule"": ""exact_label_sum"", ""row_count"": 1, ""rows"": [{""account_id"": ""-표준계정코드 미사용-"", ""account_nm"": ""유형자산의 취득"", ""value"": 5260576069.0, ""method"": ""q1_thstrm_amount""}]}, ""capex_intangible"": {""cumulative"": 442388383.0, ""selection_rule"": ""exact_label_sum"", ""row_count"": 1, ""rows"": [{""account_id"": ""-표준계정코드 미사용-"", ""account_nm"": ""무형자산의 취득"", ""value"": 442388383.0, ""method"": ""q1_thstrm_amount""}]}}",NOT_ASSIGNED_ACCOUNTING_STAGE,annual_reference_2015_2020_accept,True
00101488,주식회사 경동나비엔,2016,Q2,11012,CFS,CFS,True,True,ok,28769906087.0,12896343315.0,,,225626597408.0,2391313584.0,2064695149.0,8007410872.0,2746834803.0,816495627.0,374107244.0,3120942047.0,-1056246898.0,cumulative_difference,missing_predecessor_or_basis_change,cumulative_difference,"{""operating_profit"": {""cumulative"": 28769906087.0, ""selection_rule"": ""standard_id"", ""amount_method"": ""cumulative_thstrm_add_amount"", ""account_id"": ""dart_OperatingIncomeLoss"", ""account_nm"": ""영업이익(손실)"", ""sj_div"": ""IS""}, ""net_income"": {""cumulative"": null, ""selection_rule"": ""ambiguous_standard_id"", ""amount_method"": ""missing"", ""account_id"": null, ""account_nm"": null, ""sj_div"": null}, ""equity"": {""cumulative"": 225626597408.0, ""selection_rule"": ""standard_id"", ""amount_method"": ""instant_thstrm_amount"", ""account_id"": ""ifrs_Equity"", ""account_nm"": ""자본총계"", ""sj_div"": ""BS""}, ""cfo"": {""cumulative"": 2391313584.0, ""selection_rule"": ""standard_id"", ""amount_method"": ""cumulative_cf_thstrm_amount"", ""account_id"": ""ifrs_CashFlowsFromUsedInOperatingActivities"", ""account_nm"": ""영업활동현금흐름"", ""sj_div"": ""CF""}, ""capex_ppe"": {""cumulative"": 8007410872.0, ""selection_rule"": ""exact_label_sum"", ""row_count"": 1, ""rows"": [{""account_id"": ""-표준계정코드 미사용-"", ""account_nm"": ""유형자산의 취득"", ""value"": 8007410872.0, ""method"": ""cumulative_cf_thstrm_amount""}]}, ""capex_intangible"": {""cumulative"": 816495627.0, ""selection_rule"": ""exact_label_sum"", ""row_count"": 1, ""rows"": [{""account_id"": ""-표준계정코드 미사용-"", ""account_nm"": ""무형자산의 취득"", ""value"": 816495627.0, ""method"": ""cumulative_cf_thstrm_amount""}]}}",NOT_ASSIGNED_ACCOUNTING_STAGE,annual_reference_2015_2020_accept,True
00101488,주식회사 경동나비엔,2016,Q3,11014,CFS,CFS,True,True,ok,36001236464.0,7231330377.0,,,227693633396.0,9158946328.0,6767632744.0,16631801670.0,8624390798.0,1185602825.0,369107198.0,8993497996.0,-2225865252.0,cumulative_difference,missing_predecessor_or_basis_change,cumulative_difference,"{""operating_profit"": {""cumulative"": 36001236464.0, ""selection_rule"": ""standard_id"", ""amount_method"": ""cumulative_thstrm_add_amount"", ""account_id"": ""dart_OperatingIncomeLoss"", ""account_nm"": ""영업이익(손실)"", ""sj_div"": ""IS""}, ""net_income"": {""cumulative"": null, ""selection_rule"": ""ambiguous_standard_id"", ""amount_method"": ""missing"", ""account_id"": null, ""account_nm"": null, ""sj_div"": null}, ""equity"": {""cumulative"": 227693633396.0, ""selection_rule"": ""standard_id"", ""amount_method"": ""instant_thstrm_amount"", ""account_id"": ""ifrs_Equity"", ""account_nm"": ""자본총계"", ""sj_div"": ""BS""}, ""cfo"": {""cumulative"": 9158946328.0, ""selection_rule"": ""standard_id"", ""amount_method"": ""cumulative_cf_thstrm_amount"", ""account_id"": ""ifrs_CashFlowsFromUsedInOperatingActivities"", ""account_nm"": ""영업활동현금흐름"", ""sj_div"": ""CF""}, ""capex_ppe"": {""cumulative"": 16631801670.0, ""selection_rule"": ""exact_label_sum"", ""row_count"": 1, ""rows"": [{""account_id"": ""-표준계정코드 미사용-"", ""account_nm"": ""유형자산의 취득"", ""value"": 16631801670.0, ""method"": ""cumulative_cf_thstrm_amount""}]}, ""capex_intangible"": {""cumulative"": 1185602825.0, ""selection_rule"": ""exact_label_sum"", ""row_count"": 1, ""rows"": [{""account_id"": ""-표준계정코드 미사용-"", ""account_nm"": ""무형자산의 취득"", ""value"": 1185602825.0, ""method"": ""cumulative_cf_thstrm_amount""}]}}",NOT_ASSIGNED_ACCOUNTING_STAGE,annual_reference_2015_2020_accept,True
00101488,주식회사 경동나비엔,2016,Q4,11011,CFS,CFS,True,True,ok,45831936768.0,9830700304.0,,,238762190243.0,61333199801.0,52174253473.0,21343765316.0,4711963646.0,1552265113.0,366662288.0,5078625934.0,47095627539.0,cumulative_difference,missing_predecessor_or_basis_change,cumulative_difference,"{""operating_profit"": {""cumulative"": 45831936768.0, ""selection_rule"": ""standard_id"", ""amount_method"": ""fy_thstrm_amount"", ""account_id"": ""dart_OperatingIncomeLoss"", ""account_nm"": ""영업이익(손실)"", ""sj_div"": ""IS""}, ""net_income"": {""cumulative"": null, ""selection_rule"": ""ambiguous_standard_id"", ""amount_method"": ""missing"", ""account_id"": null, ""account_nm"": null, ""sj_div"": null}, ""equity"": {""cumulative"": 238762190243.0, ""selection_rule"": ""standard_id"", ""amount_method"": ""instant_thstrm_amount"", ""account_id"": ""ifrs_Equity"", ""account_nm"": ""자본총계"", ""sj_div"": ""BS""}, ""cfo"": {""cumulative"": 61333199801.0, ""selection_rule"": ""standard_id"", ""amount_method"": ""fy_thstrm_amount"", ""account_id"": ""ifrs_CashFlowsFromUsedInOperatingActivities"", ""account_nm"": ""영업활동현금흐름"", ""sj_div"": ""CF""}, ""capex_ppe"": {""cumulative"": 21343765316.0, ""selection_rule"": ""exact_label_sum"", ""row_count"": 1, ""rows"": [{""account_id"": ""-표준계정코드 미사용-"", ""account_nm"": ""유형자산의 취득"", ""value"": 21343765316.0, ""method"": ""fy_thstrm_amount""}]}, ""capex_intangible"": {""cumulative"": 1552265113.0, ""selection_rule"": ""exact_label_sum"", ""row_count"": 1, ""rows"": [{""account_id"": ""-표준계정코드 미사용-"", ""account_nm"": ""무형자산의 취득"", ""value"": 1552265113.0, ""method"": ""fy_thstrm_amount""}]}}",NOT_ASSIGNED_ACCOUNTING_STAGE,annual_reference_2015_2020_accept,True
00101549,경동제약,2016,Q1,11013,CFS,CFS,True,True,ok,7176488273.0,7176488273.0,5255219553.0,5255219553.0,202024358865.0,10567043552.0,10567043552.0,2058142673.0,2058142673.0,,,,,direct_q1,direct_q1,direct_q1,"{""operating_profit"": {""cumulative"": 7176488273.0, ""selection_rule"": ""standard_id"", ""amount_method"": ""q1_thstrm_amount"", ""account_id"": ""dart_OperatingIncomeLoss"", ""account_nm"": ""영업이익(손실)"", ""sj_div"": ""CIS""}, ""net_income"": {""cumulative"": 5255219553.0, ""selection_rule"": ""standard_id"", ""amount_method"": ""q1_thstrm_amount"", ""account_id"": ""ifrs_ProfitLoss"", ""account_nm"": ""당기순이익(손실)"", ""sj_div"": ""CIS""}, ""equity"": {""cumulative"": 202024358865.0, ""selection_rule"": ""standard_id"", ""amount_method"": ""instant_thstrm_amount"", ""account_id"": ""ifrs_Equity"", ""account_nm"": ""자본총계"", ""sj_div"": ""BS""}, ""cfo"": {""cumulative"": 10567043552.0, ""selection_rule"": ""standard_id"", ""amount_method"": ""q1_thstrm_amount"", ""account_id"": ""ifrs_CashFlowsFromUsedInOperatingActivities"", ""account_nm"": ""영업활동현금흐름"", ""sj_div"": ""CF""}, ""capex_ppe"": {""cumulative"": 2058142673.0, ""selection_rule"": ""standard_id_sum"", ""row_count"": 1, ""rows"": [{""account_id"": ""ifrs_PurchaseOfPropertyPlantAndEquipmentClassifiedAsInvestingActivities"", ""account_nm"": ""유형자산의 취득"", ""value"": 2058142673.0, ""method"": ""q1_thstrm_amount""}]}, ""capex_intangible"": {""cumulative"": null, ""selection_rule"": ""standard_id_sum"", ""row_count"": 1, ""rows"": [{""account_id"": ""ifrs_PurchaseOfIntangibleAssetsClassifiedAsInvestingActivities"", ""account_nm"": ""무형자산의 취득"", ""value"": null, ""method"": ""missing""}]}}",NOT_ASSIGNED_ACCOUNTING_STAGE,annual_reference_2015_2020_accept,True
00101549,경동제약,2016,Q2,11012,CFS,CFS,True,True,ok,13734650997.0,6558162724.0,9906341176.0,4651121623.0,205927158824.0,13478146470.0,2911102918.0,2698798436.0,640655763.0,,,,,cumulative_difference,cumulative_difference,cumulative_difference,"{""operating_profit"": {""cumulative"": 13734650997.0, ""selection_rule"": ""standard_id"", ""amount_method"": ""cumulative_thstrm_add_amount"", ""account_id"": ""dart_OperatingIncomeLoss"", ""account_nm"": ""영업이익(손실)"", ""sj_div"": ""CIS""}, ""net_income"": {""cumulative"": 9906341176.0, ""selection_rule"": ""standard_id"", ""amount_method"": ""cumulative_thstrm_add_amount"", ""account_id"": ""ifrs_ProfitLoss"", ""account_nm"": ""당기순이익(손실)"", ""sj_div"": ""CIS""}, ""equity"": {""cumulative"": 205927158824.0, ""selection_rule"": ""standard_id"", ""amount_method"": ""instant_thstrm_amount"", ""account_id"": ""ifrs_Equity"", ""account_nm"": ""자본총계"", ""sj_div"": ""BS""}, ""cfo"": {""cumulative"": 13478146470.0, ""selection_rule"": ""standard_id"", ""amount_method"": ""cumulative_cf_thstrm_amount"", ""account_id"": ""ifrs_CashFlowsFromUsedInOperatingActivities"", ""account_nm"": ""영업활동현금흐름"", ""sj_div"": ""CF""}, ""capex_ppe"": {""cumulative"": 2698798436.0, ""selection_rule"": ""standard_id_sum"", ""row_count"": 1, ""rows"": [{""account_id"": ""ifrs_PurchaseOfPropertyPlantAndEquipmentClassifiedAsInvestingActivities"", ""account_nm"": ""유형자산의 취득"", ""value"": 2698798436.0, ""method"": ""cumulative_cf_thstrm_amount""}]}, ""capex_intangible"": {""cumulative"": null, ""selection_rule"": ""standard_id_sum"", ""row_count"": 1, ""rows"": [{""account_id"": ""ifrs_PurchaseOfIntangibleAssetsClassifiedAsInvestingActivities"", ""account_nm"": ""무형자산의 취득"", ""value"": null, ""method"": ""cumulative_missing""}]}}",NOT_ASSIGNED_ACCOUNTING_STAGE,annual_reference_2015_2020_accept,True
00101549,경동제약,2016,Q3,11014,CFS,CFS,True,True,ok,20761267240.0,7026616243.0,15064407014.0,5158065838.0,206191217760.0,14533388158.0,1055241688.0,6556973691.0,3858175255.0,,,,,cumulative_difference,cumulative_difference,cumulative_difference,"{""operating_profit"": {""cumulative"": 20761267240.0, ""selection_rule"": ""standard_id"", ""amount_method"": ""cumulative_thstrm_add_amount"", ""account_id"": ""dart_OperatingIncomeLoss"", ""account_nm"": ""영업이익(손실)"", ""sj_div"": ""CIS""}, ""net_income"": {""cumulative"": 15064407014.0, ""selection_rule"": ""standard_id"", ""amount_method"": ""cumulative_thstrm_add_amount"", ""account_id"": ""ifrs_ProfitLoss"", ""account_nm"": ""당기순이익(손실)"", ""sj_div"": ""CIS""}, ""equity"": {""cumulative"": 206191217760.0, ""selection_rule"": ""standard_id"", ""amount_method"": ""instant_thstrm_amount"", ""account_id"": ""ifrs_Equity"", ""account_nm"": ""자본총계"", ""sj_div"": ""BS""}, ""cfo"": {""cumulative"": 14533388158.0, ""selection_rule"": ""standard_id"", ""amount_method"": ""cumulative_cf_thstrm_amount"", ""account_id"": ""ifrs_CashFlowsFromUsedInOperatingActivities"", ""account_nm"": ""영업활동현금흐름"", ""sj_div"": ""CF""}, ""capex_ppe"": {""cumulative"": 6556973691.0, ""selection_rule"": ""standard_id_sum"", ""row_count"": 1, ""rows"": [{""account_id"": ""ifrs_PurchaseOfPropertyPlantAndEquipmentClassifiedAsInvestingActivities"", ""account_nm"": ""유형자산의 취득"", ""value"": 6556973691.0, ""method"": ""cumulative_cf_thstrm_amount""}]}, ""capex_intangible"": {""cumulative"": null, ""selection_rule"": ""standard_id_sum"", ""row_count"": 1, ""rows"": [{""account_id"": ""ifrs_PurchaseOfIntangibleAssetsClassifiedAsInvestingActivities"", ""account_nm"": ""무형자산의 취득"", ""value"": null, ""method"": ""cumulative_missing""}]}}",NOT_ASSIGNED_ACCOUNTING_STAGE,annual_reference_2015_2020_accept,True
00101549,경동제약,2016,Q4,11011,CFS,CFS,True,True,ok,26275459922.0,5514192682.0,16949412043.0,1885005029.0,208571469647.0,25627598226.0,11094210068.0,7194612707.0,637639016.0,,,,,cumulative_difference,cumulative_difference,cumulative_difference,"{""operating_profit"": {""cumulative"": 26275459922.0, ""selection_rule"": ""standard_id"", ""amount_method"": ""fy_thstrm_amount"", ""account_id"": ""dart_OperatingIncomeLoss"", ""account_nm"": ""영업이익(손실)"", ""sj_div"": ""CIS""}, ""net_income"": {""cumulative"": 16949412043.0, ""selection_rule"": ""standard_id"", ""amount_method"": ""fy_thstrm_amount"", ""account_id"": ""ifrs_ProfitLoss"", ""account_nm"": ""당기순이익(손실)"", ""sj_div"": ""CIS""}, ""equity"": {""cumulative"": 208571469647.0, ""selection_rule"": ""standard_id"", ""amount_method"": ""instant_thstrm_amount"", ""account_id"": ""ifrs_Equity"", ""account_nm"": ""자본총계"", ""sj_div"": ""BS""}, ""cfo"": {""cumulative"": 25627598226.0, ""selection_rule"": ""standard_id"", ""amount_method"": ""fy_thstrm_amount"", ""account_id"": ""ifrs_CashFlowsFromUsedInOperatingActivities"", ""account_nm"": ""영업활동현금흐름"", ""sj_div"": ""CF""}, ""capex_ppe"": {""cumulative"": 7194612707.0, ""selection_rule"": ""standard_id_sum"", ""row_count"": 1, ""rows"": [{""account_id"": ""ifrs_PurchaseOfPropertyPlantAndEquipmentClassifiedAsInvestingActivities"", ""account_nm"": ""유형자산의 취득"", ""value"": 7194612707.0, ""method"": ""fy_thstrm_amount""}]}, ""capex_intangible"": {""cumulative"": null, ""selection_rule"": ""standard_id_sum"", ""row_count"": 1, ""rows"": [{""account_id"": ""ifrs_PurchaseOfIntangibleAssetsClassifiedAsInvestingActivities"", ""account_nm"": ""무형자산의 취득"", ""value"": null, ""method"": ""missing""}]}}",NOT_ASSIGNED_ACCOUNTING_STAGE,annual_reference_2015_2020_accept,True
00101628,(주)경방,2016,Q1,11013,CFS,CFS,True,True,ok,7185874454.0,7185874454.0,,,662563977436.0,507118704.0,507118704.0,886557208.0,886557208.0,,,,,direct_q1,missing,direct_q1,"{""operating_profit"": {""cumulative"": 7185874454.0, ""selection_rule"": ""standard_id"", ""amount_method"": ""q1_thstrm_amount"", ""account_id"": ""dart_OperatingIncomeLoss"", ""account_nm"": ""영업이익"", ""sj_div"": ""IS""}, ""net_income"": {""cumulative"": null, ""selection_rule"": ""ambiguous_standard_id"", ""amount_method"": ""missing"", ""account_id"": null, ""account_nm"": null, ""sj_div"": null}, ""equity"": {""cumulative"": 662563977436.0, ""selection_rule"": ""standard_id"", ""amount_method"": ""instant_thstrm_amount"", ""account_id"": ""ifrs_Equity"", ""account_nm"": ""자본총계"", ""sj_div"": ""BS""}, ""cfo"": {""cumulative"": 507118704.0, ""selection_rule"": ""standard_id"", ""amount_method"": ""q1_thstrm_amount"", ""account_id"": ""ifrs_CashFlowsFromUsedInOperatingActivities"", ""account_nm"": ""영업활동으로인한현금흐름"", ""sj_div"": ""CF""}, ""capex_ppe"": {""cumulative"": 886557208.0, ""selection_rule"": ""exact_label_sum"", ""row_count"": 1, ""rows"": [{""account_id"": ""-표준계정코드 미사용-"", ""account_nm"": ""유형자산의취득"", ""value"": 886557208.0, ""method"": ""q1_thstrm_amount""}]}, ""capex_intangible"": {""cumulative"": null, ""selection_rule"": ""exact_label_sum"", ""row_count"": 1, ""rows"": [{""account_id"": ""-표준계정코드 미사용-"", ""account_nm"": ""무형자산의취득"", ""value"": null, ""method"": ""missing""}]}}",NOT_ASSIGNED_ACCOUNTING_STAGE,annual_reference_2015_2020_accept,True
00101628,(주)경방,2016,Q2,11012,CFS,CFS,True,True,ok,17628880019.0,10443005565.0,,,674031401297.0,26364585288.0,25857466584.0,3427500664.0,2540943456.0,7735114.0,,,,cumulative_difference,missing_predecessor_or_basis_change,cumulative_difference,"{""operating_profit"": {""cumulative"": 17628880019.0, ""selection_rule"": ""standard_id"", ""amount_method"": ""cumulative_thstrm_add_amount"", ""account_id"": ""dart_OperatingIncomeLoss"", ""account_nm"": ""영업이익"", ""sj_div"": ""IS""}, ""net_income"": {""cumulative"": null, ""selection_rule"": ""ambiguous_standard_id"", ""amount_method"": ""missing"", ""account_id"": null, ""account_nm"": null, ""sj_div"": null}, ""equity"": {""cumulative"": 674031401297.0, ""selection_rule"": ""standard_id"", ""amount_method"": ""instant_thstrm_amount"", ""account_id"": ""ifrs_Equity"", ""account_nm"": ""자본총계"", ""sj_div"": ""BS""}, ""cfo"": {""cumulative"": 26364585288.0, ""selection_rule"": ""standard_id"", ""amount_method"": ""cumulative_cf_thstrm_amount"", ""account_id"": ""ifrs_CashFlowsFromUsedInOperatingActivities"", ""account_nm"": ""영업활동으로인한현금흐름"", ""sj_div"": ""CF""}, ""capex_ppe"": {""cumulative"": 3427500664.0, ""selection_rule"": ""exact_label_sum"", ""row_count"": 1, ""rows"": [{""account_id"": ""-표준계정코드 미사용-"", ""account_nm"": ""유형자산의취득"", ""value"": 3427500664.0, ""method"": ""cumulative_cf_thstrm_amount""}]}, ""capex_intangible"": {""cumulative"": 7735114.0, ""selection_rule"": ""exact_label_sum"", ""row_count"": 1, ""rows"": [{""account_id"": ""-표준계정코드 미사용-"", ""account_nm"": ""무형자산의취득"", ""value"": 7735114.0, ""method"": ""cumulative_cf_thstrm_amount""}]}}",NOT_ASSIGNED_ACCOUNTING_STAGE,annual_reference_2015_2020_accept,True
00101628,(주)경방,2016,Q3,11014,CFS,CFS,True,True,ok,28175818922.0,10546938903.0,,,679548714477.0,47456079926.0,21091494638.0,4995579663.0,1568078999.0,5393907.0,,,,cumulative_difference,missing_predecessor_or_basis_change,cumulative_difference,"{""operating_profit"": {""cumulative"": 28175818922.0, ""selection_rule"": ""standard_id"", ""amount_method"": ""cumulative_thstrm_add_amount"", ""account_id"": ""dart_OperatingIncomeLoss"", ""account_nm"": ""영업이익"", ""sj_div"": ""IS""}, ""net_income"": {""cumulative"": null, ""selection_rule"": ""ambiguous_standard_id"", ""amount_method"": ""missing"", ""account_id"": null, ""account_nm"": null, ""sj_div"": null}, ""equity"": {""cumulative"": 679548714477.0, ""selection_rule"": ""standard_id"", ""amount_method"": ""instant_thstrm_amount"", ""account_id"": ""ifrs_Equity"", ""account_nm"": ""자본총계"", ""sj_div"": ""BS""}, ""cfo"": {""cumulative"": 47456079926.0, ""selection_rule"": ""standard_id"", ""amount_method"": ""cumulative_cf_thstrm_amount"", ""account_id"": ""ifrs_CashFlowsFromUsedInOperatingActivities"", ""account_nm"": ""영업활동으로인한현금흐름"", ""sj_div"": ""CF""}, ""capex_ppe"": {""cumulative"": 4995579663.0, ""selection_rule"": ""exact_label_sum"", ""row_count"": 1, ""rows"": [{""account_id"": ""-표준계정코드 미사용-"", ""account_nm"": ""유형자산의취득"", ""value"": 4995579663.0, ""method"": ""cumulative_cf_thstrm_amount""}]}, ""capex_intangible"": {""cumulative"": 5393907.0, ""selection_rule"": ""exact_label_sum"", ""row_count"": 1, ""rows"": [{""account_id"": ""-표준계정코드 미사용-"", ""account_nm"": ""무형자산의취득"", ""value"": 5393907.0, ""method"": ""cumulative_cf_thstrm_amount""}]}}",NOT_ASSIGNED_ACCOUNTING_STAGE,annual_reference_2015_2020_accept,True
00101628,(주)경방,2016,Q4,11011,CFS,CFS,True,True,ok,43436568980.0,15260750058.0,,,679843399077.0,67981078511.0,20524998585.0,6924025478.0,1928445815.0,8319983.0,2926076.0,1931371891.0,18593626694.0,cumulative_difference,missing_predecessor_or_basis_change,cumulative_difference,"{""operating_profit"": {""cumulative"": 43436568980.0, ""selection_rule"": ""standard_id"", ""amount_method"": ""fy_thstrm_amount"", ""account_id"": ""dart_OperatingIncomeLoss"", ""account_nm"": ""영업이익"", ""sj_div"": ""IS""}, ""net_income"": {""cumulative"": null, ""selection_rule"": ""ambiguous_standard_id"", ""amount_method"": ""missing"", ""account_id"": null, ""account_nm"": null, ""sj_div"": null}, ""equity"": {""cumulative"": 679843399077.0, ""selection_rule"": ""standard_id"", ""amount_method"": ""instant_thstrm_amount"", ""account_id"": ""ifrs_Equity"", ""account_nm"": ""자본총계"", ""sj_div"": ""BS""}, ""cfo"": {""cumulative"": 67981078511.0, ""selection_rule"": ""standard_id"", ""amount_method"": ""fy_thstrm_amount"", ""account_id"": ""ifrs_CashFlowsFromUsedInOperatingActivities"", ""account_nm"": ""영업활동으로인한현금흐름"", ""sj_div"": ""CF""}, ""capex_ppe"": {""cumulative"": 6924025478.0, ""selection_rule"": ""exact_label_sum"", ""row_count"": 1, ""rows"": [{""account_id"": ""-표준계정코드 미사용-"", ""account_nm"": ""유형자산의취득"", ""value"": 6924025478.0, ""method"": ""fy_thstrm_amount""}]}, ""capex_intangible"": {""cumulative"": 8319983.0, ""selection_rule"": ""exact_label_sum"", ""row_count"": 1, ""rows"": [{""account_id"": ""-표준계정코드 미사용-"", ""account_nm"": ""무형자산의취득"", ""value"": 8319983.0, ""method"": ""fy_thstrm_amount""}]}}",NOT_ASSIGNED_ACCOUNTING_STAGE,annual_reference_2015_2020_accept,True
00101664,경보제약,2016,Q1,11013,OFS,OFS,True,True,ok,5423636135.0,5423636135.0,4400920849.0,4400920849.0,120398398413.0,15267157675.0,15267157675.0,1123644526.0,1123644526.0,1188329180.0,1188329180.0,2311973706.0,12955183969.0,direct_q1,direct_q1,direct_q1,"{""operating_profit"": {""cumulative"": 5423636135.0, ""selection_rule"": ""standard_id"", ""amount_method"": ""q1_thstrm_amount"", ""account_id"": ""dart_OperatingIncomeLoss"", ""account_nm"": ""영업이익"", ""sj_div"": ""CIS""}, ""net_income"": {""cumulative"": 4400920849.0, ""selection_rule"": ""standard_id"", ""amount_method"": ""q1_thstrm_amount"", ""account_id"": ""ifrs_ProfitLoss"", ""account_nm"": ""당기순이익"", ""sj_div"": ""CIS""}, ""equity"": {""cumulative"": 120398398413.0, ""selection_rule"": ""standard_id"", ""amount_method"": ""instant_thstrm_amount"", ""account_id"": ""ifrs_Equity"", ""account_nm"": ""자본총계"", ""sj_div"": ""BS""}, ""cfo"": {""cumulative"": 15267157675.0, ""selection_rule"": ""standard_id"", ""amount_method"": ""q1_thstrm_amount"", ""account_id"": ""ifrs_CashFlowsFromUsedInOperatingActivities"", ""account_nm"": ""영업활동현금흐름"", ""sj_div"": ""CF""}, ""capex_ppe"": {""cumulative"": 1123644526.0, ""selection_rule"": ""exact_label_sum"", ""row_count"": 1, ""rows"": [{""account_id"": ""-표준계정코드 미사용-"", ""account_nm"": ""유형자산의 취득"", ""value"": 1123644526.0, ""method"": ""q1_thstrm_amount""}]}, ""capex_intangible"": {""cumulative"": 1188329180.0, ""selection_rule"": ""exact_label_sum"", ""row_count"": 1, ""rows"": [{""account_id"": ""-표준계정코드 미사용-"", ""account_nm"": ""무형자산의 취득"", ""value"": 1188329180.0, ""method"": ""q1_thstrm_amount""}]}}",NOT_ASSIGNED_ACCOUNTING_STAGE,annual_reference_2015_2020_accept,True
00101664,경보제약,2016,Q2,11012,OFS,OFS,True,True,ok,9701137332.0,4277501197.0,8076586307.0,3675665458.0,123498181275.0,8583396259.0,-6683761416.0,-3836815154.0,2713170628.0,-1329801180.0,141472000.0,2854642628.0,-9538404044.0,cumulative_difference,cumulative_difference,cumulative_difference,"{""operating_profit"": {""cumulative"": 9701137332.0, ""selection_rule"": ""standard_id"", ""amount_method"": ""cumulative_thstrm_add_amount"", ""account_id"": ""dart_OperatingIncomeLoss"", ""account_nm"": ""영업이익"", ""sj_div"": ""CIS""}, ""net_income"": {""cumulative"": 8076586307.0, ""selection_rule"": ""standard_id"", ""amount_method"": ""cumulative_thstrm_add_amount"", ""account_id"": ""ifrs_ProfitLoss"", ""account_nm"": ""당기순이익"", ""sj_div"": ""CIS""}, ""equity"": {""cumulative"": 123498181275.0, ""selection_rule"": ""standard_id"", ""amount_method"": ""instant_thstrm_amount"", ""account_id"": ""ifrs_Equity"", ""account_nm"": ""자본총계"", ""sj_div"": ""BS""}, ""cfo"": {""cumulative"": 8583396259.0, ""selection_rule"": ""standard_id"", ""amount_method"": ""cumulative_cf_thstrm_amount"", ""account_id"": ""ifrs_CashFlowsFromUsedInOperatingActivities"", ""account_nm"": ""영업활동현금흐름"", ""sj_div"": ""CF""}, ""capex_ppe"": {""cumulative"": -3836815154.0, ""selection_rule"": ""exact_label_sum"", ""row_count"": 1, ""rows"": [{""account_id"": ""-표준계정코드 미사용-"", ""account_nm"": ""유형자산의 취득"", ""value"": -3836815154.0, ""method"": ""cumulative_cf_thstrm_amount""}]}, ""capex_intangible"": {""cumulative"": -1329801180.0, ""selection_rule"": ""exact_label_sum"", ""row_count"": 1, ""rows"": [{""account_id"": ""-표준계정코드 미사용-"", ""account_nm"": ""무형자산의 취득"", ""value"": -1329801180.0, ""method"": ""cumulative_cf_thstrm_amount""}]}}",NOT_ASSIGNED_ACCOUNTING_STAGE,annual_reference_2015_2020_accept,True
00101664,경보제약,2016,Q3,11014,OFS,OFS,True,True,ok,12101589303.0,2400451971.0,9283555530.0,1206969223.0,124638350619.0,18615192071.0,10031795812.0,-11874868032.0,8038052878.0,-1338153280.0,8352100.0,8046404978.0,1985390834.0,cumulative_difference,cumulative_difference,cumulative_difference,"{""operating_profit"": {""cumulative"": 12101589303.0, ""selection_rule"": ""standard_id"", ""amount_method"": ""cumulative_thstrm_add_amount"", ""account_id"": ""dart_OperatingIncomeLoss"", ""account_nm"": ""영업이익"", ""sj_div"": ""CIS""}, ""net_income"": {""cumulative"": 9283555530.0, ""selection_rule"": ""standard_id"", ""amount_method"": ""cumulative_thstrm_add_amount"", ""account_id"": ""ifrs_ProfitLoss"", ""account_nm"": ""당기순이익"", ""sj_div"": ""CIS""}, ""equity"": {""cumulative"": 124638350619.0, ""selection_rule"": ""standard_id"", ""amount_method"": ""instant_thstrm_amount"", ""account_id"": ""ifrs_Equity"", ""account_nm"": ""자본총계"", ""sj_div"": ""BS""}, ""cfo"": {""cumulative"": 18615192071.0, ""selection_rule"": ""standard_id"", ""amount_method"": ""cumulative_cf_thstrm_amount"", ""account_id"": ""ifrs_CashFlowsFromUsedInOperatingActivities"", ""account_nm"": ""영업활동현금흐름"", ""sj_div"": ""CF""}, ""capex_ppe"": {""cumulative"": -11874868032.0, ""selection_rule"": ""exact_label_sum"", ""row_count"": 1, ""rows"": [{""account_id"": ""-표준계정코드 미사용-"", ""account_nm"": ""유형자산의 취득"", ""value"": -11874868032.0, ""method"": ""cumulative_cf_thstrm_amount""}]}, ""capex_intangible"": {""cumulative"": -1338153280.0, ""selection_rule"": ""exact_label_sum"", ""row_count"": 1, ""rows"": [{""account_id"": ""-표준계정코드 미사용-"", ""account_nm"": ""무형자산의 취득"", ""value"": -1338153280.0, ""method"": ""cumulative_cf_thstrm_amount""}]}}",NOT_ASSIGNED_ACCOUNTING_STAGE,annual_reference_2015_2020_accept,True
00101664,경보제약,2016,Q4,11011,OFS,OFS,True,True,ok,15594226584.0,3492637281.0,12705929801.0,3422374271.0,129402339511.0,25328802774.0,6713610703.0,17187779887.0,5312911855.0,2496246181.0,1158092901.0,6471004756.0,242605947.0,cumulative_difference,cumulative_difference,cumulative_difference,"{""operating_profit"": {""cumulative"": 15594226584.0, ""selection_rule"": ""standard_id"", ""amount_method"": ""fy_thstrm_amount"", ""account_id"": ""dart_OperatingIncomeLoss"", ""account_nm"": ""영업이익"", ""sj_div"": ""CIS""}, ""net_income"": {""cumulative"": 12705929801.0, ""selection_rule"": ""standard_id"", ""amount_method"": ""fy_thstrm_amount"", ""account_id"": ""ifrs_ProfitLoss"", ""account_nm"": ""당기순이익"", ""sj_div"": ""CIS""}, ""equity"": {""cumulative"": 129402339511.0, ""selection_rule"": ""standard_id"", ""amount_method"": ""instant_thstrm_amount"", ""account_id"": ""ifrs_Equity"", ""account_nm"": ""자본총계"", ""sj_div"": ""BS""}, ""cfo"": {""cumulative"": 25328802774.0, ""selection_rule"": ""standard_id"", ""amount_method"": ""fy_thstrm_amount"", ""account_id"": ""ifrs_CashFlowsFromUsedInOperatingActivities"", ""account_nm"": ""영업활동현금흐름"", ""sj_div"": ""CF""}, ""capex_ppe"": {""cumulative"": 17187779887.0, ""selection_rule"": ""exact_label_sum"", ""row_count"": 1, ""rows"": [{""account_id"": ""-표준계정코드 미사용-"", ""account_nm"": ""유형자산의 취득"", ""value"": 17187779887.0, ""method"": ""fy_thstrm_amount""}]}, ""capex_intangible"": {""cumulative"": 2496246181.0, ""selection_rule"": ""exact_label_sum"", ""row_count"": 1, ""rows"": [{""account_id"": ""-표준계정코드 미사용-"", ""account_nm"": ""무형자산의 취득"", ""value"": 2496246181.0, ""method"": ""fy_thstrm_amount""}]}}",NOT_ASSIGNED_ACCOUNTING_STAGE,annual_reference_2015_2020_accept,True
00101752,(주)케이씨피드,2016,Q1,11013,CFS,CFS,True,True,ok,672805957.0,672805957.0,543733299.0,543733299.0,44137250643.0,-2060467565.0,-2060467565.0,214212714.0,214212714.0,16655000.0,16655000.0,230867714.0,-2291335279.0,direct_q1,direct_q1,direct_q1,"{""operating_profit"": {""cumulative"": 672805957.0, ""selection_rule"": ""standard_id"", ""amount_method"": ""q1_thstrm_amount"", ""account_id"": ""dart_OperatingIncomeLoss"", ""account_nm"": ""영업이익"", ""sj_div"": ""CIS""}, ""net_income"": {""cumulative"": 543733299.0, ""selection_rule"": ""standard_id"", ""amount_method"": ""q1_thstrm_amount"", ""account_id"": ""ifrs_ProfitLoss"", ""account_nm"": ""당기순이익"", ""sj_div"": ""CIS""}, ""equity"": {""cumulative"": 44137250643.0, ""selection_rule"": ""standard_id"", ""amount_method"": ""instant_thstrm_amount"", ""account_id"": ""ifrs_Equity"", ""account_nm"": ""자본총계"", ""sj_div"": ""BS""}, ""cfo"": {""cumulative"": -2060467565.0, ""selection_rule"": ""standard_id"", ""amount_method"": ""q1_thstrm_amount"", ""account_id"": ""ifrs_CashFlowsFromUsedInOperatingActivities"", ""account_nm"": ""영업활동현금흐름"", ""sj_div"": ""CF""}, ""capex_ppe"": {""cumulative"": 214212714.0, ""selection_rule"": ""exact_label_sum"", ""row_count"": 1, ""rows"": [{""account_id"": ""-표준계정코드 미사용-"", ""account_nm"": ""유형자산의 취득"", ""value"": 214212714.0, ""method"": ""q1_thstrm_amount""}]}, ""capex_intangible"": {""cumulative"": 16655000.0, ""selection_rule"": ""exact_label_sum"", ""row_count"": 1, ""rows"": [{""account_id"": ""-표준계정코드 미사용-"", ""account_nm"": ""무형자산의 취득"", ""value"": 16655000.0, ""method"": ""q1_thstrm_amount""}]}}",NOT_ASSIGNED_ACCOUNTING_STAGE,annual_reference_2015_2020_accept,True
00101752,(주)케이씨피드,2016,Q2,11012,CFS,CFS,True,True,ok,1550378394.0,877572437.0,1107847690.0,564114391.0,44708751324.0,527773411.0,2588240976.0,672479350.0,458266636.0,0.0,,,,cumulative_difference,cumulative_difference,cumulative_difference,"{""operating_profit"": {""cumulative"": 1550378394.0, ""selection_rule"": ""standard_id"", ""amount_method"": ""cumulative_thstrm_add_amount"", ""account_id"": ""dart_OperatingIncomeLoss"", ""account_nm"": ""영업이익(손실)"", ""sj_div"": ""CIS""}, ""net_income"": {""cumulative"": 1107847690.0, ""selection_rule"": ""standard_id"", ""amount_method"": ""cumulative_thstrm_add_amount"", ""account_id"": ""ifrs_ProfitLoss"", ""account_nm"": ""당기순이익(손실)"", ""sj_div"": ""CIS""}, ""equity"": {""cumulative"": 44708751324.0, ""selection_rule"": ""standard_id"", ""amount_method"": ""instant_thstrm_amount"", ""account_id"": ""ifrs_Equity"", ""account_nm"": ""자본총계"", ""sj_div"": ""BS""}, ""cfo"": {""cumulative"": 527773411.0, ""selection_rule"": ""standard_id"", ""amount_method"": ""cumulative_cf_thstrm_amount"", ""account_id"": ""ifrs_CashFlowsFromUsedInOperatingActivities"", ""account_nm"": ""영업활동현금흐름"", ""sj_div"": ""CF""}, ""capex_ppe"": {""cumulative"": 672479350.0, ""selection_rule"": ""exact_label_sum"", ""row_count"": 1, ""rows"": [{""account_id"": ""-표준계정코드 미사용-"", ""account_nm"": ""유형자산의 취득"", ""value"": 672479350.0, ""method"": ""cumulative_cf_thstrm_amount""}]}, ""capex_intangible"": {""cumulative"": 0.0, ""selection_rule"": ""exact_label_sum"", ""row_count"": 1, ""rows"": [{""account_id"": ""-표준계정코드 미사용-"", ""account_nm"": ""무형자산의 취득"", ""value"": 0.0, ""method"": ""cumulative_cf_thstrm_amount""}]}}",NOT_ASSIGNED_ACCOUNTING_STAGE,annual_reference_2015_2020_accept,True
00101752,(주)케이씨피드,2016,Q3,11014,CFS,CFS,True,True,ok,1840220888.0,289842494.0,1482644547.0,374796857.0,53128687435.0,-589909747.0,-1117683158.0,1018210028.0,345730678.0,51055000.0,51055000.0,396785678.0,-1514468836.0,cumulative_difference,cumulative_difference,cumulative_difference,"{""operating_profit"": {""cumulative"": 1840220888.0, ""selection_rule"": ""standard_id"", ""amount_method"": ""cumulative_thstrm_add_amount"", ""account_id"": ""dart_OperatingIncomeLoss"", ""account_nm"": ""영업이익(손실)"", ""sj_div"": ""CIS""}, ""net_income"": {""cumulative"": 1482644547.0, ""selection_rule"": ""standard_id"", ""amount_method"": ""cumulative_thstrm_add_amount"", ""account_id"": ""ifrs_ProfitLoss"", ""account_nm"": ""당기순이익(손실)"", ""sj_div"": ""CIS""}, ""equity"": {""cumulative"": 53128687435.0, ""selection_rule"": ""standard_id"", ""amount_method"": ""instant_thstrm_amount"", ""account_id"": ""ifrs_Equity"", ""account_nm"": ""자본총계"", ""sj_div"": ""BS""}, ""cfo"": {""cumulative"": -589909747.0, ""selection_rule"": ""standard_id"", ""amount_method"": ""cumulative_cf_thstrm_amount"", ""account_id"": ""ifrs_CashFlowsFromUsedInOperatingActivities"", ""account_nm"": ""영업활동현금흐름"", ""sj_div"": ""CF""}, ""capex_ppe"": {""cumulative"": 1018210028.0, ""selection_rule"": ""exact_label_sum"", ""row_count"": 1, ""rows"": [{""account_id"": ""-표준계정코드 미사용-"", ""account_nm"": ""유형자산의 취득"", ""value"": 1018210028.0, ""method"": ""cumulative_cf_thstrm_amount""}]}, ""capex_intangible"": {""cumulative"": 51055000.0, ""selection_rule"": ""exact_label_sum"", ""row_count"": 1, ""rows"": [{""account_id"": ""-표준계정코드 미사용-"", ""account_nm"": ""무형자산의 취득"", ""value"": 51055000.0, ""method"": ""cumulative_cf_thstrm_amount""}]}}",NOT_ASSIGNED_ACCOUNTING_STAGE,annual_reference_2015_2020_accept,True
00101752,(주)케이씨피드,2016,Q4,11011,CFS,CFS,True,True,ok,1901488881.0,61267993.0,754703457.0,-727941090.0,52101913632.0,2353176462.0,2943086209.0,2039743085.0,1021533057.0,60745000.0,9690000.0,1031223057.0,1911863152.0,cumulative_difference,cumulative_difference,cumulative_difference,"{""operating_profit"": {""cumulative"": 1901488881.0, ""selection_rule"": ""standard_id"", ""amount_method"": ""fy_thstrm_amount"", ""account_id"": ""dart_OperatingIncomeLoss"", ""account_nm"": ""영업이익(손실)"", ""sj_div"": ""CIS""}, ""net_income"": {""cumulative"": 754703457.0, ""selection_rule"": ""standard_id"", ""amount_method"": ""fy_thstrm_amount"", ""account_id"": ""ifrs_ProfitLoss"", ""account_nm"": ""당기순이익(손실)"", ""sj_div"": ""CIS""}, ""equity"": {""cumulative"": 52101913632.0, ""selection_rule"": ""standard_id"", ""amount_method"": ""instant_thstrm_amount"", ""account_id"": ""ifrs_Equity"", ""account_nm"": ""자본총계"", ""sj_div"": ""BS""}, ""cfo"": {""cumulative"": 2353176462.0, ""selection_rule"": ""standard_id"", ""amount_method"": ""fy_thstrm_amount"", ""account_id"": ""ifrs_CashFlowsFromUsedInOperatingActivities"", ""account_nm"": ""영업활동현금흐름"", ""sj_div"": ""CF""}, ""capex_ppe"": {""cumulative"": 2039743085.0, ""selection_rule"": ""exact_label_sum"", ""row_count"": 1, ""rows"": [{""account_id"": ""-표준계정코드 미사용-"", ""account_nm"": ""유형자산의 취득"", ""value"": 2039743085.0, ""method"": ""fy_thstrm_amount""}]}, ""capex_intangible"": {""cumulative"": 60745000.0, ""selection_rule"": ""exact_label_sum"", ""row_count"": 1, ""rows"": [{""account_id"": ""-표준계정코드 미사용-"", ""account_nm"": ""무형자산의 취득"", ""value"": 60745000.0, ""method"": ""fy_thstrm_amount""}]}}",NOT_ASSIGNED_ACCOUNTING_STAGE,annual_reference_2015_2020_accept,True
00102113,(주)경인양행,2016,Q1,11013,CFS,CFS,True,True,ok,771635091.0,771635091.0,-506046036.0,-506046036.0,198646682163.0,10011445554.0,10011445554.0,1378941988.0,1378941988.0,349369990.0,349369990.0,1728311978.0,8283133576.0,direct_q1,direct_q1,direct_q1,"{""operating_profit"": {""cumulative"": 771635091.0, ""selection_rule"": ""standard_id"", ""amount_method"": ""q1_thstrm_amount"", ""account_id"": ""dart_OperatingIncomeLoss"", ""account_nm"": ""영업이익(손실)"", ""sj_div"": ""CIS""}, ""net_income"": {""cumulative"": -506046036.0, ""selection_rule"": ""standard_id"", ""amount_method"": ""q1_thstrm_amount"", ""account_id"": ""ifrs_ProfitLoss"", ""account_nm"": ""당기순이익(손실)"", ""sj_div"": ""CIS""}, ""equity"": {""cumulative"": 198646682163.0, ""selection_rule"": ""standard_id"", ""amount_method"": ""instant_thstrm_amount"", ""account_id"": ""ifrs_Equity"", ""account_nm"": ""자본총계"", ""sj_div"": ""BS""}, ""cfo"": {""cumulative"": 10011445554.0, ""selection_rule"": ""standard_id"", ""amount_method"": ""q1_thstrm_amount"", ""account_id"": ""ifrs_CashFlowsFromUsedInOperatingActivities"", ""account_nm"": ""영업활동현금흐름"", ""sj_div"": ""CF""}, ""capex_ppe"": {""cumulative"": 1378941988.0, ""selection_rule"": ""standard_id_sum"", ""row_count"": 1, ""rows"": [{""account_id"": ""ifrs_PurchaseOfPropertyPlantAndEquipmentClassifiedAsInvestingActivities"", ""account_nm"": ""유형자산의 취득"", ""value"": 1378941988.0, ""method"": ""q1_thstrm_amount""}]}, ""capex_intangible"": {""cumulative"": 349369990.0, ""selection_rule"": ""standard_id_sum"", ""row_count"": 1, ""rows"": [{""account_id"": ""ifrs_PurchaseOfIntangibleAssetsClassifiedAsInvestingActivities"", ""account_nm"": ""무형자산의 취득"", ""value"": 349369990.0, ""method"": ""q1_thstrm_amount""}]}}",NOT_ASSIGNED_ACCOUNTING_STAGE,annual_reference_2015_2020_accept,True
00102113,(주)경인양행,2016,Q2,11012,CFS,CFS,True,True,ok,7321560966.0,6549925875.0,3996595634.0,4502641670.0,203427337757.0,17930222129.0,7918776575.0,3002887844.0,1623945856.0,460313318.0,110943328.0,1734889184.0,6183887391.0,cumulative_difference,cumulative_difference,cumulative_difference,"{""operating_profit"": {""cumulative"": 7321560966.0, ""selection_rule"": ""standard_id"", ""amount_method"": ""cumulative_thstrm_add_amount"", ""account_id"": ""dart_OperatingIncomeLoss"", ""account_nm"": ""영업이익(손실)"", ""sj_div"": ""CIS""}, ""net_income"": {""cumulative"": 3996595634.0, ""selection_rule"": ""standard_id"", ""amount_method"": ""cumulative_thstrm_add_amount"", ""account_id"": ""ifrs_ProfitLoss"", ""account_nm"": ""당기순이익(손실)"", ""sj_div"": ""CIS""}, ""equity"": {""cumulative"": 203427337757.0, ""selection_rule"": ""standard_id"", ""amount_method"": ""instant_thstrm_amount"", ""account_id"": ""ifrs_Equity"", ""account_nm"": ""자본총계"", ""sj_div"": ""BS""}, ""cfo"": {""cumulative"": 17930222129.0, ""selection_rule"": ""standard_id"", ""amount_method"": ""cumulative_cf_thstrm_amount"", ""account_id"": ""ifrs_CashFlowsFromUsedInOperatingActivities"", ""account_nm"": ""영업활동현금흐름"", ""sj_div"": ""CF""}, ""capex_ppe"": {""cumulative"": 3002887844.0, ""selection_rule"": ""standard_id_sum"", ""row_count"": 1, ""rows"": [{""account_id"": ""ifrs_PurchaseOfPropertyPlantAndEquipmentClassifiedAsInvestingActivities"", ""account_nm"": ""유형자산의 취득"", ""value"": 3002887844.0, ""method"": ""cumulative_cf_thstrm_amount""}]}, ""capex_intangible"": {""cumulative"": 460313318.0, ""selection_rule"": ""standard_id_sum"", ""row_count"": 1, ""rows"": [{""account_id"": ""ifrs_PurchaseOfIntangibleAssetsClassifiedAsInvestingActivities"", ""account_nm"": ""무형자산의 취득"", ""value"": 460313318.0, ""method"": ""cumulative_cf_thstrm_amount""}]}}",NOT_ASSIGNED_ACCOUNTING_STAGE,annual_reference_2015_2020_accept,True
00102113,(주)경인양행,2016,Q3,11014,CFS,CFS,True,True,ok,8812024867.0,1490463901.0,4214081992.0,217486358.0,205024850782.0,26127267963.0,8197045834.0,6196855238.0,3193967394.0,460313318.0,0.0,3193967394.0,5003078440.0,cumulative_difference,cumulative_difference,cumulative_difference,"{""operating_profit"": {""cumulative"": 8812024867.0, ""selection_rule"": ""standard_id"", ""amount_method"": ""cumulative_thstrm_add_amount"", ""account_id"": ""dart_OperatingIncomeLoss"", ""account_nm"": ""영업이익(손실)"", ""sj_div"": ""CIS""}, ""net_income"": {""cumulative"": 4214081992.0, ""selection_rule"": ""standard_id"", ""amount_method"": ""cumulative_thstrm_add_amount"", ""account_id"": ""ifrs_ProfitLoss"", ""account_nm"": ""당기순이익(손실)"", ""sj_div"": ""CIS""}, ""equity"": {""cumulative"": 205024850782.0, ""selection_rule"": ""standard_id"", ""amount_method"": ""instant_thstrm_amount"", ""account_id"": ""ifrs_Equity"", ""account_nm"": ""자본총계"", ""sj_div"": ""BS""}, ""cfo"": {""cumulative"": 26127267963.0, ""selection_rule"": ""standard_id"", ""amount_method"": ""cumulative_cf_thstrm_amount"", ""account_id"": ""ifrs_CashFlowsFromUsedInOperatingActivities"", ""account_nm"": ""영업활동현금흐름"", ""sj_div"": ""CF""}, ""capex_ppe"": {""cumulative"": 6196855238.0, ""selection_rule"": ""standard_id_sum"", ""row_count"": 1, ""rows"": [{""account_id"": ""ifrs_PurchaseOfPropertyPlantAndEquipmentClassifiedAsInvestingActivities"", ""account_nm"": ""유형자산의 취득"", ""value"": 6196855238.0, ""method"": ""cumulative_cf_thstrm_amount""}]}, ""capex_intangible"": {""cumulative"": 460313318.0, ""selection_rule"": ""standard_id_sum"", ""row_count"": 1, ""rows"": [{""account_id"": ""ifrs_PurchaseOfIntangibleAssetsClassifiedAsInvestingActivities"", ""account_nm"": ""무형자산의 취득"", ""value"": 460313318.0, ""method"": ""cumulative_cf_thstrm_amount""}]}}",NOT_ASSIGNED_ACCOUNTING_STAGE,annual_reference_2015_2020_accept,True
00102113,(주)경인양행,2016,Q4,11011,CFS,CFS,True,True,ok,10577181316.0,1765156449.0,6837522077.0,2623440085.0,208293196152.0,19013689005.0,-7113578958.0,8643122484.0,2446267246.0,460313318.0,0.0,2446267246.0,-9559846204.0,cumulative_difference,cumulative_difference,cumulative_difference,"{""operating_profit"": {""cumulative"": 10577181316.0, ""selection_rule"": ""standard_id"", ""amount_method"": ""fy_thstrm_amount"", ""account_id"": ""dart_OperatingIncomeLoss"", ""account_nm"": ""영업이익(손실)"", ""sj_div"": ""CIS""}, ""net_income"": {""cumulative"": 6837522077.0, ""selection_rule"": ""standard_id"", ""amount_method"": ""fy_thstrm_amount"", ""account_id"": ""ifrs_ProfitLoss"", ""account_nm"": ""당기순이익(손실)"", ""sj_div"": ""CIS""}, ""equity"": {""cumulative"": 208293196152.0, ""selection_rule"": ""standard_id"", ""amount_method"": ""instant_thstrm_amount"", ""account_id"": ""ifrs_Equity"", ""account_nm"": ""자본총계"", ""sj_div"": ""BS""}, ""cfo"": {""cumulative"": 19013689005.0, ""selection_rule"": ""standard_id"", ""amount_method"": ""fy_thstrm_amount"", ""account_id"": ""ifrs_CashFlowsFromUsedInOperatingActivities"", ""account_nm"": ""영업활동현금흐름"", ""sj_div"": ""CF""}, ""capex_ppe"": {""cumulative"": 8643122484.0, ""selection_rule"": ""standard_id_sum"", ""row_count"": 1, ""rows"": [{""account_id"": ""ifrs_PurchaseOfPropertyPlantAndEquipmentClassifiedAsInvestingActivities"", ""account_nm"": ""유형자산의 취득"", ""value"": 8643122484.0, ""method"": ""fy_thstrm_amount""}]}, ""capex_intangible"": {""cumulative"": 460313318.0, ""selection_rule"": ""standard_id_sum"", ""row_count"": 1, ""rows"": [{""account_id"": ""ifrs_PurchaseOfIntangibleAssetsClassifiedAsInvestingActivities"", ""account_nm"": ""무형자산의 취득"", ""value"": 460313318.0, ""method"": ""fy_thstrm_amount""}]}}",NOT_ASSIGNED_ACCOUNTING_STAGE,annual_reference_2015_2020_accept,True
00102618,계양전기 주식회사,2016,Q1,11013,CFS,CFS,True,True,ok,4693614049.0,4693614049.0,4896093133.0,4896093133.0,166601120883.0,5344809043.0,5344809043.0,6453077040.0,6453077040.0,479219693.0,479219693.0,6932296733.0,-1587487690.0,direct_q1,direct_q1,direct_q1,"{""operating_profit"": {""cumulative"": 4693614049.0, ""selection_rule"": ""standard_id"", ""amount_method"": ""q1_thstrm_amount"", ""account_id"": ""dart_OperatingIncomeLoss"", ""account_nm"": ""영업이익(손실)"", ""sj_div"": ""CIS""}, ""net_income"": {""cumulative"": 4896093133.0, ""selection_rule"": ""standard_id"", ""amount_method"": ""q1_thstrm_amount"", ""account_id"": ""ifrs_ProfitLoss"", ""account_nm"": ""당기순이익(손실)"", ""sj_div"": ""CIS""}, ""equity"": {""cumulative"": 166601120883.0, ""selection_rule"": ""standard_id"", ""amount_method"": ""instant_thstrm_amount"", ""account_id"": ""ifrs_Equity"", ""account_nm"": ""자본총계"", ""sj_div"": ""BS""}, ""cfo"": {""cumulative"": 5344809043.0, ""selection_rule"": ""standard_id"", ""amount_method"": ""q1_thstrm_amount"", ""account_id"": ""ifrs_CashFlowsFromUsedInOperatingActivities"", ""account_nm"": ""영업활동현금흐름"", ""sj_div"": ""CF""}, ""capex_ppe"": {""cumulative"": 6453077040.0, ""selection_rule"": ""standard_id_sum"", ""row_count"": 1, ""rows"": [{""account_id"": ""ifrs_PurchaseOfPropertyPlantAndEquipmentClassifiedAsInvestingActivities"", ""account_nm"": ""유형자산의 취득"", ""value"": 6453077040.0, ""method"": ""q1_thstrm_amount""}]}, ""capex_intangible"": {""cumulative"": 479219693.0, ""selection_rule"": ""standard_id_sum"", ""row_count"": 1, ""rows"": [{""account_id"": ""ifrs_PurchaseOfIntangibleAssetsClassifiedAsInvestingActivities"", ""account_nm"": ""무형자산의 취득"", ""value"": 479219693.0, ""method"": ""q1_thstrm_amount""}]}}",NOT_ASSIGNED_ACCOUNTING_STAGE,annual_reference_2015_2020_accept,True
00102618,계양전기 주식회사,2016,Q2,11012,CFS,CFS,True,True,ok,9638737305.0,4945123256.0,13316862560.0,8420769427.0,174891535493.0,13628434569.0,8283625526.0,11635051342.0,5181974302.0,846210468.0,366990775.0,5548965077.0,2734660449.0,cumulative_difference,cumulative_difference,cumulative_difference,"{""operating_profit"": {""cumulative"": 9638737305.0, ""selection_rule"": ""standard_id"", ""amount_method"": ""cumulative_thstrm_add_amount"", ""account_id"": ""dart_OperatingIncomeLoss"", ""account_nm"": ""영업이익(손실)"", ""sj_div"": ""CIS""}, ""net_income"": {""cumulative"": 13316862560.0, ""selection_rule"": ""standard_id"", ""amount_method"": ""cumulative_thstrm_add_amount"", ""account_id"": ""ifrs_ProfitLoss"", ""account_nm"": ""당기순이익(손실)"", ""sj_div"": ""CIS""}, ""equity"": {""cumulative"": 174891535493.0, ""selection_rule"": ""standard_id"", ""amount_method"": ""instant_thstrm_amount"", ""account_id"": ""ifrs_Equity"", ""account_nm"": ""자본총계"", ""sj_div"": ""BS""}, ""cfo"": {""cumulative"": 13628434569.0, ""selection_rule"": ""standard_id"", ""amount_method"": ""cumulative_cf_thstrm_amount"", ""account_id"": ""ifrs_CashFlowsFromUsedInOperatingActivities"", ""account_nm"": ""영업활동현금흐름"", ""sj_div"": ""CF""}, ""capex_ppe"": {""cumulative"": 11635051342.0, ""selection_rule"": ""standard_id_sum"", ""row_count"": 1, ""rows"": [{""account_id"": ""ifrs_PurchaseOfPropertyPlantAndEquipmentClassifiedAsInvestingActivities"", ""account_nm"": ""유형자산의 취득"", ""value"": 11635051342.0, ""method"": ""cumulative_cf_thstrm_amount""}]}, ""capex_intangible"": {""cumulative"": 846210468.0, ""selection_rule"": ""standard_id_sum"", ""row_count"": 1, ""rows"": [{""account_id"": ""ifrs_PurchaseOfIntangibleAssetsClassifiedAsInvestingActivities"", ""account_nm"": ""무형자산의 취득"", ""value"": 846210468.0, ""method"": ""cumulative_cf_thstrm_amount""}]}}",NOT_ASSIGNED_ACCOUNTING_STAGE,annual_reference_2015_2020_accept,True
00102618,계양전기 주식회사,2016,Q3,11014,CFS,CFS,True,True,ok,13489824953.0,3851087648.0,16032392343.0,2715529783.0,176840235654.0,17975717342.0,4347282773.0,15894583800.0,4259532458.0,1352058709.0,505848241.0,4765380699.0,-418097926.0,cumulative_difference,cumulative_difference,cumulative_difference,"{""operating_profit"": {""cumulative"": 13489824953.0, ""selection_rule"": ""standard_id"", ""amount_method"": ""cumulative_thstrm_add_amount"", ""account_id"": ""dart_OperatingIncomeLoss"", ""account_nm"": ""영업이익(손실)"", ""sj_div"": ""CIS""}, ""net_income"": {""cumulative"": 16032392343.0, ""selection_rule"": ""standard_id"", ""amount_method"": ""cumulative_thstrm_add_amount"", ""account_id"": ""ifrs_ProfitLoss"", ""account_nm"": ""당기순이익(손실)"", ""sj_div"": ""CIS""}, ""equity"": {""cumulative"": 176840235654.0, ""selection_rule"": ""standard_id"", ""amount_method"": ""instant_thstrm_amount"", ""account_id"": ""ifrs_Equity"", ""account_nm"": ""자본총계"", ""sj_div"": ""BS""}, ""cfo"": {""cumulative"": 17975717342.0, ""selection_rule"": ""standard_id"", ""amount_method"": ""cumulative_cf_thstrm_amount"", ""account_id"": ""ifrs_CashFlowsFromUsedInOperatingActivities"", ""account_nm"": ""영업활동현금흐름"", ""sj_div"": ""CF""}, ""capex_ppe"": {""cumulative"": 15894583800.0, ""selection_rule"": ""standard_id_sum"", ""row_count"": 1, ""rows"": [{""account_id"": ""ifrs_PurchaseOfPropertyPlantAndEquipmentClassifiedAsInvestingActivities"", ""account_nm"": ""유형자산의 취득"", ""value"": 15894583800.0, ""method"": ""cumulative_cf_thstrm_amount""}]}, ""capex_intangible"": {""cumulative"": 1352058709.0, ""selection_rule"": ""standard_id_sum"", ""row_count"": 1, ""rows"": [{""account_id"": ""ifrs_PurchaseOfIntangibleAssetsClassifiedAsInvestingActivities"", ""account_nm"": ""무형자산의 취득"", ""value"": 1352058709.0, ""method"": ""cumulative_cf_thstrm_amount""}]}}",NOT_ASSIGNED_ACCOUNTING_STAGE,annual_reference_2015_2020_accept,True
00102618,계양전기 주식회사,2016,Q4,11011,CFS,CFS,True,True,ok,15454981350.0,1965156397.0,17233731189.0,1201338846.0,179133111299.0,18734059306.0,758341964.0,19881869733.0,3987285933.0,2117667023.0,765608314.0,4752894247.0,-3994552283.0,cumulative_difference,cumulative_difference,cumulative_difference,"{""operating_profit"": {""cumulative"": 15454981350.0, ""selection_rule"": ""standard_id"", ""amount_method"": ""fy_thstrm_amount"", ""account_id"": ""dart_OperatingIncomeLoss"", ""account_nm"": ""영업이익(손실)"", ""sj_div"": ""CIS""}, ""net_income"": {""cumulative"": 17233731189.0, ""selection_rule"": ""standard_id"", ""amount_method"": ""fy_thstrm_amount"", ""account_id"": ""ifrs_ProfitLoss"", ""account_nm"": ""당기순이익(손실)"", ""sj_div"": ""CIS""}, ""equity"": {""cumulative"": 179133111299.0, ""selection_rule"": ""standard_id"", ""amount_method"": ""instant_thstrm_amount"", ""account_id"": ""ifrs_Equity"", ""account_nm"": ""자본총계"", ""sj_div"": ""BS""}, ""cfo"": {""cumulative"": 18734059306.0, ""selection_rule"": ""standard_id"", ""amount_method"": ""fy_thstrm_amount"", ""account_id"": ""ifrs_CashFlowsFromUsedInOperatingActivities"", ""account_nm"": ""영업활동현금흐름"", ""sj_div"": ""CF""}, ""capex_ppe"": {""cumulative"": 19881869733.0, ""selection_rule"": ""standard_id_sum"", ""row_count"": 1, ""rows"": [{""account_id"": ""ifrs_PurchaseOfPropertyPlantAndEquipmentClassifiedAsInvestingActivities"", ""account_nm"": ""유형자산의 취득"", ""value"": 19881869733.0, ""method"": ""fy_thstrm_amount""}]}, ""capex_intangible"": {""cumulative"": 2117667023.0, ""selection_rule"": ""standard_id_sum"", ""row_count"": 1, ""rows"": [{""account_id"": ""ifrs_PurchaseOfIntangibleAssetsClassifiedAsInvestingActivities"", ""account_nm"": ""무형자산의 취득"", ""value"": 2117667023.0, ""method"": ""fy_thstrm_amount""}]}}",NOT_ASSIGNED_ACCOUNTING_STAGE,annual_reference_2015_2020_accept,True
00102751,고려산업주식회사,2016,Q1,11013,CFS,CFS,True,True,ok,2938069218.0,2938069218.0,2438668485.0,2438668485.0,80502386125.0,7413254401.0,7413254401.0,2477671442.0,2477671442.0,0.0,0.0,2477671442.0,4935582959.0,direct_q1,direct_q1,direct_q1,"{""operating_profit"": {""cumulative"": 2938069218.0, ""selection_rule"": ""standard_id"", ""amount_method"": ""q1_thstrm_amount"", ""account_id"": ""dart_OperatingIncomeLoss"", ""account_nm"": ""영업이익(손실)"", ""sj_div"": ""CIS""}, ""net_income"": {""cumulative"": 2438668485.0, ""selection_rule"": ""standard_id"", ""amount_method"": ""q1_thstrm_amount"", ""account_id"": ""ifrs_ProfitLoss"", ""account_nm"": ""당기순이익(손실)"", ""sj_div"": ""CIS""}, ""equity"": {""cumulative"": 80502386125.0, ""selection_rule"": ""standard_id"", ""amount_method"": ""instant_thstrm_amount"", ""account_id"": ""ifrs_Equity"", ""account_nm"": ""자본총계"", ""sj_div"": ""BS""}, ""cfo"": {""cumulative"": 7413254401.0, ""selection_rule"": ""standard_id"", ""amount_method"": ""q1_thstrm_amount"", ""account_id"": ""ifrs_CashFlowsFromUsedInOperatingActivities"", ""account_nm"": ""영업활동현금흐름"", ""sj_div"": ""CF""}, ""capex_ppe"": {""cumulative"": 2477671442.0, ""selection_rule"": ""standard_id_sum"", ""row_count"": 1, ""rows"": [{""account_id"": ""ifrs_PurchaseOfPropertyPlantAndEquipmentClassifiedAsInvestingActivities"", ""account_nm"": ""유형자산의 취득"", ""value"": 2477671442.0, ""method"": ""q1_thstrm_amount""}]}, ""capex_intangible"": {""cumulative"": 0.0, ""selection_rule"": ""standard_id_sum"", ""row_count"": 1, ""rows"": [{""account_id"": ""ifrs_PurchaseOfIntangibleAssetsClassifiedAsInvestingActivities"", ""account_nm"": ""무형자산의 취득"", ""value"": 0.0, ""method"": ""q1_thstrm_amount""}]}}",NOT_ASSIGNED_ACCOUNTING_STAGE,annual_reference_2015_2020_accept,True
00102751,고려산업주식회사,2016,Q2,11012,CFS,CFS,True,True,ok,3969423866.0,1031354648.0,3097401734.0,658733249.0,81203889201.0,8681780942.0,1268526541.0,2642805187.0,165133745.0,0.0,0.0,165133745.0,1103392796.0,cumulative_difference,cumulative_difference,cumulative_difference,"{""operating_profit"": {""cumulative"": 3969423866.0, ""selection_rule"": ""standard_id"", ""amount_method"": ""cumulative_thstrm_add_amount"", ""account_id"": ""dart_OperatingIncomeLoss"", ""account_nm"": ""영업이익(손실)"", ""sj_div"": ""CIS""}, ""net_income"": {""cumulative"": 3097401734.0, ""selection_rule"": ""standard_id"", ""amount_method"": ""cumulative_thstrm_add_amount"", ""account_id"": ""ifrs_ProfitLoss"", ""account_nm"": ""당기순이익(손실)"", ""sj_div"": ""CIS""}, ""equity"": {""cumulative"": 81203889201.0, ""selection_rule"": ""standard_id"", ""amount_method"": ""instant_thstrm_amount"", ""account_id"": ""ifrs_Equity"", ""account_nm"": ""자본총계"", ""sj_div"": ""BS""}, ""cfo"": {""cumulative"": 8681780942.0, ""selection_rule"": ""standard_id"", ""amount_method"": ""cumulative_cf_thstrm_amount"", ""account_id"": ""ifrs_CashFlowsFromUsedInOperatingActivities"", ""account_nm"": ""영업활동현금흐름"", ""sj_div"": ""CF""}, ""capex_ppe"": {""cumulative"": 2642805187.0, ""selection_rule"": ""standard_id_sum"", ""row_count"": 1, ""rows"": [{""account_id"": ""ifrs_PurchaseOfPropertyPlantAndEquipmentClassifiedAsInvestingActivities"", ""account_nm"": ""유형자산의 취득"", ""value"": 2642805187.0, ""method"": ""cumulative_cf_thstrm_amount""}]}, ""capex_intangible"": {""cumulative"": 0.0, ""selection_rule"": ""standard_id_sum"", ""row_count"": 1, ""rows"": [{""account_id"": ""ifrs_PurchaseOfIntangibleAssetsClassifiedAsInvestingActivities"", ""account_nm"": ""무형자산의 취득"", ""value"": 0.0, ""method"": ""cumulative_cf_thstrm_amount""}]}}",NOT_ASSIGNED_ACCOUNTING_STAGE,annual_reference_2015_2020_accept,True
00102751,고려산업주식회사,2016,Q3,11014,CFS,CFS,True,True,ok,5749618207.0,1780194341.0,7336254904.0,4238853170.0,85632015432.0,14256220225.0,5574439283.0,3409686745.0,766881558.0,0.0,0.0,766881558.0,4807557725.0,cumulative_difference,cumulative_difference,cumulative_difference,"{""operating_profit"": {""cumulative"": 5749618207.0, ""selection_rule"": ""standard_id"", ""amount_method"": ""cumulative_thstrm_add_amount"", ""account_id"": ""dart_OperatingIncomeLoss"", ""account_nm"": ""영업이익(손실)"", ""sj_div"": ""CIS""}, ""net_income"": {""cumulative"": 7336254904.0, ""selection_rule"": ""standard_id"", ""amount_method"": ""cumulative_thstrm_add_amount"", ""account_id"": ""ifrs_ProfitLoss"", ""account_nm"": ""당기순이익(손실)"", ""sj_div"": ""CIS""}, ""equity"": {""cumulative"": 85632015432.0, ""selection_rule"": ""standard_id"", ""amount_method"": ""instant_thstrm_amount"", ""account_id"": ""ifrs_Equity"", ""account_nm"": ""자본총계"", ""sj_div"": ""BS""}, ""cfo"": {""cumulative"": 14256220225.0, ""selection_rule"": ""standard_id"", ""amount_method"": ""cumulative_cf_thstrm_amount"", ""account_id"": ""ifrs_CashFlowsFromUsedInOperatingActivities"", ""account_nm"": ""영업활동현금흐름"", ""sj_div"": ""CF""}, ""capex_ppe"": {""cumulative"": 3409686745.0, ""selection_rule"": ""standard_id_sum"", ""row_count"": 1, ""rows"": [{""account_id"": ""ifrs_PurchaseOfPropertyPlantAndEquipmentClassifiedAsInvestingActivities"", ""account_nm"": ""유형자산의 취득"", ""value"": 3409686745.0, ""method"": ""cumulative_cf_thstrm_amount""}]}, ""capex_intangible"": {""cumulative"": 0.0, ""selection_rule"": ""standard_id_sum"", ""row_count"": 1, ""rows"": [{""account_id"": ""ifrs_PurchaseOfIntangibleAssetsClassifiedAsInvestingActivities"", ""account_nm"": ""무형자산의 취득"", ""value"": 0.0, ""method"": ""cumulative_cf_thstrm_amount""}]}}",NOT_ASSIGNED_ACCOUNTING_STAGE,annual_reference_2015_2020_accept,True
00102751,고려산업주식회사,2016,Q4,11011,CFS,CFS,True,True,ok,6679283953.0,929665746.0,6852573362.0,-483681542.0,85020282528.0,15777187666.0,1520967441.0,3671857051.0,262170306.0,6078790.0,6078790.0,268249096.0,1252718345.0,cumulative_difference,cumulative_difference,cumulative_difference,"{""operating_profit"": {""cumulative"": 6679283953.0, ""selection_rule"": ""standard_id"", ""amount_method"": ""fy_thstrm_amount"", ""account_id"": ""dart_OperatingIncomeLoss"", ""account_nm"": ""영업이익(손실)"", ""sj_div"": ""CIS""}, ""net_income"": {""cumulative"": 6852573362.0, ""selection_rule"": ""standard_id"", ""amount_method"": ""fy_thstrm_amount"", ""account_id"": ""ifrs_ProfitLoss"", ""account_nm"": ""당기순이익(손실)"", ""sj_div"": ""CIS""}, ""equity"": {""cumulative"": 85020282528.0, ""selection_rule"": ""standard_id"", ""amount_method"": ""instant_thstrm_amount"", ""account_id"": ""ifrs_Equity"", ""account_nm"": ""자본총계"", ""sj_div"": ""BS""}, ""cfo"": {""cumulative"": 15777187666.0, ""selection_rule"": ""standard_id"", ""amount_method"": ""fy_thstrm_amount"", ""account_id"": ""ifrs_CashFlowsFromUsedInOperatingActivities"", ""account_nm"": ""영업활동현금흐름"", ""sj_div"": ""CF""}, ""capex_ppe"": {""cumulative"": 3671857051.0, ""selection_rule"": ""standard_id_sum"", ""row_count"": 1, ""rows"": [{""account_id"": ""ifrs_PurchaseOfPropertyPlantAndEquipmentClassifiedAsInvestingActivities"", ""account_nm"": ""유형자산의 취득"", ""value"": 3671857051.0, ""method"": ""fy_thstrm_amount""}]}, ""capex_intangible"": {""cumulative"": 6078790.0, ""selection_rule"": ""standard_id_sum"", ""row_count"": 1, ""rows"": [{""account_id"": ""ifrs_PurchaseOfIntangibleAssetsClassifiedAsInvestingActivities"", ""account_nm"": ""무형자산의 취득"", ""value"": 6078790.0, ""method"": ""fy_thstrm_amount""}]}}",NOT_ASSIGNED_ACCOUNTING_STAGE,annual_reference_2015_2020_accept,True
00102760,두산건설(주),2016,Q1,11013,CFS,CFS,True,True,ok,24483474680.0,24483474680.0,,,1312387890546.0,12189113379.0,12189113379.0,2218110160.0,2218110160.0,794962770.0,794962770.0,3013072930.0,9176040449.0,direct_q1,missing,direct_q1,"{""operating_profit"": {""cumulative"": 24483474680.0, ""selection_rule"": ""standard_id"", ""amount_method"": ""q1_thstrm_amount"", ""account_id"": ""dart_OperatingIncomeLoss"", ""account_nm"": ""영업이익(손실)"", ""sj_div"": ""IS""}, ""net_income"": {""cumulative"": null, ""selection_rule"": ""ambiguous_standard_id"", ""amount_method"": ""missing"", ""account_id"": null, ""account_nm"": null, ""sj_div"": null}, ""equity"": {""cumulative"": 1312387890546.0, ""selection_rule"": ""standard_id"", ""amount_method"": ""instant_thstrm_amount"", ""account_id"": ""ifrs_Equity"", ""account_nm"": ""자본총계"", ""sj_div"": ""BS""}, ""cfo"": {""cumulative"": 12189113379.0, ""selection_rule"": ""standard_id"", ""amount_method"": ""q1_thstrm_amount"", ""account_id"": ""ifrs_CashFlowsFromUsedInOperatingActivities"", ""account_nm"": ""영업활동현금흐름"", ""sj_div"": ""CF""}, ""capex_ppe"": {""cumulative"": 2218110160.0, ""selection_rule"": ""exact_label_sum"", ""row_count"": 1, ""rows"": [{""account_id"": ""-표준계정코드 미사용-"", ""account_nm"": ""유형자산의 취득"", ""value"": 2218110160.0, ""method"": ""q1_thstrm_amount""}]}, ""capex_intangible"": {""cumulative"": 794962770.0, ""selection_rule"": ""exact_label_sum"", ""row_count"": 1, ""rows"": [{""account_id"": ""-표준계정코드 미사용-"", ""account_nm"": ""무형자산의 취득"", ""value"": 794962770.0, ""method"": ""q1_thstrm_amount""}]}}",NOT_ASSIGNED_ACCOUNTING_STAGE,annual_reference_2015_2020_accept,True
00102760,두산건설(주),2016,Q2,11012,CFS,CFS,True,True,ok,26294146628.0,1810671948.0,,,1287309776244.0,-111970573975.0,-124159687354.0,3804703559.0,1586593399.0,1455939435.0,660976665.0,2247570064.0,-126407257418.0,cumulative_difference,missing_predecessor_or_basis_change,cumulative_difference,"{""operating_profit"": {""cumulative"": 26294146628.0, ""selection_rule"": ""standard_id"", ""amount_method"": ""cumulative_thstrm_add_amount"", ""account_id"": ""dart_OperatingIncomeLoss"", ""account_nm"": ""영업이익(손실)"", ""sj_div"": ""IS""}, ""net_income"": {""cumulative"": null, ""selection_rule"": ""ambiguous_standard_id"", ""amount_method"": ""missing"", ""account_id"": null, ""account_nm"": null, ""sj_div"": null}, ""equity"": {""cumulative"": 1287309776244.0, ""selection_rule"": ""standard_id"", ""amount_method"": ""instant_thstrm_amount"", ""account_id"": ""ifrs_Equity"", ""account_nm"": ""자본총계"", ""sj_div"": ""BS""}, ""cfo"": {""cumulative"": -111970573975.0, ""selection_rule"": ""standard_id"", ""amount_method"": ""cumulative_cf_thstrm_amount"", ""account_id"": ""ifrs_CashFlowsFromUsedInOperatingActivities"", ""account_nm"": ""영업활동현금흐름"", ""sj_div"": ""CF""}, ""capex_ppe"": {""cumulative"": 3804703559.0, ""selection_rule"": ""exact_label_sum"", ""row_count"": 1, ""rows"": [{""account_id"": ""-표준계정코드 미사용-"", ""account_nm"": ""유형자산의 취득"", ""value"": 3804703559.0, ""method"": ""cumulative_cf_thstrm_amount""}]}, ""capex_intangible"": {""cumulative"": 1455939435.0, ""selection_rule"": ""exact_label_sum"", ""row_count"": 1, ""rows"": [{""account_id"": ""-표준계정코드 미사용-"", ""account_nm"": ""무형자산의 취득"", ""value"": 1455939435.0, ""method"": ""cumulative_cf_thstrm_amount""}]}}",NOT_ASSIGNED_ACCOUNTING_STAGE,annual_reference_2015_2020_accept,True
00102760,두산건설(주),2016,Q3,11014,CFS,CFS,True,True,ok,28640474391.0,2346327763.0,,,1262589275607.0,-187520394505.0,-75549820530.0,5192292069.0,1387588510.0,1656433655.0,200494220.0,1588082730.0,-77137903260.0,cumulative_difference,missing_predecessor_or_basis_change,cumulative_difference,"{""operating_profit"": {""cumulative"": 28640474391.0, ""selection_rule"": ""standard_id"", ""amount_method"": ""cumulative_thstrm_add_amount"", ""account_id"": ""dart_OperatingIncomeLoss"", ""account_nm"": ""영업이익(손실)"", ""sj_div"": ""IS""}, ""net_income"": {""cumulative"": null, ""selection_rule"": ""ambiguous_standard_id"", ""amount_method"": ""missing"", ""account_id"": null, ""account_nm"": null, ""sj_div"": null}, ""equity"": {""cumulative"": 1262589275607.0, ""selection_rule"": ""standard_id"", ""amount_method"": ""instant_thstrm_amount"", ""account_id"": ""ifrs_Equity"", ""account_nm"": ""자본총계"", ""sj_div"": ""BS""}, ""cfo"": {""cumulative"": -187520394505.0, ""selection_rule"": ""standard_id"", ""amount_method"": ""cumulative_cf_thstrm_amount"", ""account_id"": ""ifrs_CashFlowsFromUsedInOperatingActivities"", ""account_nm"": ""영업활동현금흐름"", ""sj_div"": ""CF""}, ""capex_ppe"": {""cumulative"": 5192292069.0, ""selection_rule"": ""exact_label_sum"", ""row_count"": 1, ""rows"": [{""account_id"": ""-표준계정코드 미사용-"", ""account_nm"": ""유형자산의 취득"", ""value"": 5192292069.0, ""method"": ""cumulative_cf_thstrm_amount""}]}, ""capex_intangible"": {""cumulative"": 1656433655.0, ""selection_rule"": ""exact_label_sum"", ""row_count"": 1, ""rows"": [{""account_id"": ""-표준계정코드 미사용-"", ""account_nm"": ""무형자산의 취득"", ""value"": 1656433655.0, ""method"": ""cumulative_cf_thstrm_amount""}]}}",NOT_ASSIGNED_ACCOUNTING_STAGE,annual_reference_2015_2020_accept,True
00102760,두산건설(주),2016,Q4,11011,CFS,CFS,True,True,ok,12795014911.0,-15845459480.0,,,1064676566637.0,-100498299658.0,87022094847.0,6370679894.0,1178387825.0,1656997142.0,563487.0,1178951312.0,85843143535.0,cumulative_difference,missing_predecessor_or_basis_change,cumulative_difference,"{""operating_profit"": {""cumulative"": 12795014911.0, ""selection_rule"": ""standard_id"", ""amount_method"": ""fy_thstrm_amount"", ""account_id"": ""dart_OperatingIncomeLoss"", ""account_nm"": ""영업이익(손실)"", ""sj_div"": ""IS""}, ""net_income"": {""cumulative"": null, ""selection_rule"": ""ambiguous_standard_id"", ""amount_method"": ""missing"", ""account_id"": null, ""account_nm"": null, ""sj_div"": null}, ""equity"": {""cumulative"": 1064676566637.0, ""selection_rule"": ""standard_id"", ""amount_method"": ""instant_thstrm_amount"", ""account_id"": ""ifrs_Equity"", ""account_nm"": ""자본총계"", ""sj_div"": ""BS""}, ""cfo"": {""cumulative"": -100498299658.0, ""selection_rule"": ""standard_id"", ""amount_method"": ""fy_thstrm_amount"", ""account_id"": ""ifrs_CashFlowsFromUsedInOperatingActivities"", ""account_nm"": ""영업활동현금흐름"", ""sj_div"": ""CF""}, ""capex_ppe"": {""cumulative"": 6370679894.0, ""selection_rule"": ""exact_label_sum"", ""row_count"": 1, ""rows"": [{""account_id"": ""-표준계정코드 미사용-"", ""account_nm"": ""유형자산의 취득"", ""value"": 6370679894.0, ""method"": ""fy_thstrm_amount""}]}, ""capex_intangible"": {""cumulative"": 1656997142.0, ""selection_rule"": ""exact_label_sum"", ""row_count"": 1, ""rows"": [{""account_id"": ""-표준계정코드 미사용-"", ""account_nm"": ""무형자산의 취득"", ""value"": 1656997142.0, ""method"": ""fy_thstrm_amount""}]}}",NOT_ASSIGNED_ACCOUNTING_STAGE,annual_reference_2015_2020_accept,True
00102858,고려아연(주),2016,Q1,11013,CFS,CFS,True,True,ok,187259258022.0,187259258022.0,147040329464.0,147040329464.0,5199221039953.0,257434456855.0,257434456855.0,33207589972.0,33207589972.0,2208800000.0,2208800000.0,35416389972.0,222018066883.0,direct_q1,direct_q1,direct_q1,"{""operating_profit"": {""cumulative"": 187259258022.0, ""selection_rule"": ""standard_id"", ""amount_method"": ""q1_thstrm_amount"", ""account_id"": ""dart_OperatingIncomeLoss"", ""account_nm"": ""영업이익"", ""sj_div"": ""CIS""}, ""net_income"": {""cumulative"": 147040329464.0, ""selection_rule"": ""standard_id"", ""amount_method"": ""q1_thstrm_amount"", ""account_id"": ""ifrs_ProfitLoss"", ""account_nm"": ""당기순이익"", ""sj_div"": ""CIS""}, ""equity"": {""cumulative"": 5199221039953.0, ""selection_rule"": ""standard_id"", ""amount_method"": ""instant_thstrm_amount"", ""account_id"": ""ifrs_Equity"", ""account_nm"": ""자본총계"", ""sj_div"": ""BS""}, ""cfo"": {""cumulative"": 257434456855.0, ""selection_rule"": ""standard_id"", ""amount_method"": ""q1_thstrm_amount"", ""account_id"": ""ifrs_CashFlowsFromUsedInOperatingActivities"", ""account_nm"": ""영업활동현금흐름"", ""sj_div"": ""CF""}, ""capex_ppe"": {""cumulative"": 33207589972.0, ""selection_rule"": ""standard_id_sum"", ""row_count"": 1, ""rows"": [{""account_id"": ""ifrs_PurchaseOfPropertyPlantAndEquipmentClassifiedAsInvestingActivities"", ""account_nm"": ""유형자산의 취득"", ""value"": 33207589972.0, ""method"": ""q1_thstrm_amount""}]}, ""capex_intangible"": {""cumulative"": 2208800000.0, ""selection_rule"": ""standard_id_sum"", ""row_count"": 1, ""rows"": [{""account_id"": ""ifrs_PurchaseOfIntangibleAssetsClassifiedAsInvestingActivities"", ""account_nm"": ""무형자산의 취득"", ""value"": 2208800000.0, ""method"": ""q1_thstrm_amount""}]}}",NOT_ASSIGNED_ACCOUNTING_STAGE,annual_reference_2015_2020_accept,True
00102858,고려아연(주),2016,Q2,11012,CFS,CFS,True,True,ok,367423337884.0,180164079862.0,284398860883.0,137358531419.0,5331977325784.0,405087644448.0,147653187593.0,73537438989.0,40329849017.0,2269204600.0,60404600.0,40390253617.0,107262933976.0,cumulative_difference,cumulative_difference,cumulative_difference,"{""operating_profit"": {""cumulative"": 367423337884.0, ""selection_rule"": ""standard_id"", ""amount_method"": ""cumulative_thstrm_add_amount"", ""account_id"": ""dart_OperatingIncomeLoss"", ""account_nm"": ""영업이익"", ""sj_div"": ""CIS""}, ""net_income"": {""cumulative"": 284398860883.0, ""selection_rule"": ""standard_id"", ""amount_method"": ""cumulative_thstrm_add_amount"", ""account_id"": ""ifrs_ProfitLoss"", ""account_nm"": ""당기순이익"", ""sj_div"": ""CIS""}, ""equity"": {""cumulative"": 5331977325784.0, ""selection_rule"": ""standard_id"", ""amount_method"": ""instant_thstrm_amount"", ""account_id"": ""ifrs_Equity"", ""account_nm"": ""자본총계"", ""sj_div"": ""BS""}, ""cfo"": {""cumulative"": 405087644448.0, ""selection_rule"": ""standard_id"", ""amount_method"": ""cumulative_cf_thstrm_amount"", ""account_id"": ""ifrs_CashFlowsFromUsedInOperatingActivities"", ""account_nm"": ""영업활동현금흐름"", ""sj_div"": ""CF""}, ""capex_ppe"": {""cumulative"": 73537438989.0, ""selection_rule"": ""standard_id_sum"", ""row_count"": 1, ""rows"": [{""account_id"": ""ifrs_PurchaseOfPropertyPlantAndEquipmentClassifiedAsInvestingActivities"", ""account_nm"": ""유형자산의 취득"", ""value"": 73537438989.0, ""method"": ""cumulative_cf_thstrm_amount""}]}, ""capex_intangible"": {""cumulative"": 2269204600.0, ""selection_rule"": ""standard_id_sum"", ""row_count"": 1, ""rows"": [{""account_id"": ""ifrs_PurchaseOfIntangibleAssetsClassifiedAsInvestingActivities"", ""account_nm"": ""무형자산의 취득"", ""value"": 2269204600.0, ""method"": ""cumulative_cf_thstrm_amount""}]}}",NOT_ASSIGNED_ACCOUNTING_STAGE,annual_reference_2015_2020_accept,True
00102858,고려아연(주),2016,Q3,11014,CFS,CFS,True,True,ok,528260915007.0,160837577123.0,415036591311.0,130637730428.0,5439998264479.0,528742617518.0,123654973070.0,126394973605.0,52857534616.0,2269204600.0,0.0,52857534616.0,70797438454.0,cumulative_difference,cumulative_difference,cumulative_difference,"{""operating_profit"": {""cumulative"": 528260915007.0, ""selection_rule"": ""standard_id"", ""amount_method"": ""cumulative_thstrm_add_amount"", ""account_id"": ""dart_OperatingIncomeLoss"", ""account_nm"": ""영업이익"", ""sj_div"": ""CIS""}, ""net_income"": {""cumulative"": 415036591311.0, ""selection_rule"": ""standard_id"", ""amount_method"": ""cumulative_thstrm_add_amount"", ""account_id"": ""ifrs_ProfitLoss"", ""account_nm"": ""당기순이익"", ""sj_div"": ""CIS""}, ""equity"": {""cumulative"": 5439998264479.0, ""selection_rule"": ""standard_id"", ""amount_method"": ""instant_thstrm_amount"", ""account_id"": ""ifrs_Equity"", ""account_nm"": ""자본총계"", ""sj_div"": ""BS""}, ""cfo"": {""cumulative"": 528742617518.0, ""selection_rule"": ""standard_id"", ""amount_method"": ""cumulative_cf_thstrm_amount"", ""account_id"": ""ifrs_CashFlowsFromUsedInOperatingActivities"", ""account_nm"": ""영업활동현금흐름"", ""sj_div"": ""CF""}, ""capex_ppe"": {""cumulative"": 126394973605.0, ""selection_rule"": ""standard_id_sum"", ""row_count"": 1, ""rows"": [{""account_id"": ""ifrs_PurchaseOfPropertyPlantAndEquipmentClassifiedAsInvestingActivities"", ""account_nm"": ""유형자산의 취득"", ""value"": 126394973605.0, ""method"": ""cumulative_cf_thstrm_amount""}]}, ""capex_intangible"": {""cumulative"": 2269204600.0, ""selection_rule"": ""standard_id_sum"", ""row_count"": 1, ""rows"": [{""account_id"": ""ifrs_PurchaseOfIntangibleAssetsClassifiedAsInvestingActivities"", ""account_nm"": ""무형자산의 취득"", ""value"": 2269204600.0, ""method"": ""cumulative_cf_thstrm_amount""}]}}",NOT_ASSIGNED_ACCOUNTING_STAGE,annual_reference_2015_2020_accept,True
00102858,고려아연(주),2016,Q4,11011,CFS,CFS,True,True,ok,764684587877.0,236423672870.0,594584342454.0,179547751143.0,5662704694368.0,680703744719.0,151961127201.0,184494473611.0,58099500006.0,2269204600.0,0.0,58099500006.0,93861627195.0,cumulative_difference,cumulative_difference,cumulative_difference,"{""operating_profit"": {""cumulative"": 764684587877.0, ""selection_rule"": ""standard_id"", ""amount_method"": ""fy_thstrm_amount"", ""account_id"": ""dart_OperatingIncomeLoss"", ""account_nm"": ""영업이익"", ""sj_div"": ""CIS""}, ""net_income"": {""cumulative"": 594584342454.0, ""selection_rule"": ""standard_id"", ""amount_method"": ""fy_thstrm_amount"", ""account_id"": ""ifrs_ProfitLoss"", ""account_nm"": ""당기순이익"", ""sj_div"": ""CIS""}, ""equity"": {""cumulative"": 5662704694368.0, ""selection_rule"": ""standard_id"", ""amount_method"": ""instant_thstrm_amount"", ""account_id"": ""ifrs_Equity"", ""account_nm"": ""자본총계"", ""sj_div"": ""BS""}, ""cfo"": {""cumulative"": 680703744719.0, ""selection_rule"": ""standard_id"", ""amount_method"": ""fy_thstrm_amount"", ""account_id"": ""ifrs_CashFlowsFromUsedInOperatingActivities"", ""account_nm"": ""영업활동현금흐름"", ""sj_div"": ""CF""}, ""capex_ppe"": {""cumulative"": 184494473611.0, ""selection_rule"": ""standard_id_sum"", ""row_count"": 1, ""rows"": [{""account_id"": ""ifrs_PurchaseOfPropertyPlantAndEquipmentClassifiedAsInvestingActivities"", ""account_nm"": ""유형자산의 취득"", ""value"": 184494473611.0, ""method"": ""fy_thstrm_amount""}]}, ""capex_intangible"": {""cumulative"": 2269204600.0, ""selection_rule"": ""standard_id_sum"", ""row_count"": 1, ""rows"": [{""account_id"": ""ifrs_PurchaseOfIntangibleAssetsClassifiedAsInvestingActivities"", ""account_nm"": ""무형자산의 취득"", ""value"": 2269204600.0, ""method"": ""fy_thstrm_amount""}]}}",NOT_ASSIGNED_ACCOUNTING_STAGE,annual_reference_2015_2020_accept,True
00103006,고려제강,2016,Q1,11013,CFS,CFS,True,True,ok,9181373558.0,9181373558.0,7503481353.0,7503481353.0,1493111384711.0,17010075825.0,17010075825.0,44524148812.0,44524148812.0,439324781.0,439324781.0,44963473593.0,-27953397768.0,direct_q1,direct_q1,direct_q1,"{""operating_profit"": {""cumulative"": 9181373558.0, ""selection_rule"": ""standard_id"", ""amount_method"": ""q1_thstrm_amount"", ""account_id"": ""dart_OperatingIncomeLoss"", ""account_nm"": ""영업이익(손실)"", ""sj_div"": ""CIS""}, ""net_income"": {""cumulative"": 7503481353.0, ""selection_rule"": ""standard_id"", ""amount_method"": ""q1_thstrm_amount"", ""account_id"": ""ifrs_ProfitLoss"", ""account_nm"": ""당기순이익"", ""sj_div"": ""CIS""}, ""equity"": {""cumulative"": 1493111384711.0, ""selection_rule"": ""standard_id"", ""amount_method"": ""instant_thstrm_amount"", ""account_id"": ""ifrs_Equity"", ""account_nm"": ""자본총계"", ""sj_div"": ""BS""}, ""cfo"": {""cumulative"": 17010075825.0, ""selection_rule"": ""standard_id"", ""amount_method"": ""q1_thstrm_amount"", ""account_id"": ""ifrs_CashFlowsFromUsedInOperatingActivities"", ""account_nm"": ""영업활동현금흐름"", ""sj_div"": ""CF""}, ""capex_ppe"": {""cumulative"": 44524148812.0, ""selection_rule"": ""exact_label_sum"", ""row_count"": 1, ""rows"": [{""account_id"": ""-표준계정코드 미사용-"", ""account_nm"": ""유형자산의 취득"", ""value"": 44524148812.0, ""method"": ""q1_thstrm_amount""}]}, ""capex_intangible"": {""cumulative"": 439324781.0, ""selection_rule"": ""exact_label_sum"", ""row_count"": 1, ""rows"": [{""account_id"": ""-표준계정코드 미사용-"", ""account_nm"": ""무형자산의 취득"", ""value"": 439324781.0, ""method"": ""q1_thstrm_amount""}]}}",NOT_ASSIGNED_ACCOUNTING_STAGE,annual_reference_2015_2020_accept,True
00103006,고려제강,2016,Q2,11012,CFS,CFS,True,True,ok,19982931628.0,10801558070.0,14885110652.0,7381629299.0,1493184809764.0,87633920996.0,70623845171.0,87246613803.0,42722464991.0,7271463727.0,6832138946.0,49554603937.0,21069241234.0,cumulative_difference,cumulative_difference,cumulative_difference,"{""operating_profit"": {""cumulative"": 19982931628.0, ""selection_rule"": ""standard_id"", ""amount_method"": ""cumulative_thstrm_add_amount"", ""account_id"": ""dart_OperatingIncomeLoss"", ""account_nm"": ""영업이익(손실)"", ""sj_div"": ""CIS""}, ""net_income"": {""cumulative"": 14885110652.0, ""selection_rule"": ""standard_id"", ""amount_method"": ""cumulative_thstrm_add_amount"", ""account_id"": ""ifrs_ProfitLoss"", ""account_nm"": ""당기순이익"", ""sj_div"": ""CIS""}, ""equity"": {""cumulative"": 1493184809764.0, ""selection_rule"": ""standard_id"", ""amount_method"": ""instant_thstrm_amount"", ""account_id"": ""ifrs_Equity"", ""account_nm"": ""자본총계"", ""sj_div"": ""BS""}, ""cfo"": {""cumulative"": 87633920996.0, ""selection_rule"": ""standard_id"", ""amount_method"": ""cumulative_cf_thstrm_amount"", ""account_id"": ""ifrs_CashFlowsFromUsedInOperatingActivities"", ""account_nm"": ""영업활동현금흐름"", ""sj_div"": ""CF""}, ""capex_ppe"": {""cumulative"": 87246613803.0, ""selection_rule"": ""exact_label_sum"", ""row_count"": 1, ""rows"": [{""account_id"": ""-표준계정코드 미사용-"", ""account_nm"": ""유형자산의 취득"", ""value"": 87246613803.0, ""method"": ""cumulative_cf_thstrm_amount""}]}, ""capex_intangible"": {""cumulative"": 7271463727.0, ""selection_rule"": ""exact_label_sum"", ""row_count"": 1, ""rows"": [{""account_id"": ""-표준계정코드 미사용-"", ""account_nm"": ""무형자산의 취득"", ""value"": 7271463727.0, ""method"": ""cumulative_cf_thstrm_amount""}]}}",NOT_ASSIGNED_ACCOUNTING_STAGE,annual_reference_2015_2020_accept,True
00103006,고려제강,2016,Q3,11014,CFS,CFS,True,True,ok,31743168752.0,11760237124.0,30580668980.0,15695558328.0,1464485960655.0,109917323622.0,22283402626.0,127641839804.0,40395226001.0,7850810984.0,579347257.0,40974573258.0,-18691170632.0,cumulative_difference,cumulative_difference,cumulative_difference,"{""operating_profit"": {""cumulative"": 31743168752.0, ""selection_rule"": ""standard_id"", ""amount_method"": ""cumulative_thstrm_add_amount"", ""account_id"": ""dart_OperatingIncomeLoss"", ""account_nm"": ""영업이익(손실)"", ""sj_div"": ""CIS""}, ""net_income"": {""cumulative"": 30580668980.0, ""selection_rule"": ""standard_id"", ""amount_method"": ""cumulative_thstrm_add_amount"", ""account_id"": ""ifrs_ProfitLoss"", ""account_nm"": ""분기순이익"", ""sj_div"": ""CIS""}, ""equity"": {""cumulative"": 1464485960655.0, ""selection_rule"": ""standard_id"", ""amount_method"": ""instant_thstrm_amount"", ""account_id"": ""ifrs_Equity"", ""account_nm"": ""자본총계"", ""sj_div"": ""BS""}, ""cfo"": {""cumulative"": 109917323622.0, ""selection_rule"": ""standard_id"", ""amount_method"": ""cumulative_cf_thstrm_amount"", ""account_id"": ""ifrs_CashFlowsFromUsedInOperatingActivities"", ""account_nm"": ""영업활동현금흐름"", ""sj_div"": ""CF""}, ""capex_ppe"": {""cumulative"": 127641839804.0, ""selection_rule"": ""exact_label_sum"", ""row_count"": 1, ""rows"": [{""account_id"": ""-표준계정코드 미사용-"", ""account_nm"": ""유형자산의 취득"", ""value"": 127641839804.0, ""method"": ""cumulative_cf_thstrm_amount""}]}, ""capex_intangible"": {""cumulative"": 7850810984.0, ""selection_rule"": ""exact_label_sum"", ""row_count"": 1, ""rows"": [{""account_id"": ""-표준계정코드 미사용-"", ""account_nm"": ""무형자산의 취득"", ""value"": 7850810984.0, ""method"": ""cumulative_cf_thstrm_amount""}]}}",NOT_ASSIGNED_ACCOUNTING_STAGE,annual_reference_2015_2020_accept,True
00103006,고려제강,2016,Q4,11011,CFS,CFS,True,True,ok,37017586322.0,5274417570.0,40289726891.0,9709057911.0,1482333327488.0,116475436037.0,6558112415.0,157587021797.0,29945181993.0,7836655301.0,,,,cumulative_difference,cumulative_difference,cumulative_difference,"{""operating_profit"": {""cumulative"": 37017586322.0, ""selection_rule"": ""standard_id"", ""amount_method"": ""fy_thstrm_amount"", ""account_id"": ""dart_OperatingIncomeLoss"", ""account_nm"": ""영업이익(손실)"", ""sj_div"": ""CIS""}, ""net_income"": {""cumulative"": 40289726891.0, ""selection_rule"": ""standard_id"", ""amount_method"": ""fy_thstrm_amount"", ""account_id"": ""ifrs_ProfitLoss"", ""account_nm"": ""당기순이익(손실)"", ""sj_div"": ""CIS""}, ""equity"": {""cumulative"": 1482333327488.0, ""selection_rule"": ""standard_id"", ""amount_method"": ""instant_thstrm_amount"", ""account_id"": ""ifrs_Equity"", ""account_nm"": ""자본총계"", ""sj_div"": ""BS""}, ""cfo"": {""cumulative"": 116475436037.0, ""selection_rule"": ""standard_id"", ""amount_method"": ""fy_thstrm_amount"", ""account_id"": ""ifrs_CashFlowsFromUsedInOperatingActivities"", ""account_nm"": ""영업활동현금흐름"", ""sj_div"": ""CF""}, ""capex_ppe"": {""cumulative"": 157587021797.0, ""selection_rule"": ""exact_label_sum"", ""row_count"": 1, ""rows"": [{""account_id"": ""-표준계정코드 미사용-"", ""account_nm"": ""유형자산의 취득"", ""value"": 157587021797.0, ""method"": ""fy_thstrm_amount""}]}, ""capex_intangible"": {""cumulative"": 7836655301.0, ""selection_rule"": ""exact_label_sum"", ""row_count"": 1, ""rows"": [{""account_id"": ""-표준계정코드 미사용-"", ""account_nm"": ""무형자산의 취득"", ""value"": 7836655301.0, ""method"": ""fy_thstrm_amount""}]}}",NOT_ASSIGNED_ACCOUNTING_STAGE,annual_reference_2015_2020_accept,True
00103042,(주)케이씨티시,2016,Q1,11013,CFS,CFS,True,True,ok,3179633533.0,3179633533.0,2649085652.0,2649085652.0,173670579625.0,-787023620.0,-787023620.0,2089284740.0,2089284740.0,47054310.0,47054310.0,2136339050.0,-2923362670.0,direct_q1,direct_q1,direct_q1,"{""operating_profit"": {""cumulative"": 3179633533.0, ""selection_rule"": ""standard_id"", ""amount_method"": ""q1_thstrm_amount"", ""account_id"": ""dart_OperatingIncomeLoss"", ""account_nm"": ""영업이익(손실)"", ""sj_div"": ""CIS""}, ""net_income"": {""cumulative"": 2649085652.0, ""selection_rule"": ""standard_id"", ""amount_method"": ""q1_thstrm_amount"", ""account_id"": ""ifrs_ProfitLoss"", ""account_nm"": ""당기순이익(손실)"", ""sj_div"": ""CIS""}, ""equity"": {""cumulative"": 173670579625.0, ""selection_rule"": ""standard_id"", ""amount_method"": ""instant_thstrm_amount"", ""account_id"": ""ifrs_Equity"", ""account_nm"": ""자본총계"", ""sj_div"": ""BS""}, ""cfo"": {""cumulative"": -787023620.0, ""selection_rule"": ""standard_id"", ""amount_method"": ""q1_thstrm_amount"", ""account_id"": ""ifrs_CashFlowsFromUsedInOperatingActivities"", ""account_nm"": ""영업활동현금흐름"", ""sj_div"": ""CF""}, ""capex_ppe"": {""cumulative"": 2089284740.0, ""selection_rule"": ""standard_id_sum"", ""row_count"": 1, ""rows"": [{""account_id"": ""ifrs_PurchaseOfPropertyPlantAndEquipmentClassifiedAsInvestingActivities"", ""account_nm"": ""유형자산의 취득"", ""value"": 2089284740.0, ""method"": ""q1_thstrm_amount""}]}, ""capex_intangible"": {""cumulative"": 47054310.0, ""selection_rule"": ""standard_id_sum"", ""row_count"": 1, ""rows"": [{""account_id"": ""ifrs_PurchaseOfIntangibleAssetsClassifiedAsInvestingActivities"", ""account_nm"": ""무형자산의 취득"", ""value"": 47054310.0, ""method"": ""q1_thstrm_amount""}]}}",NOT_ASSIGNED_ACCOUNTING_STAGE,annual_reference_2015_2020_accept,True
00103042,(주)케이씨티시,2016,Q2,11012,CFS,CFS,True,True,ok,8567175177.0,5387541644.0,6758976762.0,4109891110.0,177631196000.0,7152634735.0,7939658355.0,4953539663.0,2864254923.0,47394310.0,340000.0,2864594923.0,5075063432.0,cumulative_difference,cumulative_difference,cumulative_difference,"{""operating_profit"": {""cumulative"": 8567175177.0, ""selection_rule"": ""standard_id"", ""amount_method"": ""cumulative_thstrm_add_amount"", ""account_id"": ""dart_OperatingIncomeLoss"", ""account_nm"": ""영업이익(손실)"", ""sj_div"": ""CIS""}, ""net_income"": {""cumulative"": 6758976762.0, ""selection_rule"": ""standard_id"", ""amount_method"": ""cumulative_thstrm_add_amount"", ""account_id"": ""ifrs_ProfitLoss"", ""account_nm"": ""당기순이익(손실)"", ""sj_div"": ""CIS""}, ""equity"": {""cumulative"": 177631196000.0, ""selection_rule"": ""standard_id"", ""amount_method"": ""instant_thstrm_amount"", ""account_id"": ""ifrs_Equity"", ""account_nm"": ""자본총계"", ""sj_div"": ""BS""}, ""cfo"": {""cumulative"": 7152634735.0, ""selection_rule"": ""standard_id"", ""amount_method"": ""cumulative_cf_thstrm_amount"", ""account_id"": ""ifrs_CashFlowsFromUsedInOperatingActivities"", ""account_nm"": ""영업활동현금흐름"", ""sj_div"": ""CF""}, ""capex_ppe"": {""cumulative"": 4953539663.0, ""selection_rule"": ""standard_id_sum"", ""row_count"": 1, ""rows"": [{""account_id"": ""ifrs_PurchaseOfPropertyPlantAndEquipmentClassifiedAsInvestingActivities"", ""account_nm"": ""유형자산의 취득"", ""value"": 4953539663.0, ""method"": ""cumulative_cf_thstrm_amount""}]}, ""capex_intangible"": {""cumulative"": 47394310.0, ""selection_rule"": ""standard_id_sum"", ""row_count"": 1, ""rows"": [{""account_id"": ""ifrs_PurchaseOfIntangibleAssetsClassifiedAsInvestingActivities"", ""account_nm"": ""무형자산의 취득"", ""value"": 47394310.0, ""method"": ""cumulative_cf_thstrm_amount""}]}}",NOT_ASSIGNED_ACCOUNTING_STAGE,annual_reference_2015_2020_accept,True
00103042,(주)케이씨티시,2016,Q3,11014,CFS,CFS,True,True,ok,11292527013.0,2725351836.0,6545694852.0,-213281910.0,177153955030.0,15631332865.0,8478698130.0,5110504206.0,156964543.0,47394310.0,0.0,156964543.0,8321733587.0,cumulative_difference,cumulative_difference,cumulative_difference,"{""operating_profit"": {""cumulative"": 11292527013.0, ""selection_rule"": ""standard_id"", ""amount_method"": ""cumulative_thstrm_add_amount"", ""account_id"": ""dart_OperatingIncomeLoss"", ""account_nm"": ""영업이익(손실)"", ""sj_div"": ""CIS""}, ""net_income"": {""cumulative"": 6545694852.0, ""selection_rule"": ""standard_id"", ""amount_method"": ""cumulative_thstrm_add_amount"", ""account_id"": ""ifrs_ProfitLoss"", ""account_nm"": ""당기순이익(손실)"", ""sj_div"": ""CIS""}, ""equity"": {""cumulative"": 177153955030.0, ""selection_rule"": ""standard_id"", ""amount_method"": ""instant_thstrm_amount"", ""account_id"": ""ifrs_Equity"", ""account_nm"": ""자본총계"", ""sj_div"": ""BS""}, ""cfo"": {""cumulative"": 15631332865.0, ""selection_rule"": ""standard_id"", ""amount_method"": ""cumulative_cf_thstrm_amount"", ""account_id"": ""ifrs_CashFlowsFromUsedInOperatingActivities"", ""account_nm"": ""영업활동현금흐름"", ""sj_div"": ""CF""}, ""capex_ppe"": {""cumulative"": 5110504206.0, ""selection_rule"": ""standard_id_sum"", ""row_count"": 1, ""rows"": [{""account_id"": ""ifrs_PurchaseOfPropertyPlantAndEquipmentClassifiedAsInvestingActivities"", ""account_nm"": ""유형자산의 취득"", ""value"": 5110504206.0, ""method"": ""cumulative_cf_thstrm_amount""}]}, ""capex_intangible"": {""cumulative"": 47394310.0, ""selection_rule"": ""standard_id_sum"", ""row_count"": 1, ""rows"": [{""account_id"": ""ifrs_PurchaseOfIntangibleAssetsClassifiedAsInvestingActivities"", ""account_nm"": ""무형자산의 취득"", ""value"": 47394310.0, ""method"": ""cumulative_cf_thstrm_amount""}]}}",NOT_ASSIGNED_ACCOUNTING_STAGE,annual_reference_2015_2020_accept,True
00103042,(주)케이씨티시,2016,Q4,11011,CFS,CFS,True,True,ok,13666569628.0,2374042615.0,8228580660.0,1682885808.0,178530327247.0,15772736366.0,141403501.0,6661932880.0,1551428674.0,217551300.0,170156990.0,1721585664.0,-1580182163.0,cumulative_difference,cumulative_difference,cumulative_difference,"{""operating_profit"": {""cumulative"": 13666569628.0, ""selection_rule"": ""standard_id"", ""amount_method"": ""fy_thstrm_amount"", ""account_id"": ""dart_OperatingIncomeLoss"", ""account_nm"": ""영업이익(손실)"", ""sj_div"": ""CIS""}, ""net_income"": {""cumulative"": 8228580660.0, ""selection_rule"": ""standard_id"", ""amount_method"": ""fy_thstrm_amount"", ""account_id"": ""ifrs_ProfitLoss"", ""account_nm"": ""당기순이익(손실)"", ""sj_div"": ""CIS""}, ""equity"": {""cumulative"": 178530327247.0, ""selection_rule"": ""standard_id"", ""amount_method"": ""instant_thstrm_amount"", ""account_id"": ""ifrs_Equity"", ""account_nm"": ""자본총계"", ""sj_div"": ""BS""}, ""cfo"": {""cumulative"": 15772736366.0, ""selection_rule"": ""standard_id"", ""amount_method"": ""fy_thstrm_amount"", ""account_id"": ""ifrs_CashFlowsFromUsedInOperatingActivities"", ""account_nm"": ""영업활동현금흐름"", ""sj_div"": ""CF""}, ""capex_ppe"": {""cumulative"": 6661932880.0, ""selection_rule"": ""standard_id_sum"", ""row_count"": 1, ""rows"": [{""account_id"": ""ifrs_PurchaseOfPropertyPlantAndEquipmentClassifiedAsInvestingActivities"", ""account_nm"": ""유형자산의 취득"", ""value"": 6661932880.0, ""method"": ""fy_thstrm_amount""}]}, ""capex_intangible"": {""cumulative"": 217551300.0, ""selection_rule"": ""standard_id_sum"", ""row_count"": 1, ""rows"": [{""account_id"": ""ifrs_PurchaseOfIntangibleAssetsClassifiedAsInvestingActivities"", ""account_nm"": ""무형자산의 취득"", ""value"": 217551300.0, ""method"": ""fy_thstrm_amount""}]}}",NOT_ASSIGNED_ACCOUNTING_STAGE,annual_reference_2015_2020_accept,True
00103510,인지컨트롤스(주),2016,Q1,11013,CFS,CFS,True,True,ok,5923875232.0,5923875232.0,4844177369.0,4844177369.0,204026139056.0,,,5263602802.0,5263602802.0,,,,,direct_q1,direct_q1,missing,"{""operating_profit"": {""cumulative"": 5923875232.0, ""selection_rule"": ""standard_id"", ""amount_method"": ""q1_thstrm_amount"", ""account_id"": ""dart_OperatingIncomeLoss"", ""account_nm"": ""영업이익"", ""sj_div"": ""CIS""}, ""net_income"": {""cumulative"": 4844177369.0, ""selection_rule"": ""standard_id"", ""amount_method"": ""q1_thstrm_amount"", ""account_id"": ""ifrs_ProfitLoss"", ""account_nm"": ""당기순이익(손실)"", ""sj_div"": ""CIS""}, ""equity"": {""cumulative"": 204026139056.0, ""selection_rule"": ""standard_id"", ""amount_method"": ""instant_thstrm_amount"", ""account_id"": ""ifrs_Equity"", ""account_nm"": ""자본총계"", ""sj_div"": ""BS""}, ""cfo"": {""cumulative"": null, ""selection_rule"": ""missing"", ""amount_method"": ""missing"", ""account_id"": null, ""account_nm"": null, ""sj_div"": null}, ""capex_ppe"": {""cumulative"": 5263602802.0, ""selection_rule"": ""standard_id_sum"", ""row_count"": 1, ""rows"": [{""account_id"": ""ifrs_PurchaseOfPropertyPlantAndEquipmentClassifiedAsInvestingActivities"", ""account_nm"": ""유형자산의 취득"", ""value"": 5263602802.0, ""method"": ""q1_thstrm_amount""}]}, ""capex_intangible"": {""cumulative"": null, ""selection_rule"": ""standard_id_sum"", ""row_count"": 1, ""rows"": [{""account_id"": ""ifrs_PurchaseOfIntangibleAssetsClassifiedAsInvestingActivities"", ""account_nm"": ""무형자산의 취득"", ""value"": null, ""method"": ""missing""}]}}",NOT_ASSIGNED_ACCOUNTING_STAGE,annual_reference_2015_2020_accept,True
00103510,인지컨트롤스(주),2016,Q2,11012,CFS,CFS,True,True,ok,11723664664.0,5799789432.0,6571733592.0,1727556223.0,204228075710.0,,,13725683923.0,8462081121.0,306834833.0,,,,cumulative_difference,cumulative_difference,missing_predecessor_or_basis_change,"{""operating_profit"": {""cumulative"": 11723664664.0, ""selection_rule"": ""standard_id"", ""amount_method"": ""cumulative_thstrm_add_amount"", ""account_id"": ""dart_OperatingIncomeLoss"", ""account_nm"": ""영업이익"", ""sj_div"": ""CIS""}, ""net_income"": {""cumulative"": 6571733592.0, ""selection_rule"": ""standard_id"", ""amount_method"": ""cumulative_thstrm_add_amount"", ""account_id"": ""ifrs_ProfitLoss"", ""account_nm"": ""당기순이익(손실)"", ""sj_div"": ""CIS""}, ""equity"": {""cumulative"": 204228075710.0, ""selection_rule"": ""standard_id"", ""amount_method"": ""instant_thstrm_amount"", ""account_id"": ""ifrs_Equity"", ""account_nm"": ""자본총계"", ""sj_div"": ""BS""}, ""cfo"": {""cumulative"": null, ""selection_rule"": ""missing"", ""amount_method"": ""missing"", ""account_id"": null, ""account_nm"": null, ""sj_div"": null}, ""capex_ppe"": {""cumulative"": 13725683923.0, ""selection_rule"": ""standard_id_sum"", ""row_count"": 1, ""rows"": [{""account_id"": ""ifrs_PurchaseOfPropertyPlantAndEquipmentClassifiedAsInvestingActivities"", ""account_nm"": ""유형자산의 취득"", ""value"": 13725683923.0, ""method"": ""cumulative_cf_thstrm_amount""}]}, ""capex_intangible"": {""cumulative"": 306834833.0, ""selection_rule"": ""standard_id_sum"", ""row_count"": 1, ""rows"": [{""account_id"": ""ifrs_PurchaseOfIntangibleAssetsClassifiedAsInvestingActivities"", ""account_nm"": ""무형자산의 취득"", ""value"": 306834833.0, ""method"": ""cumulative_cf_thstrm_amount""}]}}",NOT_ASSIGNED_ACCOUNTING_STAGE,annual_reference_2015_2020_accept,True
00103510,인지컨트롤스(주),2016,Q3,11014,CFS,CFS,True,True,ok,15876832231.0,4153167567.0,8004445225.0,1432711633.0,201277900769.0,,,15848343087.0,2122659164.0,317726438.0,10891605.0,2133550769.0,,cumulative_difference,cumulative_difference,missing_predecessor_or_basis_change,"{""operating_profit"": {""cumulative"": 15876832231.0, ""selection_rule"": ""standard_id"", ""amount_method"": ""cumulative_thstrm_add_amount"", ""account_id"": ""dart_OperatingIncomeLoss"", ""account_nm"": ""영업이익"", ""sj_div"": ""CIS""}, ""net_income"": {""cumulative"": 8004445225.0, ""selection_rule"": ""standard_id"", ""amount_method"": ""cumulative_thstrm_add_amount"", ""account_id"": ""ifrs_ProfitLoss"", ""account_nm"": ""당기순이익(손실)"", ""sj_div"": ""CIS""}, ""equity"": {""cumulative"": 201277900769.0, ""selection_rule"": ""standard_id"", ""amount_method"": ""instant_thstrm_amount"", ""account_id"": ""ifrs_Equity"", ""account_nm"": ""자본총계"", ""sj_div"": ""BS""}, ""cfo"": {""cumulative"": null, ""selection_rule"": ""missing"", ""amount_method"": ""missing"", ""account_id"": null, ""account_nm"": null, ""sj_div"": null}, ""capex_ppe"": {""cumulative"": 15848343087.0, ""selection_rule"": ""standard_id_sum"", ""row_count"": 1, ""rows"": [{""account_id"": ""ifrs_PurchaseOfPropertyPlantAndEquipmentClassifiedAsInvestingActivities"", ""account_nm"": ""유형자산의 취득"", ""value"": 15848343087.0, ""method"": ""cumulative_cf_thstrm_amount""}]}, ""capex_intangible"": {""cumulative"": 317726438.0, ""selection_rule"": ""standard_id_sum"", ""row_count"": 1, ""rows"": [{""account_id"": ""ifrs_PurchaseOfIntangibleAssetsClassifiedAsInvestingActivities"", ""account_nm"": ""무형자산의 취득"", ""value"": 317726438.0, ""method"": ""cumulative_cf_thstrm_amount""}]}}",NOT_ASSIGNED_ACCOUNTING_STAGE,annual_reference_2015_2020_accept,True
00103510,인지컨트롤스(주),2016,Q4,11011,CFS,CFS,True,True,ok,18370072802.0,2493240571.0,11542486160.0,3538040935.0,207802871609.0,,,21413249293.0,5564906206.0,471573408.0,153846970.0,5718753176.0,,cumulative_difference,cumulative_difference,missing_predecessor_or_basis_change,"{""operating_profit"": {""cumulative"": 18370072802.0, ""selection_rule"": ""standard_id"", ""amount_method"": ""fy_thstrm_amount"", ""account_id"": ""dart_OperatingIncomeLoss"", ""account_nm"": ""영업이익"", ""sj_div"": ""CIS""}, ""net_income"": {""cumulative"": 11542486160.0, ""selection_rule"": ""standard_id"", ""amount_method"": ""fy_thstrm_amount"", ""account_id"": ""ifrs_ProfitLoss"", ""account_nm"": ""당기순이익(손실)"", ""sj_div"": ""CIS""}, ""equity"": {""cumulative"": 207802871609.0, ""selection_rule"": ""standard_id"", ""amount_method"": ""instant_thstrm_amount"", ""account_id"": ""ifrs_Equity"", ""account_nm"": ""자본총계"", ""sj_div"": ""BS""}, ""cfo"": {""cumulative"": null, ""selection_rule"": ""missing"", ""amount_method"": ""missing"", ""account_id"": null, ""account_nm"": null, ""sj_div"": null}, ""capex_ppe"": {""cumulative"": 21413249293.0, ""selection_rule"": ""standard_id_sum"", ""row_count"": 1, ""rows"": [{""account_id"": ""ifrs_PurchaseOfPropertyPlantAndEquipmentClassifiedAsInvestingActivities"", ""account_nm"": ""유형자산의 취득"", ""value"": 21413249293.0, ""method"": ""fy_thstrm_amount""}]}, ""capex_intangible"": {""cumulative"": 471573408.0, ""selection_rule"": ""standard_id_sum"", ""row_count"": 1, ""rows"": [{""account_id"": ""ifrs_PurchaseOfIntangibleAssetsClassifiedAsInvestingActivities"", ""account_nm"": ""무형자산의 취득"", ""value"": 471573408.0, ""method"": ""fy_thstrm_amount""}]}}",NOT_ASSIGNED_ACCOUNTING_STAGE,annual_reference_2015_2020_accept,True
