corp_code,fiscal_year,company_name,basis,filing_date,receipt_no,period_to,stock_code,corp_cls,first_period,seed_source
00100601,2020,강원에너지,,20200515,20200515001969,,114190,K,Q1,historical_dart_periodic_filing_universe
00100939,2020,강남제비스코,,20200515,20200515001027,,000860,Y,Q1,historical_dart_periodic_filing_universe
00101044,2020,에이프로젠바이오로직스,,20200514,20200514000444,,003060,Y,Q1,historical_dart_periodic_filing_universe
00101220,2020,KG케미칼,,20200515,20200515002601,,001390,Y,Q1,historical_dart_periodic_filing_universe
00101433,2020,경농,,20200515,20200515000620,,002100,Y,Q1,historical_dart_periodic_filing_universe
00101488,2020,경동나비엔,,20200514,20200514000620,,009450,Y,Q1,historical_dart_periodic_filing_universe
00101549,2020,경동제약,,20200515,20200515001122,,011040,K,Q1,historical_dart_periodic_filing_universe
00101628,2020,경방,,20200515,20200515000363,,000050,Y,Q1,historical_dart_periodic_filing_universe
00101664,2020,경보제약,,20200515,20200515000596,,214390,Y,Q1,historical_dart_periodic_filing_universe
00101752,2020,케이씨피드,,20200514,20200514000991,,025880,K,Q1,historical_dart_periodic_filing_universe
00102113,2020,경인양행,,20200515,20200515000489,,012610,Y,Q1,historical_dart_periodic_filing_universe
00102140,2020,경인전자,,20200514,20200514000757,,009140,Y,Q1,historical_dart_periodic_filing_universe
00102353,2020,경창산업,,20200515,20200515002270,,024910,K,Q1,historical_dart_periodic_filing_universe
00102432,2020,계룡건설산업,,20200515,20200515002530,,013580,Y,Q1,historical_dart_periodic_filing_universe
00102618,2020,계양전기,,20200515,20200515001589,,012200,Y,Q1,historical_dart_periodic_filing_universe
00102751,2020,고려산업,,20200515,20200515000934,,002140,Y,Q1,historical_dart_periodic_filing_universe
00102858,2020,고려아연,,20200515,20200515001588,,010130,Y,Q1,historical_dart_periodic_filing_universe
00103006,2020,고려제강,,20200602,20200602000326,,002240,Y,Q1,historical_dart_periodic_filing_universe
00103015,2020,고려제약,,20200515,20200515000086,,014570,K,Q1,historical_dart_periodic_filing_universe
00103042,2020,케이씨티시,,20200515,20200515000061,,009070,Y,Q1,historical_dart_periodic_filing_universe
00103130,2020,MDS스피어,,20200515,20200515002492,,009810,Y,Q1,historical_dart_periodic_filing_universe
00103176,2020,흥국화재,,20200515,20200515002208,,000540,Y,Q1,historical_dart_periodic_filing_universe
00103510,2020,인지컨트롤스,,20200515,20200515000053,,023800,Y,Q1,historical_dart_periodic_filing_universe
00103547,2020,우진비앤지,,20200514,20200514001029,,018620,K,Q1,historical_dart_periodic_filing_universe
00103592,2020,광동제약,,20200515,20200515002332,,009290,Y,Q1,historical_dart_periodic_filing_universe
00103644,2020,비츠로테크,,20200515,20200515002610,,042370,K,Q1,historical_dart_periodic_filing_universe
00103662,2020,광명전기,,20200515,20200515001507,,017040,Y,Q1,historical_dart_periodic_filing_universe
00104120,2020,광진실업,,20200514,20200514000811,,026910,K,Q1,historical_dart_periodic_filing_universe
00104388,2020,국도화학,,20200514,20200514000380,,007690,Y,Q1,historical_dart_periodic_filing_universe
00104537,2020,국영지앤엠,,20200515,20200515001168,,006050,K,Q1,historical_dart_periodic_filing_universe
00104573,2020,국일제지,,20200514,20200514000322,,078130,K,Q1,historical_dart_periodic_filing_universe
00104698,2020,LS네트웍스,,20200515,20200515002223,,000680,Y,Q1,historical_dart_periodic_filing_universe
00104722,2020,국제약품,,20200514,20200514000374,,002720,Y,Q1,historical_dart_periodic_filing_universe
00104768,2020,가온전선,,20200515,20200515001437,,000500,Y,Q1,historical_dart_periodic_filing_universe
00104786,2020,미래아이앤지,,20200515,20200515002745,,007120,Y,Q1,historical_dart_periodic_filing_universe
00104810,2020,소노스퀘어,,20200515,20200515001617,,007720,K,Q1,historical_dart_periodic_filing_universe
00104856,2020,삼성증권,,20200515,20200515001795,,016360,Y,Q1,historical_dart_periodic_filing_universe
00104999,2020,윌비스,,20200515,20200515000877,,008600,Y,Q1,historical_dart_periodic_filing_universe
00105040,2020,뉴인텍,,20200514,20200514000038,,012340,K,Q1,historical_dart_periodic_filing_universe
00105101,2020,INVENI,,20200515,20200515002805,,015360,Y,Q1,historical_dart_periodic_filing_universe
00105138,2020,파라텍,,20200515,20200515000431,,033540,K,Q1,historical_dart_periodic_filing_universe
00105156,2020,극동유화,,20200515,20200515000259,,014530,Y,Q1,historical_dart_periodic_filing_universe
00105271,2020,케이씨씨,,20200515,20200515001603,,002380,Y,Q1,historical_dart_periodic_filing_universe
00105280,2020,현대지에프홀딩스,,20200515,20200515001699,,005440,Y,Q1,historical_dart_periodic_filing_universe
00105299,2020,금강공업,,20200515,20200515001791,,014280,Y,Q1,historical_dart_periodic_filing_universe
00105466,2020,KCC건설,,20200515,20200515001819,,021320,K,Q1,historical_dart_periodic_filing_universe
00105475,2020,금강철강,,20200515,20200515001149,,053260,K,Q1,historical_dart_periodic_filing_universe
00105606,2020,금호에이치티,,20200515,20200515002139,,214330,Y,Q1,historical_dart_periodic_filing_universe
00105855,2020,엘에스일렉트릭,,20200515,20200515002361,,010120,Y,Q1,historical_dart_periodic_filing_universe
00105873,2020,LG디스플레이,,20200515,20200515002196,,034220,Y,Q1,historical_dart_periodic_filing_universe
00105952,2020,LS,,20200515,20200515002084,,006260,Y,Q1,historical_dart_periodic_filing_universe
00105961,2020,LG이노텍,,20200515,20200515001459,,011070,Y,Q1,historical_dart_periodic_filing_universe
00106119,2020,금양,,20200515,20200515000676,,001570,Y,Q1,historical_dart_periodic_filing_universe
00106313,2020,금호건설,,20200515,20200515001202,,002990,Y,Q1,historical_dart_periodic_filing_universe
00106368,2020,금호석유화학,,20200515,20200515002426,,011780,Y,Q1,historical_dart_periodic_filing_universe
00106395,2020,금호전기,,20200515,20200515002238,,001210,Y,Q1,historical_dart_periodic_filing_universe
00106614,2020,기신정기,,20200626,20200626000321,,092440,Y,Q1,historical_dart_periodic_filing_universe
00106623,2020,현대위아,,20200515,20200515002272,,011210,Y,Q1,historical_dart_periodic_filing_universe
00106641,2020,기아,,20200515,20200515002459,,000270,Y,Q1,historical_dart_periodic_filing_universe
00106669,2020,세아베스틸지주,,20200515,20200515002385,,001430,Y,Q1,historical_dart_periodic_filing_universe
00106881,2020,인디에프,,20200515,20200515000456,,014990,Y,Q1,historical_dart_periodic_filing_universe
00107066,2020,남광토건,,20200515,20200515000376,,001260,Y,Q1,historical_dart_periodic_filing_universe
00107224,2020,남선알미늄,,20200515,20200515001344,,008350,Y,Q1,historical_dart_periodic_filing_universe
00107598,2020,남양유업,,20200515,20200515002709,,003920,Y,Q1,historical_dart_periodic_filing_universe
00107613,2020,이수페타시스,,20200515,20200515002009,,007660,Y,Q1,historical_dart_periodic_filing_universe
00107677,2020,비비안,,20200515,20200515002548,,002070,Y,Q1,historical_dart_periodic_filing_universe
00107987,2020,남해화학,,20200515,20200515001729,,025860,Y,Q1,historical_dart_periodic_filing_universe
00108001,2020,남화토건,,20200514,20200514001127,,091590,K,Q1,historical_dart_periodic_filing_universe
00108038,2020,엔피씨,,20200515,20200515001743,,004250,Y,Q1,historical_dart_periodic_filing_universe
00108135,2020,녹십자홀딩스,,20200515,20200515002748,,005250,Y,Q1,historical_dart_periodic_filing_universe
00108241,2020,농심,,20200515,20200515001003,,004370,Y,Q1,historical_dart_periodic_filing_universe
00108490,2020,엔피케이,,20200515,20200515002017,,048830,K,Q1,historical_dart_periodic_filing_universe
00108649,2020,TPC로보틱스,,20200515,20200515001960,,048770,K,Q1,historical_dart_periodic_filing_universe
00108746,2020,DKME,,20200507,20200507000225,,015590,Y,Q1,historical_dart_periodic_filing_universe
00108913,2020,대교,,20200515,20200515002664,,019680,Y,Q1,historical_dart_periodic_filing_universe
00108940,2020,대성홀딩스,,20200515,20200515001609,,016710,Y,Q1,historical_dart_periodic_filing_universe
00108977,2020,대구백화점,,20200515,20200515000896,,006370,Y,Q1,historical_dart_periodic_filing_universe
00109037,2020,대성창투,,20200515,20200515000579,,027830,K,Q1,historical_dart_periodic_filing_universe
00109161,2020,태경케미컬,,20200515,20200515001985,,006890,Y,Q1,historical_dart_periodic_filing_universe
00109189,2020,대덕,,20200515,20200515002753,,008060,Y,Q1,historical_dart_periodic_filing_universe
00109268,2020,대동스틸,,20200515,20200515000357,,048470,K,Q1,historical_dart_periodic_filing_universe
00109286,2020,대동,,20200515,20200515000959,,000490,Y,Q1,historical_dart_periodic_filing_universe
00109310,2020,대동기어,,20200515,20200515000247,,008830,K,Q1,historical_dart_periodic_filing_universe
00109514,2020,티웨이홀딩스,,20200515,20200515001272,,004870,Y,Q1,historical_dart_periodic_filing_universe
00109587,2020,대륙제관,,20200515,20200515002160,,004780,K,Q1,historical_dart_periodic_filing_universe
00109693,2020,DL,,20200515,20200515002600,,000210,Y,Q1,historical_dart_periodic_filing_universe
00109718,2020,사조대림,,20200515,20200515000804,,003960,Y,Q1,historical_dart_periodic_filing_universe
00109754,2020,대림바스,,20200515,20200515001095,,005750,Y,Q1,historical_dart_periodic_filing_universe
00109781,2020,대림제지,,20200515,20200515002623,,017650,K,Q1,historical_dart_periodic_filing_universe
00109806,2020,삼일씨엔에스,,20200515,20200515000382,,004440,Y,Q1,historical_dart_periodic_filing_universe
00109824,2020,대림통상,,20200515,20200515002121,,006570,Y,Q1,historical_dart_periodic_filing_universe
00110431,2020,JW신약,,20200515,20200515002321,,067290,K,Q1,historical_dart_periodic_filing_universe
00110583,2020,DH오토웨어,,20200515,20200515001651,,025440,K,Q1,historical_dart_periodic_filing_universe
00110608,2020,DSR,,20200514,20200514000798,,155660,Y,Q1,historical_dart_periodic_filing_universe
00110750,2020,GMI벤처,,20200629,20200629000245,,019570,K,Q1,historical_dart_periodic_filing_universe
00110875,2020,대신정보통신,,20200629,20200629000058,,020180,K,Q1,historical_dart_periodic_filing_universe
00110884,2020,엠젠솔루션,,20200515,20200515002023,,032790,K,Q1,historical_dart_periodic_filing_universe
00110893,2020,대신증권,,20200515,20200515001625,,003540,Y,Q1,historical_dart_periodic_filing_universe
00111111,2020,대양금속,,20200507,20200507000591,,009190,Y,Q1,historical_dart_periodic_filing_universe
00111193,2020,대양전기공업,,20200515,20200515001351,,108380,K,Q1,historical_dart_periodic_filing_universe
00111218,2020,KD,,20200515,20200515002825,,044180,K,Q1,historical_dart_periodic_filing_universe
00111421,2020,휴니드테크놀러지스,,20200515,20200515001182,,005870,Y,Q1,historical_dart_periodic_filing_universe
00111458,2020,대영포장,,20200515,20200515001232,,014160,Y,Q1,historical_dart_periodic_filing_universe
00111689,2020,아진전자부품,,20200514,20200514000157,,009320,Y,Q1,historical_dart_periodic_filing_universe
00111704,2020,한화오션,,20200515,20200515000780,,042660,Y,Q1,historical_dart_periodic_filing_universe
00111722,2020,미래에셋증권,,20200515,20200515002242,,006800,Y,Q1,historical_dart_periodic_filing_universe
00111810,2020,대웅,,20200515,20200515002256,,003090,Y,Q1,historical_dart_periodic_filing_universe
00111838,2020,대원,,20200514,20200514001087,,007680,K,Q1,historical_dart_periodic_filing_universe
00111847,2020,대원강업,,20200515,20200515000452,,000430,Y,Q1,historical_dart_periodic_filing_universe
00111874,2020,대원산업,,20200515,20200515002085,,005710,K,Q1,historical_dart_periodic_filing_universe
00111999,2020,대원제약,,20200515,20200515000900,,003220,Y,Q1,historical_dart_periodic_filing_universe
00112022,2020,대원화성,,20200515,20200515001100,,024890,Y,Q1,historical_dart_periodic_filing_universe
00112059,2020,상상인증권,,20200515,20200515001526,,001290,Y,Q1,historical_dart_periodic_filing_universe
00112165,2020,디아이씨,,20200515,20200515000910,,092200,Y,Q1,historical_dart_periodic_filing_universe
00112332,2020,미래에셋생명,,20200515,20200515001230,,085620,Y,Q1,historical_dart_periodic_filing_universe
00112378,2020,KR모터스,,20200515,20200515002562,,000040,Y,Q1,historical_dart_periodic_filing_universe
00112457,2020,대주산업,,20200515,20200515000673,,003310,K,Q1,historical_dart_periodic_filing_universe
00112651,2020,대창,,20200514,20200514000549,,012800,Y,Q1,historical_dart_periodic_filing_universe
00112679,2020,대창단조,,20200515,20200515000892,,015230,Y,Q1,historical_dart_periodic_filing_universe
00112721,2020,대창스틸,,20200515,20200515001769,,140520,K,Q1,historical_dart_periodic_filing_universe
00112970,2020,대한방직,,20200515,20200515002323,,001070,Y,Q1,historical_dart_periodic_filing_universe
00113058,2020,한화생명,,20200515,20200515002763,,088350,Y,Q1,historical_dart_periodic_filing_universe
00113128,2020,대한약품,,20200515,20200515001345,,023910,K,Q1,historical_dart_periodic_filing_universe
00113191,2020,코리안리,,20200515,20200515002404,,003690,Y,Q1,historical_dart_periodic_filing_universe
00113207,2020,대한전선,,20200515,20200515002146,,001440,Y,Q1,historical_dart_periodic_filing_universe
00113225,2020,대한제강,,20200515,20200515000866,,084010,Y,Q1,historical_dart_periodic_filing_universe
00113234,2020,대한제당,,20200515,20200515001446,,001790,Y,Q1,historical_dart_periodic_filing_universe
00113243,2020,대한제분,,20200515,20200515000391,,001130,Y,Q1,historical_dart_periodic_filing_universe
00113261,2020,대한광통신,,20200515,20200515002693,,010170,K,Q1,historical_dart_periodic_filing_universe
00113359,2020,교보증권,,20200515,20200515001780,,030610,Y,Q1,historical_dart_periodic_filing_universe
00113410,2020,CJ대한통운,,20200515,20200515001945,,000120,Y,Q1,historical_dart_periodic_filing_universe
00113492,2020,깨끗한나라,,20200515,20200515001085,,004540,Y,Q1,historical_dart_periodic_filing_universe
00113508,2020,노루홀딩스,,20200515,20200515001445,,000320,Y,Q1,historical_dart_periodic_filing_universe
00113526,2020,대한항공,,20200515,20200515001367,,003490,Y,Q1,historical_dart_periodic_filing_universe
00113535,2020,대한해운,,20200515,20200515002099,,005880,Y,Q1,historical_dart_periodic_filing_universe
00113544,2020,대한화섬,,20200515,20200515002183,,003830,Y,Q1,historical_dart_periodic_filing_universe
00113562,2020,롯데손해보험,,20200515,20200515002668,,000400,Y,Q1,historical_dart_periodic_filing_universe
00113614,2020,대현,,20200515,20200515001502,,016090,Y,Q1,historical_dart_periodic_filing_universe
00113997,2020,롯데에너지머티리얼즈,,20200515,20200515002676,,020150,Y,Q1,historical_dart_periodic_filing_universe
00114093,2020,덕성,,20200515,20200515000588,,004830,Y,Q1,historical_dart_periodic_filing_universe
00114154,2020,디와이덕양,,20200515,20200515000995,,024900,Y,Q1,historical_dart_periodic_filing_universe
00114552,2020,도화엔지니어링,,20200515,20200515000210,,002150,Y,Q1,historical_dart_periodic_filing_universe
00114686,2020,동구바이오제약,,20200515,20200515000311,,006620,K,Q1,historical_dart_periodic_filing_universe
00114765,2020,케이비아이동국실업,,20200515,20200515001670,,001620,Y,Q1,historical_dart_periodic_filing_universe
00114792,2020,동국홀딩스,,20200515,20200515000731,,001230,Y,Q1,historical_dart_periodic_filing_universe
00114808,2020,동국제약,,20200514,20200514000301,,086450,K,Q1,historical_dart_periodic_filing_universe
00115065,2020,동남합성,,20200515,20200515000287,,023450,Y,Q1,historical_dart_periodic_filing_universe
00115287,2020,동방,,20200515,20200515001153,,004140,Y,Q1,historical_dart_periodic_filing_universe
00115384,2020,동방아그로,,20200515,20200515001009,,007590,Y,Q1,historical_dart_periodic_filing_universe
00115612,2020,동부건설,,20200515,20200515002229,,005960,Y,Q1,historical_dart_periodic_filing_universe
00115676,2020,KG스틸,,20200515,20200515002203,,016380,Y,Q1,historical_dart_periodic_filing_universe
00115694,2020,DB증권,,20200515,20200515001620,,016610,Y,Q1,historical_dart_periodic_filing_universe
00115931,2020,디오,,20200506,20200506000228,,039840,K,Q1,historical_dart_periodic_filing_universe
00115977,2020,아이에스동서,,20200515,20200515002776,,010780,Y,Q1,historical_dart_periodic_filing_universe
00116268,2020,동성제약,,20200515,20200515001629,,002210,Y,Q1,historical_dart_periodic_filing_universe
00116301,2020,NI스틸,,20200515,20200515000325,,008260,Y,Q1,historical_dart_periodic_filing_universe
00116408,2020,동신건설,,20200515,20200515000625,,025950,K,Q1,historical_dart_periodic_filing_universe
00116426,2020,이렘,,20200515,20200515000772,,009730,K,Q1,historical_dart_periodic_filing_universe
00116824,2020,동아쏘시오홀딩스,,20200515,20200515001875,,000640,Y,Q1,historical_dart_periodic_filing_universe
00116949,2020,DN오토모티브,,20200515,20200515000042,,007340,Y,Q1,historical_dart_periodic_filing_universe
00117027,2020,알루코,,20200515,20200515000380,,001780,Y,Q1,historical_dart_periodic_filing_universe
00117179,2020,디와이,,20200514,20200514000907,,013570,Y,Q1,historical_dart_periodic_filing_universe
00117188,2020,효성,,20200515,20200515002539,,004800,Y,Q1,historical_dart_periodic_filing_universe
00117212,2020,두산,,20200515,20200515002729,,000150,Y,Q1,historical_dart_periodic_filing_universe
00117230,2020,TYM,,20200515,20200515001519,,002900,Y,Q1,historical_dart_periodic_filing_universe
00117276,2020,네이처셀,,20200515,20200515002455,,007390,K,Q1,historical_dart_periodic_filing_universe
00117300,2020,TCC스틸,,20200515,20200515002560,,002710,Y,Q1,historical_dart_periodic_filing_universe
00117337,2020,동양,,20200515,20200515002268,,001520,Y,Q1,historical_dart_periodic_filing_universe
00117498,2020,스틱인베스트먼트,,20200512,20200512000748,,026890,Y,Q1,historical_dart_periodic_filing_universe
00117577,2020,오리온홀딩스,,20200515,20200515001244,,001800,Y,Q1,historical_dart_periodic_filing_universe
00117601,2020,유안타증권,,20200515,20200515001789,,003470,Y,Q1,historical_dart_periodic_filing_universe
00117629,2020,KBI동양철관,,20200513,20200513000157,,008970,Y,Q1,historical_dart_periodic_filing_universe
00117708,2020,리드코프,,20200515,20200515002213,,012700,K,Q1,historical_dart_periodic_filing_universe
00117726,2020,DYP,,20200515,20200515001287,,092780,Y,Q1,historical_dart_periodic_filing_universe
00117966,2020,동원개발,,20200515,20200515000360,,013120,K,Q1,historical_dart_periodic_filing_universe
00118008,2020,동원모빌리티,,20200629,20200629000448,,018500,Y,Q1,historical_dart_periodic_filing_universe
00118026,2020,동원산업,,20200515,20200515001818,,006040,Y,Q1,historical_dart_periodic_filing_universe
00118044,2020,동원수산,,20200515,20200515001771,,030720,Y,Q1,historical_dart_periodic_filing_universe
00118266,2020,DRB동일,,20200515,20200515001449,,004840,Y,Q1,historical_dart_periodic_filing_universe
00118275,2020,디아이,,20200515,20200515000364,,003160,Y,Q1,historical_dart_periodic_filing_universe
00118284,2020,동일금속,,20200515,20200515000954,,109860,K,Q1,historical_dart_periodic_filing_universe
00118345,2020,디아이동일,,20200515,20200515001668,,001530,Y,Q1,historical_dart_periodic_filing_universe
00118451,2020,동일제강,,20200515,20200515001444,,002690,Y,Q1,historical_dart_periodic_filing_universe
00118521,2020,진원생명과학,,20200428,20200428000620,,011000,Y,Q1,historical_dart_periodic_filing_universe
00118804,2020,동진쎄미켐,,20200515,20200515000505,,005290,K,Q1,historical_dart_periodic_filing_universe
00118965,2020,티에이치엔,,20200514,20200514000974,,019180,Y,Q1,historical_dart_periodic_filing_universe
00119007,2020,무림P&P,,20200515,20200515002278,,009580,Y,Q1,historical_dart_periodic_filing_universe
00119140,2020,핸즈코퍼레이션,,20200515,20200515000850,,143210,Y,Q1,historical_dart_periodic_filing_universe
00119195,2020,동화약품,,20200514,20200514000435,,000020,Y,Q1,historical_dart_periodic_filing_universe
00119672,2020,두올,,20200515,20200515000633,,016740,Y,Q1,historical_dart_periodic_filing_universe
00120021,2020,LG,,20200515,20200515002349,,003550,Y,Q1,historical_dart_periodic_filing_universe
00120030,2020,GS건설,,20200515,20200515002279,,006360,Y,Q1,historical_dart_periodic_filing_universe
00120076,2020,LX인터내셔널,,20200514,20200514000594,,001120,Y,Q1,historical_dart_periodic_filing_universe
00120182,2020,NH투자증권,,20200514,20200514000666,,005940,Y,Q1,historical_dart_periodic_filing_universe
00120289,2020,제이에스티나,,20200514,20200514001039,,026040,K,Q1,historical_dart_periodic_filing_universe
00120526,2020,롯데쇼핑,,20200515,20200515001762,,023530,Y,Q1,historical_dart_periodic_filing_universe
00120562,2020,롯데지주,,20200515,20200515002170,,004990,Y,Q1,historical_dart_periodic_filing_universe
00120571,2020,롯데칠성음료,,20200515,20200515002555,,005300,Y,Q1,historical_dart_periodic_filing_universe
00120872,2020,만호제강,,20200515,20200515000226,,001080,Y,Q1,historical_dart_periodic_filing_universe
00120906,2020,에스아이리소스,,20200515,20200515002418,,065420,K,Q1,historical_dart_periodic_filing_universe
00120924,2020,매일홀딩스,,20200515,20200515001748,,005990,K,Q1,historical_dart_periodic_filing_universe
00121039,2020,명문제약,,20200511,20200511000356,,017180,Y,Q1,historical_dart_periodic_filing_universe
00121154,2020,엠에스씨,,20200515,20200515000540,,009780,K,Q1,historical_dart_periodic_filing_universe
00121288,2020,모나미,,20200515,20200515000965,,005360,Y,Q1,historical_dart_periodic_filing_universe
00121507,2020,무림SP,,20200515,20200515002391,,001810,K,Q1,historical_dart_periodic_filing_universe
00121534,2020,MH에탄올,,20200515,20200515001929,,023150,Y,Q1,historical_dart_periodic_filing_universe
00121543,2020,무학,,20200515,20200515002649,,033920,Y,Q1,historical_dart_periodic_filing_universe
00121570,2020,문배철강,,20200515,20200515000323,,008420,Y,Q1,historical_dart_periodic_filing_universe
00121686,2020,엠케이전자,,20200515,20200515002700,,033160,K,Q1,historical_dart_periodic_filing_universe
00121932,2020,미원상사,,20200515,20200515002613,,002840,Y,Q1,historical_dart_periodic_filing_universe
00121941,2020,대상,,20200515,20200515001478,,001680,Y,Q1,historical_dart_periodic_filing_universe
00121969,2020,에쓰씨엔지니어링,,20200514,20200514000701,,023960,Y,Q1,historical_dart_periodic_filing_universe
00122056,2020,미창석유공업,,20200514,20200514000260,,003650,Y,Q1,historical_dart_periodic_filing_universe
00122205,2020,졸스,,20200629,20200629000428,,018700,K,Q1,historical_dart_periodic_filing_universe
00122348,2020,방림,,20200515,20200515000373,,003610,Y,Q1,historical_dart_periodic_filing_universe
00122472,2020,PKC,,20200515,20200515002091,,001340,Y,Q1,historical_dart_periodic_filing_universe
00122481,2020,태경비케이,,20200515,20200515002061,,014580,Y,Q1,historical_dart_periodic_filing_universe
00122551,2020,백산,,20200515,20200515001742,,035150,Y,Q1,historical_dart_periodic_filing_universe
00122579,2020,BYC,,20200515,20200515002004,,001460,Y,Q1,historical_dart_periodic_filing_universe
00122694,2020,범양건영,,20200515,20200515000732,,002410,Y,Q1,historical_dart_periodic_filing_universe
00122737,2020,팬오션,,20200513,20200513000353,,028670,Y,Q1,historical_dart_periodic_filing_universe
00122825,2020,프리티,,20200515,20200515001500,,006490,Y,Q1,historical_dart_periodic_filing_universe
00122898,2020,벽산,,20200515,20200515001388,,007210,Y,Q1,historical_dart_periodic_filing_universe
00123107,2020,보락,,20200513,20200513000078,,002760,Y,Q1,historical_dart_periodic_filing_universe
00123143,2020,보령,,20200515,20200515002619,,003850,Y,Q1,historical_dart_periodic_filing_universe
00123523,2020,창해에탄올,,20200515,20200515001667,,004650,K,Q1,historical_dart_periodic_filing_universe
00123541,2020,보해양조,,20200515,20200515001099,,000890,Y,Q1,historical_dart_periodic_filing_universe
00123718,2020,부광약품,,20200515,20200515001338,,003000,Y,Q1,historical_dart_periodic_filing_universe
00123772,2020,부국증권,,20200515,20200515001399,,001270,Y,Q1,historical_dart_periodic_filing_universe
00123781,2020,부국철강,,20200515,20200515001036,,026940,Y,Q1,historical_dart_periodic_filing_universe
00124027,2020,부산산업,,20200514,20200514000327,,011390,Y,Q1,historical_dart_periodic_filing_universe
00124090,2020,한국특강,,20200515,20200515001579,,007280,Y,Q1,historical_dart_periodic_filing_universe
00124151,2020,부산주공,,20200515,20200515001779,,005030,Y,Q1,historical_dart_periodic_filing_universe
00124197,2020,세아제강지주,,20200515,20200515001029,,003030,Y,Q1,historical_dart_periodic_filing_universe
00124276,2020,부스타,,20200512,20200512000933,,008470,K,Q1,historical_dart_periodic_filing_universe
00124504,2020,포스코인터내셔널,,20200515,20200515002057,,047050,Y,Q1,historical_dart_periodic_filing_universe
00124540,2020,대우건설,,20200515,20200515002209,,047040,Y,Q1,historical_dart_periodic_filing_universe
00124726,2020,빙그레,,20200515,20200515000809,,005180,Y,Q1,historical_dart_periodic_filing_universe
00124780,2020,사조씨푸드,,20200515,20200515002288,,014710,Y,Q1,historical_dart_periodic_filing_universe
00124799,2020,사조산업,,20200515,20200515002694,,007160,Y,Q1,historical_dart_periodic_filing_universe
00124805,2020,푸른저축은행,,20200514,20200514000793,,007330,K,Q1,historical_dart_periodic_filing_universe
00125080,2020,AK홀딩스,,20200515,20200515001893,,006840,Y,Q1,historical_dart_periodic_filing_universe
00125150,2020,SGC에너지,,20200515,20200515000317,,005090,Y,Q1,historical_dart_periodic_filing_universe
00125488,2020,삼륭물산,,20200515,20200515000651,,014970,K,Q1,historical_dart_periodic_filing_universe
00125521,2020,에스엘,,20200608,20200608000272,,005850,Y,Q1,historical_dart_periodic_filing_universe
00125530,2020,삼립,,20200515,20200515001056,,005610,Y,Q1,historical_dart_periodic_filing_universe
00125576,2020,체시스,,20200515,20200515001607,,033250,Y,Q1,historical_dart_periodic_filing_universe
00125646,2020,삼목에스폼,,20200515,20200515001401,,018310,K,Q1,historical_dart_periodic_filing_universe
00125725,2020,디모아,,20200515,20200515000543,,016670,K,Q1,historical_dart_periodic_filing_universe
00125743,2020,현대비앤지스틸,,20200515,20200515001264,,004560,Y,Q1,historical_dart_periodic_filing_universe
00125822,2020,삼보산업,,20200515,20200515000758,,009620,K,Q1,historical_dart_periodic_filing_universe
00125938,2020,삼보판지,,20200515,20200515000160,,023600,K,Q1,historical_dart_periodic_filing_universe
00125974,2020,삼부토건,,20200515,20200515000683,,001470,Y,Q1,historical_dart_periodic_filing_universe
00126089,2020,DH오토넥스,,20200515,20200515001187,,000300,Y,Q1,historical_dart_periodic_filing_universe
00126186,2020,삼성에스디에스,,20200515,20200515001931,,018260,Y,Q1,historical_dart_periodic_filing_universe
00126201,2020,삼성공조,,20200515,20200515001958,,006660,Y,Q1,historical_dart_periodic_filing_universe
00126256,2020,삼성생명,,20200515,20200515002013,,032830,Y,Q1,historical_dart_periodic_filing_universe
00126292,2020,삼성카드,,20200515,20200515002014,,029780,Y,Q1,historical_dart_periodic_filing_universe
00126308,2020,삼성E&A,,20200515,20200515001725,,028050,Y,Q1,historical_dart_periodic_filing_universe
00126362,2020,삼성SDI,,20200515,20200515001513,,006400,Y,Q1,historical_dart_periodic_filing_universe
00126371,2020,삼성전기,,20200515,20200515001595,,009150,Y,Q1,historical_dart_periodic_filing_universe
00126380,2020,삼성전자,,20200515,20200515001451,,005930,Y,Q1,historical_dart_periodic_filing_universe
00126414,2020,삼성제약,,20200515,20200515001703,,001360,Y,Q1,historical_dart_periodic_filing_universe
00126478,2020,삼성중공업,,20200515,20200515002644,,010140,Y,Q1,historical_dart_periodic_filing_universe
00126487,2020,F&F 홀딩스,,20200515,20200515001373,,007700,Y,Q1,historical_dart_periodic_filing_universe
00126566,2020,한화에어로스페이스,,20200515,20200515001768,,012450,Y,Q1,historical_dart_periodic_filing_universe
00126779,2020,삼아알미늄,,20200515,20200515002059,,006110,Y,Q1,historical_dart_periodic_filing_universe
00126788,2020,삼아제약,,20200515,20200515000981,,009300,K,Q1,historical_dart_periodic_filing_universe
00126937,2020,삼양홀딩스,,20200515,20200515002594,,000070,Y,Q1,historical_dart_periodic_filing_universe
00126955,2020,삼양식품,,20200514,20200514000874,,003230,Y,Q1,historical_dart_periodic_filing_universe
00127042,2020,SYTS,,20200515,20200515001529,,002170,Y,Q1,historical_dart_periodic_filing_universe
00127158,2020,씨아이테크,,20200515,20200515000783,,004920,Y,Q1,historical_dart_periodic_filing_universe
00127167,2020,삼영무역,,20200515,20200515000682,,002810,Y,Q1,historical_dart_periodic_filing_universe
00127200,2020,삼영전자공업,,20200514,20200514000318,,005680,Y,Q1,historical_dart_periodic_filing_universe
00127255,2020,삼영,,20200515,20200515002129,,003720,Y,Q1,historical_dart_periodic_filing_universe
00127802,2020,삼익THK,,20200515,20200515000087,,004380,Y,Q1,historical_dart_periodic_filing_universe
00127857,2020,삼익악기,,20200513,20200513000087,,002450,Y,Q1,historical_dart_periodic_filing_universe
00127909,2020,삼일,,20200515,20200515001243,,032280,K,Q1,historical_dart_periodic_filing_universe
00127936,2020,삼일기업공사,,20200515,20200515000222,,002290,K,Q1,historical_dart_periodic_filing_universe
00127954,2020,CJ프레시웨이,,20200515,20200515001998,,051500,K,Q1,historical_dart_periodic_filing_universe
00128032,2020,삼일제약,,20200427,20200427000014,,000520,Y,Q1,historical_dart_periodic_filing_universe
00128111,2020,포스코엠텍,,20200515,20200515002001,,009520,K,Q1,historical_dart_periodic_filing_universe
00128175,2020,원익큐브,,20200515,20200515002222,,014190,K,Q1,historical_dart_periodic_filing_universe
00128227,2020,삼정펄프,,20200515,20200515000530,,009770,Y,Q1,historical_dart_periodic_filing_universe
00128315,2020,삼지전자,,20200515,20200515002086,,037460,K,Q1,historical_dart_periodic_filing_universe
00128412,2020,삼진제약,,20200515,20200515001574,,005500,Y,Q1,historical_dart_periodic_filing_universe
00128546,2020,삼천당제약,,20200514,20200514000237,,000250,K,Q1,historical_dart_periodic_filing_universe
00128555,2020,삼천리,,20200515,20200515002093,,004690,Y,Q1,historical_dart_periodic_filing_universe
00128607,2020,삼천리자전거,,20200513,20200513000207,,024950,K,Q1,historical_dart_periodic_filing_universe
00128661,2020,에스에이엠티,,20200515,20200515002072,,031330,K,Q1,historical_dart_periodic_filing_universe
00128926,2020,삼현철강,,20200515,20200515000740,,017480,K,Q1,historical_dart_periodic_filing_universe
00128980,2020,삼호개발,,20200514,20200514000295,,010960,Y,Q1,historical_dart_periodic_filing_universe
00129013,2020,CJ씨푸드,,20200515,20200515001050,,011150,Y,Q1,historical_dart_periodic_filing_universe
00129235,2020,삼화왕관,,20200515,20200515000994,,004450,Y,Q1,historical_dart_periodic_filing_universe
00129271,2020,삼화전기,,20200515,20200515001479,,009470,Y,Q1,historical_dart_periodic_filing_universe
00129280,2020,삼화전자공업,,20200515,20200515001774,,011230,Y,Q1,historical_dart_periodic_filing_universe
00129350,2020,삼화콘덴서공업,,20200515,20200515001409,,001820,Y,Q1,historical_dart_periodic_filing_universe
00129387,2020,SP삼화,,20200514,20200514000524,,000390,Y,Q1,historical_dart_periodic_filing_universe
00129420,2020,까뮤이앤씨,,20200515,20200515001015,,013700,Y,Q1,historical_dart_periodic_filing_universe
00129509,2020,한익스프레스,,20200514,20200514000257,,014130,Y,Q1,historical_dart_periodic_filing_universe
00129554,2020,갤럭시아에스엠,,20200515,20200515002491,,011420,Y,Q1,historical_dart_periodic_filing_universe
00129615,2020,상보,,20200515,20200515001004,,027580,K,Q1,historical_dart_periodic_filing_universe
00129642,2020,상신브레이크,,20200513,20200513000544,,041650,Y,Q1,historical_dart_periodic_filing_universe
00129679,2020,녹십자,,20200515,20200515002687,,006280,Y,Q1,historical_dart_periodic_filing_universe
00129989,2020,코스모신소재,,20200515,20200515000497,,005070,Y,Q1,historical_dart_periodic_filing_universe
00130091,2020,샘표,,20200515,20200515000432,,007540,Y,Q1,historical_dart_periodic_filing_universe
00130383,2020,서부T&D,,20200515,20200515001700,,006730,K,Q1,historical_dart_periodic_filing_universe
00130408,2020,서산,,20200515,20200515000590,,079650,K,Q1,historical_dart_periodic_filing_universe
00130587,2020,서울전자통신,,20200515,20200515001354,,027040,K,Q1,historical_dart_periodic_filing_universe
00130684,2020,서울도시가스,,20200515,20200515000706,,017390,Y,Q1,historical_dart_periodic_filing_universe
00130763,2020,서울반도체,,20200515,20200515000745,,046890,K,Q1,historical_dart_periodic_filing_universe
00130772,2020,SBS,,20200515,20200515001011,,034120,Y,Q1,historical_dart_periodic_filing_universe
00130879,2020,서울식품공업,,20200515,20200515001463,,004410,Y,Q1,historical_dart_periodic_filing_universe
00131018,2020,서울제약,,20200515,20200515002311,,018680,K,Q1,historical_dart_periodic_filing_universe
00131054,2020,유진증권,,20200515,20200515001135,,001200,Y,Q1,historical_dart_periodic_filing_universe
00131197,2020,서원,,20200515,20200515000939,,021050,Y,Q1,historical_dart_periodic_filing_universe
00131504,2020,서한,,20200515,20200515000890,,011370,K,Q1,historical_dart_periodic_filing_universe
00131692,2020,서흥,,20200515,20200515000562,,008490,Y,Q1,historical_dart_periodic_filing_universe
00131780,2020,SK네트웍스,,20200515,20200515001440,,001740,Y,Q1,historical_dart_periodic_filing_universe
00131832,2020,SK디스커버리,,20200515,20200515002319,,006120,Y,Q1,historical_dart_periodic_filing_universe
00131850,2020,SK증권,,20200515,20200515001552,,001510,Y,Q1,historical_dart_periodic_filing_universe
00131896,2020,선광,,20200515,20200515000514,,003100,K,Q1,historical_dart_periodic_filing_universe
00131939,2020,선도전기,,20200515,20200515000265,,007610,Y,Q1,historical_dart_periodic_filing_universe
00132202,2020,선진뷰티사이언스,,20210323,20210323001110,,086710,K,FY,historical_dart_periodic_filing_universe
00132211,2020,SUN&L,,20200515,20200515000629,,002820,Y,Q1,historical_dart_periodic_filing_universe
00132318,2020,성광벤드,,20200515,20200515000962,,014620,K,Q1,historical_dart_periodic_filing_universe
00132354,2020,쿠쿠홀딩스,,20200612,20200612000252,,192400,Y,Q1,historical_dart_periodic_filing_universe
00132628,2020,성문전자,,20200515,20200515000117,,014910,Y,Q1,historical_dart_periodic_filing_universe
00132637,2020,동원시스템즈,,20200514,20200514000941,,014820,Y,Q1,historical_dart_periodic_filing_universe
00132725,2020,SB성보,,20200515,20200515000856,,003080,Y,Q1,historical_dart_periodic_filing_universe
00132804,2020,성신양회,,20200515,20200515002055,,004980,Y,Q1,historical_dart_periodic_filing_universe
00132868,2020,우성머티리얼스,,20200515,20200515000426,,011300,Y,Q1,historical_dart_periodic_filing_universe
00132992,2020,성우하이텍,,20200515,20200515000760,,015750,K,Q1,historical_dart_periodic_filing_universe
00133335,2020,성창기업지주,,20200515,20200515000777,,000180,Y,Q1,historical_dart_periodic_filing_universe
00133511,2020,SG세계물산,,20200515,20200515001503,,004060,Y,Q1,historical_dart_periodic_filing_universe
00133557,2020,PN풍년,,20200515,20200515000369,,024940,K,Q1,historical_dart_periodic_filing_universe
00133618,2020,우양피앤엘,,20200514,20200514000166,,002420,Y,Q1,historical_dart_periodic_filing_universe
00133663,2020,세동,,20200515,20200515000692,,053060,K,Q1,historical_dart_periodic_filing_universe
00133706,2020,한국제지,,20200513,20200513000797,,027970,Y,Q1,historical_dart_periodic_filing_universe
00133751,2020,세명전기,,20200511,20200511000307,,017510,K,Q1,historical_dart_periodic_filing_universe
00133812,2020,세방,,20200515,20200515002696,,004360,Y,Q1,historical_dart_periodic_filing_universe
00133858,2020,세방전지,,20200515,20200515002199,,004490,Y,Q1,historical_dart_periodic_filing_universe
00133876,2020,세보엠이씨,,20200515,20200515000634,,011560,K,Q1,historical_dart_periodic_filing_universe
00134176,2020,세우글로벌,,20200515,20200515000278,,013000,Y,Q1,historical_dart_periodic_filing_universe
00134316,2020,세원정공,,20200515,20200515000260,,021820,Y,Q1,historical_dart_periodic_filing_universe
00134477,2020,SNT다이내믹스,,20200513,20200513000302,,003570,Y,Q1,historical_dart_periodic_filing_universe
00134510,2020,SJG세종,,20200515,20200515001608,,033530,Y,Q1,historical_dart_periodic_filing_universe
00134565,2020,이스타코,,20200515,20200515000727,,015020,Y,Q1,historical_dart_periodic_filing_universe
00134723,2020,페이퍼코리아,,20200515,20200515001137,,001020,Y,Q1,historical_dart_periodic_filing_universe
00134963,2020,송원산업,,20200515,20200515000310,,004430,Y,Q1,historical_dart_periodic_filing_universe
00135050,2020,팜젠사이언스,,20200515,20200515002617,,004720,Y,Q1,historical_dart_periodic_filing_universe
00135111,2020,수산세보틱스,,20200513,20200513000422,,017550,Y,Q1,historical_dart_periodic_filing_universe
00135467,2020,승일,,20200514,20200514000191,,049830,K,Q1,historical_dart_periodic_filing_universe
00135777,2020,신대양제지,,20200515,20200515001778,,016590,Y,Q1,historical_dart_periodic_filing_universe
00135795,2020,신도리코,,20200515,20200515000049,,029530,Y,Q1,historical_dart_periodic_filing_universe
00135917,2020,한화손해보험,,20200515,20200515001856,,000370,Y,Q1,historical_dart_periodic_filing_universe
00135962,2020,신라교역,,20200515,20200515002075,,004970,Y,Q1,historical_dart_periodic_filing_universe
00135999,2020,신라섬유,,20200515,20200515000393,,001000,K,Q1,historical_dart_periodic_filing_universe
00136004,2020,신라에스지,,20200515,20200515000225,,025870,K,Q1,historical_dart_periodic_filing_universe
00136086,2020,무림페이퍼,,20200515,20200515002350,,009200,Y,Q1,historical_dart_periodic_filing_universe
00136101,2020,메이슨캐피탈,,20200629,20200629000238,,021880,K,Q1,historical_dart_periodic_filing_universe
00136165,2020,스페코,,20200515,20200515000158,,013810,K,Q1,historical_dart_periodic_filing_universe
00136226,2020,신성델타테크,,20200515,20200515000571,,065350,K,Q1,historical_dart_periodic_filing_universe
00136271,2020,신성이엔지,,20200515,20200515000737,,011930,Y,Q1,historical_dart_periodic_filing_universe
00136378,2020,신세계,,20200515,20200515002785,,004170,Y,Q1,historical_dart_periodic_filing_universe
00136402,2020,신송홀딩스,,20200515,20200515001659,,006880,Y,Q1,historical_dart_periodic_filing_universe
00136448,2020,신신제약,,20200512,20200512000510,,002800,K,Q1,historical_dart_periodic_filing_universe
00136457,2020,SH에너지화학,,20200515,20200515000942,,002360,Y,Q1,historical_dart_periodic_filing_universe
00136624,2020,신영와코루,,20200515,20200515000055,,005800,Y,Q1,historical_dart_periodic_filing_universe
00136721,2020,신영증권,,20200629,20200629000357,,001720,Y,Q1,historical_dart_periodic_filing_universe
00136776,2020,차AI헬스케어,,20200515,20200515000334,,025620,Y,Q1,historical_dart_periodic_filing_universe
00136864,2020,신원,,20200515,20200515001299,,009270,Y,Q1,historical_dart_periodic_filing_universe
00136925,2020,신원종합개발,,20200515,20200515001300,,017000,K,Q1,historical_dart_periodic_filing_universe
00137012,2020,에스앤더블류,,20200515,20200515000234,,103230,K,Q1,historical_dart_periodic_filing_universe
00137058,2020,신일제약,,20200515,20200515000080,,012790,K,Q1,historical_dart_periodic_filing_universe
00137207,2020,유니켐,,20200514,20200514000341,,011330,Y,Q1,historical_dart_periodic_filing_universe
00137234,2020,모베이스전자,,20200615,20200615000334,,012860,K,Q1,historical_dart_periodic_filing_universe
00137252,2020,사조동아원,,20200515,20200515000515,,008040,Y,Q1,historical_dart_periodic_filing_universe
00137289,2020,이엘씨,,20200515,20200515001671,,041520,K,Q1,historical_dart_periodic_filing_universe
00137359,2020,신풍제약,,20200515,20200515001289,,019170,Y,Q1,historical_dart_periodic_filing_universe
00137368,2020,신풍,,20200512,20200512000866,,002870,Y,Q1,historical_dart_periodic_filing_universe
00137809,2020,SHD,,20200515,20200515002088,,001770,Y,Q1,historical_dart_periodic_filing_universe
00137915,2020,엠엑스로보틱스,,20200515,20200515001487,,007820,K,Q1,historical_dart_periodic_filing_universe
00137997,2020,현대차증권,,20200515,20200515001443,,001500,Y,Q1,historical_dart_periodic_filing_universe
00138057,2020,써니전자,,20200515,20200515000498,,004770,Y,Q1,historical_dart_periodic_filing_universe
00138190,2020,GS글로벌,,20200514,20200514000557,,001250,Y,Q1,historical_dart_periodic_filing_universe
00138242,2020,KG모빌리티,,20200515,20200515002080,,003620,Y,Q1,historical_dart_periodic_filing_universe
00138260,2020,SIMPAC,,20200515,20200515002520,,009160,Y,Q1,historical_dart_periodic_filing_universe
00138279,2020,S-Oil,,20200515,20200515001144,,010950,Y,Q1,historical_dart_periodic_filing_universe
00138297,2020,STX,,20200515,20200515000595,,011810,Y,Q1,historical_dart_periodic_filing_universe
00138303,2020,아이티센엔텍,,20200514,20200514001094,,010280,K,Q1,historical_dart_periodic_filing_universe
00138367,2020,플레이위드,,20200512,20200512000278,,023770,K,Q1,historical_dart_periodic_filing_universe
00138446,2020,아가방컴퍼니,,20200515,20200515000229,,013990,K,Q1,historical_dart_periodic_filing_universe
00138516,2020,아남전자,,20200515,20200515000943,,008700,Y,Q1,historical_dart_periodic_filing_universe
00138598,2020,아비코전자,,20200515,20200515001543,,036010,K,Q1,historical_dart_periodic_filing_universe
00138701,2020,아세아,,20200515,20200515002052,,002030,Y,Q1,historical_dart_periodic_filing_universe
00138729,2020,아세아제지,,20200515,20200515001886,,002310,Y,Q1,historical_dart_periodic_filing_universe
00138747,2020,아세아텍,,20200515,20200515001241,,050860,K,Q1,historical_dart_periodic_filing_universe
00138792,2020,아시아나항공,,20200515,20200515002434,,020560,Y,Q1,historical_dart_periodic_filing_universe
00139083,2020,아진산업,,20200515,20200515000243,,013310,K,Q1,historical_dart_periodic_filing_universe
00139153,2020,에코플라스틱,,20200515,20200515001341,,038110,K,Q1,historical_dart_periodic_filing_universe
00139205,2020,안국약품,,20200515,20200515001415,,001540,K,Q1,historical_dart_periodic_filing_universe
00139214,2020,삼성화재해상보험,,20200515,20200515002011,,000810,Y,Q1,historical_dart_periodic_filing_universe
00139454,2020,애경산업,,20200515,20200515001275,,018250,Y,Q1,historical_dart_periodic_filing_universe
00139685,2020,양지사,,20200515,20200515000171,,030960,K,Q1,historical_dart_periodic_filing_universe
00139719,2020,와이지-원,,20200515,20200515002134,,019210,K,Q1,historical_dart_periodic_filing_universe
00139764,2020,에넥스,,20200515,20200515000469,,011090,Y,Q1,historical_dart_periodic_filing_universe
00139834,2020,LG씨엔에스,,20200515,20200515002153,,064400,Y,Q1,historical_dart_periodic_filing_universe
00139889,2020,SKC,,20200515,20200515002036,,011790,Y,Q1,historical_dart_periodic_filing_universe
00140052,2020,에이스침대,,20200515,20200515001618,,003800,K,Q1,historical_dart_periodic_filing_universe
00140061,2020,티케이지애강,,20200514,20200514000680,,022220,K,Q1,historical_dart_periodic_filing_universe
00140131,2020,키다리스튜디오,,20200515,20200515001560,,020120,Y,Q1,historical_dart_periodic_filing_universe
00140168,2020,HS애드,,20200515,20200515001025,,035000,Y,Q1,historical_dart_periodic_filing_universe
00140177,2020,GS리테일,,20200515,20200515002154,,007070,Y,Q1,historical_dart_periodic_filing_universe
00140566,2020,한탑,,20200515,20200515002253,,002680,K,Q1,historical_dart_periodic_filing_universe
00140779,2020,영보화학,,20200514,20200514000796,,014440,Y,Q1,historical_dart_periodic_filing_universe
00140858,2020,와이엠,,20200515,20200515001852,,007530,K,Q1,historical_dart_periodic_filing_universe
00140946,2020,한솔로지스틱스,,20200514,20200514000976,,009180,Y,Q1,historical_dart_periodic_filing_universe
00140955,2020,한솔케미칼,,20200515,20200515001053,,014680,Y,Q1,historical_dart_periodic_filing_universe
00140964,2020,영원무역홀딩스,,20200515,20200515001895,,009970,Y,Q1,historical_dart_periodic_filing_universe
00141149,2020,영진약품,,20200515,20200515001117,,003520,Y,Q1,historical_dart_periodic_filing_universe
00141246,2020,SGC E&C,,20200515,20200515001594,,016250,K,Q1,historical_dart_periodic_filing_universe
00141307,2020,영풍,,20200515,20200515001276,,000670,Y,Q1,historical_dart_periodic_filing_universe
00141389,2020,KZ정밀,,20200515,20200515000506,,036560,K,Q1,historical_dart_periodic_filing_universe
00141404,2020,블루산업개발,,20200515,20200515001534,,006740,Y,Q1,historical_dart_periodic_filing_universe
00141413,2020,영화금속,,20200515,20200515000381,,012280,Y,Q1,historical_dart_periodic_filing_universe
00141477,2020,영흥,,20200515,20200515000455,,012160,Y,Q1,historical_dart_periodic_filing_universe
00141529,2020,오뚜기,,20200515,20200515000355,,007310,Y,Q1,historical_dart_periodic_filing_universe
00141556,2020,오로라,,20200515,20200515002158,,039830,K,Q1,historical_dart_periodic_filing_universe
00141608,2020,오리엔탈정공,,20200515,20200515000031,,014940,K,Q1,historical_dart_periodic_filing_universe
00141626,2020,오리엔트바이오,,20200629,20200629000463,,002630,Y,Q1,historical_dart_periodic_filing_universe
00141671,2020,오리콤,,20200515,20200515002395,,010470,K,Q1,historical_dart_periodic_filing_universe
00141875,2020,사조오양,,20200515,20200515000743,,006090,Y,Q1,historical_dart_periodic_filing_universe
00142661,2020,우성,,20200515,20200515001697,,006980,Y,Q1,historical_dart_periodic_filing_universe
00142713,2020,형지I&C,,20200514,20200514000544,,011080,K,Q1,historical_dart_periodic_filing_universe
00142865,2020,WISCOM,,20200515,20200515000637,,024070,Y,Q1,historical_dart_periodic_filing_universe
00142883,2020,우신시스템,,20200515,20200515000858,,017370,Y,Q1,historical_dart_periodic_filing_universe
00143226,2020,엠투엔,,20200515,20200515001470,,033310,K,Q1,historical_dart_periodic_filing_universe
00143262,2020,우진아이엔에스,,20200515,20200515001018,,010400,Y,Q1,historical_dart_periodic_filing_universe
00143314,2020,에이엔피,,20200515,20200515000368,,015260,Y,Q1,historical_dart_periodic_filing_universe
00143527,2020,경동인베스트,,20200515,20200515001016,,012320,Y,Q1,historical_dart_periodic_filing_universe
00143651,2020,웅진,,20200515,20200515002402,,016880,Y,Q1,historical_dart_periodic_filing_universe
00143794,2020,원림,,20200515,20200515000697,,005820,Y,Q1,historical_dart_periodic_filing_universe
00143907,2020,원일특강,,20200515,20200515000468,,012620,K,Q1,historical_dart_periodic_filing_universe
00144012,2020,원풍,,20200514,20200514000514,,008370,K,Q1,historical_dart_periodic_filing_universe
00144021,2020,원풍물산,,20200515,20200515000722,,008290,K,Q1,historical_dart_periodic_filing_universe
00144164,2020,SK가스,,20200515,20200515002243,,018670,Y,Q1,historical_dart_periodic_filing_universe
00144243,2020,유니슨,,20200515,20200515001246,,018000,K,Q1,historical_dart_periodic_filing_universe
00144252,2020,유니온,,20200515,20200515001458,,000910,Y,Q1,historical_dart_periodic_filing_universe
00144395,2020,동서,,20200514,20200514000814,,026960,Y,Q1,historical_dart_periodic_filing_universe
00144650,2020,유신,,20200515,20200515002310,,054930,K,Q1,historical_dart_periodic_filing_universe
00144720,2020,와이투솔루션,,20200515,20200515001805,,011690,Y,Q1,historical_dart_periodic_filing_universe
00144818,2020,유유제약,,20200515,20200515001639,,000220,Y,Q1,historical_dart_periodic_filing_universe
00145109,2020,유한양행,,20200515,20200515001067,,000100,Y,Q1,historical_dart_periodic_filing_universe
00145163,2020,파미셀,,20200513,20200513000070,,005690,Y,Q1,historical_dart_periodic_filing_universe
00145190,2020,유화증권,,20200515,20200515001089,,003460,Y,Q1,historical_dart_periodic_filing_universe
00145260,2020,율촌화학,,20200514,20200514001110,,008730,Y,Q1,historical_dart_periodic_filing_universe
00145437,2020,아센디오,,20200515,20200515002697,,012170,Y,Q1,historical_dart_periodic_filing_universe
00145446,2020,이건산업,,20200515,20200515000611,,008250,Y,Q1,historical_dart_periodic_filing_universe
00145464,2020,이구산업,,20200514,20200514000560,,025820,Y,Q1,historical_dart_periodic_filing_universe
00145473,2020,이글벳,,20200515,20200515000675,,044960,K,Q1,historical_dart_periodic_filing_universe
00145552,2020,이수화학,,20200515,20200515002546,,005950,Y,Q1,historical_dart_periodic_filing_universe
00145598,2020,이연제약,,20200515,20200515002663,,102460,Y,Q1,historical_dart_periodic_filing_universe
00145668,2020,이화공영,,20200514,20200514000675,,001840,K,Q1,historical_dart_periodic_filing_universe
00145686,2020,이화산업,,20200515,20200515000971,,000760,Y,Q1,historical_dart_periodic_filing_universe
00145862,2020,인천도시가스,,20200515,20200515001110,,034590,Y,Q1,historical_dart_periodic_filing_universe
00145880,2020,현대제철,,20200515,20200515001957,,004020,Y,Q1,historical_dart_periodic_filing_universe
00145914,2020,인터엠,,20200515,20200515002274,,017250,K,Q1,historical_dart_periodic_filing_universe
00146083,2020,일동홀딩스,,20200515,20200515000387,,000230,Y,Q1,historical_dart_periodic_filing_universe
00146214,2020,일성아이에스,,20200515,20200515000487,,003120,Y,Q1,historical_dart_periodic_filing_universe
00146232,2020,일성건설,,20200515,20200515002112,,013360,Y,Q1,historical_dart_periodic_filing_universe
00146269,2020,일신방직,,20200515,20200515001012,,003200,Y,Q1,historical_dart_periodic_filing_universe
00146296,2020,일신석재,,20200515,20200515001754,,007110,Y,Q1,historical_dart_periodic_filing_universe
00146427,2020,한주에이알티,,20200515,20200515002214,,058450,K,Q1,historical_dart_periodic_filing_universe
00146436,2020,엔브이에이치코리아,,20200515,20200515001873,,067570,K,Q1,historical_dart_periodic_filing_universe
00146454,2020,일양약품,,20200515,20200515001467,,007570,Y,Q1,historical_dart_periodic_filing_universe
00146560,2020,일지테크,,20200515,20200515001422,,019540,K,Q1,historical_dart_periodic_filing_universe
00146649,2020,일진홀딩스,,20200515,20200515001140,,015860,Y,Q1,historical_dart_periodic_filing_universe
00146861,2020,자화전자,,20200515,20200515001453,,033240,Y,Q1,historical_dart_periodic_filing_universe
00147082,2020,재영솔루텍,,20200514,20200514000348,,049630,K,Q1,historical_dart_periodic_filing_universe
00147152,2020,유니크,,20200514,20200514000897,,011320,K,Q1,historical_dart_periodic_filing_universe
00147222,2020,전방,,20200515,20200515001072,,000950,Y,Q1,historical_dart_periodic_filing_universe
00147772,2020,정원엔시스,,20200515,20200515000519,,045510,K,Q1,historical_dart_periodic_filing_universe
00147860,2020,에스엠벡셀,,20200515,20200515002273,,010580,Y,Q1,historical_dart_periodic_filing_universe
00147994,2020,새로닉스,,20200515,20200515000285,,042600,K,Q1,historical_dart_periodic_filing_universe
00148276,2020,제일기획,,20200515,20200515000917,,030000,Y,Q1,historical_dart_periodic_filing_universe
00148364,2020,하림지주,,20200515,20200515000314,,003380,K,Q1,historical_dart_periodic_filing_universe
00148443,2020,제일파마홀딩스,,20200515,20200515000542,,002620,Y,Q1,historical_dart_periodic_filing_universe
00148461,2020,제일연마,,20200515,20200515000034,,001560,Y,Q1,historical_dart_periodic_filing_universe
00148470,2020,제일일렉트릭,,20210319,20210319000380,,199820,K,FY,historical_dart_periodic_filing_universe
00148522,2020,퍼스텍,,20200515,20200515001456,,010820,Y,Q1,historical_dart_periodic_filing_universe
00148531,2020,제이스코홀딩스,,20200515,20200515001623,,023440,K,Q1,historical_dart_periodic_filing_universe
00148540,2020,CJ,,20200515,20200515000721,,001040,Y,Q1,historical_dart_periodic_filing_universe
00148595,2020,제일테크노스,,20200515,20200515001177,,038010,K,Q1,historical_dart_periodic_filing_universe
00148610,2020,한화투자증권,,20200515,20200515000970,,003530,Y,Q1,historical_dart_periodic_filing_universe
00148832,2020,제주은행,,20200515,20200515001767,,006220,Y,Q1,historical_dart_periodic_filing_universe
00148896,2020,OCI홀딩스,,20200514,20200514000988,,010060,Y,Q1,historical_dart_periodic_filing_universe
00148920,2020,조광페인트,,20200515,20200515000636,,004910,Y,Q1,historical_dart_periodic_filing_universe
00148939,2020,조광피혁,,20200514,20200514000867,,004700,Y,Q1,historical_dart_periodic_filing_universe
00148948,2020,조비,,20200515,20200515000701,,001550,Y,Q1,historical_dart_periodic_filing_universe
00148984,2020,시알홀딩스,,20200514,20200514001170,,000480,Y,Q1,historical_dart_periodic_filing_universe
00148993,2020,하이트진로홀딩스,,20200515,20200515000482,,000140,Y,Q1,historical_dart_periodic_filing_universe
00149026,2020,CS홀딩스,,20200515,20200515000916,,000590,Y,Q1,historical_dart_periodic_filing_universe
00149239,2020,조일알미늄,,20200515,20200515001491,,018470,Y,Q1,historical_dart_periodic_filing_universe
00149345,2020,조흥,,20200515,20200515000155,,002600,Y,Q1,historical_dart_periodic_filing_universe
00149354,2020,종근당홀딩스,,20200515,20200515001139,,001630,Y,Q1,historical_dart_periodic_filing_universe
00149594,2020,한국캐피탈,,20200515,20200515000167,,023760,K,Q1,historical_dart_periodic_filing_universe
00149646,2020,기업은행,,20200515,20200515002364,,024110,Y,Q1,historical_dart_periodic_filing_universe
00149655,2020,삼성물산,,20200515,20200515001949,,028260,Y,Q1,historical_dart_periodic_filing_universe
00149770,2020,중앙에너비스,,20200514,20200514000676,,000440,K,Q1,historical_dart_periodic_filing_universe
00149804,2020,디와이에이,,20200515,20200515001205,,002880,Y,Q1,historical_dart_periodic_filing_universe
00149947,2020,JW중외제약,,20200515,20200515002424,,001060,Y,Q1,historical_dart_periodic_filing_universe
00150165,2020,브이티,,20200515,20200515001183,,018290,K,Q1,historical_dart_periodic_filing_universe
00150244,2020,하이트진로,,20200515,20200515000483,,000080,Y,Q1,historical_dart_periodic_filing_universe
00150439,2020,진양산업,,20200515,20200515000457,,003780,Y,Q1,historical_dart_periodic_filing_universe
00150536,2020,진양제약,,20200515,20200515001328,,007370,K,Q1,historical_dart_periodic_filing_universe
00150633,2020,지누스,,20200515,20200515001475,,013890,Y,Q1,historical_dart_periodic_filing_universe
00150828,2020,진흥기업,,20200513,20200513000888,,002780,Y,Q1,historical_dart_periodic_filing_universe
00151128,2020,모토닉,,20200515,20200515000846,,009680,Y,Q1,historical_dart_periodic_filing_universe
00151298,2020,DSR제강,,20200514,20200514000901,,069730,Y,Q1,historical_dart_periodic_filing_universe
00151368,2020,인터지스,,20200515,20200515000902,,129260,Y,Q1,historical_dart_periodic_filing_universe
00151395,2020,천일고속,,20200515,20200515001540,,000650,Y,Q1,historical_dart_periodic_filing_universe
00151605,2020,청보,,20200515,20200515000016,,013720,K,Q1,historical_dart_periodic_filing_universe
00152039,2020,SG글로벌,,20200515,20200515001227,,001380,Y,Q1,historical_dart_periodic_filing_universe
00152127,2020,심텍홀딩스,,20200513,20200513000651,,036710,K,Q1,historical_dart_periodic_filing_universe
00152260,2020,카스,,20200515,20200515001052,,016920,K,Q1,historical_dart_periodic_filing_universe
00152385,2020,에이프로젠,,20200515,20200515000734,,007460,Y,Q1,historical_dart_periodic_filing_universe
00152437,2020,케이프,,20200515,20200515001921,,064820,K,Q1,historical_dart_periodic_filing_universe
00152589,2020,코리아나,,20200515,20200515001200,,027050,K,Q1,historical_dart_periodic_filing_universe
00152686,2020,코리아써키트,,20200515,20200515001556,,007810,Y,Q1,historical_dart_periodic_filing_universe
00152729,2020,광전자,,20200515,20200515001057,,017900,Y,Q1,historical_dart_periodic_filing_universe
00152783,2020,코메론,,20200514,20200514000994,,049430,K,Q1,historical_dart_periodic_filing_universe
00152862,2020,코오롱,,20200515,20200515002392,,002020,Y,Q1,historical_dart_periodic_filing_universe
00152880,2020,코오롱글로벌,,20200515,20200515002379,,003070,Y,Q1,historical_dart_periodic_filing_universe
00153126,2020,크라운해태홀딩스,,20200515,20200515001555,,005740,Y,Q1,historical_dart_periodic_filing_universe
00153278,2020,서연탑메탈,,20200515,20200515001375,,019770,K,Q1,historical_dart_periodic_filing_universe
00153339,2020,태경산업,,20200515,20200515001906,,015890,Y,Q1,historical_dart_periodic_filing_universe
00153375,2020,태광,,20200515,20200515000575,,023160,K,Q1,historical_dart_periodic_filing_universe
00153393,2020,태광산업,,20200515,20200515000851,,003240,Y,Q1,historical_dart_periodic_filing_universe
00153524,2020,태림포장,,20200515,20200515001982,,011280,Y,Q1,historical_dart_periodic_filing_universe
00153621,2020,참엔지니어링,,20200514,20200514000410,,009310,Y,Q1,historical_dart_periodic_filing_universe
00153755,2020,태양금속공업,,20200615,20200615000256,,004100,Y,Q1,historical_dart_periodic_filing_universe
00153861,2020,태영건설,,20200515,20200515002445,,009410,Y,Q1,historical_dart_periodic_filing_universe
00154055,2020,태원물산,,20200515,20200515001125,,001420,Y,Q1,historical_dart_periodic_filing_universe
00154329,2020,TP,,20200515,20200515001393,,007980,Y,Q1,historical_dart_periodic_filing_universe
00154462,2020,아모레퍼시픽홀딩스,,20200515,20200515001372,,002790,Y,Q1,historical_dart_periodic_filing_universe
00154718,2020,비츠로셀,,20200507,20200507000014,,082920,K,Q1,historical_dart_periodic_filing_universe
00155124,2020,평화홀딩스,,20200615,20200615000280,,010770,Y,Q1,historical_dart_periodic_filing_universe
00155151,2020,피에이치에이,,20200615,20200615000195,,043370,K,Q1,historical_dart_periodic_filing_universe
00155212,2020,포스코DX,,20200514,20200514001141,,022100,Y,Q1,historical_dart_periodic_filing_universe
00155258,2020,포스코스틸리온,,20200515,20200515001111,,058430,Y,Q1,historical_dart_periodic_filing_universe
00155276,2020,포스코퓨처엠,,20200515,20200515002326,,003670,Y,Q1,historical_dart_periodic_filing_universe
00155319,2020,POSCO홀딩스,,20200515,20200515002043,,005490,Y,Q1,historical_dart_periodic_filing_universe
00155355,2020,풀무원,,20200515,20200515001902,,017810,Y,Q1,historical_dart_periodic_filing_universe
00155452,2020,풍국주정,,20200514,20200514000394,,023900,K,Q1,historical_dart_periodic_filing_universe
00155531,2020,풍산홀딩스,,20200515,20200515001656,,005810,Y,Q1,historical_dart_periodic_filing_universe
00155586,2020,HLB이노베이션,,20200629,20200629000377,,024850,K,Q1,historical_dart_periodic_filing_universe
00155638,2020,피에스텍,,20200515,20200515001007,,002230,K,Q1,historical_dart_periodic_filing_universe
00155692,2020,우리엔터프라이즈,,20200515,20200515000424,,037400,K,Q1,historical_dart_periodic_filing_universe
00155735,2020,피제이전자,,20200514,20200514000501,,006140,K,Q1,historical_dart_periodic_filing_universe
00155948,2020,로젠,,20200515,20200515002105,,033290,K,Q1,historical_dart_periodic_filing_universe
00156150,2020,엑시큐어하이트론,,20200515,20200515000356,,019490,Y,Q1,historical_dart_periodic_filing_universe
00156354,2020,지엠비코리아,,20200515,20200515001657,,013870,Y,Q1,historical_dart_periodic_filing_universe
00156442,2020,한국가구,,20200515,20200515001578,,004590,K,Q1,historical_dart_periodic_filing_universe
00156488,2020,휴스틸,,20200515,20200515002588,,005010,Y,Q1,historical_dart_periodic_filing_universe
00156691,2020,한국공항,,20200515,20200515002504,,005430,Y,Q1,historical_dart_periodic_filing_universe
00156859,2020,다올투자증권,,20200515,20200515001114,,030210,Y,Q1,historical_dart_periodic_filing_universe
00156895,2020,아주IB투자,,20200515,20200515002489,,027360,K,Q1,historical_dart_periodic_filing_universe
00156910,2020,SBI인베스트먼트,,20200513,20200513000377,,019550,K,Q1,historical_dart_periodic_filing_universe
00156956,2020,한국기업평가,,20200515,20200515001798,,034950,K,Q1,historical_dart_periodic_filing_universe
00157070,2020,한국단자공업,,20200515,20200515002259,,025540,Y,Q1,historical_dart_periodic_filing_universe
00157399,2020,한솔테크닉스,,20200511,20200511000269,,004710,Y,Q1,historical_dart_periodic_filing_universe
00157539,2020,KB오토시스,,20200515,20200515001267,,024120,K,Q1,historical_dart_periodic_filing_universe
00157636,2020,케이피에프,,20200515,20200515002097,,024880,K,Q1,historical_dart_periodic_filing_universe
00157681,2020,롯데정밀화학,,20200515,20200515000872,,004000,Y,Q1,historical_dart_periodic_filing_universe
00157991,2020,한국석유공업,,20200515,20200515001295,,004090,Y,Q1,historical_dart_periodic_filing_universe
00158015,2020,한국선재,,20200515,20200515001349,,025550,K,Q1,historical_dart_periodic_filing_universe
00158024,2020,KBI메탈,,20200514,20200514000877,,024840,K,Q1,historical_dart_periodic_filing_universe
00158112,2020,한국수출포장공업,,20200515,20200515001406,,002200,Y,Q1,historical_dart_periodic_filing_universe
00158149,2020,한국쉘석유,,20200515,20200515001976,,002960,Y,Q1,historical_dart_periodic_filing_universe
00158219,2020,시그네틱스,,20200515,20200515001488,,033170,K,Q1,historical_dart_periodic_filing_universe
00158307,2020,롯데하이마트,,20200515,20200515001800,,071840,Y,Q1,historical_dart_periodic_filing_universe
00158316,2020,NICE,,20200515,20200515002300,,034310,Y,Q1,historical_dart_periodic_filing_universe
00158325,2020,NICE평가정보,,20200515,20200515000742,,030190,Y,Q1,historical_dart_periodic_filing_universe
00158501,2020,에스원,,20200515,20200515002521,,012750,Y,Q1,historical_dart_periodic_filing_universe
00158565,2020,한국알콜,,20200515,20200515000136,,017890,K,Q1,historical_dart_periodic_filing_universe
00158963,2020,유나이티드,,20200514,20200514000807,,033270,Y,Q1,historical_dart_periodic_filing_universe
00159023,2020,SK텔레콤,,20200515,20200515002457,,017670,Y,Q1,historical_dart_periodic_filing_universe
00159102,2020,DB손해보험,,20200515,20200515001872,,005830,Y,Q1,historical_dart_periodic_filing_universe
00159193,2020,한국전력공사,,20200515,20200515001923,,015760,Y,Q1,historical_dart_periodic_filing_universe
00159209,2020,한전기술,,20200515,20200515000561,,052690,Y,Q1,historical_dart_periodic_filing_universe
00159218,2020,한전KPS,,20200515,20200515000870,,051600,Y,Q1,historical_dart_periodic_filing_universe
00159254,2020,한국전자홀딩스,,20200515,20200515002757,,006200,Y,Q1,historical_dart_periodic_filing_universe
00159342,2020,한국정보통신,,20200515,20200515000396,,025770,K,Q1,historical_dart_periodic_filing_universe
00159500,2020,한국종합기술,,20200515,20200515000828,,023350,Y,Q1,historical_dart_periodic_filing_universe
00159564,2020,한국주강,,20200515,20200515000661,,025890,Y,Q1,historical_dart_periodic_filing_universe
00159573,2020,한국주철관공업,,20200629,20200629000304,,000970,Y,Q1,historical_dart_periodic_filing_universe
00159616,2020,두산에너빌리티,,20200515,20200515002634,,034020,Y,Q1,historical_dart_periodic_filing_universe
00159698,2020,지역난방공사,,20200515,20200515001761,,071320,Y,Q1,historical_dart_periodic_filing_universe
00159731,2020,글로본,,20200515,20200515001322,,019660,K,Q1,historical_dart_periodic_filing_universe
00159740,2020,KISCO홀딩스,,20200515,20200515000822,,001940,Y,Q1,historical_dart_periodic_filing_universe
00159786,2020,유니드,,20200515,20200515000533,,014830,Y,Q1,historical_dart_periodic_filing_universe
00159795,2020,한국카본,,20200515,20200515001866,,017960,Y,Q1,historical_dart_periodic_filing_universe
00159810,2020,카프로,,20200513,20200513000465,,006380,Y,Q1,historical_dart_periodic_filing_universe
00159971,2020,KC그린홀딩스,,20200515,20200515000880,,009440,Y,Q1,historical_dart_periodic_filing_universe
00160010,2020,한국큐빅,,20200515,20200515000335,,021650,K,Q1,historical_dart_periodic_filing_universe
00160047,2020,한국앤컴퍼니,,20200515,20200515002660,,000240,Y,Q1,historical_dart_periodic_filing_universe
00160205,2020,한국내화,,20200515,20200515000802,,010040,Y,Q1,historical_dart_periodic_filing_universe
00160232,2020,KSS해운,,20200515,20200515000478,,044450,Y,Q1,historical_dart_periodic_filing_universe
00160302,2020,코스모화학,,20200515,20200515001248,,005420,Y,Q1,historical_dart_periodic_filing_universe
00160375,2020,진양폴리우레탄,,20200515,20200515000291,,010640,Y,Q1,historical_dart_periodic_filing_universe
00160418,2020,한국무브넥스,,20200515,20200515000974,,010100,Y,Q1,historical_dart_periodic_filing_universe
00160588,2020,한화,,20200515,20200515001956,,000880,Y,Q1,historical_dart_periodic_filing_universe
00160621,2020,한국화장품제조,,20200515,20200515000616,,003350,Y,Q1,historical_dart_periodic_filing_universe
00160843,2020,DB하이텍,,20200515,20200515001030,,000990,Y,Q1,historical_dart_periodic_filing_universe
00160861,2020,한농화성,,20200514,20200514000186,,011500,Y,Q1,historical_dart_periodic_filing_universe
00161046,2020,한독,,20200514,20200514000131,,002390,Y,Q1,historical_dart_periodic_filing_universe
00161116,2020,HL D&I,,20200514,20200514001003,,014790,Y,Q1,historical_dart_periodic_filing_universe
00161125,2020,한온시스템,,20200515,20200515001938,,018880,Y,Q1,historical_dart_periodic_filing_universe
00161383,2020,한미반도체,,20200515,20200515000051,,042700,Y,Q1,historical_dart_periodic_filing_universe
00161426,2020,한미사이언스,,20200515,20200515002053,,008930,Y,Q1,historical_dart_periodic_filing_universe
00161462,2020,에이티넘인베스트,,20200515,20200515001407,,021080,K,Q1,historical_dart_periodic_filing_universe
00161693,2020,한샘,,20200515,20200515001806,,009240,Y,Q1,historical_dart_periodic_filing_universe
00161709,2020,퍼시스,,20200515,20200515002058,,016800,Y,Q1,historical_dart_periodic_filing_universe
00161781,2020,아난티,,20200515,20200515002128,,025980,K,Q1,historical_dart_periodic_filing_universe
00161860,2020,한성기업,,20200515,20200515000739,,003680,Y,Q1,historical_dart_periodic_filing_universe
00161976,2020,한세예스24홀딩스,,20200515,20200515002533,,016450,Y,Q1,historical_dart_periodic_filing_universe
00162063,2020,한신공영,,20200514,20200514000937,,004960,Y,Q1,historical_dart_periodic_filing_universe
00162072,2020,한신기계공업,,20200515,20200515002750,,011700,Y,Q1,historical_dart_periodic_filing_universe
00162416,2020,한양증권,,20200514,20200514000771,,001750,Y,Q1,historical_dart_periodic_filing_universe
00162461,2020,한화솔루션,,20200515,20200515002677,,009830,Y,Q1,historical_dart_periodic_filing_universe
00162586,2020,한올바이오파마,,20200515,20200515000883,,009420,Y,Q1,historical_dart_periodic_filing_universe
00162832,2020,한일단조,,20200514,20200514000610,,024740,K,Q1,historical_dart_periodic_filing_universe
00162911,2020,한일사료,,20200514,20200514000733,,005860,K,Q1,historical_dart_periodic_filing_universe
00162993,2020,한일홀딩스,,20200515,20200515002252,,003300,Y,Q1,historical_dart_periodic_filing_universe
00163114,2020,서연,,20200515,20200515002021,,007860,Y,Q1,historical_dart_periodic_filing_universe
00163196,2020,한일철강,,20200515,20200515001702,,002220,Y,Q1,historical_dart_periodic_filing_universe
00163318,2020,모헨즈,,20200515,20200515000798,,006920,K,Q1,historical_dart_periodic_filing_universe
00163345,2020,DB,,20200514,20200514000820,,012030,Y,Q1,historical_dart_periodic_filing_universe
00163512,2020,한진,,20200515,20200515002307,,002320,Y,Q1,historical_dart_periodic_filing_universe
00163673,2020,한진중공업홀딩스,,20200515,20200515001765,,003480,Y,Q1,historical_dart_periodic_filing_universe
00163691,2020,유수홀딩스,,20200515,20200515002658,,000700,Y,Q1,historical_dart_periodic_filing_universe
00163716,2020,한창,,20200515,20200515001196,,005110,Y,Q1,historical_dart_periodic_filing_universe
00163761,2020,한창제지,,20200515,20200515001046,,009460,Y,Q1,historical_dart_periodic_filing_universe
00164478,2020,현대건설,,20200515,20200515001715,,000720,Y,Q1,historical_dart_periodic_filing_universe
00164502,2020,현대공업,,20200515,20200515000133,,170030,K,Q1,historical_dart_periodic_filing_universe
00164618,2020,현대사료,,20200514,20200514000271,,016790,K,Q1,historical_dart_periodic_filing_universe
00164636,2020,HDC,,20200515,20200515001892,,012630,Y,Q1,historical_dart_periodic_filing_universe
00164645,2020,HMM,,20200515,20200515002219,,011200,Y,Q1,historical_dart_periodic_filing_universe
00164724,2020,현대엘리베이터,,20200515,20200515002328,,017800,Y,Q1,historical_dart_periodic_filing_universe
00164742,2020,현대자동차,,20200515,20200515002179,,005380,Y,Q1,historical_dart_periodic_filing_universe
00164779,2020,SK하이닉스,,20200515,20200515002346,,000660,Y,Q1,historical_dart_periodic_filing_universe
00164788,2020,현대모비스,,20200515,20200515000867,,012330,Y,Q1,historical_dart_periodic_filing_universe
00164812,2020,현대코퍼레이션,,20200515,20200515001827,,011760,Y,Q1,historical_dart_periodic_filing_universe
00164830,2020,HD한국조선해양,,20200515,20200515001630,,009540,Y,Q1,historical_dart_periodic_filing_universe
00164973,2020,현대해상,,20200515,20200515001974,,001450,Y,Q1,historical_dart_periodic_filing_universe
00165060,2020,하이록코리아,,20200515,20200515000401,,013030,K,Q1,historical_dart_periodic_filing_universe
00165103,2020,푸드웰,,20200513,20200513000344,,005670,K,Q1,historical_dart_periodic_filing_universe
00165343,2020,혜인,,20200515,20200515001214,,003010,Y,Q1,historical_dart_periodic_filing_universe
00165413,2020,롯데케미칼,,20200515,20200515001484,,011170,Y,Q1,historical_dart_periodic_filing_universe
00165583,2020,E1,,20200515,20200515002024,,017940,Y,Q1,historical_dart_periodic_filing_universe
00165680,2020,호텔신라,,20200515,20200515002068,,008770,Y,Q1,historical_dart_periodic_filing_universe
00166175,2020,대호특수강,,20200515,20200515001887,,021040,K,Q1,historical_dart_periodic_filing_universe
00166227,2020,화승인더스트리,,20200514,20200514001061,,006060,Y,Q1,historical_dart_periodic_filing_universe
00166272,2020,화승코퍼레이션,,20200515,20200515000321,,013520,Y,Q1,historical_dart_periodic_filing_universe
00166315,2020,화신,,20200515,20200515001681,,010690,Y,Q1,historical_dart_periodic_filing_universe
00166500,2020,화천기계,,20200515,20200515001362,,010660,Y,Q1,historical_dart_periodic_filing_universe
00166519,2020,화천기공,,20200611,20200611000131,,000850,Y,Q1,historical_dart_periodic_filing_universe
00166528,2020,서암기계공업,,20200513,20200513000224,,100660,K,Q1,historical_dart_periodic_filing_universe
00166573,2020,환인제약,,20200528,20200528000105,,016580,Y,Q1,historical_dart_periodic_filing_universe
00167004,2020,흥구석유,,20200512,20200512000407,,024060,K,Q1,historical_dart_periodic_filing_universe
00167031,2020,흥국,,20200515,20200515000443,,010240,K,Q1,historical_dart_periodic_filing_universe
00167192,2020,넥센,,20200515,20200515001247,,005720,Y,Q1,historical_dart_periodic_filing_universe
00167208,2020,흥아해운,,20200515,20200515000816,,003280,Y,Q1,historical_dart_periodic_filing_universe
00168331,2020,온타이드,,20200515,20200515001619,,005320,Y,Q1,historical_dart_periodic_filing_universe
00168401,2020,금비,,20200515,20200515002240,,008870,Y,Q1,historical_dart_periodic_filing_universe
00169048,2020,HLB글로벌,,20200515,20200515002561,,003580,Y,Q1,historical_dart_periodic_filing_universe
00169215,2020,에너토크,,20200515,20200515000193,,019990,K,Q1,historical_dart_periodic_filing_universe
00170026,2020,시공테크,,20200515,20200515000205,,020710,K,Q1,historical_dart_periodic_filing_universe
00170558,2020,코웨이,,20200515,20200515001781,,021240,Y,Q1,historical_dart_periodic_filing_universe
00170877,2020,진로발효,,20200515,20200515001441,,018120,K,Q1,historical_dart_periodic_filing_universe
00171265,2020,파라다이스,,20200515,20200515001521,,034230,Y,Q1,historical_dart_periodic_filing_universe
00171636,2020,한솔홀딩스,,20200515,20200515001358,,004150,Y,Q1,historical_dart_periodic_filing_universe
00171867,2020,에스씨디,,20200514,20200514001037,,042110,K,Q1,historical_dart_periodic_filing_universe
00172079,2020,HLB파나진,,20200515,20200515001905,,046210,K,Q1,historical_dart_periodic_filing_universe
00172185,2020,남성,,20200515,20200515001831,,004270,Y,Q1,historical_dart_periodic_filing_universe
00172228,2020,엔케이,,20200515,20200515000534,,085310,Y,Q1,historical_dart_periodic_filing_universe
00172680,2020,동국산업,,20200515,20200515001867,,005160,K,Q1,historical_dart_periodic_filing_universe
00172936,2020,동일산업,,20200515,20200515002515,,004890,Y,Q1,historical_dart_periodic_filing_universe
00172945,2020,동일스틸럭스,,20200515,20200515001154,,023790,K,Q1,historical_dart_periodic_filing_universe
00173032,2020,동화기업,,20200515,20200515002005,,025900,K,Q1,historical_dart_periodic_filing_universe
00173078,2020,명신산업,,20210319,20210319001395,,009900,Y,FY,historical_dart_periodic_filing_universe
00173102,2020,모나리자,,20200515,20200515000631,,012690,Y,Q1,historical_dart_periodic_filing_universe
00173351,2020,삼진,,20200515,20200515002187,,032750,K,Q1,historical_dart_periodic_filing_universe
00173449,2020,빌리언스,,20200515,20200515000577,,044480,K,Q1,historical_dart_periodic_filing_universe
00173591,2020,세원물산,,20200515,20200515000513,,024830,K,Q1,historical_dart_periodic_filing_universe
00173698,2020,신일전자,,20200515,20200515001429,,002700,Y,Q1,historical_dart_periodic_filing_universe
00173795,2020,신흥,,20200515,20200515000768,,004080,Y,Q1,historical_dart_periodic_filing_universe
00173874,2020,넥센타이어,,20200515,20200515002393,,002350,Y,Q1,historical_dart_periodic_filing_universe
00173944,2020,우진,,20200515,20200515000688,,105840,Y,Q1,historical_dart_periodic_filing_universe
00173999,2020,유성티엔에스,,20200515,20200515002549,,024800,K,Q1,historical_dart_periodic_filing_universe
00174004,2020,유성기업,,20200515,20200515000807,,002920,Y,Q1,historical_dart_periodic_filing_universe
00174208,2020,진성티이씨,,20200515,20200515001687,,036890,K,Q1,historical_dart_periodic_filing_universe
00174527,2020,HS화성,,20200515,20200515002606,,002460,Y,Q1,historical_dart_periodic_filing_universe
00175173,2020,오스템,,20200515,20200515000208,,031510,K,Q1,historical_dart_periodic_filing_universe
00175623,2020,ES큐브,,20200515,20200515001175,,050120,K,Q1,historical_dart_periodic_filing_universe
00176516,2020,금화피에스시,,20200514,20200514001106,,036190,K,Q1,historical_dart_periodic_filing_universe
00176835,2020,NH농우바이오,,20200515,20200515000757,,054050,K,Q1,historical_dart_periodic_filing_universe
00176914,2020,다우기술,,20200515,20200515002691,,023590,Y,Q1,historical_dart_periodic_filing_universe
00177199,2020,디씨엠,,20200513,20200513000729,,024090,Y,Q1,historical_dart_periodic_filing_universe
00177320,2020,대성미생물,,20200514,20200514000153,,036480,K,Q1,historical_dart_periodic_filing_universe
00177816,2020,대주전자재료,,20200513,20200513000777,,078600,K,Q1,historical_dart_periodic_filing_universe
00177870,2020,대창솔루션,,20200515,20200515002525,,096350,K,Q1,historical_dart_periodic_filing_universe
00178754,2020,동아지질,,20200515,20200515002081,,028100,Y,Q1,historical_dart_periodic_filing_universe
00178790,2020,동양이엔피,,20200515,20200515001181,,079960,K,Q1,historical_dart_periodic_filing_universe
00178851,2020,동양에스텍,,20200515,20200515001880,,060380,K,Q1,historical_dart_periodic_filing_universe
00180263,2020,리더스코스메틱,,20200515,20200515002264,,016100,K,Q1,historical_dart_periodic_filing_universe
00180795,2020,인팩,,20200515,20200515001505,,023810,Y,Q1,historical_dart_periodic_filing_universe
00180865,2020,디에이치엑스컴퍼니,,20200515,20200515002368,,031860,K,Q1,historical_dart_periodic_filing_universe
00181299,2020,상아프론테크,,20200515,20200515000556,,089980,K,Q1,historical_dart_periodic_filing_universe
00181712,2020,SK,,20200515,20200515002565,,034730,Y,Q1,historical_dart_periodic_filing_universe
00181943,2020,에스제이엠홀딩스,,20200515,20200515001231,,025530,Y,Q1,historical_dart_periodic_filing_universe
00184667,2020,유진기업,,20200515,20200515002516,,023410,K,Q1,historical_dart_periodic_filing_universe
00184889,2020,이건홀딩스,,20200515,20200515000649,,039020,K,Q1,historical_dart_periodic_filing_universe
00185046,2020,SM C&C,,20200515,20200515001394,,048550,K,Q1,historical_dart_periodic_filing_universe
00185222,2020,크린앤사이언스,,20200515,20200515000132,,045520,K,Q1,historical_dart_periodic_filing_universe
00185356,2020,제룡전기,,20200514,20200514000692,,033100,K,Q1,historical_dart_periodic_filing_universe
00186452,2020,광무,,20200515,20200515002159,,029480,K,Q1,historical_dart_periodic_filing_universe
00186559,2020,아이티센씨티에스,,20200512,20200512000787,,031820,Y,Q1,historical_dart_periodic_filing_universe
00186717,2020,태양,,20200514,20200514000195,,053620,K,Q1,historical_dart_periodic_filing_universe
00186799,2020,태웅,,20200515,20200515002236,,044490,K,Q1,historical_dart_periodic_filing_universe
00186939,2020,특수건설,,20200515,20200515002680,,026150,K,Q1,historical_dart_periodic_filing_universe
00187415,2020,코미팜,,20200514,20200514000932,,041960,K,Q1,historical_dart_periodic_filing_universe
00187725,2020,코콤,,20200515,20200515002371,,015710,K,Q1,historical_dart_periodic_filing_universe
00187770,2020,한국파마,,20201113,20201113000167,,032300,K,Q3,historical_dart_periodic_filing_universe
00188089,2020,한섬,,20200515,20200515002621,,020000,Y,Q1,historical_dart_periodic_filing_universe
00188797,2020,포메탈,,20200514,20200514001084,,119500,K,Q1,historical_dart_periodic_filing_universe
00188973,2020,화일약품,,20200515,20200515001864,,061250,K,Q1,historical_dart_periodic_filing_universe
00189538,2020,피델릭스,,20200513,20200513000700,,032580,K,Q1,historical_dart_periodic_filing_universe
00190321,2020,케이티,,20200515,20200515002734,,030200,Y,Q1,historical_dart_periodic_filing_universe
00190756,2020,와이엔텍,,20200511,20200511000077,,067900,K,Q1,historical_dart_periodic_filing_universe
00191287,2020,대동금속,,20200515,20200515000572,,020400,K,Q1,historical_dart_periodic_filing_universe
00191472,2020,KPX케미칼,,20200515,20200515001718,,025000,Y,Q1,historical_dart_periodic_filing_universe
00191588,2020,삼원강재,,20200515,20200515000242,,023000,Y,Q1,historical_dart_periodic_filing_universe
00192499,2020,팜스토리,,20200515,20200515002543,,027710,K,Q1,historical_dart_periodic_filing_universe
00194947,2020,한전산업,,20200515,20200515001646,,130660,Y,Q1,historical_dart_periodic_filing_universe
00195229,2020,미스토홀딩스,,20200515,20200515001641,,081660,Y,Q1,historical_dart_periodic_filing_universe
00197759,2020,미래산업,,20200515,20200515000550,,025560,Y,Q1,historical_dart_periodic_filing_universe
00198192,2020,한국팩키지,,20200515,20200515002100,,037230,K,Q1,historical_dart_periodic_filing_universe
00198697,2020,일진디스플,,20200515,20200515001370,,020760,Y,Q1,historical_dart_periodic_filing_universe
00199076,2020,동일기연,,20200515,20200515000707,,032960,K,Q1,historical_dart_periodic_filing_universe
00199252,2020,HLB,,20200508,20200508000859,,028300,K,Q1,historical_dart_periodic_filing_universe
00199988,2020,SY동아,,20200525,20200525000081,,041930,K,Q1,historical_dart_periodic_filing_universe
00200275,2020,YTN,,20200514,20200514001067,,040300,K,Q1,historical_dart_periodic_filing_universe
00200910,2020,아이즈비전,,20200515,20200515000998,,031310,K,Q1,historical_dart_periodic_filing_universe
00201131,2020,아즈텍WB,,20200515,20200515000667,,032080,K,Q1,historical_dart_periodic_filing_universe
00201432,2020,비츠로시스,,20200619,20200619000534,,054220,K,Q1,historical_dart_periodic_filing_universe
00201733,2020,TJ미디어,,20200514,20200514000590,,032540,K,Q1,historical_dart_periodic_filing_universe
00201742,2020,유라테크,,20200515,20200515002060,,048430,K,Q1,historical_dart_periodic_filing_universe
00202060,2020,구영테크,,20200514,20200514000601,,053270,K,Q1,historical_dart_periodic_filing_universe
00202839,2020,한창산업,,20200515,20200515001199,,079170,K,Q1,historical_dart_periodic_filing_universe
00203023,2020,시노펙스,,20200515,20200515000978,,025320,K,Q1,historical_dart_periodic_filing_universe
00203209,2020,에쎈테크,,20200515,20200515001173,,043340,K,Q1,historical_dart_periodic_filing_universe
00203290,2020,콜마홀딩스,,20200514,20200514001025,,024720,Y,Q1,historical_dart_periodic_filing_universe
00203315,2020,콘텐트리중앙,,20200515,20200515001253,,036420,Y,Q1,historical_dart_periodic_filing_universe
00203582,2020,한솔홈데코,,20200515,20200515001903,,025750,Y,Q1,historical_dart_periodic_filing_universe
00203847,2020,국일신동,,20200514,20200514000561,,060480,K,Q1,historical_dart_periodic_filing_universe
00204208,2020,마니커,,20200515,20200515001691,,027740,Y,Q1,historical_dart_periodic_filing_universe
00204226,2020,소프트센,,20200513,20200513000837,,032680,K,Q1,historical_dart_periodic_filing_universe
00204262,2020,한컴,,20200515,20200515001636,,030520,K,Q1,historical_dart_periodic_filing_universe
00204642,2020,티비씨,,20200515,20200515000164,,033830,K,Q1,historical_dart_periodic_filing_universe
00205003,2020,좋은사람들,,20200515,20200515001679,,033340,K,Q1,historical_dart_periodic_filing_universe
00205687,2020,더라미,,20200515,20200515001308,,032860,K,Q1,historical_dart_periodic_filing_universe
00206039,2020,경남스틸,,20200515,20200515001019,,039240,K,Q1,historical_dart_periodic_filing_universe
00206659,2020,이랜텍,,20200609,20200609000131,,054210,K,Q1,historical_dart_periodic_filing_universe
00206686,2020,케이피엠테크,,20200515,20200515001473,,042040,K,Q1,historical_dart_periodic_filing_universe
00207375,2020,대한뉴팜,,20200512,20200512000530,,054670,K,Q1,historical_dart_periodic_filing_universe
00208134,2020,KNN,,20200515,20200515000187,,058400,K,Q1,historical_dart_periodic_filing_universe
00208444,2020,피에스케이홀딩스,,20200515,20200515002468,,031980,K,Q1,historical_dart_periodic_filing_universe
00209780,2020,케이씨,,20200515,20200515002066,,029460,Y,Q1,historical_dart_periodic_filing_universe
00210740,2020,대화제약,,20200514,20200514000483,,067080,K,Q1,historical_dart_periodic_filing_universe
00210856,2020,코아스,,20200515,20200515000157,,071950,Y,Q1,historical_dart_periodic_filing_universe
00210980,2020,원익,,20200515,20200515001364,,032940,K,Q1,historical_dart_periodic_filing_universe
00216027,2020,바이넥스,,20200515,20200515000184,,053030,K,Q1,historical_dart_periodic_filing_universe
00216434,2020,체리부로,,20200515,20200515002396,,066360,K,Q1,historical_dart_periodic_filing_universe
00216498,2020,성도이엔지,,20200515,20200515001447,,037350,K,Q1,historical_dart_periodic_filing_universe
00216647,2020,원익홀딩스,,20200515,20200515002427,,030530,K,Q1,historical_dart_periodic_filing_universe
00216762,2020,한양이엔지,,20200513,20200513000066,,045100,K,Q1,historical_dart_periodic_filing_universe
00217743,2020,화성밸브,,20200514,20200514001001,,039610,K,Q1,historical_dart_periodic_filing_universe
00218575,2020,황금에스티,,20200515,20200515000547,,032560,Y,Q1,historical_dart_periodic_filing_universe
00219097,2020,BGF,,20200515,20200515001744,,027410,Y,Q1,historical_dart_periodic_filing_universe
00219361,2020,해성산업,,20200511,20200511000350,,034810,K,Q1,historical_dart_periodic_filing_universe
00219440,2020,휴맥스홀딩스,,20200515,20200515002375,,028080,K,Q1,historical_dart_periodic_filing_universe
00219486,2020,신세계I&C,,20200515,20200515002428,,035510,Y,Q1,historical_dart_periodic_filing_universe
00219574,2020,코스맥스비티아이,,20200515,20200515001711,,044820,Y,Q1,historical_dart_periodic_filing_universe
00219848,2020,서희건설,,20200514,20200514000548,,035890,K,Q1,historical_dart_periodic_filing_universe
00220057,2020,GC메디아이,,20200515,20200515000723,,032620,K,Q1,historical_dart_periodic_filing_universe
00220109,2020,알파AI,,20200514,20200514000545,,043100,K,Q1,historical_dart_periodic_filing_universe
00220561,2020,광주신세계,,20200515,20200515002627,,037710,Y,Q1,historical_dart_periodic_filing_universe
00220622,2020,서호전기,,20200515,20200515000894,,065710,K,Q1,historical_dart_periodic_filing_universe
00220686,2020,에스피지,,20200515,20200515000105,,058610,K,Q1,historical_dart_periodic_filing_universe
00220969,2020,오공,,20200514,20200514000650,,045060,K,Q1,historical_dart_periodic_filing_universe
00221728,2020,하츠,,20200515,20200515000466,,066130,K,Q1,historical_dart_periodic_filing_universe
00222435,2020,제이엠아이,,20200515,20200515000305,,033050,K,Q1,historical_dart_periodic_filing_universe
00222532,2020,LG헬로비전,,20200515,20200515002409,,037560,Y,Q1,historical_dart_periodic_filing_universe
00223434,2020,에프에스티,,20200515,20200515000449,,036810,K,Q1,historical_dart_periodic_filing_universe
00223513,2020,제이씨현시스템,,20200515,20200515001038,,033320,K,Q1,historical_dart_periodic_filing_universe
00223762,2020,KT지니뮤직,,20200515,20200515002698,,043610,K,Q1,historical_dart_periodic_filing_universe
00225159,2020,SNT홀딩스,,20200513,20200513000313,,036530,Y,Q1,historical_dart_periodic_filing_universe
00225706,2020,JW생명과학,,20200515,20200515002413,,234080,Y,Q1,historical_dart_periodic_filing_universe
00225742,2020,LS마린솔루션,,20200515,20200515000609,,060370,K,Q1,historical_dart_periodic_filing_universe
00226316,2020,호전실업,,20200515,20200515001411,,111110,Y,Q1,historical_dart_periodic_filing_universe
00226352,2020,케이엠더블유,,20200508,20200508000313,,032500,K,Q1,historical_dart_periodic_filing_universe
00226547,2020,오상자이엘,,20200515,20200515001847,,053980,K,Q1,historical_dart_periodic_filing_universe
00226866,2020,인탑스,,20200515,20200515000835,,049070,K,Q1,historical_dart_periodic_filing_universe
00227333,2020,네패스,,20200515,20200515001516,,033640,K,Q1,historical_dart_periodic_filing_universe
00228059,2020,휴온스글로벌,,20200513,20200513000221,,084110,K,Q1,historical_dart_periodic_filing_universe
00228350,2020,신화인터텍,,20200515,20200515001575,,056700,K,Q1,historical_dart_periodic_filing_universe
00228536,2020,현대에버다임,,20200515,20200515001582,,041440,K,Q1,historical_dart_periodic_filing_universe
00228712,2020,동우팜투테이블,,20200527,20200527000035,,088910,K,Q1,historical_dart_periodic_filing_universe
00229021,2020,인성정보,,20200515,20200515001678,,033230,K,Q1,historical_dart_periodic_filing_universe
00230036,2020,드래곤플라이,,20200515,20200515001561,,030350,K,Q1,historical_dart_periodic_filing_universe
00230425,2020,나노엔텍,,20200515,20200515000379,,039860,K,Q1,historical_dart_periodic_filing_universe
00230814,2020,휴림에이텍,,20200514,20200514000745,,078590,K,Q1,historical_dart_periodic_filing_universe
00230911,2020,HRS,,20200514,20200514000499,,036640,K,Q1,historical_dart_periodic_filing_universe
00231044,2020,우리기술,,20200515,20200515001333,,032820,K,Q1,historical_dart_periodic_filing_universe
00231105,2020,동성화인텍,,20200515,20200515001554,,033500,K,Q1,historical_dart_periodic_filing_universe
00231354,2020,파워넷,,20200515,20200515000601,,037030,K,Q1,historical_dart_periodic_filing_universe
00231363,2020,LG유플러스,,20200515,20200515002408,,032640,Y,Q1,historical_dart_periodic_filing_universe
00231372,2020,롯데관광개발,,20200515,20200515002611,,032350,Y,Q1,historical_dart_periodic_filing_universe
00231442,2020,디지틀조선,,20200514,20200514000999,,033130,K,Q1,historical_dart_periodic_filing_universe
00231664,2020,우리기술투자,,20200515,20200515000820,,041190,K,Q1,historical_dart_periodic_filing_universe
00231691,2020,판타지오,,20200515,20200515002440,,032800,K,Q1,historical_dart_periodic_filing_universe
00231707,2020,비트컴퓨터,,20200515,20200515000152,,032850,K,Q1,historical_dart_periodic_filing_universe
00231831,2020,조아제약,,20200515,20200515001070,,034940,K,Q1,historical_dart_periodic_filing_universe
00232007,2020,상지건설,,20200515,20200515001468,,042940,K,Q1,historical_dart_periodic_filing_universe
00232821,2020,에이치엠넥스,,20200515,20200515001525,,036170,K,Q1,historical_dart_periodic_filing_universe
00233653,2020,한국토지신탁,,20200515,20200515001686,,034830,Y,Q1,historical_dart_periodic_filing_universe
00234227,2020,유진로봇,,20200515,20200515002650,,056080,K,Q1,historical_dart_periodic_filing_universe
00234412,2020,신세계인터내셔날,,20200515,20200515002015,,031430,Y,Q1,historical_dart_periodic_filing_universe
00235183,2020,에이치케이,,20200515,20200515000504,,044780,K,Q1,historical_dart_periodic_filing_universe
00236863,2020,희림,,20200515,20200515000986,,037440,K,Q1,historical_dart_periodic_filing_universe
00238001,2020,블루콤,,20200514,20200514000739,,033560,K,Q1,historical_dart_periodic_filing_universe
00238153,2020,파세코,,20200515,20200515000632,,037070,K,Q1,historical_dart_periodic_filing_universe
00238199,2020,로지시스,,20200515,20200515001320,,067730,K,Q1,historical_dart_periodic_filing_universe
00238782,2020,다우데이타,,20200515,20200515002714,,032190,K,Q1,historical_dart_periodic_filing_universe
00239514,2020,삼진엘앤디,,20200514,20200514000875,,054090,K,Q1,historical_dart_periodic_filing_universe
00239596,2020,쎄니트,,20200515,20200515001008,,037760,K,Q1,historical_dart_periodic_filing_universe
00239639,2020,삼표시멘트,,20200515,20200515000785,,038500,K,Q1,historical_dart_periodic_filing_universe
00240857,2020,바이오스마트,,20200515,20200515001374,,038460,K,Q1,historical_dart_periodic_filing_universe
00241209,2020,모아텍,,20200626,20200626000191,,033200,K,Q1,historical_dart_periodic_filing_universe
00242378,2020,이지홀딩스,,20200515,20200515002419,,035810,K,Q1,historical_dart_periodic_filing_universe
00242712,2020,엘컴텍,,20200515,20200515001863,,037950,K,Q1,historical_dart_periodic_filing_universe
00242934,2020,케이엠,,20200513,20200513000200,,083550,K,Q1,historical_dart_periodic_filing_universe
00243067,2020,부방,,20200515,20200515002362,,014470,K,Q1,historical_dart_periodic_filing_universe
00243757,2020,인포뱅크,,20200515,20200515001319,,039290,K,Q1,historical_dart_periodic_filing_universe
00243979,2020,수성웹툰,,20200515,20200515000618,,084180,K,Q1,historical_dart_periodic_filing_universe
00244455,2020,케이티앤지,,20200515,20200515002495,,033780,Y,Q1,historical_dart_periodic_filing_universe
00244561,2020,그래디언트,,20200515,20200515000761,,035080,K,Q1,historical_dart_periodic_filing_universe
00244747,2020,파크시스템스,,20200515,20200515002741,,140860,K,Q1,historical_dart_periodic_filing_universe
00244783,2020,한네트,,20200515,20200515001141,,052600,K,Q1,historical_dart_periodic_filing_universe
00245472,2020,티씨케이,,20200515,20200515000131,,064760,K,Q1,historical_dart_periodic_filing_universe
00245694,2020,남화산업,,20200514,20200514000398,,111710,K,Q1,historical_dart_periodic_filing_universe
00246417,2020,이오테크닉스,,20200515,20200515001489,,039030,K,Q1,historical_dart_periodic_filing_universe
00246620,2020,케이엘넷,,20200515,20200515001269,,039420,K,Q1,historical_dart_periodic_filing_universe
00247975,2020,솔브레인홀딩스,,20200515,20200515002448,,036830,K,Q1,historical_dart_periodic_filing_universe
00248974,2020,하나제약,,20200515,20200515000194,,293480,Y,Q1,historical_dart_periodic_filing_universe
00249247,2020,YG PLUS,,20200515,20200515001983,,037270,Y,Q1,historical_dart_periodic_filing_universe
00249441,2020,씨씨에스,,20200515,20200515000666,,066790,K,Q1,historical_dart_periodic_filing_universe
00249502,2020,골드앤에스,,20200515,20200515001770,,035290,K,Q1,historical_dart_periodic_filing_universe
00249894,2020,테라젠이텍스,,20200515,20200515001402,,066700,K,Q1,historical_dart_periodic_filing_universe
00249982,2020,솔본,,20200514,20200514001050,,035610,K,Q1,historical_dart_periodic_filing_universe
00250137,2020,와이어블,,20200515,20200515002458,,065530,K,Q1,historical_dart_periodic_filing_universe
00250614,2020,삼영엠텍,,20200514,20200514000087,,054540,K,Q1,historical_dart_periodic_filing_universe
00250997,2020,대정화금,,20200515,20200515001062,,120240,K,Q1,historical_dart_periodic_filing_universe
00252135,2020,주성엔지니어링,,20200515,20200515001294,,036930,K,Q1,historical_dart_periodic_filing_universe
00252269,2020,아이에이,,20200515,20200515000857,,038880,K,Q1,historical_dart_periodic_filing_universe
00253985,2020,국보디자인,,20200515,20200515001494,,066620,K,Q1,historical_dart_periodic_filing_universe
00255044,2020,현대에이치티,,20200515,20200515000638,,039010,K,Q1,historical_dart_periodic_filing_universe
00255105,2020,케이바이오랩스,,20200515,20200515002027,,038530,K,Q1,historical_dart_periodic_filing_universe
00255275,2020,HB테크놀러지,,20200514,20200514001063,,078150,K,Q1,historical_dart_periodic_filing_universe
00255433,2020,라온시큐어,,20200515,20200515001180,,042510,K,Q1,historical_dart_periodic_filing_universe
00255619,2020,강원랜드,,20200515,20200515001860,,035250,Y,Q1,historical_dart_periodic_filing_universe
00256043,2020,비씨월드제약,,20200514,20200514000006,,200780,K,Q1,historical_dart_periodic_filing_universe
00256380,2020,유아이엘,,20200514,20200514000844,,049520,K,Q1,historical_dart_periodic_filing_universe
00256502,2020,에이텍,,20200513,20200513000688,,045660,K,Q1,historical_dart_periodic_filing_universe
00256715,2020,국순당,,20200515,20200515001176,,043650,K,Q1,historical_dart_periodic_filing_universe
00256955,2020,테이팩스,,20200511,20200511000367,,055490,Y,Q1,historical_dart_periodic_filing_universe
00257732,2020,한국정밀기계,,20200515,20200515001133,,101680,K,Q1,historical_dart_periodic_filing_universe
00258102,2020,지엔코,,20200515,20200515001251,,065060,K,Q1,historical_dart_periodic_filing_universe
00258360,2020,위지트,,20200515,20200515002315,,036090,K,Q1,historical_dart_periodic_filing_universe
00258421,2020,기산텔레콤,,20200514,20200514000835,,035460,K,Q1,historical_dart_periodic_filing_universe
00258689,2020,JYP Ent.,,20200514,20200514000124,,035900,K,Q1,historical_dart_periodic_filing_universe
00258801,2020,카카오,,20200515,20200515002518,,035720,Y,Q1,historical_dart_periodic_filing_universe
00259545,2020,엠에스오토텍,,20200515,20200515000095,,123040,K,Q1,historical_dart_periodic_filing_universe
00259590,2020,바른손이앤에이,,20200515,20200515002029,,035620,K,Q1,historical_dart_periodic_filing_universe
00259934,2020,예림당,,20200515,20200515002339,,036000,K,Q1,historical_dart_periodic_filing_universe
00260383,2020,대한유화,,20200514,20200514001009,,006650,Y,Q1,historical_dart_periodic_filing_universe
00260392,2020,대원전선,,20200513,20200513000355,,006340,Y,Q1,historical_dart_periodic_filing_universe
00260408,2020,팜스코,,20200513,20200513000750,,036580,Y,Q1,historical_dart_periodic_filing_universe
00260569,2020,유니셈,,20200514,20200514000113,,036200,K,Q1,historical_dart_periodic_filing_universe
00260611,2020,웰킵스하이텍,,20200515,20200515000028,,043590,K,Q1,historical_dart_periodic_filing_universe
00260657,2020,오상헬스케어,,20200515,20200515002299,,036220,K,Q1,historical_dart_periodic_filing_universe
00260745,2020,서울평가정보,,20200515,20200515001410,,036120,K,Q1,historical_dart_periodic_filing_universe
00260879,2020,카페24,,20200515,20200515000624,,042000,K,Q1,historical_dart_periodic_filing_universe
00260930,2020,에스엠,,20200515,20200515001197,,041510,K,Q1,historical_dart_periodic_filing_universe
00260958,2020,케이티알파,,20200515,20200515001357,,036030,K,Q1,historical_dart_periodic_filing_universe
00261009,2020,감성코퍼레이션,,20200513,20200513000088,,036620,K,Q1,historical_dart_periodic_filing_universe
00261054,2020,EG,,20200514,20200514001078,,037370,K,Q1,historical_dart_periodic_filing_universe
00261285,2020,한국가스공사,,20200515,20200515002285,,036460,Y,Q1,historical_dart_periodic_filing_universe
00261355,2020,레드캡투어,,20200515,20200515001666,,038390,K,Q1,historical_dart_periodic_filing_universe
00261373,2020,마크로젠,,20200515,20200515001400,,038290,K,Q1,historical_dart_periodic_filing_universe
00261443,2020,NC,,20200515,20200515002228,,036570,Y,Q1,historical_dart_periodic_filing_universe
00261656,2020,잉크테크,,20200515,20200515000064,,049550,K,Q1,historical_dart_periodic_filing_universe
00261957,2020,한국정보공학,,20200515,20200515001966,,039740,K,Q1,historical_dart_periodic_filing_universe
00263371,2020,한국경제TV,,20200514,20200514001175,,039340,K,Q1,historical_dart_periodic_filing_universe
00263654,2020,오스코텍,,20200514,20200514000985,,039200,K,Q1,historical_dart_periodic_filing_universe
00264228,2020,위즈코프,,20200515,20200515001677,,038620,K,Q1,historical_dart_periodic_filing_universe
00264255,2020,바텍,,20200515,20200515000594,,043150,K,Q1,historical_dart_periodic_filing_universe
00264547,2020,KG이니시스,,20200515,20200515002045,,035600,K,Q1,historical_dart_periodic_filing_universe
00264635,2020,에스넷,,20200515,20200515000815,,038680,K,Q1,historical_dart_periodic_filing_universe
00264671,2020,세중,,20200515,20200515002447,,039310,K,Q1,historical_dart_periodic_filing_universe
00264714,2020,SG&G,,20200515,20200515002318,,040610,K,Q1,historical_dart_periodic_filing_universe
00264732,2020,파인디지털,,20200515,20200515001215,,038950,K,Q1,historical_dart_periodic_filing_universe
00264945,2020,나이스정보통신,,20200514,20200514000286,,036800,K,Q1,historical_dart_periodic_filing_universe
00265005,2020,옴니시스템,,20200515,20200515001533,,057540,K,Q1,historical_dart_periodic_filing_universe
00265041,2020,삼양케이씨아이,,20200515,20200515001672,,036670,K,Q1,historical_dart_periodic_filing_universe
00265324,2020,CJ ENM,,20200515,20200515001914,,035760,K,Q1,historical_dart_periodic_filing_universe
00265421,2020,인지디스플레,,20200515,20200515000447,,037330,K,Q1,historical_dart_periodic_filing_universe
00266934,2020,파루,,20200515,20200515001547,,043200,K,Q1,historical_dart_periodic_filing_universe
00266952,2020,네오위즈홀딩스,,20200515,20200515002135,,042420,K,Q1,historical_dart_periodic_filing_universe
00266961,2020,NAVER,,20200515,20200515002472,,035420,Y,Q1,historical_dart_periodic_filing_universe
00267854,2020,메디앙스,,20200515,20200515002550,,014100,K,Q1,historical_dart_periodic_filing_universe
00267881,2020,보성파워텍,,20200515,20200515002576,,006910,K,Q1,historical_dart_periodic_filing_universe
00267906,2020,베뉴지,,20200515,20200515000462,,019010,K,Q1,historical_dart_periodic_filing_universe
00267942,2020,큐캐피탈,,20200515,20200515001584,,016600,K,Q1,historical_dart_periodic_filing_universe
00267979,2020,한일화학,,20200507,20200507000372,,007770,K,Q1,historical_dart_periodic_filing_universe
00268002,2020,세종텔레콤,,20200515,20200515002347,,036630,K,Q1,historical_dart_periodic_filing_universe
00268118,2020,코맥스,,20200515,20200515001335,,036690,K,Q1,historical_dart_periodic_filing_universe
00268251,2020,다산네트웍스,,20200515,20200515001997,,039560,K,Q1,historical_dart_periodic_filing_universe
00269241,2020,주연테크,,20200515,20200515000427,,044380,Y,Q1,historical_dart_periodic_filing_universe
00269612,2020,파워로직스,,20200513,20200513000103,,047310,K,Q1,historical_dart_periodic_filing_universe
00269852,2020,폴라리스오피스,,20200515,20200515002224,,041020,K,Q1,historical_dart_periodic_filing_universe
00269889,2020,누리플렉스,,20200515,20200515001425,,040160,K,Q1,historical_dart_periodic_filing_universe
00269922,2020,인바디,,20200515,20200515000811,,041830,K,Q1,historical_dart_periodic_filing_universe
00269940,2020,하나투어,,20200515,20200515002348,,039130,Y,Q1,historical_dart_periodic_filing_universe
00270113,2020,멕아이씨에스,,20200514,20200514001060,,058110,K,Q1,historical_dart_periodic_filing_universe
00271501,2020,코아시아,,20200514,20200514001005,,045970,K,Q1,historical_dart_periodic_filing_universe
00273110,2020,에스티큐브,,20200515,20200515001704,,052020,K,Q1,historical_dart_periodic_filing_universe
00273420,2020,이스트소프트,,20200515,20200515001265,,047560,K,Q1,historical_dart_periodic_filing_universe
00273439,2020,메디아나,,20200515,20200515000428,,041920,K,Q1,historical_dart_periodic_filing_universe
00276083,2020,피노,,20200514,20200514001032,,033790,K,Q1,historical_dart_periodic_filing_universe
00276834,2020,KX하이텍,,20200515,20200515002204,,052900,K,Q1,historical_dart_periodic_filing_universe
00287788,2020,정상제이엘에스,,20200514,20200514000618,,040420,K,Q1,historical_dart_periodic_filing_universe
00287812,2020,에코심플렉스,,20200515,20200515000406,,038870,K,Q1,historical_dart_periodic_filing_universe
00288343,2020,삼영이엔씨,,20200515,20200515000654,,065570,K,Q1,historical_dart_periodic_filing_universe
00288495,2020,HC홈센타,,20200515,20200515001397,,060560,K,Q1,historical_dart_periodic_filing_universe
00292434,2020,인트론바이오,,20200515,20200515001517,,048530,K,Q1,historical_dart_periodic_filing_universe
00293886,2020,위닉스,,20200515,20200515000881,,044340,K,Q1,historical_dart_periodic_filing_universe
00295547,2020,디지아이,,20200514,20200514000539,,043360,K,Q1,historical_dart_periodic_filing_universe
00295857,2020,코다코,,20200515,20200515002378,,046070,K,Q1,historical_dart_periodic_filing_universe
00296005,2020,우리로,,20200515,20200515001461,,046970,K,Q1,historical_dart_periodic_filing_universe
00296078,2020,APS,,20200515,20200515002334,,054620,K,Q1,historical_dart_periodic_filing_universe
00296263,2020,YW,,20200515,20200515000979,,051390,K,Q1,historical_dart_periodic_filing_universe
00296290,2020,키움증권,,20200515,20200515002681,,039490,Y,Q1,historical_dart_periodic_filing_universe
00296324,2020,큐로홀딩스,,20200515,20200515001172,,051780,K,Q1,historical_dart_periodic_filing_universe
00297095,2020,나라엠앤디,,20200515,20200515000767,,051490,K,Q1,historical_dart_periodic_filing_universe
00297448,2020,플래스크,,20200515,20200515001840,,041590,K,Q1,historical_dart_periodic_filing_universe
00297934,2020,피씨디렉트,,20200515,20200515000617,,051380,K,Q1,historical_dart_periodic_filing_universe
00297989,2020,오르비텍,,20200515,20200515002200,,046120,K,Q1,historical_dart_periodic_filing_universe
00298270,2020,안랩,,20200515,20200515001750,,053800,K,Q1,historical_dart_periodic_filing_universe
00298340,2020,에스티아이,,20200514,20200514000565,,039440,K,Q1,historical_dart_periodic_filing_universe
00298377,2020,아이씨디,,20200513,20200513000364,,040910,K,Q1,historical_dart_periodic_filing_universe
00298447,2020,아모텍,,20200515,20200515001068,,052710,K,Q1,historical_dart_periodic_filing_universe
00299002,2020,HL홀딩스,,20200515,20200515001984,,060980,Y,Q1,historical_dart_periodic_filing_universe
00299464,2020,초록뱀미디어,,20200515,20200515001760,,047820,K,Q1,historical_dart_periodic_filing_universe
00300405,2020,오리엔트정공,,20200515,20200515002629,,065500,K,Q1,historical_dart_periodic_filing_universe
00300548,2020,현대리바트,,20200515,20200515002033,,079430,Y,Q1,historical_dart_periodic_filing_universe
00301112,2020,삼화네트웍스,,20200515,20200515000078,,046390,K,Q1,historical_dart_periodic_filing_universe
00301246,2020,SFA반도체,,20200515,20200515001105,,036540,K,Q1,historical_dart_periodic_filing_universe
00301422,2020,스모트로닉,,20200615,20200615000174,,066590,K,Q1,historical_dart_periodic_filing_universe
00302582,2020,캐스텍코리아,,20200515,20200515002115,,071850,K,Q1,historical_dart_periodic_filing_universe
00302926,2020,현대로템,,20200515,20200515000099,,064350,Y,Q1,historical_dart_periodic_filing_universe
00303192,2020,디에이피,,20200515,20200515000166,,066900,K,Q1,historical_dart_periodic_filing_universe
00303217,2020,우진플라임,,20200515,20200515001042,,049800,Y,Q1,historical_dart_periodic_filing_universe
00303396,2020,한국컴퓨터,,20200515,20200515000735,,054040,K,Q1,historical_dart_periodic_filing_universe
00303703,2020,CS,,20200515,20200515001238,,065770,K,Q1,historical_dart_periodic_filing_universe
00303794,2020,쇼박스,,20200515,20200515000544,,086980,K,Q1,historical_dart_periodic_filing_universe
00303873,2020,CJ CGV,,20200515,20200515000840,,079160,Y,Q1,historical_dart_periodic_filing_universe
00304076,2020,케이엔솔,,20201117,20201117000004,,053080,K,Q3,historical_dart_periodic_filing_universe
00304915,2020,코리아에셋투자증권,,20200629,20200629000379,,190650,K,Q1,historical_dart_periodic_filing_universe
00305297,2020,코텍,,20200515,20200515000417,,052330,K,Q1,historical_dart_periodic_filing_universe
00305570,2020,코스리거글로벌,,20200515,20200515002636,,043710,K,Q1,historical_dart_periodic_filing_universe
00305668,2020,새론오토모티브,,20200515,20200515001450,,075180,Y,Q1,historical_dart_periodic_filing_universe
00306162,2020,상상인,,20200515,20200515001515,,038540,K,Q1,historical_dart_periodic_filing_universe
00306454,2020,한국정보인증,,20200515,20200515001204,,053300,K,Q1,historical_dart_periodic_filing_universe
00306719,2020,에스텍,,20200514,20200514000850,,069510,K,Q1,historical_dart_periodic_filing_universe
00306870,2020,손오공,,20200515,20200515002467,,066910,K,Q1,historical_dart_periodic_filing_universe
00307028,2020,경남제약,,20200515,20200515000389,,053950,K,Q1,historical_dart_periodic_filing_universe
00307222,2020,YBM넷,,20200515,20200515001909,,057030,K,Q1,historical_dart_periodic_filing_universe
00308559,2020,코디,,20200514,20200514000117,,080530,K,Q1,historical_dart_periodic_filing_universe
00308896,2020,셀피글로벌,,20200515,20200515001485,,068940,K,Q1,historical_dart_periodic_filing_universe
00309503,2020,한국항공우주,,20200515,20200515000705,,047810,Y,Q1,historical_dart_periodic_filing_universe
00309831,2020,알에프텍,,20200515,20200515001536,,061040,K,Q1,historical_dart_periodic_filing_universe
00310156,2020,셀루메드,,20200515,20200515002671,,049180,K,Q1,historical_dart_periodic_filing_universe
00311216,2020,에이치엔에스하이텍,,20210312,20210312000787,,044990,K,FY,historical_dart_periodic_filing_universe
00313649,2020,현대바이오,,20200515,20200515002578,,048410,K,Q1,historical_dart_periodic_filing_universe
00317104,2020,라이온켐텍,,20200515,20200515001280,,171120,K,Q1,historical_dart_periodic_filing_universe
00317210,2020,성호전자,,20200515,20200515001081,,043260,K,Q1,historical_dart_periodic_filing_universe
00317487,2020,티에스넥스젠,,20200514,20200514001048,,043220,K,Q1,historical_dart_periodic_filing_universe
00317681,2020,메타바이오메드,,20200514,20200514000834,,059210,K,Q1,historical_dart_periodic_filing_universe
00318316,2020,대아티아이,,20200514,20200514000971,,045390,K,Q1,historical_dart_periodic_filing_universe
00318662,2020,CNT85,,20200515,20200515001688,,056730,K,Q1,historical_dart_periodic_filing_universe
00323868,2020,웹케시,,20200511,20200511000067,,053580,K,Q1,historical_dart_periodic_filing_universe
00325112,2020,프로텍,,20200515,20200515000663,,053610,K,Q1,historical_dart_periodic_filing_universe
00326731,2020,바이오니아,,20200515,20200515002202,,064550,K,Q1,historical_dart_periodic_filing_universe
00327396,2020,옵트론텍,,20200515,20200515001793,,082210,K,Q1,historical_dart_periodic_filing_universe
00327819,2020,선익시스템,,20200515,20200515001854,,171090,K,Q1,historical_dart_periodic_filing_universe
00328191,2020,케이에스피,,20200515,20200515002148,,073010,K,Q1,historical_dart_periodic_filing_universe
00329093,2020,코데즈컴바인,,20200514,20200514001053,,047770,K,Q1,historical_dart_periodic_filing_universe
00330044,2020,캠시스,,20200515,20200515000711,,050110,K,Q1,historical_dart_periodic_filing_universe
00330424,2020,LS증권,,20200515,20200515001281,,078020,K,Q1,historical_dart_periodic_filing_universe
00331016,2020,에프앤가이드,,20200515,20200515000961,,064850,K,Q1,historical_dart_periodic_filing_universe
00332927,2020,제이에스코퍼레이션,,20200514,20200514000337,,194370,Y,Q1,historical_dart_periodic_filing_universe
00335076,2020,오픈베이스,,20200515,20200515001719,,049480,K,Q1,historical_dart_periodic_filing_universe
00336297,2020,고려신용정보,,20200515,20200515000121,,049720,K,Q1,historical_dart_periodic_filing_universe
00336817,2020,HLB제약,,20200515,20200515000738,,047920,K,Q1,historical_dart_periodic_filing_universe
00339072,2020,팬스타엔터프라이즈,,20200507,20200507000561,,054300,K,Q1,historical_dart_periodic_filing_universe
00339391,2020,한화시스템,,20200515,20200515000944,,272210,Y,Q1,historical_dart_periodic_filing_universe
00340096,2020,미래에셋벤처투자,,20200522,20200522000550,,100790,K,Q1,historical_dart_periodic_filing_universe
00340272,2020,에스폴리텍,,20200515,20200515000805,,050760,K,Q1,historical_dart_periodic_filing_universe
00346407,2020,크레오에스지,,20200515,20200515001212,,040350,K,Q1,historical_dart_periodic_filing_universe
00346610,2020,시지메드텍,,20200515,20200515001504,,056090,K,Q1,historical_dart_periodic_filing_universe
00346911,2020,아이톡시,,20200515,20200515000420,,052770,K,Q1,historical_dart_periodic_filing_universe
00347062,2020,현대바이오랜드,,20200515,20200515001071,,052260,K,Q1,historical_dart_periodic_filing_universe
00347716,2020,중앙첨단소재,,20200515,20200515002374,,051980,K,Q1,historical_dart_periodic_filing_universe
00347734,2020,진양화학,,20200515,20200515000405,,051630,Y,Q1,historical_dart_periodic_filing_universe
00348034,2020,액토즈소프트,,20200515,20200515001808,,052790,K,Q1,historical_dart_periodic_filing_universe
00348292,2020,한빛소프트,,20200515,20200515001918,,047080,K,Q1,historical_dart_periodic_filing_universe
00349060,2020,한스바이오메드,,20200515,20200515000400,,042520,K,Q1,historical_dart_periodic_filing_universe
00349097,2020,케이티스카이라이프,,20200515,20200515000842,,053210,Y,Q1,historical_dart_periodic_filing_universe
00349732,2020,코나아이,,20200515,20200515002770,,052400,K,Q1,historical_dart_periodic_filing_universe
00349811,2020,오션인더블유,,20200515,20200515001428,,052300,K,Q1,historical_dart_periodic_filing_universe
00350020,2020,파인디앤씨,,20200514,20200514000767,,049120,K,Q1,historical_dart_periodic_filing_universe
00350048,2020,오성첨단소재,,20200515,20200515000235,,052420,K,Q1,historical_dart_periodic_filing_universe
00350312,2020,HDC랩스,,20200515,20200515001207,,039570,Y,Q1,historical_dart_periodic_filing_universe
00350482,2020,성우테크론,,20200515,20200515000081,,045300,K,Q1,historical_dart_periodic_filing_universe
00351092,2020,삼보모터스,,20200515,20200515002193,,053700,K,Q1,historical_dart_periodic_filing_universe
00351375,2020,뉴보텍,,20200515,20200515002147,,060260,K,Q1,historical_dart_periodic_filing_universe
00351579,2020,비트플래닛,,20200515,20200515002532,,049470,K,Q1,historical_dart_periodic_filing_universe
00351630,2020,세코닉스,,20200515,20200515000702,,053450,K,Q1,historical_dart_periodic_filing_universe
00351807,2020,대원미디어,,20200515,20200515000642,,048910,K,Q1,historical_dart_periodic_filing_universe
00351995,2020,지에스이,,20200515,20200515001254,,053050,K,Q1,historical_dart_periodic_filing_universe
00352064,2020,프리엠스,,20200515,20200515000209,,053160,K,Q1,historical_dart_periodic_filing_universe
00352499,2020,링네트,,20200514,20200514000110,,042500,K,Q1,historical_dart_periodic_filing_universe
00353610,2020,이니텍,,20200515,20200515000552,,053350,K,Q1,historical_dart_periodic_filing_universe
00353762,2020,키이스트,,20200514,20200514000046,,054780,K,Q1,historical_dart_periodic_filing_universe
00353878,2020,다스코,,20200515,20200515000710,,058730,Y,Q1,historical_dart_periodic_filing_universe
00355089,2020,토탈소프트,,20200514,20200514000071,,045340,K,Q1,historical_dart_periodic_filing_universe
00356361,2020,LG화학,,20200515,20200515001836,,051910,Y,Q1,historical_dart_periodic_filing_universe
00356370,2020,LG생활건강,,20200515,20200515002679,,051900,Y,Q1,historical_dart_periodic_filing_universe
00356389,2020,프럼파스트,,20200515,20200515000607,,035200,K,Q1,historical_dart_periodic_filing_universe
00356802,2020,큐렉소,,20200513,20200513000666,,060280,K,Q1,historical_dart_periodic_filing_universe
00356839,2020,메디콕스,,20200508,20200508000574,,054180,K,Q1,historical_dart_periodic_filing_universe
00357360,2020,한세엠케이,,20200515,20200515002513,,069640,Y,Q1,historical_dart_periodic_filing_universe
00357430,2020,쎌바이오텍,,20200515,20200515000318,,049960,K,Q1,historical_dart_periodic_filing_universe
00357607,2020,케이피티유,,20200515,20200515000945,,054410,K,Q1,historical_dart_periodic_filing_universe
00357740,2020,NHN KCP,,20200515,20200515000523,,060250,K,Q1,historical_dart_periodic_filing_universe
00357935,2020,HDC현대EP,,20200515,20200515002233,,089470,Y,Q1,historical_dart_periodic_filing_universe
00358271,2020,SFA,,20200515,20200515001414,,056190,K,Q1,historical_dart_periodic_filing_universe
00359076,2020,브리지텍,,20200513,20200513000118,,064480,K,Q1,historical_dart_periodic_filing_universe
00359261,2020,빛샘전자,,20200515,20200515000312,,072950,K,Q1,historical_dart_periodic_filing_universe
00359395,2020,헬릭스미스,,20200515,20200515001329,,084990,K,Q1,historical_dart_periodic_filing_universe
00359580,2020,아이디스홀딩스,,20200515,20200515000771,,054800,K,Q1,historical_dart_periodic_filing_universe
00359623,2020,우리산업홀딩스,,20200615,20200615000232,,072470,K,Q1,historical_dart_periodic_filing_universe
00360036,2020,백금T&A,,20200515,20200515000477,,046310,K,Q1,historical_dart_periodic_filing_universe
00360142,2020,아이마켓코리아,,20200515,20200515001989,,122900,Y,Q1,historical_dart_periodic_filing_universe
00360577,2020,엑사이엔씨,,20200515,20200515001307,,054940,K,Q1,historical_dart_periodic_filing_universe
00360595,2020,현대글로비스,,20200515,20200515001506,,086280,Y,Q1,historical_dart_periodic_filing_universe
00360674,2020,코위버,,20200514,20200514000615,,056360,K,Q1,historical_dart_periodic_filing_universe
00361008,2020,한화엔진,,20200515,20200515000606,,082740,Y,Q1,historical_dart_periodic_filing_universe
00361169,2020,한국전자인증,,20200515,20200515001226,,041460,K,Q1,historical_dart_periodic_filing_universe
00361381,2020,제이브이엠,,20200515,20200515001442,,054950,K,Q1,historical_dart_periodic_filing_universe
00361488,2020,텔코웨어,,20200515,20200515001222,,078000,Y,Q1,historical_dart_periodic_filing_universe
00361594,2020,DMS,,20200514,20200514000228,,068790,K,Q1,historical_dart_periodic_filing_universe
00362159,2020,웰크론,,20200515,20200515002665,,065950,K,Q1,historical_dart_periodic_filing_universe
00362201,2020,세운메디칼,,20200515,20200515002287,,100700,K,Q1,historical_dart_periodic_filing_universe
00362238,2020,휴비스,,20200515,20200515000414,,079980,Y,Q1,historical_dart_periodic_filing_universe
00362292,2020,씨티씨바이오,,20200515,20200515000429,,060590,K,Q1,historical_dart_periodic_filing_universe
00362441,2020,현대오토에버,,20200515,20200515001600,,307950,Y,Q1,historical_dart_periodic_filing_universe
00362858,2020,예스24,,20200515,20200515001206,,053280,K,Q1,historical_dart_periodic_filing_universe
00363246,2020,우원개발,,20200515,20200515002537,,046940,K,Q1,historical_dart_periodic_filing_universe
00363486,2020,로체시스템즈,,20200515,20200515000996,,071280,K,Q1,historical_dart_periodic_filing_universe
00363510,2020,제이케이시냅스,,20200515,20200515001424,,060230,K,Q1,historical_dart_periodic_filing_universe
00363592,2020,한컴위드,,20200515,20200515002119,,054920,K,Q1,historical_dart_periodic_filing_universe
00363769,2020,NICE인프라,,20200515,20200515002369,,063570,K,Q1,historical_dart_periodic_filing_universe
00363927,2020,NE능률,,20200514,20200514000731,,053290,K,Q1,historical_dart_periodic_filing_universe
00364254,2020,알티캐스트,,20200515,20200515001075,,085810,K,Q1,historical_dart_periodic_filing_universe
00364306,2020,성우전자,,20200515,20200515000951,,081580,K,Q1,historical_dart_periodic_filing_universe
00364403,2020,쏠리드,,20200515,20200515000564,,050890,K,Q1,historical_dart_periodic_filing_universe
00364467,2020,드림어스컴퍼니,,20200515,20200515002522,,060570,K,Q1,historical_dart_periodic_filing_universe
00364740,2020,머큐리,,20200515,20200515001469,,100590,K,Q1,historical_dart_periodic_filing_universe
00364847,2020,이글루,,20200511,20200511000348,,067920,K,Q1,historical_dart_periodic_filing_universe
00365387,2020,AJ네트웍스,,20200515,20200515002710,,095570,Y,Q1,historical_dart_periodic_filing_universe
00365457,2020,제이티,,20200515,20200515000173,,089790,K,Q1,historical_dart_periodic_filing_universe
00365590,2020,HLB생명과학,,20200508,20200508000781,,067630,K,Q1,historical_dart_periodic_filing_universe
00365624,2020,아이윈,,20200515,20200515001043,,090150,K,Q1,historical_dart_periodic_filing_universe
00365758,2020,아이앤씨,,20200515,20200515001420,,052860,K,Q1,historical_dart_periodic_filing_universe
00365934,2020,코세스,,20200515,20200515001809,,089890,K,Q1,historical_dart_periodic_filing_universe
00365989,2020,모나용평,,20200515,20200515001184,,070960,Y,Q1,historical_dart_periodic_filing_universe
00366137,2020,KG에코솔루션,,20200515,20200515000315,,151860,K,Q1,historical_dart_periodic_filing_universe
00366845,2020,탑엔지니어링,,20200515,20200515000303,,065130,K,Q1,historical_dart_periodic_filing_universe
00366942,2020,미코,,20200514,20200514000953,,059090,K,Q1,historical_dart_periodic_filing_universe
00367385,2020,효성오앤비,,20200515,20200515000696,,097870,K,Q1,historical_dart_periodic_filing_universe
00367455,2020,현우산업,,20200515,20200515001327,,092300,K,Q1,historical_dart_periodic_filing_universe
00367482,2020,빛과전자,,20200515,20200515001627,,069540,K,Q1,historical_dart_periodic_filing_universe
00367604,2020,SM Life Design,,20200515,20200515001286,,063440,K,Q1,historical_dart_periodic_filing_universe
00367695,2020,에이전트AI,,20200515,20200515001712,,060900,K,Q1,historical_dart_periodic_filing_universe
00367844,2020,자이에스앤디,,20200515,20200515000088,,317400,Y,Q1,historical_dart_periodic_filing_universe
00367871,2020,인바이오,,20210322,20210322000184,,352940,K,FY,historical_dart_periodic_filing_universe
00369107,2020,우리바이오,,20200515,20200515000397,,082850,K,Q1,historical_dart_periodic_filing_universe
00369170,2020,인터플렉스,,20200515,20200515001913,,051370,K,Q1,historical_dart_periodic_filing_universe
00369213,2020,폴라리스AI,,20200514,20200514000845,,039980,K,Q1,historical_dart_periodic_filing_universe
00369569,2020,비케이홀딩스,,20200515,20200515002659,,050090,K,Q1,historical_dart_periodic_filing_universe
00369657,2020,리노공업,,20200514,20200514000481,,058470,K,Q1,historical_dart_periodic_filing_universe
00369833,2020,유니온머티리얼,,20200515,20200515001644,,047400,Y,Q1,historical_dart_periodic_filing_universe
00370006,2020,iMBC,,20200515,20200515002580,,052220,K,Q1,historical_dart_periodic_filing_universe
00370200,2020,아이로보틱스,,20200514,20200514000401,,066430,K,Q1,historical_dart_periodic_filing_universe
00370255,2020,테크엘,,20200513,20200513000112,,064520,K,Q1,historical_dart_periodic_filing_universe
00370918,2020,케이디켐,,20200515,20200515000328,,221980,K,Q1,historical_dart_periodic_filing_universe
00371485,2020,켐트로닉스,,20200515,20200515000622,,089010,K,Q1,historical_dart_periodic_filing_universe
00371740,2020,디티씨,,20200515,20200515001259,,066670,K,Q1,historical_dart_periodic_filing_universe
00372226,2020,티에스이,,20200515,20200515000803,,131290,K,Q1,historical_dart_periodic_filing_universe
00372688,2020,티사이언티픽,,20200515,20200515000615,,057680,K,Q1,historical_dart_periodic_filing_universe
00372873,2020,KTis,,20200515,20200515001263,,058860,Y,Q1,historical_dart_periodic_filing_universe
00372882,2020,KTcs,,20200515,20200515001833,,058850,Y,Q1,historical_dart_periodic_filing_universe
00373021,2020,테라사이언스,,20200515,20200515001522,,073640,K,Q1,historical_dart_periodic_filing_universe
00373447,2020,서린바이오,,20200514,20200514000005,,038070,K,Q1,historical_dart_periodic_filing_universe
00374020,2020,이엘피,,20200515,20200515000814,,063760,K,Q1,historical_dart_periodic_filing_universe
00374738,2020,위세아이텍,,20200514,20200514000282,,065370,K,Q1,historical_dart_periodic_filing_universe
00375931,2020,인선이엔티,,20200506,20200506000046,,060150,K,Q1,historical_dart_periodic_filing_universe
00377018,2020,기가레인,,20200515,20200515001336,,049080,K,Q1,historical_dart_periodic_filing_universe
00377610,2020,세아홀딩스,,20200515,20200515001542,,058650,Y,Q1,historical_dart_periodic_filing_universe
00378220,2020,버킷스튜디오,,20200515,20200515001323,,066410,K,Q1,historical_dart_periodic_filing_universe
00378363,2020,3S,,20200629,20200629000234,,060310,K,Q1,historical_dart_periodic_filing_universe
00378628,2020,KH바텍,,20200515,20200515002605,,060720,K,Q1,historical_dart_periodic_filing_universe
00379229,2020,에스에이티,,20200515,20200515000551,,060540,K,Q1,historical_dart_periodic_filing_universe
00380429,2020,CMG제약,,20200515,20200515000806,,058820,K,Q1,historical_dart_periodic_filing_universe
00382199,2020,신한지주,,20200515,20200515002359,,055550,Y,Q1,historical_dart_periodic_filing_universe
00384717,2020,비엘팜텍,,20200515,20200515001174,,065170,K,Q1,historical_dart_periodic_filing_universe
00384762,2020,파커스,,20200515,20200515001211,,065690,K,Q1,historical_dart_periodic_filing_universe
00384887,2020,에이테크솔루션,,20200515,20200515000610,,071670,K,Q1,historical_dart_periodic_filing_universe
00385336,2020,홈캐스트,,20200515,20200515002067,,064240,K,Q1,historical_dart_periodic_filing_universe
00385363,2020,빅텍,,20200515,20200515000263,,065450,K,Q1,historical_dart_periodic_filing_universe
00385415,2020,일신바이오,,20200514,20200514000214,,068330,K,Q1,historical_dart_periodic_filing_universe
00389110,2020,지어소프트,,20200514,20200514000199,,051160,K,Q1,historical_dart_periodic_filing_universe
00389970,2020,다날,,20200515,20200515000756,,064260,K,Q1,historical_dart_periodic_filing_universe
00389998,2020,한성크린텍,,20200515,20200515002077,,066980,K,Q1,historical_dart_periodic_filing_universe
00390055,2020,종근당바이오,,20200515,20200515000689,,063160,Y,Q1,historical_dart_periodic_filing_universe
00390365,2020,토비스,,20200515,20200515000539,,051360,K,Q1,historical_dart_periodic_filing_universe
00390408,2020,인크레더블버즈,,20200515,20200515000574,,064090,K,Q1,historical_dart_periodic_filing_universe
00390514,2020,이루온,,20200514,20200514000657,,065440,K,Q1,historical_dart_periodic_filing_universe
00390860,2020,대산F&B,,20200515,20200515002574,,065150,K,Q1,historical_dart_periodic_filing_universe
00390903,2020,우주일렉트로,,20200515,20200515000576,,065680,K,Q1,historical_dart_periodic_filing_universe
00391197,2020,하이퍼코퍼레이션,,20200514,20200514000547,,065650,K,Q1,historical_dart_periodic_filing_universe
00392691,2020,포니링크,,20200515,20200515001911,,064800,K,Q1,historical_dart_periodic_filing_universe
00396925,2020,엠로,,20210323,20210323001116,,058970,K,FY,historical_dart_periodic_filing_universe
00397058,2020,엠게임,,20200515,20200515000479,,058630,K,Q1,historical_dart_periodic_filing_universe
00397191,2020,팬엔터테인먼트,,20200515,20200515000027,,068050,K,Q1,historical_dart_periodic_filing_universe
00397252,2020,조이시티,,20200515,20200515000288,,067000,K,Q1,historical_dart_periodic_filing_universe
00397289,2020,오텍,,20200515,20200515000906,,067170,K,Q1,historical_dart_periodic_filing_universe
00398668,2020,휴비츠,,20200515,20200515000748,,065510,K,Q1,historical_dart_periodic_filing_universe
00398701,2020,엘앤에프,,20200511,20200511000115,,066970,Y,Q1,historical_dart_periodic_filing_universe
00398792,2020,SNT모티브,,20200513,20200513000307,,064960,Y,Q1,historical_dart_periodic_filing_universe
00398808,2020,디지털대성,,20200515,20200515001405,,068930,K,Q1,historical_dart_periodic_filing_universe
00399694,2020,SOOP,,20200515,20200515001741,,067160,K,Q1,historical_dart_periodic_filing_universe
00400060,2020,이씨에스,,20200629,20200629000072,,067010,K,Q1,historical_dart_periodic_filing_universe
00400121,2020,유아이디,,20200601,20200601000502,,069330,K,Q1,historical_dart_periodic_filing_universe
00400857,2020,에이블씨엔씨,,20200515,20200515001166,,078520,Y,Q1,historical_dart_periodic_filing_universe
00401731,2020,LG전자,,20200515,20200515002356,,066570,Y,Q1,historical_dart_periodic_filing_universe
00402110,2020,시큐브,,20200515,20200515001693,,131090,K,Q1,historical_dart_periodic_filing_universe
00403632,2020,현대퓨처넷,,20200515,20200515002624,,126560,Y,Q1,historical_dart_periodic_filing_universe
00403766,2020,한국첨단소재,,20200515,20200515001650,,062970,K,Q1,historical_dart_periodic_filing_universe
00403793,2020,바이브컴퍼니,,20210319,20210319000011,,301300,K,FY,historical_dart_periodic_filing_universe
00404288,2020,아진엑스텍,,20200514,20200514000266,,059120,K,Q1,historical_dart_periodic_filing_universe
00404701,2020,한국자산신탁,,20200515,20200515000555,,123890,Y,Q1,historical_dart_periodic_filing_universe
00405278,2020,KG파이낸셜,,20200515,20200515000093,,046440,K,Q1,historical_dart_periodic_filing_universe
00405320,2020,웹젠,,20200514,20200514000860,,069080,K,Q1,historical_dart_periodic_filing_universe
00405719,2020,아이크래프트,,20200515,20200515001826,,052460,K,Q1,historical_dart_periodic_filing_universe
00405959,2020,스타플렉스,,20200515,20200515001824,,115570,K,Q1,historical_dart_periodic_filing_universe
00406037,2020,CSA 코스믹,,20200515,20200515002655,,083660,K,Q1,historical_dart_periodic_filing_universe
00406046,2020,HD현대마린엔진,,20200515,20200515001481,,071970,Y,Q1,historical_dart_periodic_filing_universe
00406329,2020,루멘스,,20200515,20200515000516,,038060,K,Q1,historical_dart_periodic_filing_universe
00406727,2020,세진티에스,,20200514,20200514000367,,067770,K,Q1,historical_dart_periodic_filing_universe
00407285,2020,아이컴포넌트,,20200508,20200508000318,,059100,K,Q1,historical_dart_periodic_filing_universe
00407771,2020,듀오백,,20200515,20200515001079,,073190,K,Q1,historical_dart_periodic_filing_universe
00407814,2020,CG인바이츠,,20200515,20200515002476,,083790,K,Q1,historical_dart_periodic_filing_universe
00408266,2020,유니온바이오메트릭스,,20200514,20200514000689,,203450,K,Q1,historical_dart_periodic_filing_universe
00409140,2020,이원컴포텍,,20200515,20200515002230,,088290,K,Q1,historical_dart_periodic_filing_universe
00409371,2020,인베니아,,20200515,20200515001094,,079950,K,Q1,historical_dart_periodic_filing_universe
00409672,2020,티비에이치글로벌,,20200515,20200515000695,,084870,Y,Q1,historical_dart_periodic_filing_universe
00409681,2020,아스트,,20200515,20200515002568,,067390,K,Q1,historical_dart_periodic_filing_universe
00409788,2020,비에이치아이,,20200514,20200514000536,,083650,K,Q1,historical_dart_periodic_filing_universe
00409964,2020,하이텍팜,,20200511,20200511000321,,106190,K,Q1,historical_dart_periodic_filing_universe
00410915,2020,서울옥션,,20200515,20200515002255,,063170,K,Q1,historical_dart_periodic_filing_universe
00410997,2020,누리플랜,,20200514,20200514000581,,069140,K,Q1,historical_dart_periodic_filing_universe
00411048,2020,에스앤에스텍,,20200514,20200514000871,,101490,K,Q1,historical_dart_periodic_filing_universe
00411385,2020,유비쿼스홀딩스,,20200515,20200515001260,,078070,K,Q1,historical_dart_periodic_filing_universe
00411446,2020,큐에스아이,,20200512,20200512000405,,066310,K,Q1,historical_dart_periodic_filing_universe
00412348,2020,LB세미콘,,20200515,20200515001129,,061970,K,Q1,historical_dart_periodic_filing_universe
00413046,2020,셀트리온,,20200515,20200515002308,,068270,Y,Q1,historical_dart_periodic_filing_universe
00413417,2020,우리손에프앤지,,20200515,20200515001511,,073560,K,Q1,historical_dart_periodic_filing_universe
00413523,2020,한미글로벌,,20200515,20200515002047,,053690,Y,Q1,historical_dart_periodic_filing_universe
00414601,2020,유니퀘스트,,20200515,20200515001801,,077500,Y,Q1,historical_dart_periodic_filing_universe
00414850,2020,효성 ITX,,20200515,20200515000527,,094280,Y,Q1,historical_dart_periodic_filing_universe
00415327,2020,중앙백신,,20200514,20200514000116,,072020,K,Q1,historical_dart_periodic_filing_universe
00415594,2020,동국S&C,,20200514,20200514000668,,100130,K,Q1,historical_dart_periodic_filing_universe
00415628,2020,세진중공업,,20200515,20200515002296,,075580,Y,Q1,historical_dart_periodic_filing_universe
00415646,2020,드림텍,,20200515,20200515001303,,192650,Y,Q1,historical_dart_periodic_filing_universe
00415707,2020,엔텔스,,20200515,20200515001763,,069410,K,Q1,historical_dart_periodic_filing_universe
00415868,2020,펩트론,,20200515,20200515001058,,087010,K,Q1,historical_dart_periodic_filing_universe
00416414,2020,넥스턴앤롤코리아,,20200515,20200515000841,,089140,K,Q1,historical_dart_periodic_filing_universe
00416654,2020,유엔젤,,20200515,20200515001492,,072130,Y,Q1,historical_dart_periodic_filing_universe
00418379,2020,자연과환경,,20200515,20200515002397,,043910,K,Q1,historical_dart_periodic_filing_universe
00422284,2020,메가스터디,,20200515,20200515002493,,072870,K,Q1,historical_dart_periodic_filing_universe
00422895,2020,세이브존I&C,,20200514,20200514000958,,067830,Y,Q1,historical_dart_periodic_filing_universe
00423177,2020,텔레칩스,,20200515,20200515000990,,054450,K,Q1,historical_dart_periodic_filing_universe
00423690,2020,삼성출판사,,20200515,20200515001615,,068290,Y,Q1,historical_dart_periodic_filing_universe
00425351,2020,멀티캠퍼스,,20200515,20200515002133,,067280,K,Q1,historical_dart_periodic_filing_universe
00426068,2020,엑시온그룹,,20200515,20200515002570,,069920,K,Q1,historical_dart_periodic_filing_universe
00426086,2020,티케이지휴켐스,,20200515,20200515000412,,069260,Y,Q1,historical_dart_periodic_filing_universe
00427483,2020,대웅제약,,20200515,20200515002507,,069620,Y,Q1,historical_dart_periodic_filing_universe
00428251,2020,현대백화점,,20200515,20200515001861,,069960,Y,Q1,historical_dart_periodic_filing_universe
00428321,2020,해태제과식품,,20200515,20200515002705,,101530,Y,Q1,historical_dart_periodic_filing_universe
00428729,2020,대호에이엘,,20200515,20200515001558,,069460,Y,Q1,historical_dart_periodic_filing_universe
00429694,2020,파버나인,,20200513,20200513000025,,177830,K,Q1,historical_dart_periodic_filing_universe
00432102,2020,한국금융지주,,20200515,20200515002194,,071050,Y,Q1,historical_dart_periodic_filing_universe
00435312,2020,하이스틸,,20200514,20200514000512,,071090,Y,Q1,historical_dart_periodic_filing_universe
00435969,2020,인피니트헬스케어,,20200514,20200514001077,,071200,K,Q1,historical_dart_periodic_filing_universe
00438036,2020,팅크웨어,,20200514,20200514000086,,084730,K,Q1,historical_dart_periodic_filing_universe
00439965,2020,나노신소재,,20200514,20200514000995,,121600,K,Q1,historical_dart_periodic_filing_universe
00440712,2020,리튬포어스,,20200515,20200515002106,,073570,K,Q1,historical_dart_periodic_filing_universe
00441243,2020,형지엘리트,,20200515,20200515001198,,093240,Y,Q1,historical_dart_periodic_filing_universe
00441304,2020,가온그룹,,20200515,20200515001324,,078890,K,Q1,historical_dart_periodic_filing_universe
00441447,2020,케이씨티,,20200515,20200515000770,,089150,K,Q1,historical_dart_periodic_filing_universe
00441650,2020,케이씨에스,,20200515,20200515000950,,115500,K,Q1,historical_dart_periodic_filing_universe
00442048,2020,아바텍,,20200515,20200515001777,,149950,K,Q1,historical_dart_periodic_filing_universe
00442145,2020,아바코,,20200515,20200515002143,,083930,K,Q1,historical_dart_periodic_filing_universe
00442154,2020,제이엔케이글로벌,,20200515,20200515000177,,126880,K,Q1,historical_dart_periodic_filing_universe
00442455,2020,코스나인,,20200511,20200511000363,,082660,K,Q1,historical_dart_periodic_filing_universe
00442561,2020,에프알텍,,20200515,20200515000569,,073540,K,Q1,historical_dart_periodic_filing_universe
00442570,2020,제우스,,20200515,20200515001916,,079370,K,Q1,historical_dart_periodic_filing_universe
00442826,2020,대봉엘에스,,20200515,20200515000371,,078140,K,Q1,historical_dart_periodic_filing_universe
00442835,2020,메타랩스,,20200514,20200514000628,,090370,Y,Q1,historical_dart_periodic_filing_universe
00442905,2020,디에스엠,,20200514,20200514000741,,104040,K,Q1,historical_dart_periodic_filing_universe
00444329,2020,위메이드,,20200514,20200514000982,,112040,K,Q1,historical_dart_periodic_filing_universe
00445054,2020,하나마이크론,,20200515,20200515002442,,067310,K,Q1,historical_dart_periodic_filing_universe
00445160,2020,APS이노베이션,,20200515,20200515001210,,079810,K,Q1,historical_dart_periodic_filing_universe
00445799,2020,서원인텍,,20200515,20200515001083,,093920,K,Q1,historical_dart_periodic_filing_universe
00445841,2020,MDS테크,,20200515,20200515002317,,086960,K,Q1,historical_dart_periodic_filing_universe
00447007,2020,알리코제약,,20200515,20200515000104,,260660,K,Q1,historical_dart_periodic_filing_universe
00447487,2020,제주반도체,,20200515,20200515000599,,080220,K,Q1,historical_dart_periodic_filing_universe
00447502,2020,바이오톡스텍,,20200515,20200515002258,,086040,K,Q1,historical_dart_periodic_filing_universe
00447575,2020,제이앤티씨,,20200515,20200515002469,,204270,K,Q1,historical_dart_periodic_filing_universe
00447609,2020,비에이치,,20200515,20200515000223,,090460,Y,Q1,historical_dart_periodic_filing_universe
00447760,2020,미래컴퍼니,,20200515,20200515002678,,049950,K,Q1,historical_dart_periodic_filing_universe
00447928,2020,네오티스,,20200515,20200515000584,,085910,K,Q1,historical_dart_periodic_filing_universe
00449254,2020,쎄트렉아이,,20200514,20200514000118,,099320,K,Q1,historical_dart_periodic_filing_universe
00449379,2020,도이치모터스,,20200515,20200515001465,,067990,K,Q1,historical_dart_periodic_filing_universe
00450010,2020,씨티알모빌리티,,20200520,20200520000052,,308170,Y,Q1,historical_dart_periodic_filing_universe
00450931,2020,우양에이치씨,,20200429,20200429001383,,101970,K,Q1,historical_dart_periodic_filing_universe
00450995,2020,대모,,20200529,20200529001694,,317850,K,Q1,historical_dart_periodic_filing_universe
00453284,2020,교촌에프앤비,,20210319,20210319000312,,339770,Y,FY,historical_dart_periodic_filing_universe
00453488,2020,다이나믹디자인,,20200515,20200515002251,,145210,Y,Q1,historical_dart_periodic_filing_universe
00453929,2020,메디포스트,,20200515,20200515001020,,078160,K,Q1,historical_dart_periodic_filing_universe
00454399,2020,이상네트웍스,,20200515,20200515000135,,080010,K,Q1,historical_dart_periodic_filing_universe
00454937,2020,덕신이피씨,,20200515,20200515001026,,090410,K,Q1,historical_dart_periodic_filing_universe
00454946,2020,그린케미칼,,20200514,20200514001123,,083420,Y,Q1,historical_dart_periodic_filing_universe
00455875,2020,와토스코리아,,20200514,20200514000336,,079000,K,Q1,historical_dart_periodic_filing_universe
00456218,2020,모두투어,,20200515,20200515002722,,080160,K,Q1,historical_dart_periodic_filing_universe
00458234,2020,아시아나IDT,,20200515,20200515001894,,267850,Y,Q1,historical_dart_periodic_filing_universe
00459871,2020,농심홀딩스,,20200515,20200515001090,,072710,Y,Q1,historical_dart_periodic_filing_universe
00462121,2020,LIG아큐버,,20200512,20200512000734,,073490,K,Q1,historical_dart_periodic_filing_universe
00463342,2020,폴라리스AI파마,,20200515,20200515000751,,041910,K,Q1,historical_dart_periodic_filing_universe
00466428,2020,아미노로직스,,20200514,20200514001073,,074430,K,Q1,historical_dart_periodic_filing_universe
00468374,2020,원익QnC,,20200515,20200515001123,,074600,K,Q1,historical_dart_periodic_filing_universe
00469799,2020,이엔플러스,,20200515,20200515002247,,074610,Y,Q1,historical_dart_periodic_filing_universe
00470829,2020,인티큐브,,20200514,20200514000981,,070590,K,Q1,historical_dart_periodic_filing_universe
00471068,2020,덕산하이메탈,,20200511,20200511000612,,077360,K,Q1,historical_dart_periodic_filing_universe
00472890,2020,동국알앤에스,,20200514,20200514000520,,075970,K,Q1,historical_dart_periodic_filing_universe
00474588,2020,한중엔시에스,,20210322,20210322000264,,107640,K,FY,historical_dart_periodic_filing_universe
00475718,2020,이엠앤아이,,20200608,20200608000168,,083470,K,Q1,historical_dart_periodic_filing_universe
00475976,2020,인콘,,20200515,20200515001981,,083640,K,Q1,historical_dart_periodic_filing_universe
00475985,2020,시너지이노베이션,,20200515,20200515002732,,048870,K,Q1,historical_dart_periodic_filing_universe
00476036,2020,에프엔에스테크,,20200515,20200515000038,,083500,K,Q1,historical_dart_periodic_filing_universe
00476498,2020,컴투스,,20200515,20200515002250,,078340,K,Q1,historical_dart_periodic_filing_universe
00478900,2020,빅솔론,,20200515,20200515000073,,093190,K,Q1,historical_dart_periodic_filing_universe
00479705,2020,케스피온,,20200515,20200515000781,,079190,K,Q1,historical_dart_periodic_filing_universe
00479787,2020,인텍플러스,,20200515,20200515001302,,064290,K,Q1,historical_dart_periodic_filing_universe
00480048,2020,모다이노칩,,20200515,20200515001395,,080420,K,Q1,historical_dart_periodic_filing_universe
00480367,2020,SK오션플랜트,,20200512,20200512000379,,100090,Y,Q1,historical_dart_periodic_filing_universe
00480455,2020,STX엔진,,20200515,20200515000257,,077970,Y,Q1,historical_dart_periodic_filing_universe
00480783,2020,상신이디피,,20200515,20200515001127,,091580,K,Q1,historical_dart_periodic_filing_universe
00481454,2020,금호타이어,,20200515,20200515002759,,073240,Y,Q1,historical_dart_periodic_filing_universe
00482426,2020,인화정공,,20200515,20200515000065,,101930,K,Q1,historical_dart_periodic_filing_universe
00483735,2020,해성옵틱스,,20200515,20200515001613,,076610,K,Q1,historical_dart_periodic_filing_universe
00484682,2020,엘오티베큠,,20200514,20200514000454,,083310,K,Q1,historical_dart_periodic_filing_universe
00485177,2020,일진파워,,20200515,20200515001733,,094820,K,Q1,historical_dart_periodic_filing_universe
00486097,2020,KT나스미디어,,20200515,20200515001823,,089600,K,Q1,historical_dart_periodic_filing_universe
00486370,2020,성창오토텍,,20200515,20200515001690,,080470,K,Q1,historical_dart_periodic_filing_universe
00486875,2020,우양,,20200511,20200511000361,,103840,K,Q1,historical_dart_periodic_filing_universe
00487546,2020,웰크론한텍,,20200515,20200515001306,,076080,K,Q1,historical_dart_periodic_filing_universe
00488402,2020,서울바이오시스,,20200515,20200515001098,,092190,K,Q1,historical_dart_periodic_filing_universe
00488989,2020,한양디지텍,,20200515,20200515000882,,078350,K,Q1,historical_dart_periodic_filing_universe
00489243,2020,동아엘텍,,20200515,20200515001653,,088130,K,Q1,historical_dart_periodic_filing_universe
00490090,2020,이지케어텍,,20200629,20200629000177,,099750,K,Q1,historical_dart_periodic_filing_universe
00490151,2020,파트론,,20200515,20200515001559,,091700,K,Q1,historical_dart_periodic_filing_universe
00490179,2020,플랜티넷,,20200515,20200515000800,,075130,K,Q1,historical_dart_periodic_filing_universe
00491053,2020,진바이오텍,,20200514,20200514000591,,086060,K,Q1,historical_dart_periodic_filing_universe
00491415,2020,인포바인,,20200515,20200515002353,,115310,K,Q1,historical_dart_periodic_filing_universe
00491938,2020,GH신소재,,20200515,20200515000938,,130500,K,Q1,historical_dart_periodic_filing_universe
00492353,2020,파이오링크,,20200513,20200513000318,,170790,K,Q1,historical_dart_periodic_filing_universe
00492894,2020,젬백스,,20200515,20200515002463,,082270,K,Q1,historical_dart_periodic_filing_universe
00493185,2020,제이스로보틱스,,20200515,20200515001698,,090470,K,Q1,historical_dart_periodic_filing_universe
00493510,2020,뉴프렉스,,20200515,20200515002140,,085670,K,Q1,historical_dart_periodic_filing_universe
00494218,2020,엘엠에스,,20200515,20200515002503,,073110,K,Q1,historical_dart_periodic_filing_universe
00494476,2020,이녹스,,20200515,20200515001186,,088390,K,Q1,historical_dart_periodic_filing_universe
00495086,2020,픽셀플러스,,20200515,20200515001213,,087600,K,Q1,historical_dart_periodic_filing_universe
00497631,2020,티플랙스,,20200515,20200515000241,,081150,K,Q1,historical_dart_periodic_filing_universe
00498001,2020,모베이스,,20200615,20200615000311,,101330,K,Q1,historical_dart_periodic_filing_universe
00500254,2020,GS,,20200515,20200515002599,,078930,Y,Q1,historical_dart_periodic_filing_universe
00503668,2020,LIG디펜스앤에어로스페이스,,20200513,20200513000210,,079550,Y,Q1,historical_dart_periodic_filing_universe
00506294,2020,가비아,,20200515,20200515000929,,079940,K,Q1,historical_dart_periodic_filing_universe
00508274,2020,일진다이아,,20200515,20200515000253,,081000,Y,Q1,historical_dart_periodic_filing_universe
00508344,2020,SK디앤디,,20200515,20200515001986,,210980,Y,Q1,historical_dart_periodic_filing_universe
00513948,2020,녹십자엠에스,,20200515,20200515000963,,142280,K,Q1,historical_dart_periodic_filing_universe
00519252,2020,THE E&M,,20200515,20200515001271,,089230,K,Q1,historical_dart_periodic_filing_universe
00520610,2020,씨큐브,,20200515,20200515000336,,101240,K,Q1,historical_dart_periodic_filing_universe
00520887,2020,비상교육,,20200515,20200515002131,,100220,Y,Q1,historical_dart_periodic_filing_universe
00521390,2020,뉴파워프라즈마,,20200515,20200515000553,,144960,K,Q1,historical_dart_periodic_filing_universe
00522007,2020,크리스에프앤씨,,20200515,20200515000264,,110790,K,Q1,historical_dart_periodic_filing_universe
00523307,2020,다원시스,,20200515,20200515000845,,068240,K,Q1,historical_dart_periodic_filing_universe
00523936,2020,HB솔루션,,20200813,20200813000649,,297890,K,H1,historical_dart_periodic_filing_universe
00524421,2020,테스,,20200512,20200512000363,,095610,K,Q1,historical_dart_periodic_filing_universe
00524786,2020,비엠티,,20200515,20200515000292,,086670,K,Q1,historical_dart_periodic_filing_universe
00525642,2020,코오롱생명과학,,20200515,20200515001590,,102940,K,Q1,historical_dart_periodic_filing_universe
00525679,2020,차바이오텍,,20200514,20200514000973,,085660,K,Q1,historical_dart_periodic_filing_universe
00525864,2020,피앤씨테크,,20200515,20200515000214,,237750,K,Q1,historical_dart_periodic_filing_universe
00525882,2020,크레버스,,20200515,20200515001208,,096240,K,Q1,historical_dart_periodic_filing_universe
00525934,2020,LX세미콘,,20200515,20200515000940,,108320,Y,Q1,historical_dart_periodic_filing_universe
00526599,2020,덴티움,,20200515,20200515001701,,145720,Y,Q1,historical_dart_periodic_filing_universe
00526678,2020,동방선기,,20200515,20200515000648,,099410,K,Q1,historical_dart_periodic_filing_universe
00526696,2020,웨이브일렉트로,,20200514,20200514000623,,095270,K,Q1,historical_dart_periodic_filing_universe
00526836,2020,미래나노텍,,20200515,20200515001857,,095500,K,Q1,historical_dart_periodic_filing_universe
00526872,2020,이수앱지스,,20200515,20200515002122,,086890,K,Q1,historical_dart_periodic_filing_universe
00526951,2020,신화프리텍,,20200515,20200515000185,,095190,K,Q1,historical_dart_periodic_filing_universe
00527464,2020,에이치시티,,20200515,20200515001837,,072990,K,Q1,historical_dart_periodic_filing_universe
00527491,2020,하이드로리튬,,20200514,20200514000755,,101670,K,Q1,historical_dart_periodic_filing_universe
00528515,2020,한라IMS,,20200515,20200515000861,,092460,K,Q1,historical_dart_periodic_filing_universe
00529815,2020,오디텍,,20200515,20200515000647,,080520,K,Q1,historical_dart_periodic_filing_universe
00530121,2020,디에스케이,,20200515,20200515002078,,109740,K,Q1,historical_dart_periodic_filing_universe
00530185,2020,이엔에프테크놀로지,,20200515,20200515001430,,102710,K,Q1,historical_dart_periodic_filing_universe
00530413,2020,더코디,,20200515,20200515002625,,224060,K,Q1,historical_dart_periodic_filing_universe
00530556,2020,예스티,,20200515,20200515000988,,122640,K,Q1,historical_dart_periodic_filing_universe
00531014,2020,유진테크,,20200512,20200512000721,,084370,K,Q1,historical_dart_periodic_filing_universe
00531078,2020,유비온,,20201229,20201229000489,,084440,K,Q3,historical_dart_periodic_filing_universe
00531829,2020,엠아이텍,,20200514,20200514000465,,179290,K,Q1,historical_dart_periodic_filing_universe
00531865,2020,유니테크노,,20200515,20200515000889,,241690,K,Q1,historical_dart_periodic_filing_universe
00531917,2020,톱텍,,20200515,20200515002475,,108230,K,Q1,historical_dart_periodic_filing_universe
00532059,2020,그린생명과학,,20200515,20200515001662,,114450,K,Q1,historical_dart_periodic_filing_universe
00532129,2020,영림원소프트랩,,20201111,20201111000235,,060850,K,Q3,historical_dart_periodic_filing_universe
00532855,2020,한국유니온제약,,20200515,20200515001550,,080720,K,Q1,historical_dart_periodic_filing_universe
00533003,2020,디케이락,,20200515,20200515001014,,105740,K,Q1,historical_dart_periodic_filing_universe
00533191,2020,비보존 제약,,20200515,20200515000972,,082800,K,Q1,historical_dart_periodic_filing_universe
00533508,2020,제이엠티,,20200515,20200515000293,,094970,K,Q1,historical_dart_periodic_filing_universe
00533924,2020,이브이첨단소재,,20200515,20200515000109,,131400,K,Q1,historical_dart_periodic_filing_universe
00535375,2020,키네마스터,,20200514,20200514000882,,139670,K,Q1,historical_dart_periodic_filing_universe
00535481,2020,에스와이,,20200515,20200515001155,,109610,K,Q1,historical_dart_periodic_filing_universe
00535676,2020,테크윙,,20200515,20200515000765,,089030,K,Q1,historical_dart_periodic_filing_universe
00535746,2020,컴투스홀딩스,,20200515,20200515002271,,063080,K,Q1,historical_dart_periodic_filing_universe
00536286,2020,윈팩,,20200515,20200515000043,,097800,K,Q1,historical_dart_periodic_filing_universe
00536523,2020,로보스타,,20200515,20200515002586,,090360,K,Q1,historical_dart_periodic_filing_universe
00536541,2020,에코프로,,20200515,20200515001524,,086520,K,Q1,historical_dart_periodic_filing_universe
00536888,2020,케이알엠,,20200515,20200515000838,,093640,K,Q1,historical_dart_periodic_filing_universe
00537337,2020,앤씨앤,,20200514,20200514000347,,092600,K,Q1,historical_dart_periodic_filing_universe
00537832,2020,푸른로보틱스,,20200514,20200514000858,,094940,K,Q1,historical_dart_periodic_filing_universe
00539274,2020,대상홀딩스,,20200515,20200515001849,,084690,Y,Q1,historical_dart_periodic_filing_universe
00540429,2020,휴림로봇,,20200515,20200515001545,,090710,K,Q1,historical_dart_periodic_filing_universe
00540447,2020,유니테스트,,20200515,20200515001565,,086390,K,Q1,historical_dart_periodic_filing_universe
00540571,2020,엘디티,,20200515,20200515000977,,096870,K,Q1,historical_dart_periodic_filing_universe
00540605,2020,이월드,,20200515,20200515002012,,084680,Y,Q1,historical_dart_periodic_filing_universe
00540641,2020,동양고속,,20200514,20200514000144,,084670,Y,Q1,historical_dart_periodic_filing_universe
00540863,2020,GST,,20200515,20200515000122,,083450,K,Q1,historical_dart_periodic_filing_universe
00541163,2020,이엠텍,,20200515,20200515002505,,091120,K,Q1,historical_dart_periodic_filing_universe
00541349,2020,셀트리온제약,,20200515,20200515001389,,068760,K,Q1,historical_dart_periodic_filing_universe
00541437,2020,코렌텍,,20200514,20200514000742,,104540,K,Q1,historical_dart_periodic_filing_universe
00542074,2020,LSK아이로봇,,20200515,20200515001464,,091970,K,Q1,historical_dart_periodic_filing_universe
00542898,2020,케이이엠텍,,20200515,20200515000773,,106080,K,Q1,historical_dart_periodic_filing_universe
00543107,2020,오킨스전자,,20200515,20200515001262,,080580,K,Q1,historical_dart_periodic_filing_universe
00543204,2020,아이오케이이엔엠,,20200515,20200515000190,,078860,K,Q1,historical_dart_periodic_filing_universe
00544452,2020,이리츠코크렙,,20200515,20200515000665,,088260,Y,Q1,historical_dart_periodic_filing_universe
00544577,2020,브이엠,,20200514,20200514000021,,089970,K,Q1,historical_dart_periodic_filing_universe
00545114,2020,랩지노믹스,,20200515,20200515000581,,084650,K,Q1,historical_dart_periodic_filing_universe
00545716,2020,롯데렌탈,,20200515,20200515001460,,089860,Y,Q1,historical_dart_periodic_filing_universe
00545734,2020,아미코젠,,20200515,20200515001426,,092040,K,Q1,historical_dart_periodic_filing_universe
00545929,2020,제넥신,,20200515,20200515001130,,095700,K,Q1,historical_dart_periodic_filing_universe
00547510,2020,툴젠,,20210323,20210323000369,,199800,K,FY,historical_dart_periodic_filing_universe
00547583,2020,하나금융지주,,20200515,20200515001934,,086790,Y,Q1,historical_dart_periodic_filing_universe
00549891,2020,케어젠,,20200515,20200515000560,,214370,K,Q1,historical_dart_periodic_filing_universe
00550082,2020,캔버스엔,,20210315,20210315000442,,210120,K,FY,historical_dart_periodic_filing_universe
00550994,2020,아이센스,,20200515,20200515000280,,099190,K,Q1,historical_dart_periodic_filing_universe
00551920,2020,네오팜,,20200515,20200515002062,,092730,K,Q1,historical_dart_periodic_filing_universe
00552859,2020,HLB테라퓨틱스,,20200513,20200513000062,,115450,K,Q1,historical_dart_periodic_filing_universe
00552992,2020,진매트릭스,,20200515,20200515002335,,109820,K,Q1,historical_dart_periodic_filing_universe
00554352,2020,아이큐어,,20200515,20200515000859,,175250,K,Q1,historical_dart_periodic_filing_universe
00555874,2020,제주항공,,20200515,20200515002544,,089590,Y,Q1,historical_dart_periodic_filing_universe
00556615,2020,모바일어플라이언스,,20200515,20200515000252,,087260,K,Q1,historical_dart_periodic_filing_universe
00556712,2020,힘스,,20200514,20200514000022,,238490,K,Q1,historical_dart_periodic_filing_universe
00556907,2020,에이스테크,,20200515,20200515001576,,088800,K,Q1,historical_dart_periodic_filing_universe
00557508,2020,GKL,,20200515,20200515000500,,114090,Y,Q1,historical_dart_periodic_filing_universe
00557933,2020,진도,,20200515,20200515000306,,088790,Y,Q1,historical_dart_periodic_filing_universe
00560122,2020,한울소재과학,,20200515,20200515000686,,091440,K,Q1,historical_dart_periodic_filing_universe
00560849,2020,에스앤디,,20210322,20210322000885,,260970,K,FY,historical_dart_periodic_filing_universe
00560982,2020,바이오솔루션,,20200515,20200515002125,,086820,K,Q1,historical_dart_periodic_filing_universe
00562245,2020,태웅로직스,,20200529,20200529000931,,124560,K,Q1,historical_dart_periodic_filing_universe
00562360,2020,에코볼트,,20200513,20200513000400,,097780,K,Q1,historical_dart_periodic_filing_universe
00563518,2020,비나텍,,20201130,20201130001258,,126340,K,Q3,historical_dart_periodic_filing_universe
00563545,2020,두산테스나,,20200515,20200515000668,,131970,K,Q1,historical_dart_periodic_filing_universe
00563837,2020,제로투세븐,,20200515,20200515001435,,159580,K,Q1,historical_dart_periodic_filing_universe
00564562,2020,엠씨넥스,,20200514,20200514000969,,097520,Y,Q1,historical_dart_periodic_filing_universe
00565154,2020,이노션,,20200515,20200515002456,,214320,Y,Q1,historical_dart_periodic_filing_universe
00567222,2020,우림피티에스,,20200515,20200515001838,,101170,K,Q1,historical_dart_periodic_filing_universe
00568188,2020,마이크로컨텍솔,,20200514,20200514000948,,098120,K,Q1,historical_dart_periodic_filing_universe
00568461,2020,HC보광산업,,20200515,20200515001455,,225530,K,Q1,historical_dart_periodic_filing_universe
00569646,2020,영우디에스피,,20200427,20200427000138,,143540,K,Q1,historical_dart_periodic_filing_universe
00569691,2020,디엔에프,,20200515,20200515000349,,092070,K,Q1,historical_dart_periodic_filing_universe
00571298,2020,덕우전자,,20200515,20200515001706,,263600,K,Q1,historical_dart_periodic_filing_universe
00571483,2020,오이솔루션,,20200515,20200515001705,,138080,K,Q1,historical_dart_periodic_filing_universe
00572905,2020,ISC,,20200515,20200515001541,,095340,K,Q1,historical_dart_periodic_filing_universe
00573269,2020,에스코넥,,20200515,20200515000832,,096630,K,Q1,historical_dart_periodic_filing_universe
00573579,2020,평화산업,,20200515,20200515002336,,090080,Y,Q1,historical_dart_periodic_filing_universe
00574611,2020,SDN,,20200508,20200508000143,,099220,K,Q1,historical_dart_periodic_filing_universe
00576789,2020,디젠스,,20200515,20200515001239,,113810,K,Q1,historical_dart_periodic_filing_universe
00576798,2020,디아이티,,20200515,20200515000142,,110990,K,Q1,historical_dart_periodic_filing_universe
00577016,2020,수산아이앤티,,20200515,20200515000528,,050960,K,Q1,historical_dart_periodic_filing_universe
00577380,2020,신진에스엠,,20200515,20200515000453,,138070,K,Q1,historical_dart_periodic_filing_universe
00578538,2020,티피씨글로벌,,20200514,20200514000950,,130740,K,Q1,historical_dart_periodic_filing_universe
00579139,2020,한국맥널티,,20200515,20200515002556,,222980,K,Q1,historical_dart_periodic_filing_universe
00579971,2020,칩스앤미디어,,20200515,20200515000145,,094360,K,Q1,historical_dart_periodic_filing_universe
00579980,2020,아이티엠반도체,,20200511,20200511000184,,084850,K,Q1,historical_dart_periodic_filing_universe
00579999,2020,고영,,20200515,20200515001790,,098460,K,Q1,historical_dart_periodic_filing_universe
00580056,2020,스맥,,20200515,20200515002169,,099440,K,Q1,historical_dart_periodic_filing_universe
00580065,2020,월덱스,,20200514,20200514000489,,101160,K,Q1,historical_dart_periodic_filing_universe
00580199,2020,메디톡스,,20200515,20200515002777,,086900,K,Q1,historical_dart_periodic_filing_universe
00580667,2020,S&K폴리텍,,20200515,20200515001471,,091340,K,Q1,historical_dart_periodic_filing_universe
00583026,2020,멤레이비티,,20200512,20200512000809,,072770,K,Q1,historical_dart_periodic_filing_universe
00583424,2020,아모레퍼시픽,,20200515,20200515001150,,090430,Y,Q1,historical_dart_periodic_filing_universe
00583442,2020,노루페인트,,20200515,20200515001756,,090350,Y,Q1,historical_dart_periodic_filing_universe
00585538,2020,에스에너지,,20200515,20200515000812,,095910,K,Q1,historical_dart_periodic_filing_universe
00587457,2020,갤럭시아머니트리,,20200514,20200514000989,,094480,K,Q1,historical_dart_periodic_filing_universe
00587466,2020,KPX홀딩스,,20200515,20200515002113,,092230,Y,Q1,historical_dart_periodic_filing_universe
00587925,2020,모아라이프플러스,,20200515,20200515001787,,142760,K,Q1,historical_dart_periodic_filing_universe
00589127,2020,KEC,,20200515,20200515002277,,092220,Y,Q1,historical_dart_periodic_filing_universe
00591441,2020,어보브반도체,,20200514,20200514000353,,102120,K,Q1,historical_dart_periodic_filing_universe
00592653,2020,유비벨록스,,20200515,20200515001131,,089850,K,Q1,historical_dart_periodic_filing_universe
00593032,2020,LF,,20200515,20200515002301,,093050,Y,Q1,historical_dart_periodic_filing_universe
00595182,2020,아톤,,20200515,20200515001369,,158430,K,Q1,historical_dart_periodic_filing_universe
00595191,2020,후성,,20200515,20200515002234,,093370,Y,Q1,historical_dart_periodic_filing_universe
00596260,2020,투비소프트,,20200514,20200514000412,,079970,K,Q1,historical_dart_periodic_filing_universe
00596677,2020,매커스,,20200514,20200514000679,,093520,K,Q1,historical_dart_periodic_filing_universe
00598198,2020,컴퍼니케이,,20200513,20200513000266,,307930,K,Q1,historical_dart_periodic_filing_universe
00599106,2020,네오리진,,20200514,20200514000665,,094860,K,Q1,historical_dart_periodic_filing_universe
00599151,2020,SV인베스트먼트,,20200629,20200629000517,,289080,K,Q1,historical_dart_periodic_filing_universe
00599285,2020,서플러스글로벌,,20200515,20200515000399,,140070,K,Q1,historical_dart_periodic_filing_universe
00599595,2020,BGF에코머티리얼즈,,20200514,20200514000032,,126600,K,Q1,historical_dart_periodic_filing_universe
00599957,2020,슈프리마에이치큐,,20200515,20200515000237,,094840,K,Q1,historical_dart_periodic_filing_universe
00601191,2020,하나기술,,20210323,20210323001057,,299030,K,FY,historical_dart_periodic_filing_universe
00602136,2020,디와이피엔에프,,20200515,20200515002485,,104460,K,Q1,historical_dart_periodic_filing_universe
00602172,2020,와이엠티,,20200515,20200515000074,,251370,K,Q1,historical_dart_periodic_filing_universe
00602279,2020,그린플러스,,20200515,20200515001803,,186230,K,Q1,historical_dart_periodic_filing_universe
00603348,2020,케이아이엔엑스,,20200515,20200515001593,,093320,K,Q1,historical_dart_periodic_filing_universe
00604268,2020,에이프로,,20200813,20200813000742,,262260,K,H1,historical_dart_periodic_filing_universe
00604426,2020,인터로조,,20200515,20200515000716,,119610,K,Q1,historical_dart_periodic_filing_universe
00604815,2020,에스디시스템,,20200514,20200514000800,,121890,K,Q1,historical_dart_periodic_filing_universe
00605124,2020,알파칩스,,20200515,20200515001245,,117670,K,Q1,historical_dart_periodic_filing_universe
00605328,2020,씨앤지하이테크,,20200513,20200513000742,,264660,K,Q1,historical_dart_periodic_filing_universe
00605522,2020,아리바이오홀딩스,,20210319,20210319001413,,290690,K,FY,historical_dart_periodic_filing_universe
00606293,2020,나이스디앤비,,20200515,20200515002065,,130580,K,Q1,historical_dart_periodic_filing_universe
00606664,2020,케이엔더블유,,20200515,20200515001927,,105330,K,Q1,historical_dart_periodic_filing_universe
00606770,2020,참좋은여행,,20200514,20200514000978,,094850,K,Q1,historical_dart_periodic_filing_universe
00606886,2020,엔지켐생명과학,,20200515,20200515001820,,183490,K,Q1,historical_dart_periodic_filing_universe
00608316,2020,대한과학,,20200515,20200515001104,,131220,K,Q1,historical_dart_periodic_filing_universe
00608440,2020,티앤엘,,20210317,20210317000997,,340570,K,FY,historical_dart_periodic_filing_universe
00608699,2020,탑코미디어,,20200515,20200515002168,,134580,K,Q1,historical_dart_periodic_filing_universe
00608802,2020,텔콘RF제약,,20200515,20200515001601,,200230,K,Q1,historical_dart_periodic_filing_universe
00608839,2020,에이루트,,20200515,20200515001366,,096690,K,Q1,historical_dart_periodic_filing_universe
00609324,2020,뷰웍스,,20200515,20200515000438,,100120,K,Q1,historical_dart_periodic_filing_universe
00610083,2020,비아트론,,20200515,20200515002082,,141000,K,Q1,historical_dart_periodic_filing_universe
00611736,2020,엑시콘,,20200514,20200514000625,,092870,K,Q1,historical_dart_periodic_filing_universe
00611912,2020,아모그린텍,,20200515,20200515001000,,125210,K,Q1,historical_dart_periodic_filing_universe
00612188,2020,에스티오,,20200515,20200515000613,,098660,K,Q1,historical_dart_periodic_filing_universe
00612294,2020,피엔티,,20200514,20200514000291,,137400,K,Q1,historical_dart_periodic_filing_universe
00612489,2020,아이쓰리시스템,,20200514,20200514000916,,214430,K,Q1,historical_dart_periodic_filing_universe
00613318,2020,와이지엔터테인먼트,,20200515,20200515002553,,122870,K,Q1,historical_dart_periodic_filing_universe
00614478,2020,휴메딕스,,20200513,20200513000073,,200670,K,Q1,historical_dart_periodic_filing_universe
00614593,2020,넥스트아이,,20200515,20200515002304,,137940,K,Q1,historical_dart_periodic_filing_universe
00615723,2020,MSDI,,20200513,20200513000914,,123010,K,Q1,historical_dart_periodic_filing_universe
00616290,2020,이엠넷,,20200515,20200515000436,,123570,K,Q1,historical_dart_periodic_filing_universe
00616962,2020,린드먼아시아,,20200515,20200515000592,,277070,K,Q1,historical_dart_periodic_filing_universe
00617314,2020,타이거일렉,,20200515,20200515000619,,219130,K,Q1,historical_dart_periodic_filing_universe
00617998,2020,폴라리스세원,,20200514,20200514000523,,234100,K,Q1,historical_dart_periodic_filing_universe
00618410,2020,KS인더스트리,,20200515,20200515001610,,101000,K,Q1,historical_dart_periodic_filing_universe
00619640,2020,에코앤드림,,20201113,20201113000491,,101360,K,Q3,historical_dart_periodic_filing_universe
00620558,2020,루트K,,20200515,20200515001546,,195990,K,Q1,historical_dart_periodic_filing_universe
00620868,2020,아이티센글로벌,,20200512,20200512000847,,124500,K,Q1,historical_dart_periodic_filing_universe
00622787,2020,바이오노트,,20210331,20210331003006,,377740,Y,FY,historical_dart_periodic_filing_universe
00623184,2020,오늘이엔엠,,20200514,20200514001002,,192410,K,Q1,historical_dart_periodic_filing_universe
00623661,2020,원익머트리얼즈,,20200515,20200515000322,,104830,K,Q1,historical_dart_periodic_filing_universe
00624509,2020,디바이스,,20200514,20200514000309,,187870,K,Q1,historical_dart_periodic_filing_universe
00624518,2020,다산솔루에타,,20200515,20200515001189,,154040,K,Q1,historical_dart_periodic_filing_universe
00624749,2020,에스피시스템스,,20200515,20200515001922,,317830,K,Q1,historical_dart_periodic_filing_universe
00624998,2020,제닉,,20200514,20200514000738,,123330,K,Q1,historical_dart_periodic_filing_universe
00625942,2020,한솔아이원스,,20200515,20200515000422,,114810,K,Q1,historical_dart_periodic_filing_universe
00626011,2020,아이텍,,20200515,20200515001318,,119830,K,Q1,historical_dart_periodic_filing_universe
00626464,2020,지엔씨에너지,,20200515,20200515000090,,119850,K,Q1,historical_dart_periodic_filing_universe
00627029,2020,DGI,,20200522,20200522000045,,099520,K,Q1,historical_dart_periodic_filing_universe
00628189,2020,웅진씽크빅,,20200515,20200515001879,,095720,Y,Q1,historical_dart_periodic_filing_universe
00628860,2020,네오위즈,,20200515,20200515002094,,095660,K,Q1,historical_dart_periodic_filing_universe
00629212,2020,딜리,,20200515,20200515001512,,131180,K,Q1,historical_dart_periodic_filing_universe
00631518,2020,SK이노베이션,,20200515,20200515001195,,096770,Y,Q1,historical_dart_periodic_filing_universe
00631837,2020,안트로젠,,20200514,20200514000965,,065660,K,Q1,historical_dart_periodic_filing_universe
00632304,2020,JW홀딩스,,20200515,20200515002482,,096760,Y,Q1,historical_dart_periodic_filing_universe
00632793,2020,전진바이오팜,,20200515,20200515000548,,110020,K,Q1,historical_dart_periodic_filing_universe
00632845,2020,노랑풍선,,20200515,20200515000037,,104620,K,Q1,historical_dart_periodic_filing_universe
00633835,2020,HJ중공업,,20200515,20200515002178,,097230,Y,Q1,historical_dart_periodic_filing_universe
00634728,2020,이크레더블,,20200515,20200515000423,,092130,K,Q1,historical_dart_periodic_filing_universe
00635134,2020,CJ제일제당,,20200515,20200515001115,,097950,Y,Q1,historical_dart_periodic_filing_universe
00636656,2020,바이오플러스,,20200529,20200529000594,,099430,K,Q1,historical_dart_periodic_filing_universe
00638487,2020,파수AI,,20200515,20200515000824,,150900,K,Q1,historical_dart_periodic_filing_universe
00641171,2020,인지소프트,,20200515,20200515000275,,100030,K,Q1,historical_dart_periodic_filing_universe
00641393,2020,엔시트론,,20200515,20200515000565,,101400,K,Q1,historical_dart_periodic_filing_universe
00642541,2020,제이에스링크,,20200515,20200515000450,,127120,K,Q1,historical_dart_periodic_filing_universe
00643656,2020,위메이드맥스,,20200514,20200514000961,,101730,K,Q1,historical_dart_periodic_filing_universe
00645089,2020,NHN벅스,,20200515,20200515002096,,104200,K,Q1,historical_dart_periodic_filing_universe
00646732,2020,진양홀딩스,,20200515,20200515001752,,100250,Y,Q1,historical_dart_periodic_filing_universe
00648721,2020,SNT에너지,,20200513,20200513000300,,100840,Y,Q1,historical_dart_periodic_filing_universe
00651017,2020,나우IB,,20200515,20200515001384,,293580,K,Q1,historical_dart_periodic_filing_universe
00651901,2020,에어부산,,20200515,20200515002231,,298690,Y,Q1,historical_dart_periodic_filing_universe
00652007,2020,메카로,,20200514,20200514000013,,241770,K,Q1,historical_dart_periodic_filing_universe
00652423,2020,인바이오젠,,20200515,20200515001224,,101140,Y,Q1,historical_dart_periodic_filing_universe
00653024,2020,진에어,,20200515,20200515001408,,272450,Y,Q1,historical_dart_periodic_filing_universe
00653194,2020,앱토크롬,,20200515,20200515000698,,109960,K,Q1,historical_dart_periodic_filing_universe
00654175,2020,피엠티,,20200515,20200515000481,,147760,K,Q1,historical_dart_periodic_filing_universe
00654272,2020,램테크놀러지,,20200511,20200511000702,,171010,K,Q1,historical_dart_periodic_filing_universe
00656289,2020,코스맥스엔비티,,20200515,20200515001249,,222040,K,Q1,historical_dart_periodic_filing_universe
00656951,2020,현대이지웰,,20200515,20200515000041,,090850,K,Q1,historical_dart_periodic_filing_universe
00657002,2020,에이디테크놀로지,,20200515,20200515000302,,200710,K,Q1,historical_dart_periodic_filing_universe
00657987,2020,KX,,20200515,20200515002452,,122450,K,Q1,historical_dart_periodic_filing_universe
00659161,2020,싸이맥스,,20200515,20200515000441,,160980,K,Q1,historical_dart_periodic_filing_universe
00659976,2020,영화테크,,20200515,20200515000444,,265560,K,Q1,historical_dart_periodic_filing_universe
00660033,2020,씨엔플러스,,20200515,20200515001419,,115530,K,Q1,historical_dart_periodic_filing_universe
00660121,2020,디에이테크놀로지,,20200515,20200515002386,,196490,K,Q1,historical_dart_periodic_filing_universe
00660291,2020,옵티시스,,20200515,20200515001293,,109080,K,Q1,historical_dart_periodic_filing_universe
00660459,2020,나노씨엠에스,,20210323,20210323000779,,247660,K,FY,historical_dart_periodic_filing_universe
00660750,2020,하나머티리얼즈,,20200515,20200515000394,,166090,K,Q1,historical_dart_periodic_filing_universe
00661847,2020,화인베스틸,,20200515,20200515002486,,133820,Y,Q1,historical_dart_periodic_filing_universe
00663669,2020,폴라리스우노,,20200615,20200615000198,,114630,K,Q1,historical_dart_periodic_filing_universe
00664048,2020,우리넷,,20200515,20200515001788,,115440,K,Q1,historical_dart_periodic_filing_universe
00664181,2020,인텔리안테크,,20200514,20200514000803,,189300,K,Q1,historical_dart_periodic_filing_universe
00664853,2020,제이씨케미칼,,20200515,20200515001321,,137950,K,Q1,historical_dart_periodic_filing_universe
00665676,2020,아시아경제,,20200515,20200515002171,,127710,K,Q1,historical_dart_periodic_filing_universe
00666064,2020,셀바스AI,,20200515,20200515002210,,108860,K,Q1,historical_dart_periodic_filing_universe
00666204,2020,제너셈,,20200514,20200514001130,,217190,K,Q1,historical_dart_periodic_filing_universe
00667425,2020,에이팩트,,20200515,20200515000408,,200470,K,Q1,historical_dart_periodic_filing_universe
00670340,2020,씨에스윈드,,20200515,20200515000912,,112610,Y,Q1,historical_dart_periodic_filing_universe
00670766,2020,엠엑스온,,20201113,20201113000510,,347890,K,Q3,historical_dart_periodic_filing_universe
00671376,2020,트리니티항공,,20200515,20200515001350,,091810,Y,Q1,historical_dart_periodic_filing_universe
00671978,2020,그리티,,20200515,20200515001278,,204020,K,Q1,historical_dart_periodic_filing_universe
00674498,2020,골프존홀딩스,,20200515,20200515000563,,121440,K,Q1,historical_dart_periodic_filing_universe
00675594,2020,디티앤씨,,20200515,20200515002517,,187220,K,Q1,historical_dart_periodic_filing_universe
00679314,2020,동성케미컬,,20200515,20200515001642,,102260,Y,Q1,historical_dart_periodic_filing_universe
00681249,2020,씨유메디칼,,20200515,20200515002305,,115480,K,Q1,historical_dart_periodic_filing_universe
00681373,2020,디지캡,,20200514,20200514001115,,197140,K,Q1,historical_dart_periodic_filing_universe
00683007,2020,퀀텀레일,,20200515,20200515001759,,070300,K,Q1,historical_dart_periodic_filing_universe
00683469,2020,일진전기,,20200515,20200515001448,,103590,Y,Q1,historical_dart_periodic_filing_universe
00684714,2020,풍산,,20200515,20200515001592,,103140,Y,Q1,historical_dart_periodic_filing_universe
00684802,2020,에이플러스에셋,,20200601,20200601000747,,244920,Y,Q1,historical_dart_periodic_filing_universe
00687711,2020,한국철강,,20200515,20200515000786,,104700,Y,Q1,historical_dart_periodic_filing_universe
00688358,2020,하이즈항공,,20200515,20200515000839,,221840,K,Q1,historical_dart_periodic_filing_universe
00688996,2020,KB금융,,20200515,20200515002333,,105560,Y,Q1,historical_dart_periodic_filing_universe
00692254,2020,아이패밀리에스씨,,20200515,20200515002645,,114840,K,Q1,historical_dart_periodic_filing_universe
00693554,2020,티케이케미칼,,20200515,20200515002639,,104480,K,Q1,historical_dart_periodic_filing_universe
00693651,2020,비덴트,,20200515,20200515002692,,121800,K,Q1,historical_dart_periodic_filing_universe
00694942,2020,이미지스,,20200515,20200515002360,,115610,K,Q1,historical_dart_periodic_filing_universe
00695969,2020,동운아나텍,,20200512,20200512000409,,094170,K,Q1,historical_dart_periodic_filing_universe
00706715,2020,미원홀딩스,,20200515,20200515000694,,107590,Y,Q1,historical_dart_periodic_filing_universe
00728638,2020,한세실업,,20200515,20200515001766,,105630,Y,Q1,historical_dart_periodic_filing_universe
00753643,2020,주성코퍼레이션,,20200514,20200514000330,,109070,Y,Q1,historical_dart_periodic_filing_universe
00755739,2020,파인테크닉스,,20200514,20200514000751,,106240,K,Q1,historical_dart_periodic_filing_universe
00759294,2020,와이솔,,20200515,20200515001674,,122990,K,Q1,historical_dart_periodic_filing_universe
00759513,2020,LX하우시스,,20200515,20200515001669,,108670,Y,Q1,historical_dart_periodic_filing_universe
00760971,2020,크래프톤,,20200515,20200515002608,,259960,Y,Q1,historical_dart_periodic_filing_universe
00760999,2020,상신전자,,20200514,20200514000249,,263810,K,Q1,historical_dart_periodic_filing_universe
00761059,2020,펌텍코리아,,20200513,20200513000228,,251970,K,Q1,historical_dart_periodic_filing_universe
00761952,2020,아나패스,,20200515,20200515000598,,123860,K,Q1,historical_dart_periodic_filing_universe
00763473,2020,코스메카코리아,,20200514,20200514000028,,241710,K,Q1,historical_dart_periodic_filing_universe
00763701,2020,헥토파이낸셜,,20200515,20200515001055,,234340,K,Q1,historical_dart_periodic_filing_universe
00765462,2020,씨에스베어링,,20200515,20200515000614,,297090,K,Q1,historical_dart_periodic_filing_universe
00765851,2020,위더스제약,,20200928,20200928000399,,330350,K,H1,historical_dart_periodic_filing_universe
00766106,2020,엣지파운드리,,20200508,20200508000477,,105550,K,Q1,historical_dart_periodic_filing_universe
00767460,2020,PI첨단소재,,20200515,20200515002087,,178920,Y,Q1,historical_dart_periodic_filing_universe
00767628,2020,나이벡,,20200515,20200515001926,,138610,K,Q1,historical_dart_periodic_filing_universe
00769158,2020,케이엔제이,,20200515,20200515000419,,272110,K,Q1,historical_dart_periodic_filing_universe
00770312,2020,마니커에프앤지,,20200515,20200515000762,,195500,K,Q1,historical_dart_periodic_filing_universe
00776820,2020,영원무역,,20200515,20200515001242,,111770,Y,Q1,historical_dart_periodic_filing_universe
00778235,2020,TS인베스트먼트,,20200514,20200514000433,,246690,K,Q1,historical_dart_periodic_filing_universe
00781202,2020,파이온엑스,,20200629,20200629000120,,900100,K,Q1,historical_dart_periodic_filing_universe
00783246,2020,글로벌에스엠,,20200527,20200527000029,,900070,K,Q1,historical_dart_periodic_filing_universe
00787057,2020,휴맥스,,20200515,20200515002309,,115160,K,Q1,historical_dart_periodic_filing_universe
00787376,2020,대성에너지,,20200515,20200515001551,,117580,Y,Q1,historical_dart_periodic_filing_universe
00788737,2020,이퓨쳐,,20200515,20200515000430,,134060,K,Q1,historical_dart_periodic_filing_universe
00788773,2020,씨젠,,20200513,20200513000615,,096530,K,Q1,historical_dart_periodic_filing_universe
00791209,2020,메타케어,,20200515,20200515002703,,118000,Y,Q1,historical_dart_periodic_filing_universe
00793155,2020,폴라리스AI핸디,,20200515,20200515001773,,220180,K,Q1,historical_dart_periodic_filing_universe
00795135,2020,코오롱인더,,20200515,20200515002528,,120110,Y,Q1,historical_dart_periodic_filing_universe
00796994,2020,조선선재,,20200515,20200515000763,,120030,Y,Q1,historical_dart_periodic_filing_universe
00797364,2020,KC코트렐,,20200515,20200515001965,,119650,Y,Q1,historical_dart_periodic_filing_universe
00799070,2020,딥커머스,,20200629,20200629000480,,900110,K,Q1,historical_dart_periodic_filing_universe
00799177,2020,삼기,,20200515,20200515000593,,122350,K,Q1,historical_dart_periodic_filing_universe
00799539,2020,제노레이,,20200513,20200513000159,,122310,K,Q1,historical_dart_periodic_filing_universe
00800084,2020,씨엑스아이,,20200601,20200601000489,,900120,K,Q1,historical_dart_periodic_filing_universe
00800145,2020,서진오토모티브,,20200515,20200515001023,,122690,K,Q1,historical_dart_periodic_filing_universe
00803425,2020,코리아에프티,,20200514,20200514000949,,123410,K,Q1,historical_dart_periodic_filing_universe
00807379,2020,신흥에스이씨,,20200515,20200515001452,,243840,K,Q1,historical_dart_periodic_filing_universe
00807397,2020,코이즈,,20200515,20200515000370,,121850,K,Q1,historical_dart_periodic_filing_universe
00807555,2020,메가엠디,,20200515,20200515002249,,133750,K,Q1,historical_dart_periodic_filing_universe
00808022,2020,메지온,,20200515,20200515002355,,140410,K,Q1,historical_dart_periodic_filing_universe
00808068,2020,앤로보틱스,,20200515,20200515002118,,138360,K,Q1,historical_dart_periodic_filing_universe
00808086,2020,HLB펩,,20200515,20200515000067,,196300,K,Q1,historical_dart_periodic_filing_universe
00809429,2020,뉴온,,20200515,20200515001499,,123840,K,Q1,historical_dart_periodic_filing_universe
00811372,2020,노바렉스,,20200512,20200512000013,,194700,K,Q1,historical_dart_periodic_filing_universe
00813389,2020,베셀,,20200513,20200513000123,,177350,K,Q1,historical_dart_periodic_filing_universe
00814786,2020,티엔엔터테인먼트,,20200515,20200515002430,,131100,K,Q1,historical_dart_periodic_filing_universe
00815095,2020,우리이앤엘하루틴,,20200515,20200515000525,,153490,K,Q1,historical_dart_periodic_filing_universe
00815369,2020,에스제이엠,,20200515,20200515000964,,123700,Y,Q1,historical_dart_periodic_filing_universe
00815767,2020,위메이드플레이,,20200515,20200515001360,,123420,K,Q1,historical_dart_periodic_filing_universe
00816544,2020,토니모리,,20200515,20200515002098,,214420,Y,Q1,historical_dart_periodic_filing_universe
00819073,2020,인크로스,,20200515,20200515001731,,216050,K,Q1,historical_dart_periodic_filing_universe
00819374,2020,나무가,,20200515,20200515001312,,190510,K,Q1,historical_dart_periodic_filing_universe
00820352,2020,파인텍,,20200515,20200515001170,,131760,K,Q1,historical_dart_periodic_filing_universe
00821607,2020,알톤,,20200515,20200515000172,,123750,K,Q1,historical_dart_periodic_filing_universe
00823429,2020,한국화장품,,20200515,20200515001022,,123690,Y,Q1,historical_dart_periodic_filing_universe
00825223,2020,화신정공,,20200515,20200515000266,,126640,K,Q1,historical_dart_periodic_filing_universe
00825959,2020,하이비젼시스템,,20200515,20200515002276,,126700,K,Q1,historical_dart_periodic_filing_universe
00828497,2020,한미약품,,20200515,20200515002041,,128940,Y,Q1,historical_dart_periodic_filing_universe
00828761,2020,레이,,20200513,20200513000467,,228670,K,Q1,historical_dart_periodic_filing_universe
00828789,2020,대성산업,,20200515,20200515001049,,128820,Y,Q1,historical_dart_periodic_filing_universe
00829380,2020,피제이메탈,,20200515,20200515001309,,128660,K,Q1,historical_dart_periodic_filing_universe
00831428,2020,옵투스제약,,20200514,20200514000188,,131030,K,Q1,historical_dart_periodic_filing_universe
00833064,2020,엠플러스,,20200515,20200515000925,,259630,K,Q1,historical_dart_periodic_filing_universe
00838005,2020,서진시스템,,20200515,20200515001557,,178320,K,Q1,historical_dart_periodic_filing_universe
00838500,2020,엘브이엠씨,,20200528,20200528000721,,900140,Y,Q1,historical_dart_periodic_filing_universe
00838962,2020,알서포트,,20200514,20200514001112,,131370,K,Q1,historical_dart_periodic_filing_universe
00842585,2020,네이블,,20200515,20200515001531,,153460,K,Q1,historical_dart_periodic_filing_universe
00842619,2020,리가켐바이오,,20200515,20200515002575,,141080,K,Q1,historical_dart_periodic_filing_universe
00843900,2020,육일씨엔에쓰,,20200515,20200515001868,,191410,K,Q1,historical_dart_periodic_filing_universe
00852087,2020,시디즈,,20200515,20200515001412,,134790,Y,Q1,historical_dart_periodic_filing_universe
00854997,2020,에스디바이오센서,,20210331,20210331002449,,137310,Y,FY,historical_dart_periodic_filing_universe
00855093,2020,선진,,20200514,20200514001135,,136490,Y,Q1,historical_dart_periodic_filing_universe
00855163,2020,미원화학,,20200513,20200513000251,,134380,Y,Q1,historical_dart_periodic_filing_universe
00857480,2020,사람인,,20200514,20200514000391,,143240,K,Q1,historical_dart_periodic_filing_universe
00857727,2020,하림,,20200513,20200513000801,,136480,K,Q1,historical_dart_periodic_filing_universe
00858124,2020,알에스오토메이션,,20200515,20200515000249,,140670,K,Q1,historical_dart_periodic_filing_universe
00858364,2020,BNK금융지주,,20200515,20200515002669,,138930,Y,Q1,historical_dart_periodic_filing_universe
00860332,2020,메리츠금융지주,,20200515,20200515002446,,138040,Y,Q1,historical_dart_periodic_filing_universe
00861076,2020,케이탑리츠,,20200508,20200508000942,,145270,Y,Q1,historical_dart_periodic_filing_universe
00861997,2020,아고스,,20200515,20200515001633,,175140,K,Q1,historical_dart_periodic_filing_universe
00862853,2020,플레이디,,20200515,20200515001707,,237820,K,Q1,historical_dart_periodic_filing_universe
00863038,2020,캐리,,20200515,20200515000604,,313760,K,Q1,historical_dart_periodic_filing_universe
00864338,2020,웹스,,20200515,20200515002221,,196700,K,Q1,historical_dart_periodic_filing_universe
00866062,2020,엘티씨,,20200515,20200515001566,,170920,K,Q1,historical_dart_periodic_filing_universe
00867034,2020,듀켐바이오,,20210319,20210319001384,,176750,K,FY,historical_dart_periodic_filing_universe
00867098,2020,티로보틱스,,20200515,20200515000343,,117730,K,Q1,historical_dart_periodic_filing_universe
00867478,2020,아시아종묘,,20200515,20200515000915,,154030,K,Q1,historical_dart_periodic_filing_universe
00867849,2020,오파스넷,,20200515,20200515001599,,173130,K,Q1,historical_dart_periodic_filing_universe
00867973,2020,서남,,20200513,20200513000726,,294630,K,Q1,historical_dart_periodic_filing_universe
00868705,2020,윈스테크넷,,20200514,20200514000856,,136540,K,Q1,historical_dart_periodic_filing_universe
00869272,2020,서전기전,,20200514,20200514000319,,189860,K,Q1,historical_dart_periodic_filing_universe
00870481,2020,에코캡,,20200514,20200514000016,,128540,K,Q1,historical_dart_periodic_filing_universe
00870861,2020,와이엠씨,,20200514,20200514001072,,155650,K,Q1,historical_dart_periodic_filing_universe
00871833,2020,에스티팜,,20200515,20200515001549,,237690,K,Q1,historical_dart_periodic_filing_universe
00872984,2020,이마트,,20200515,20200515002567,,139480,Y,Q1,historical_dart_periodic_filing_universe
00874803,2020,AP위성,,20200512,20200512000774,,211270,K,Q1,historical_dart_periodic_filing_universe
00875237,2020,씨앤투스,,20210317,20210317001155,,352700,K,FY,historical_dart_periodic_filing_universe
00875307,2020,야스,,20200514,20200514000654,,255440,K,Q1,historical_dart_periodic_filing_universe
00876166,2020,KBG,,20200513,20200513000824,,318000,K,Q1,historical_dart_periodic_filing_universe
00876643,2020,캐프,,20200518,20200518000163,,198080,K,Q1,historical_dart_periodic_filing_universe
00876865,2020,네오오토,,20200515,20200515002162,,212560,K,Q1,historical_dart_periodic_filing_universe
00876908,2020,모트렉스,,20200513,20200513000655,,118990,K,Q1,historical_dart_periodic_filing_universe
00877059,2020,삼성바이오로직스,,20200515,20200515001586,,207940,Y,Q1,historical_dart_periodic_filing_universe
00877174,2020,엠브레인,,20200928,20200928000555,,169330,K,H1,historical_dart_periodic_filing_universe
00877819,2020,데이타솔루션,,20200515,20200515001811,,263800,K,Q1,historical_dart_periodic_filing_universe
00878696,2020,에스케이바이오팜,,20200827,20200827000690,,326030,Y,H1,historical_dart_periodic_filing_universe
00878915,2020,iM금융지주,,20200515,20200515002465,,139130,Y,Q1,historical_dart_periodic_filing_universe
00879020,2020,유니트론텍,,20200515,20200515000313,,142210,K,Q1,historical_dart_periodic_filing_universe
00883980,2020,아이디스,,20200515,20200515000776,,143160,K,Q1,historical_dart_periodic_filing_universe
00888347,2020,휴젤,,20200515,20200515001156,,145020,K,Q1,historical_dart_periodic_filing_universe
00892526,2020,디케이앤디,,20200527,20200527000051,,263020,K,Q1,historical_dart_periodic_filing_universe
00896285,2020,삼양사,,20200515,20200515002417,,145990,Y,Q1,historical_dart_periodic_filing_universe
00896753,2020,에코글로우,,20200515,20200515002116,,159910,K,Q1,historical_dart_periodic_filing_universe
00897752,2020,천보,,20200512,20200512000161,,278280,K,Q1,historical_dart_periodic_filing_universe
00899459,2020,레이언스,,20200515,20200515000849,,228850,K,Q1,historical_dart_periodic_filing_universe
00899556,2020,제룡산업,,20200514,20200514000712,,147830,K,Q1,historical_dart_periodic_filing_universe
00904672,2020,넷마블,,20200515,20200515002547,,251270,Y,Q1,historical_dart_periodic_filing_universe
00910840,2020,윈하이텍,,20200529,20200529002239,,192390,K,Q1,historical_dart_periodic_filing_universe
00911229,2020,라온로보틱스,,20210322,20210322000824,,232680,K,FY,historical_dart_periodic_filing_universe
00911955,2020,잇츠한불,,20200515,20200515001585,,226320,Y,Q1,historical_dart_periodic_filing_universe
00913689,2020,세경하이테크,,20200515,20200515001158,,148150,K,Q1,historical_dart_periodic_filing_universe
00915508,2020,알엔투테크놀로지,,20200514,20200514000259,,148250,K,Q1,historical_dart_periodic_filing_universe
00916516,2020,흥국에프엔비,,20200515,20200515000153,,189980,K,Q1,historical_dart_periodic_filing_universe
00916826,2020,드림씨아이에스,,20200814,20200814000685,,223250,K,H1,historical_dart_periodic_filing_universe
00917861,2020,슈피겐코리아,,20200515,20200515001237,,192440,K,Q1,historical_dart_periodic_filing_universe
00918222,2020,엘앤케이바이오,,20200515,20200515001112,,156100,K,Q1,historical_dart_periodic_filing_universe
00919966,2020,신라젠,,20200515,20200515002398,,215600,K,Q1,historical_dart_periodic_filing_universe
00920379,2020,티엘비,,20210317,20210317000367,,356860,K,FY,historical_dart_periodic_filing_universe
00921916,2020,석경에이티,,20210322,20210322001020,,357550,K,FY,historical_dart_periodic_filing_universe
00923792,2020,내츄럴엔도텍,,20200515,20200515001971,,168330,K,Q1,historical_dart_periodic_filing_universe
00923826,2020,일월지엠엘,,20200515,20200515001598,,178780,K,Q1,historical_dart_periodic_filing_universe
00925189,2020,신화콘텍,,20200515,20200515000660,,187270,K,Q1,historical_dart_periodic_filing_universe
00925295,2020,에프엔씨엔터,,20200515,20200515001817,,173940,K,Q1,historical_dart_periodic_filing_universe
00925587,2020,위드텍,,20210318,20210318000566,,348350,K,FY,historical_dart_periodic_filing_universe
00926522,2020,테고사이언스,,20200512,20200512000543,,191420,K,Q1,historical_dart_periodic_filing_universe
00927558,2020,유바이오로직스,,20200514,20200514000651,,206650,K,Q1,historical_dart_periodic_filing_universe
00936787,2020,애경케미칼,,20200515,20200515000899,,161000,Y,Q1,historical_dart_periodic_filing_universe
00937324,2020,한국타이어앤테크놀로지,,20200515,20200515001992,,161390,Y,Q1,historical_dart_periodic_filing_universe
00938721,2020,필옵틱스,,20200512,20200512000137,,161580,K,Q1,historical_dart_periodic_filing_universe
00939331,2020,한국콜마,,20200514,20200514001026,,161890,Y,Q1,historical_dart_periodic_filing_universe
00939687,2020,동일고무벨트,,20200515,20200515001553,,163560,Y,Q1,historical_dart_periodic_filing_universe
00939942,2020,포시에스,,20200514,20200514000634,,189690,K,Q1,historical_dart_periodic_filing_universe
00942131,2020,앤디포스,,20200529,20200529001315,,238090,K,Q1,historical_dart_periodic_filing_universe
00945457,2020,아이진,,20200515,20200515001148,,185490,K,Q1,historical_dart_periodic_filing_universe
00946030,2020,로보티즈,,20200515,20200515000143,,108490,K,Q1,historical_dart_periodic_filing_universe
00956028,2020,엑세스바이오,,20200515,20200515001296,,950130,K,Q1,historical_dart_periodic_filing_universe
00956930,2020,동아에스티,,20200515,20200515001882,,170900,Y,Q1,historical_dart_periodic_filing_universe
00957735,2020,클리오,,20200514,20200514001181,,237880,K,Q1,historical_dart_periodic_filing_universe
00959229,2020,세종메디칼,,20200514,20200514000923,,258830,K,Q1,historical_dart_periodic_filing_universe
00961507,2020,케일럼,,20200515,20200515001316,,258610,K,Q1,historical_dart_periodic_filing_universe
00961570,2020,신도기연,,20200827,20200827000275,,290520,K,H1,historical_dart_periodic_filing_universe
00961774,2020,유티아이,,20200515,20200515001682,,179900,K,Q1,historical_dart_periodic_filing_universe
00962223,2020,지니언스,,20200515,20200515001961,,263860,K,Q1,historical_dart_periodic_filing_universe
00962393,2020,포인트모바일,,20210323,20210323001150,,318020,K,FY,historical_dart_periodic_filing_universe
00962922,2020,팬젠,,20200513,20200513000113,,222110,K,Q1,historical_dart_periodic_filing_universe
00963976,2020,SG,,20200515,20200515001652,,255220,K,Q1,historical_dart_periodic_filing_universe
00964595,2020,엔바이오니아,,20200515,20200515001433,,317870,K,Q1,historical_dart_periodic_filing_universe
00965318,2020,이노시뮬레이션,,20200529,20200529000442,,274400,K,Q1,historical_dart_periodic_filing_universe
00965813,2020,미투온,,20200515,20200515000415,,201490,K,Q1,historical_dart_periodic_filing_universe
00966168,2020,디알젬,,20200515,20200515000361,,263690,K,Q1,historical_dart_periodic_filing_universe
00970453,2020,파마리서치,,20200513,20200513000541,,214450,K,Q1,historical_dart_periodic_filing_universe
00971726,2020,옵티팜,,20200515,20200515001266,,153710,K,Q1,historical_dart_periodic_filing_universe
00974927,2020,NEW,,20200514,20200514000972,,160550,K,Q1,historical_dart_periodic_filing_universe
00975290,2020,에이스토리,,20200515,20200515000446,,241840,K,Q1,historical_dart_periodic_filing_universe
00977377,2020,에이비온,,20210318,20210318000564,,203400,K,FY,historical_dart_periodic_filing_universe
00977641,2020,하이로닉,,20200515,20200515001203,,149980,K,Q1,historical_dart_periodic_filing_universe
00977650,2020,엔케이젠바이오텍코리아,,20200515,20200515001722,,182400,K,Q1,historical_dart_periodic_filing_universe
00980043,2020,비큐AI,,20210323,20210323000745,,148780,K,FY,historical_dart_periodic_filing_universe
00980122,2020,JB금융지주,,20200515,20200515002596,,175330,Y,Q1,historical_dart_periodic_filing_universe
00983040,2020,한진칼,,20200515,20200515002569,,180640,Y,Q1,historical_dart_periodic_filing_universe
00983271,2020,NHN,,20200515,20200515001950,,181710,Y,Q1,historical_dart_periodic_filing_universe
00983916,2020,HLB제넥스,,20200515,20200515001716,,187420,K,Q1,historical_dart_periodic_filing_universe
00983934,2020,아이스크림에듀,,20200515,20200515000338,,289010,K,Q1,historical_dart_periodic_filing_universe
00985686,2020,큐브엔터,,20200515,20200515001270,,182360,K,Q1,historical_dart_periodic_filing_universe
00986898,2020,팜스빌,,20200514,20200514000572,,318010,K,Q1,historical_dart_periodic_filing_universe
00988364,2020,SGA솔루션즈,,20200515,20200515002212,,184230,K,Q1,historical_dart_periodic_filing_universe
00989619,2020,알테오젠,,20200515,20200515000404,,196170,K,Q1,historical_dart_periodic_filing_universe
00989664,2020,코아스템켐온,,20200514,20200514000891,,166480,K,Q1,historical_dart_periodic_filing_universe
00990165,2020,아세아시멘트,,20200515,20200515002034,,183190,Y,Q1,historical_dart_periodic_filing_universe
00990819,2020,아티스트스튜디오,,20210323,20210323000528,,200350,K,FY,historical_dart_periodic_filing_universe
00991191,2020,앱클론,,20200515,20200515000282,,174900,K,Q1,historical_dart_periodic_filing_universe
00991298,2020,씨이랩,,20210317,20210317000875,,189330,K,FY,historical_dart_periodic_filing_universe
00992543,2020,LK삼양,,20200514,20200514000854,,225190,K,Q1,historical_dart_periodic_filing_universe
00992871,2020,종근당,,20200515,20200515001048,,185750,Y,Q1,historical_dart_periodic_filing_universe
00993931,2020,동양파일,,20200515,20200515002701,,228340,K,Q1,historical_dart_periodic_filing_universe
00994994,2020,나노,,20200515,20200515000300,,187790,K,Q1,historical_dart_periodic_filing_universe
00995993,2020,DXVX,,20200515,20200515000418,,180400,K,Q1,historical_dart_periodic_filing_universe
00997812,2020,코미코,,20200514,20200514000959,,183300,K,Q1,historical_dart_periodic_filing_universe
01003040,2020,케이사인,,20200514,20200514000966,,192250,K,Q1,historical_dart_periodic_filing_universe
01008762,2020,데브시스터즈,,20200515,20200515001813,,194480,K,Q1,historical_dart_periodic_filing_universe
01009789,2020,코스맥스,,20200515,20200515001343,,192820,Y,Q1,historical_dart_periodic_filing_universe
01010110,2020,더블유게임즈,,20200515,20200515000712,,192080,Y,Q1,historical_dart_periodic_filing_universe
01010642,2020,지씨셀,,20200515,20200515000715,,144510,K,Q1,historical_dart_periodic_filing_universe
01011395,2020,레몬,,20200515,20200515001528,,294140,K,Q1,historical_dart_periodic_filing_universe
01011438,2020,에이치엘사이언스,,20200513,20200513000821,,239610,K,Q1,historical_dart_periodic_filing_universe
01012066,2020,HK이노엔,,20200515,20200515000787,,195940,K,Q1,historical_dart_periodic_filing_universe
01013311,2020,헥토이노베이션,,20200515,20200515001034,,214180,K,Q1,historical_dart_periodic_filing_universe
01013694,2020,인카금융서비스,,20210319,20210319000973,,211050,K,FY,historical_dart_periodic_filing_universe
01014055,2020,에스트래픽,,20200515,20200515000659,,234300,K,Q1,historical_dart_periodic_filing_universe
01014718,2020,제노코,,20210331,20210331003350,,361390,K,FY,historical_dart_periodic_filing_universe
01015160,2020,PS일렉트로닉스,,20201113,20201113001034,,332570,K,Q3,historical_dart_periodic_filing_universe
01016479,2020,오로스테크놀로지,,20210319,20210319000866,,322310,K,FY,historical_dart_periodic_filing_universe
01020524,2020,자이글,,20200515,20200515001772,,234920,K,Q1,historical_dart_periodic_filing_universe
01020843,2020,원익피앤이,,20200515,20200515000440,,217820,K,Q1,historical_dart_periodic_filing_universe
01021666,2020,덕산테코피아,,20200514,20200514000555,,317330,K,Q1,historical_dart_periodic_filing_universe
01021949,2020,덱스터,,20200514,20200514000314,,206560,K,Q1,historical_dart_periodic_filing_universe
01022142,2020,엠디바이스,,20210308,20210308000527,,226590,K,FY,historical_dart_periodic_filing_universe
01022902,2020,애드바이오텍,,20210430,20210430001156,,179530,K,FY,historical_dart_periodic_filing_universe
01023318,2020,센코,,20210319,20210319000602,,347000,K,FY,historical_dart_periodic_filing_universe
01025644,2020,강스템바이오텍,,20200514,20200514000752,,217730,K,Q1,historical_dart_periodic_filing_universe
01026616,2020,지구홀딩스,,20210319,20210319000197,,221800,K,FY,historical_dart_periodic_filing_universe
01027794,2020,브이원텍,,20200515,20200515001201,,251630,K,Q1,historical_dart_periodic_filing_universe
01031229,2020,한국비티비,,20200514,20200514000569,,219750,K,Q1,historical_dart_periodic_filing_universe
01031502,2020,코아시아씨엠,,20200515,20200515002641,,196450,K,Q1,historical_dart_periodic_filing_universe
01032404,2020,콜마비앤에이치,,20200514,20200514000795,,200130,K,Q1,historical_dart_periodic_filing_universe
01032413,2020,해성디에스,,20200515,20200515001005,,195870,Y,Q1,historical_dart_periodic_filing_universe
01032486,2020,두산밥캣,,20200515,20200515002727,,241560,Y,Q1,historical_dart_periodic_filing_universe
01032583,2020,강동씨앤엘,,20200515,20200515001689,,198440,K,Q1,historical_dart_periodic_filing_universe
01035678,2020,링크드,,20200515,20200515002415,,193250,K,Q1,historical_dart_periodic_filing_universe
01036446,2020,서연이화,,20200515,20200515001386,,200880,Y,Q1,historical_dart_periodic_filing_universe
01037214,2020,킵스파마,,20200515,20200515002612,,256940,K,Q1,historical_dart_periodic_filing_universe
01038693,2020,드림시큐리티,,20200515,20200515000508,,203650,K,Q1,historical_dart_periodic_filing_universe
01042085,2020,엑셈,,20200514,20200514000018,,205100,K,Q1,historical_dart_periodic_filing_universe
01042359,2020,지엘팜텍,,20200515,20200515000700,,204840,K,Q1,historical_dart_periodic_filing_universe
01042429,2020,넥써쓰,,20200515,20200515000646,,205500,K,Q1,historical_dart_periodic_filing_universe
01042650,2020,큐리언트,,20200521,20200521000210,,115180,K,Q1,historical_dart_periodic_filing_universe
01042711,2020,글로벌텍스프리,,20200515,20200515002124,,204620,K,Q1,historical_dart_periodic_filing_universe
01042775,2020,HL만도,,20200515,20200515001845,,204320,Y,Q1,historical_dart_periodic_filing_universe
01042979,2020,휴마시스,,20200526,20200526000142,,205470,K,Q1,historical_dart_periodic_filing_universe
01043853,2020,베노티앤알,,20200515,20200515002069,,206400,K,Q1,historical_dart_periodic_filing_universe
01046391,2020,싸이토젠,,20200515,20200515001194,,217330,K,Q1,historical_dart_periodic_filing_universe
01046708,2020,바디텍메드,,20200515,20200515000403,,206640,K,Q1,historical_dart_periodic_filing_universe
01047169,2020,지란지교시큐리티,,20200515,20200515001337,,208350,K,Q1,historical_dart_periodic_filing_universe
01047415,2020,정다운,,20200515,20200515001160,,208140,K,Q1,historical_dart_periodic_filing_universe
01047451,2020,셀바스헬스케어,,20200515,20200515002151,,208370,K,Q1,historical_dart_periodic_filing_universe
01047707,2020,포톤,,20200515,20200515002436,,208710,K,Q1,historical_dart_periodic_filing_universe
01047840,2020,미스터블루,,20200512,20200512000128,,207760,K,Q1,historical_dart_periodic_filing_universe
01049167,2020,롤링스톤,,20210319,20210319001389,,214610,K,FY,historical_dart_periodic_filing_universe
01049422,2020,썸에이지,,20200515,20200515001305,,208640,K,Q1,historical_dart_periodic_filing_universe
01050738,2020,솔트룩스,,20201130,20201130000411,,304100,K,Q3,historical_dart_periodic_filing_universe
01051065,2020,엔비티,,20210323,20210323000233,,236810,K,FY,historical_dart_periodic_filing_universe
01051092,2020,피씨엘,,20200515,20200515002511,,241820,K,Q1,historical_dart_periodic_filing_universe
01051472,2020,젠큐릭스,,20200814,20200814002770,,229000,K,H1,historical_dart_periodic_filing_universe
01053540,2020,퓨쳐켐,,20200514,20200514000030,,220100,K,Q1,historical_dart_periodic_filing_universe
01058101,2020,라파스,,20200514,20200514000661,,214260,K,Q1,historical_dart_periodic_filing_universe
01059605,2020,디와이파워,,20200514,20200514000903,,210540,Y,Q1,historical_dart_periodic_filing_universe
01060744,2020,한솔제지,,20200514,20200514001182,,213500,Y,Q1,historical_dart_periodic_filing_universe
01060814,2020,삼양패키징,,20200515,20200515000779,,272550,Y,Q1,historical_dart_periodic_filing_universe
01061327,2020,클래시스,,20200512,20200512000804,,214150,K,Q1,historical_dart_periodic_filing_universe
01061497,2020,FSN,,20200515,20200515000269,,214270,K,Q1,historical_dart_periodic_filing_universe
01061558,2020,덕산네오룩스,,20200507,20200507000204,,213420,K,Q1,historical_dart_periodic_filing_universe
01062177,2020,제놀루션,,20201113,20201113000148,,225220,K,Q3,historical_dart_periodic_filing_universe
01062867,2020,디알텍,,20200513,20200513000026,,214680,K,Q1,historical_dart_periodic_filing_universe
01063884,2020,솔디펜스,,20200515,20200515002331,,215090,K,Q1,historical_dart_periodic_filing_universe
01063954,2020,수젠텍,,20200515,20200515002497,,253840,K,Q1,historical_dart_periodic_filing_universe
01063990,2020,로보로보,,20200515,20200515001047,,215100,K,Q1,historical_dart_periodic_filing_universe
01064069,2020,토박스코리아,,20200515,20200515000383,,215480,K,Q1,historical_dart_periodic_filing_universe
01065013,2020,콜마바이오텍,,20200515,20200515000435,,215380,K,Q1,historical_dart_periodic_filing_universe
01065679,2020,이노인스트루먼트,,20200515,20200515001925,,215790,K,Q1,historical_dart_periodic_filing_universe
01067516,2020,골프존,,20200515,20200515001871,,215000,K,Q1,historical_dart_periodic_filing_universe
01067808,2020,넵튠,,20200515,20200515001477,,217270,K,Q1,historical_dart_periodic_filing_universe
01068348,2020,러셀,,20200522,20200522000009,,217500,K,Q1,historical_dart_periodic_filing_universe
01069736,2020,한독크린텍,,20200515,20200515000708,,256150,K,Q1,historical_dart_periodic_filing_universe
01070149,2020,올리패스,,20200515,20200515001330,,244460,K,Q1,historical_dart_periodic_filing_universe
01071041,2020,CJ 바이오사이언스,,20200515,20200515001626,,311690,K,Q1,historical_dart_periodic_filing_universe
01071944,2020,미래생명자원,,20200514,20200514000632,,218150,K,Q1,historical_dart_periodic_filing_universe
01073678,2020,얼라인드,,20200515,20200515001119,,238120,K,Q1,historical_dart_periodic_filing_universe
01074862,2020,메가스터디교육,,20200508,20200508000819,,215200,K,Q1,historical_dart_periodic_filing_universe
01075126,2020,사토시홀딩스,,20200515,20200515002441,,223310,K,Q1,historical_dart_periodic_filing_universe
01077577,2020,우리산업,,20200515,20200515001987,,215360,K,Q1,historical_dart_periodic_filing_universe
01078178,2020,RFHIC,,20200515,20200515000359,,218410,K,Q1,historical_dart_periodic_filing_universe
01080252,2020,넥스틴,,20201106,20201106000034,,348210,K,Q3,historical_dart_periodic_filing_universe
01080687,2020,아우딘퓨쳐스,,20200529,20200529000820,,227610,K,Q1,historical_dart_periodic_filing_universe
01082348,2020,오스테오닉,,20200515,20200515001161,,226400,K,Q1,historical_dart_periodic_filing_universe
01084364,2020,다산디엠씨,,20200515,20200515001064,,208860,K,Q1,historical_dart_periodic_filing_universe
01085026,2020,유진테크놀로지,,20200601,20200601000521,,240600,K,Q1,historical_dart_periodic_filing_universe
01089350,2020,켐트로스,,20200515,20200515000741,,220260,K,Q1,historical_dart_periodic_filing_universe
01089378,2020,디와이디,,20200515,20200515002494,,219550,K,Q1,historical_dart_periodic_filing_universe
01090471,2020,SFA넥셀,,20200514,20200514001090,,222080,K,Q1,historical_dart_periodic_filing_universe
01091054,2020,쎄노텍,,20200515,20200515001255,,222420,K,Q1,historical_dart_periodic_filing_universe
01093007,2020,LS에코에너지,,20200515,20200515002101,,229640,Y,Q1,historical_dart_periodic_filing_universe
01095704,2020,케이엠제약,,20200515,20200515000927,,225430,K,Q1,historical_dart_periodic_filing_universe
01095722,2020,심텍,,20200513,20200513000656,,222800,K,Q1,historical_dart_periodic_filing_universe
01096341,2020,넥슨게임즈,,20200515,20200515001604,,225570,K,Q1,historical_dart_periodic_filing_universe
01098792,2020,본느,,20200515,20200515001970,,226340,K,Q1,historical_dart_periodic_filing_universe
01099667,2020,에스디생명공학,,20200515,20200515000192,,217480,K,Q1,historical_dart_periodic_filing_universe
01099861,2020,에이텍모빌리티,,20200515,20200515001751,,224110,K,Q1,historical_dart_periodic_filing_universe
01101041,2020,패션플랫폼,,20200515,20200515001538,,225590,K,Q1,historical_dart_periodic_filing_universe
01101254,2020,케이피항공산업,,20200515,20200515000375,,288180,K,Q1,historical_dart_periodic_filing_universe
01105621,2020,엔투텍,,20200515,20200515001190,,227950,K,Q1,historical_dart_periodic_filing_universe
01107665,2020,크리스탈신소재,,20200529,20200529000377,,900250,K,Q1,historical_dart_periodic_filing_universe
01108099,2020,현대코퍼레이션홀딩스,,20200515,20200515001577,,227840,Y,Q1,historical_dart_periodic_filing_universe
01108248,2020,지노믹트리,,20200514,20200514000890,,228760,K,Q1,historical_dart_periodic_filing_universe
01108442,2020,에치에프알,,20200515,20200515000342,,230240,K,Q1,historical_dart_periodic_filing_universe
01109070,2020,비피도,,20200520,20200520000067,,238200,K,Q1,historical_dart_periodic_filing_universe
01109539,2020,와이씨,,20200515,20200515000069,,232140,K,Q1,historical_dart_periodic_filing_universe
01109715,2020,DSC인베스트먼트,,20200515,20200515001890,,241520,K,Q1,historical_dart_periodic_filing_universe
01109937,2020,티앤알바이오팹,,20200514,20200514000531,,246710,K,Q1,historical_dart_periodic_filing_universe
01109955,2020,링크제니시스,,20200513,20200513000115,,219420,K,Q1,historical_dart_periodic_filing_universe
01110182,2020,SCL사이언스,,20200515,20200515000085,,246960,K,Q1,historical_dart_periodic_filing_universe
01110474,2020,풍전약품,,20200814,20200814000966,,298060,K,H1,historical_dart_periodic_filing_universe
01110678,2020,유틸렉스,,20200515,20200515002381,,263050,K,Q1,historical_dart_periodic_filing_universe
01112700,2020,에스엘에스바이오,,20210322,20210322000403,,246250,K,FY,historical_dart_periodic_filing_universe
01112889,2020,피엔에이치테크,,20210322,20210322001189,,239890,K,FY,historical_dart_periodic_filing_universe
01113499,2020,아이티센피엔에스,,20210318,20210317001292,,232830,K,FY,historical_dart_periodic_filing_universe
01113718,2020,올릭스,,20200529,20200529001368,,226950,K,Q1,historical_dart_periodic_filing_universe
01113754,2020,티이엠씨씨엔에스,,20200515,20200515001621,,241790,K,Q1,historical_dart_periodic_filing_universe
01114586,2020,셀레믹스,,20201113,20201113001062,,331920,K,Q3,historical_dart_periodic_filing_universe
01116502,2020,아티스트컴퍼니,,20210322,20210322000002,,321820,K,FY,historical_dart_periodic_filing_universe
01117413,2020,바이오다인,,20210323,20210323001138,,314930,K,FY,historical_dart_periodic_filing_universe
01118281,2020,피플바이오,,20210319,20210319000527,,304840,K,FY,historical_dart_periodic_filing_universe
01124653,2020,슈프리마,,20200515,20200515000150,,236200,K,Q1,historical_dart_periodic_filing_universe
01124680,2020,보라티알,,20200515,20200515002254,,250000,K,Q1,historical_dart_periodic_filing_universe
01128613,2020,화승엔터프라이즈,,20200514,20200514001096,,241590,Y,Q1,historical_dart_periodic_filing_universe
01128622,2020,이스트에이드,,20200514,20200514000848,,239340,K,Q1,historical_dart_periodic_filing_universe
01133217,2020,카카오뱅크,,20210331,20210331002992,,323410,Y,FY,historical_dart_periodic_filing_universe
01135057,2020,녹십자웰빙,,20200515,20200515000709,,234690,K,Q1,historical_dart_periodic_filing_universe
01135941,2020,원익IPS,,20200515,20200515001162,,240810,K,Q1,historical_dart_periodic_filing_universe
01136001,2020,나노실리칸첨단소재,,20200514,20200514000193,,286750,K,Q1,historical_dart_periodic_filing_universe
01136348,2020,나무AX,,20200514,20200514000234,,242040,K,Q1,historical_dart_periodic_filing_universe
01137295,2020,프리시젼바이오,,20210317,20210317000002,,335810,K,FY,historical_dart_periodic_filing_universe
01137383,2020,카카오게임즈,,20200515,20200515002592,,293490,K,Q1,historical_dart_periodic_filing_universe
01137903,2020,디케이티,,20200515,20200515000495,,290550,K,Q1,historical_dart_periodic_filing_universe
01139035,2020,티에스아이,,20201113,20201113000187,,277880,K,Q3,historical_dart_periodic_filing_universe
01139266,2020,로스웰,,20200527,20200527000306,,900260,K,Q1,historical_dart_periodic_filing_universe
01141942,2020,액트로,,20200515,20200514001199,,290740,K,Q1,historical_dart_periodic_filing_universe
01142075,2020,핑거,,20210319,20210319001099,,163730,K,FY,historical_dart_periodic_filing_universe
01144028,2020,씨티케이,,20200515,20200515000461,,260930,K,Q1,historical_dart_periodic_filing_universe
01144569,2020,피엔티엠에스,,20200515,20200515002267,,257370,K,Q1,historical_dart_periodic_filing_universe
01146220,2020,팸텍,,20200515,20200515000149,,271830,K,Q1,historical_dart_periodic_filing_universe
01146822,2020,아이퀘스트,,20210318,20210318000789,,262840,K,FY,historical_dart_periodic_filing_universe
01152470,2020,펄어비스,,20200515,20200515002559,,263750,K,Q1,historical_dart_periodic_filing_universe
01153105,2020,비비씨,,20201130,20201130001116,,318410,K,Q3,historical_dart_periodic_filing_universe
01153293,2020,제이엘케이,,20200514,20200514000830,,322510,K,Q1,historical_dart_periodic_filing_universe
01157235,2020,아스타,,20200515,20200515000178,,246720,K,Q1,historical_dart_periodic_filing_universe
01158553,2020,켄코아에어로스페이스,,20200522,20200522000446,,274090,K,Q1,historical_dart_periodic_filing_universe
01159233,2020,솔루엠,,20200814,20200814002847,,248070,Y,H1,historical_dart_periodic_filing_universe
01159853,2020,휴온스,,20200513,20200513000220,,243070,K,Q1,historical_dart_periodic_filing_universe
01160363,2020,에코프로비엠,,20200515,20200515001885,,247540,K,Q1,historical_dart_periodic_filing_universe
01160512,2020,헝셩그룹,,20200601,20200601000384,,900270,K,Q1,historical_dart_periodic_filing_universe
01165155,2020,모비스,,20200515,20200515000976,,250060,K,Q1,historical_dart_periodic_filing_universe
01165739,2020,잉글우드랩,,20200514,20200514000037,,950140,K,Q1,historical_dart_periodic_filing_universe
01166109,2020,예선테크,,20200515,20200515000154,,250930,K,Q1,historical_dart_periodic_filing_universe
01167056,2020,샘표식품,,20200515,20200515000416,,248170,Y,Q1,historical_dart_periodic_filing_universe
01168383,2020,일동제약,,20200515,20200515002573,,249420,Y,Q1,historical_dart_periodic_filing_universe
01168684,2020,스튜디오드래곤,,20200515,20200515001216,,253450,K,Q1,historical_dart_periodic_filing_universe
01169267,2020,세화피앤씨,,20200515,20200515000678,,252500,K,Q1,historical_dart_periodic_filing_universe
01169434,2020,오가닉티코스메틱,,20200619,20200619000202,,900300,K,Q1,historical_dart_periodic_filing_universe
01170865,2020,네오셈,,20200506,20200506000032,,253590,K,Q1,historical_dart_periodic_filing_universe
01170962,2020,GRT,,20200601,20200601000573,,900290,K,Q1,historical_dart_periodic_filing_universe
01174038,2020,자비스,,20200529,20200529002001,,254120,K,Q1,historical_dart_periodic_filing_universe
01179608,2020,포인트엔지니어링,,20200515,20200515000066,,256630,K,Q1,historical_dart_periodic_filing_universe
01179617,2020,한국비엔씨,,20200515,20200515000644,,256840,K,Q1,historical_dart_periodic_filing_universe
01181515,2020,엘앤씨바이오,,20200514,20200514000312,,290650,K,Q1,historical_dart_periodic_filing_universe
01181807,2020,형지글로벌,,20200515,20200515001340,,308100,K,Q1,historical_dart_periodic_filing_universe
01182240,2020,배럴,,20200515,20200515001675,,267790,K,Q1,historical_dart_periodic_filing_universe
01182408,2020,소프트캠프,,20200515,20200515000672,,258790,K,Q1,historical_dart_periodic_filing_universe
01182550,2020,EDGC,,20200515,20200515001326,,245620,K,Q1,historical_dart_periodic_filing_universe
01182578,2020,DH오토리드,,20200515,20200515001387,,290120,K,Q1,historical_dart_periodic_filing_universe
01185566,2020,휴엠앤씨,,20200514,20200514000920,,263920,K,Q1,historical_dart_periodic_filing_universe
01186404,2020,디앤씨미디어,,20200514,20200514000769,,263720,K,Q1,historical_dart_periodic_filing_universe
01187148,2020,케어랩스,,20200514,20200514000750,,263700,K,Q1,historical_dart_periodic_filing_universe
01187494,2020,덴티스,,20200512,20200512000009,,261200,K,Q1,historical_dart_periodic_filing_universe
01189438,2020,HLB바이오스텝,,20200515,20200515000567,,278650,K,Q1,historical_dart_periodic_filing_universe
01190124,2020,미디어젠,,20200513,20200513000886,,279600,K,Q1,historical_dart_periodic_filing_universe
01190568,2020,에이피알,,20200515,20200515001006,,278470,Y,Q1,historical_dart_periodic_filing_universe
01196313,2020,유에스티,,20200515,20200515000536,,263770,K,Q1,historical_dart_periodic_filing_universe
01199189,2020,이랜시스,,20200514,20200514000518,,264850,K,Q1,historical_dart_periodic_filing_universe
01199550,2020,HD현대에너지솔루션,,20200515,20200515000470,,322000,Y,Q1,historical_dart_periodic_filing_universe
01201590,2020,에브리봇,,20210316,20210316000585,,270660,K,FY,historical_dart_periodic_filing_universe
01201970,2020,셀레스트라,,20210316,20210316000722,,352770,K,FY,historical_dart_periodic_filing_universe
01203376,2020,유비쿼스,,20200515,20200515001297,,264450,K,Q1,historical_dart_periodic_filing_universe
01203808,2020,AP시스템,,20200515,20200515002373,,265520,K,Q1,historical_dart_periodic_filing_universe
01204056,2020,하이브,,20210322,20210322000890,,352820,Y,FY,historical_dart_periodic_filing_universe
01205329,2020,크라운제과,,20200515,20200515001572,,264900,Y,Q1,historical_dart_periodic_filing_universe
01205709,2020,HD현대,,20200515,20200515002590,,267250,Y,Q1,historical_dart_periodic_filing_universe
01205842,2020,HD건설기계,,20200515,20200515002816,,267270,Y,Q1,historical_dart_periodic_filing_universe
01205851,2020,HD현대일렉트릭,,20200515,20200515002598,,267260,Y,Q1,historical_dart_periodic_filing_universe
01207716,2020,앱코,,20210316,20210316000142,,129890,K,FY,historical_dart_periodic_filing_universe
01208849,2020,나인테크,,20200515,20200515000011,,267320,K,Q1,historical_dart_periodic_filing_universe
01208885,2020,경동도시가스,,20200515,20200515001859,,267290,Y,Q1,historical_dart_periodic_filing_universe
01210190,2020,모비릭스,,20210317,20210317001114,,348030,K,FY,historical_dart_periodic_filing_universe
01211232,2020,코윈테크,,20200514,20200514000196,,282880,K,Q1,historical_dart_periodic_filing_universe
01213586,2020,아이디피,,20201113,20201113001100,,332370,K,Q3,historical_dart_periodic_filing_universe
01214248,2020,뉴트리,,20200513,20200513000033,,270870,K,Q1,historical_dart_periodic_filing_universe
01214743,2020,더네이쳐홀딩스,,20201116,20201116000608,,298540,K,Q3,historical_dart_periodic_filing_universe
01217829,2020,엔에프씨,,20210322,20210322000134,,265740,K,FY,historical_dart_periodic_filing_universe
01219155,2020,네오크레마,,20200515,20200515000778,,311390,K,Q1,historical_dart_periodic_filing_universe
01222432,2020,에스제이그룹,,20200515,20200515000174,,306040,K,Q1,historical_dart_periodic_filing_universe
01222867,2020,제테마,,20200514,20200514000749,,216080,K,Q1,historical_dart_periodic_filing_universe
01223219,2020,에이에프더블류,,20200514,20200514000335,,312610,K,Q1,historical_dart_periodic_filing_universe
01227039,2020,파라택시스코리아,,20200514,20200514000865,,288330,K,Q1,historical_dart_periodic_filing_universe
01228515,2020,앱튼,,20200514,20200514000826,,270520,K,Q1,historical_dart_periodic_filing_universe
01231786,2020,엑스페릭스,,20200515,20200515000439,,317770,K,Q1,historical_dart_periodic_filing_universe
01234297,2020,미원에스씨,,20200515,20200515000754,,268280,Y,Q1,historical_dart_periodic_filing_universe
01234507,2020,매일유업,,20200515,20200515001611,,267980,K,Q1,historical_dart_periodic_filing_universe
01235296,2020,셀리드,,20200515,20200515001658,,299660,K,Q1,historical_dart_periodic_filing_universe
01236286,2020,컬러레이,,20200601,20200601000666,,900310,K,Q1,historical_dart_periodic_filing_universe
01236532,2020,와이즈버즈,,20200514,20200514000363,,273060,K,Q1,historical_dart_periodic_filing_universe
01236897,2020,제일약품,,20200515,20200515000510,,271980,Y,Q1,historical_dart_periodic_filing_universe
01237434,2020,플리토,,20200514,20200514000519,,300080,K,Q1,historical_dart_periodic_filing_universe
01237540,2020,이녹스첨단소재,,20200515,20200515001159,,272290,K,Q1,historical_dart_periodic_filing_universe
01238169,2020,오리온,,20200515,20200515001132,,271560,Y,Q1,historical_dart_periodic_filing_universe
01243161,2020,인산가,,20200515,20200515000568,,277410,K,Q1,historical_dart_periodic_filing_universe
01245062,2020,코오롱티슈진,,20200529,20200529001545,,950160,K,Q1,historical_dart_periodic_filing_universe
01246034,2020,다이나믹솔루션,,20200601,20200601000690,,290660,K,Q1,historical_dart_periodic_filing_universe
01250374,2020,에스에스알,,20200515,20200515001828,,275630,K,Q1,historical_dart_periodic_filing_universe
01251489,2020,라온피플,,20200513,20200513000204,,300120,K,Q1,historical_dart_periodic_filing_universe
01251577,2020,휴네시온,,20200515,20200515002003,,290270,K,Q1,historical_dart_periodic_filing_universe
01251595,2020,압타바이오,,20200515,20200515000289,,293780,K,Q1,historical_dart_periodic_filing_universe
01255652,2020,레이크머티리얼즈,,20200515,20200515001229,,281740,K,Q1,historical_dart_periodic_filing_universe
01256864,2020,에이비엘바이오,,20200515,20200515002674,,298380,K,Q1,historical_dart_periodic_filing_universe
01257872,2020,에스프리즘,,20200515,20200515000365,,288620,K,Q1,historical_dart_periodic_filing_universe
01258020,2020,에스바이오메딕스,,20200515,20200515001377,,304360,K,Q1,historical_dart_periodic_filing_universe
01258428,2020,프레스티지바이오로직스,,20200515,20200515000024,,334970,K,Q1,historical_dart_periodic_filing_universe
01258507,2020,롯데웰푸드,,20200515,20200515001497,,280360,Y,Q1,historical_dart_periodic_filing_universe
01258710,2020,이노메트리,,20200514,20200514000980,,302430,K,Q1,historical_dart_periodic_filing_universe
01259232,2020,노바텍,,20200515,20200515002345,,285490,K,Q1,historical_dart_periodic_filing_universe
01259311,2020,푸드나무,,20200512,20200512001013,,290720,K,Q1,historical_dart_periodic_filing_universe
01259418,2020,대보마그네틱,,20200515,20200515002239,,290670,K,Q1,historical_dart_periodic_filing_universe
01261644,2020,레인보우로보틱스,,20210323,20210323000287,,277810,K,FY,historical_dart_periodic_filing_universe
01261893,2020,케이씨텍,,20200515,20200515002165,,281820,Y,Q1,historical_dart_periodic_filing_universe
01262032,2020,롯데이노베이트,,20200515,20200515002037,,286940,Y,Q1,historical_dart_periodic_filing_universe
01263022,2020,BGF리테일,,20200515,20200515001846,,282330,Y,Q1,historical_dart_periodic_filing_universe
01263527,2020,카이노스메드,,20200514,20200514001171,,284620,K,Q1,historical_dart_periodic_filing_universe
01264438,2020,자이언트스텝,,20210331,20210331001612,,289220,K,FY,historical_dart_periodic_filing_universe
01265251,2020,츌립앤사이언스,,20201113,20201113001165,,291650,K,Q3,historical_dart_periodic_filing_universe
01267170,2020,SK케미칼,,20200515,20200515002351,,285130,Y,Q1,historical_dart_periodic_filing_universe
01267222,2020,에피소드컴퍼니,,20200529,20200529001480,,317530,K,Q1,historical_dart_periodic_filing_universe
01267684,2020,쿠쿠홈시스,,20200612,20200612000246,,284740,Y,Q1,historical_dart_periodic_filing_universe
01267958,2020,프로티아,,20210323,20210323001087,,303360,K,FY,historical_dart_periodic_filing_universe
01267967,2020,마이크로디지탈,,20200515,20200515002536,,305090,K,Q1,historical_dart_periodic_filing_universe
01274310,2020,이오플로우,,20201130,20201130000057,,294090,K,Q3,historical_dart_periodic_filing_universe
01275665,2020,리메드,,20200521,20200521000193,,302550,K,Q1,historical_dart_periodic_filing_universe
01276026,2020,지놈앤컴퍼니,,20210319,20210319001304,,314130,K,FY,historical_dart_periodic_filing_universe
01276594,2020,신한알파리츠,,20200629,20200629000296,,293940,Y,Q1,historical_dart_periodic_filing_universe
01276901,2020,컴투스엔,,20200515,20200515001033,,291230,K,Q1,historical_dart_periodic_filing_universe
01290381,2020,피엔케이피부임상연구센타,,20201116,20201116000025,,347740,K,Q3,historical_dart_periodic_filing_universe
01293953,2020,싸이버원,,20210323,20210323001162,,356890,K,FY,historical_dart_periodic_filing_universe
01309388,2020,LS티라유텍,,20200515,20200515001439,,322180,K,Q1,historical_dart_periodic_filing_universe
01309795,2020,아틀라스링크,,20200515,20200515000262,,297570,K,Q1,historical_dart_periodic_filing_universe
01310269,2020,IPARK현대산업개발,,20200515,20200515002172,,294870,Y,Q1,historical_dart_periodic_filing_universe
01310773,2020,엔시스,,20210330,20210330001049,,333620,K,FY,historical_dart_periodic_filing_universe
01311055,2020,쿠콘,,20200515,20200515000984,,294570,K,Q1,historical_dart_periodic_filing_universe
01311286,2020,퀀타매트릭스,,20210323,20210323001020,,317690,K,FY,historical_dart_periodic_filing_universe
01316227,2020,효성티앤씨,,20200515,20200515001317,,298020,Y,Q1,historical_dart_periodic_filing_universe
01316236,2020,효성화학,,20200515,20200515001710,,298000,Y,Q1,historical_dart_periodic_filing_universe
01316245,2020,효성중공업,,20200515,20200515001628,,298040,Y,Q1,historical_dart_periodic_filing_universe
01316254,2020,HS효성첨단소재,,20200515,20200515001683,,298050,Y,Q1,historical_dart_periodic_filing_universe
01318261,2020,더블유에스아이,,20200514,20200514000417,,299170,K,Q1,historical_dart_periodic_filing_universe
01318933,2020,지니틱스,,20200515,20200515000159,,303030,K,Q1,historical_dart_periodic_filing_universe
01319808,2020,한일시멘트,,20200515,20200515002241,,300720,Y,Q1,historical_dart_periodic_filing_universe
01319899,2020,SK바이오사이언스,,20200515,20200515002220,,302440,Y,Q1,historical_dart_periodic_filing_universe
01325429,2020,지아이에스,,20200521,20200521000374,,306620,K,Q1,historical_dart_periodic_filing_universe
01325979,2020,세아제강,,20200515,20200515001490,,306200,Y,Q1,historical_dart_periodic_filing_universe
01326224,2020,원바이오젠,,20200514,20200514000395,,307280,K,Q1,historical_dart_periodic_filing_universe
01326279,2020,아이엘,,20200515,20200515002074,,307180,K,Q1,historical_dart_periodic_filing_universe
01326792,2020,비투엔,,20200514,20200514000987,,307870,K,Q1,historical_dart_periodic_filing_universe
01327092,2020,라닉스,,20200507,20200507000625,,317120,K,Q1,historical_dart_periodic_filing_universe
01328639,2020,윙입푸드,,20200601,20200601000522,,900340,K,Q1,historical_dart_periodic_filing_universe
01329957,2020,국전,,20200513,20200513000314,,307750,K,Q1,historical_dart_periodic_filing_universe
01335453,2020,조이웍스앤코,,20200515,20200515001096,,309930,K,Q1,historical_dart_periodic_filing_universe
01335578,2020,애니플러스,,20200528,20200528000220,,310200,K,Q1,historical_dart_periodic_filing_universe
01335851,2020,박셀바이오,,20201113,20201113000275,,323990,K,Q3,historical_dart_periodic_filing_universe
01335930,2020,티움바이오,,20200515,20200515002302,,321550,K,Q1,historical_dart_periodic_filing_universe
01336373,2020,메드팩토,,20200513,20200513000850,,235980,K,Q1,historical_dart_periodic_filing_universe
01336443,2020,디와이씨,,20200514,20200514000599,,310870,K,Q1,historical_dart_periodic_filing_universe
01336762,2020,스피어,,20210331,20210331003399,,347700,K,FY,historical_dart_periodic_filing_universe
01343665,2020,RF머트리얼즈,,20200514,20200514000497,,327260,K,Q1,historical_dart_periodic_filing_universe
01344202,2020,뷰노,,20210323,20210323000731,,338220,K,FY,historical_dart_periodic_filing_universe
01344336,2020,신테카바이오,,20200515,20200515001708,,226330,K,Q1,historical_dart_periodic_filing_universe
01344363,2020,다원넥스뷰,,20210319,20210319000921,,323350,K,FY,historical_dart_periodic_filing_universe
01350869,2020,우리금융지주,,20200515,20200515002609,,316140,Y,Q1,historical_dart_periodic_filing_universe
01351080,2020,지아이이노베이션,,20210331,20210331002429,,358570,K,FY,historical_dart_periodic_filing_universe
01353024,2020,TS트릴리온,,20200515,20200515000032,,317240,K,Q1,historical_dart_periodic_filing_universe
01358463,2020,현대무벡스,,20200508,20200508000887,,319400,K,Q1,historical_dart_periodic_filing_universe
01359736,2020,프로이천,,20200428,20200428000092,,321260,K,Q1,historical_dart_periodic_filing_universe
01359815,2020,한울반도체,,20200513,20200513000704,,320000,K,Q1,historical_dart_periodic_filing_universe
01363818,2020,롯데리츠,,20200515,20200515002070,,330590,Y,Q1,historical_dart_periodic_filing_universe
01364297,2020,코퍼스코리아,,20200514,20200514000036,,322780,K,Q1,historical_dart_periodic_filing_universe
01365825,2020,피에스케이,,20200515,20200515002508,,319660,K,Q1,historical_dart_periodic_filing_universe
01366000,2020,태성,,20200513,20200513000151,,323280,K,Q1,historical_dart_periodic_filing_universe
01368354,2020,네패스아크,,20210317,20210317000806,,330860,K,FY,historical_dart_periodic_filing_universe
01368637,2020,성원에너텍,,20210319,20210319000946,,340930,K,FY,historical_dart_periodic_filing_universe
01390344,2020,HD현대중공업,,20210401,20210401001108,,329180,Y,FY,historical_dart_periodic_filing_universe
01390399,2020,솔트웨어,,20200515,20200515000139,,328380,K,Q1,historical_dart_periodic_filing_universe
01391103,2020,젝시믹스,,20201130,20201130001016,,337930,K,Q3,historical_dart_periodic_filing_universe
01393721,2020,포커스에이아이,,20200428,20200428000059,,331380,K,Q1,historical_dart_periodic_filing_universe
01394669,2020,누보,,20200513,20200513000330,,332290,K,Q1,historical_dart_periodic_filing_universe
01396676,2020,일승,,20200515,20200515000597,,333430,K,Q1,historical_dart_periodic_filing_universe
01397903,2020,엔젠바이오,,20210323,20210323000458,,354200,K,FY,historical_dart_periodic_filing_universe
01398151,2020,밸로프,,20200513,20200513000568,,331520,K,Q1,historical_dart_periodic_filing_universe
01399071,2020,고바이오랩,,20210323,20210323001170,,348150,K,FY,historical_dart_periodic_filing_universe
01405390,2020,핌스,,20201117,20201117000073,,347770,K,Q3,historical_dart_periodic_filing_universe
01405451,2020,알체라,,20210323,20210323001167,,347860,K,FY,historical_dart_periodic_filing_universe
01405585,2020,윙스풋,,20200515,20200515000329,,335870,K,Q1,historical_dart_periodic_filing_universe
01407158,2020,이노테나,,20200514,20200514000490,,333050,K,Q1,historical_dart_periodic_filing_universe
01407909,2020,원텍,,20200513,20200513000341,,336570,K,Q1,historical_dart_periodic_filing_universe
01408999,2020,웨이버스,,20200514,20200514000801,,336060,K,Q1,historical_dart_periodic_filing_universe
01412725,2020,두산퓨얼셀,,20200515,20200515001904,,336260,Y,Q1,historical_dart_periodic_filing_universe
01412822,2020,솔루스첨단소재,,20200527,20200527000244,,336370,Y,Q1,historical_dart_periodic_filing_universe
01414422,2020,아이비김영,,20200514,20200514000475,,339950,K,Q1,historical_dart_periodic_filing_universe
01415892,2020,제이알글로벌리츠,,20200928,20200928000281,,348950,Y,H1,historical_dart_periodic_filing_universe
01416235,2020,고스트스튜디오,,20201113,20201113000831,,950190,K,Q3,historical_dart_periodic_filing_universe
01416572,2020,세림B&G,,20200515,20200515000068,,340440,K,Q1,historical_dart_periodic_filing_universe
01416642,2020,다보링크,,20200515,20200515001185,,340360,K,Q1,historical_dart_periodic_filing_universe
01419135,2020,이노진,,20210316,20210316000168,,344860,K,FY,historical_dart_periodic_filing_universe
01428203,2020,케이씨씨글라스,,20200515,20200515002648,,344820,Y,Q1,historical_dart_periodic_filing_universe
01436628,2020,이지스레지던스리츠,,20201113,20201113000397,,350520,Y,Q3,historical_dart_periodic_filing_universe
01440153,2020,넥사다이내믹스,,20200814,20200814000008,,351320,K,H1,historical_dart_periodic_filing_universe
01442115,2020,소마젠,,20201116,20201116001913,,950200,K,Q3,historical_dart_periodic_filing_universe
01453670,2020,휴럼,,20200814,20200814000160,,353190,K,H1,historical_dart_periodic_filing_universe
01476219,2020,코스텍시스,,20201113,20201113000027,,355150,K,Q3,historical_dart_periodic_filing_universe
01478712,2020,대덕전자,,20200814,20200814002258,,353200,Y,H1,historical_dart_periodic_filing_universe
01480568,2020,이지바이오,,20200813,20200813000605,,353810,K,H1,historical_dart_periodic_filing_universe
01487446,2020,씨엔알리서치,,20201028,20201028000177,,359090,K,Q3,historical_dart_periodic_filing_universe
01489648,2020,솔브레인,,20201110,20201110000335,,357780,K,Q3,historical_dart_periodic_filing_universe
01493535,2020,모비데이즈,,20210312,20210312000411,,363260,K,FY,historical_dart_periodic_filing_universe
01497869,2020,티와이홀딩스,,20201120,20201120000489,,363280,Y,Q3,historical_dart_periodic_filing_universe
01505186,2020,하이딥,,20210304,20210304000577,,365590,K,FY,historical_dart_periodic_filing_universe
01508855,2020,블리츠웨이엔터테인먼트,,20210308,20210308000511,,369370,K,FY,historical_dart_periodic_filing_universe
01511558,2020,네오이뮨텍,,20210323,20210323001144,,950220,K,FY,historical_dart_periodic_filing_universe
01513440,2020,파이버프로,,20210319,20210319000079,,368770,K,FY,historical_dart_periodic_filing_universe
01515323,2020,LG에너지솔루션,,20210317,20210317000676,,373220,Y,FY,historical_dart_periodic_filing_universe
