stock_code,corp_code,corp_name,business_year,fiscal_quarter,statement_basis,statement_status,operating_profit_q,net_income_q,equity_q_end,cfo_q,capex_q,fcf_q,earliest_relevant_disclosure_date,earliest_relevant_rcept_no,earliest_relevant_report_nm,universe_source,modern_oos_protected,metric_selection_json,operating_profit_q_yoy_lag,statement_basis_yoy_lag,basis_comparable_yoy,op_turnaround_yoy,net_income_ttm,base_a_accounting_only
000660,00164779,SK하이닉스,2015,Q1,,no_statement,,,,,,,20150423,20150423800025,연결재무제표기준영업(잠정)실적(공정공시),configured_stock_list_not_survivorship_free,True,{},,,False,False,,False
000660,00164779,SK하이닉스,2015,Q2,,no_statement,,,,,,,20150723,20150723800026,연결재무제표기준영업(잠정)실적(공정공시),configured_stock_list_not_survivorship_free,True,{},,,False,False,,False
000660,00164779,SK하이닉스,2015,Q3,,no_statement,,,,,,,20151022,20151022800031,[첨부추가]연결재무제표기준영업(잠정)실적(공정공시),configured_stock_list_not_survivorship_free,True,{},,,False,False,,False
000660,00164779,SK하이닉스,2015,Q4,CFS,ok,,,21387703000000.0,,,,20160126,20160126800039,연결재무제표기준영업(잠정)실적(공정공시),configured_stock_list_not_survivorship_free,True,"{""operating_profit"": {""value_raw_or_cumulative"": null, ""selection_rule"": ""missing"", ""amount_method"": ""missing"", ""account_id"": null, ""account_nm"": null, ""sj_div"": null}, ""net_income"": {""value_raw_or_cumulative"": 4323595000000.0, ""selection_rule"": ""standard_id"", ""amount_method"": ""reported_amount_assumed_cumulative"", ""account_id"": ""ifrs_ProfitLoss"", ""account_nm"": ""당기순이익(손실)"", ""sj_div"": ""CIS""}, ""equity"": {""value_raw_or_cumulative"": 21387703000000.0, ""selection_rule"": ""standard_id"", ""amount_method"": ""reported_amount_assumed_cumulative"", ""account_id"": ""ifrs_Equity"", ""account_nm"": ""자본총계"", ""sj_div"": ""BS""}, ""cfo"": {""value_raw_or_cumulative"": 9319520000000.0, ""selection_rule"": ""standard_id"", ""amount_method"": ""reported_amount_assumed_cumulative"", ""account_id"": ""ifrs_CashFlowsFromUsedInOperatingActivities"", ""account_nm"": ""영업활동현금흐름"", ""sj_div"": ""CF""}, ""capex_ppe"": {""value_raw_or_cumulative"": 6774625000000.0, ""selection_rule"": ""standard_id"", ""amount_method"": ""reported_amount_assumed_cumulative"", ""account_id"": ""ifrs_PurchaseOfPropertyPlantAndEquipmentClassifiedAsInvestingActivities"", ""account_nm"": ""유형자산의 취득"", ""sj_div"": ""CF""}, ""capex_intangible"": {""value_raw_or_cumulative"": 623743000000.0, ""selection_rule"": ""standard_id"", ""amount_method"": ""reported_amount_assumed_cumulative"", ""account_id"": ""ifrs_PurchaseOfIntangibleAssetsClassifiedAsInvestingActivities"", ""account_nm"": ""무형자산의 취득"", ""sj_div"": ""CF""}}",,,False,False,,False
000660,00164779,SK하이닉스,2016,Q1,CFS,ok,,448026000000.0,21464689000000.0,649699000000.0,1779171000000.0,-1129472000000.0,20160426,20160426800024,연결재무제표기준영업(잠정)실적(공정공시),configured_stock_list_not_survivorship_free,True,"{""operating_profit"": {""value_raw_or_cumulative"": null, ""selection_rule"": ""missing"", ""amount_method"": ""missing"", ""account_id"": null, ""account_nm"": null, ""sj_div"": null}, ""net_income"": {""value_raw_or_cumulative"": 448026000000.0, ""selection_rule"": ""standard_id"", ""amount_method"": ""reported_q1"", ""account_id"": ""ifrs_ProfitLoss"", ""account_nm"": ""당기순이익(손실)"", ""sj_div"": ""CIS""}, ""equity"": {""value_raw_or_cumulative"": 21464689000000.0, ""selection_rule"": ""standard_id"", ""amount_method"": ""reported_q1"", ""account_id"": ""ifrs_Equity"", ""account_nm"": ""자본총계"", ""sj_div"": ""BS""}, ""cfo"": {""value_raw_or_cumulative"": 649699000000.0, ""selection_rule"": ""standard_id"", ""amount_method"": ""reported_q1"", ""account_id"": ""ifrs_CashFlowsFromUsedInOperatingActivities"", ""account_nm"": ""영업활동현금흐름"", ""sj_div"": ""CF""}, ""capex_ppe"": {""value_raw_or_cumulative"": 1649520000000.0, ""selection_rule"": ""standard_id"", ""amount_method"": ""reported_q1"", ""account_id"": ""ifrs_PurchaseOfPropertyPlantAndEquipmentClassifiedAsInvestingActivities"", ""account_nm"": ""유형자산의 취득"", ""sj_div"": ""CF""}, ""capex_intangible"": {""value_raw_or_cumulative"": 129651000000.0, ""selection_rule"": ""standard_id"", ""amount_method"": ""reported_q1"", ""account_id"": ""ifrs_PurchaseOfIntangibleAssetsClassifiedAsInvestingActivities"", ""account_nm"": ""무형자산의 취득"", ""sj_div"": ""CF""}}",,,False,False,,False
000660,00164779,SK하이닉스,2016,Q2,CFS,ok,,286132000000.0,21700822000000.0,1282836000000.0,1722643000000.0,-439807000000.0,20160726,20160726800037,연결재무제표기준영업(잠정)실적(공정공시),configured_stock_list_not_survivorship_free,True,"{""operating_profit"": {""value_raw_or_cumulative"": null, ""selection_rule"": ""missing"", ""amount_method"": ""missing"", ""account_id"": null, ""account_nm"": null, ""sj_div"": null}, ""net_income"": {""value_raw_or_cumulative"": 734158000000.0, ""selection_rule"": ""standard_id"", ""amount_method"": ""cumulative_add_amount"", ""account_id"": ""ifrs_ProfitLoss"", ""account_nm"": ""당기순이익(손실)"", ""sj_div"": ""CIS""}, ""equity"": {""value_raw_or_cumulative"": 21700822000000.0, ""selection_rule"": ""standard_id"", ""amount_method"": ""reported_amount_assumed_cumulative"", ""account_id"": ""ifrs_Equity"", ""account_nm"": ""자본총계"", ""sj_div"": ""BS""}, ""cfo"": {""value_raw_or_cumulative"": 1932535000000.0, ""selection_rule"": ""standard_id"", ""amount_method"": ""reported_amount_assumed_cumulative"", ""account_id"": ""ifrs_CashFlowsFromUsedInOperatingActivities"", ""account_nm"": ""영업활동현금흐름"", ""sj_div"": ""CF""}, ""capex_ppe"": {""value_raw_or_cumulative"": 3254017000000.0, ""selection_rule"": ""standard_id"", ""amount_method"": ""reported_amount_assumed_cumulative"", ""account_id"": ""ifrs_PurchaseOfPropertyPlantAndEquipmentClassifiedAsInvestingActivities"", ""account_nm"": ""유형자산의 취득"", ""sj_div"": ""CF""}, ""capex_intangible"": {""value_raw_or_cumulative"": 247797000000.0, ""selection_rule"": ""standard_id"", ""amount_method"": ""reported_amount_assumed_cumulative"", ""account_id"": ""ifrs_PurchaseOfIntangibleAssetsClassifiedAsInvestingActivities"", ""account_nm"": ""무형자산의 취득"", ""sj_div"": ""CF""}}",,,False,False,,False
000660,00164779,SK하이닉스,2016,Q3,CFS,ok,,597751000000.0,22004580000000.0,1636624000000.0,1474527000000.0,162097000000.0,20161025,20161025800008,연결재무제표기준영업(잠정)실적(공정공시),configured_stock_list_not_survivorship_free,True,"{""operating_profit"": {""value_raw_or_cumulative"": null, ""selection_rule"": ""missing"", ""amount_method"": ""missing"", ""account_id"": null, ""account_nm"": null, ""sj_div"": null}, ""net_income"": {""value_raw_or_cumulative"": 1331909000000.0, ""selection_rule"": ""standard_id"", ""amount_method"": ""cumulative_add_amount"", ""account_id"": ""ifrs_ProfitLoss"", ""account_nm"": ""당기순이익(손실)"", ""sj_div"": ""CIS""}, ""equity"": {""value_raw_or_cumulative"": 22004580000000.0, ""selection_rule"": ""standard_id"", ""amount_method"": ""reported_amount_assumed_cumulative"", ""account_id"": ""ifrs_Equity"", ""account_nm"": ""자본총계"", ""sj_div"": ""BS""}, ""cfo"": {""value_raw_or_cumulative"": 3569159000000.0, ""selection_rule"": ""standard_id"", ""amount_method"": ""reported_amount_assumed_cumulative"", ""account_id"": ""ifrs_CashFlowsFromUsedInOperatingActivities"", ""account_nm"": ""영업활동현금흐름"", ""sj_div"": ""CF""}, ""capex_ppe"": {""value_raw_or_cumulative"": 4600747000000.0, ""selection_rule"": ""standard_id"", ""amount_method"": ""reported_amount_assumed_cumulative"", ""account_id"": ""ifrs_PurchaseOfPropertyPlantAndEquipmentClassifiedAsInvestingActivities"", ""account_nm"": ""유형자산의 취득"", ""sj_div"": ""CF""}, ""capex_intangible"": {""value_raw_or_cumulative"": 375594000000.0, ""selection_rule"": ""standard_id"", ""amount_method"": ""reported_amount_assumed_cumulative"", ""account_id"": ""ifrs_PurchaseOfIntangibleAssetsClassifiedAsInvestingActivities"", ""account_nm"": ""무형자산의 취득"", ""sj_div"": ""CF""}}",,,False,False,,False
000660,00164779,SK하이닉스,2016,Q4,CFS,ok,,1628574000000.0,24023530000000.0,1979763000000.0,1510388000000.0,469375000000.0,20170126,20170126800023,연결재무제표기준영업(잠정)실적(공정공시),configured_stock_list_not_survivorship_free,True,"{""operating_profit"": {""value_raw_or_cumulative"": null, ""selection_rule"": ""missing"", ""amount_method"": ""missing"", ""account_id"": null, ""account_nm"": null, ""sj_div"": null}, ""net_income"": {""value_raw_or_cumulative"": 2960483000000.0, ""selection_rule"": ""standard_id"", ""amount_method"": ""reported_amount_assumed_cumulative"", ""account_id"": ""ifrs_ProfitLoss"", ""account_nm"": ""당기순이익(손실)"", ""sj_div"": ""CIS""}, ""equity"": {""value_raw_or_cumulative"": 24023530000000.0, ""selection_rule"": ""standard_id"", ""amount_method"": ""reported_amount_assumed_cumulative"", ""account_id"": ""ifrs_Equity"", ""account_nm"": ""자본총계"", ""sj_div"": ""BS""}, ""cfo"": {""value_raw_or_cumulative"": 5548922000000.0, ""selection_rule"": ""standard_id"", ""amount_method"": ""reported_amount_assumed_cumulative"", ""account_id"": ""ifrs_CashFlowsFromUsedInOperatingActivities"", ""account_nm"": ""영업활동현금흐름"", ""sj_div"": ""CF""}, ""capex_ppe"": {""value_raw_or_cumulative"": 5956354000000.0, ""selection_rule"": ""standard_id"", ""amount_method"": ""reported_amount_assumed_cumulative"", ""account_id"": ""ifrs_PurchaseOfPropertyPlantAndEquipmentClassifiedAsInvestingActivities"", ""account_nm"": ""유형자산의 취득"", ""sj_div"": ""CF""}, ""capex_intangible"": {""value_raw_or_cumulative"": 530375000000.0, ""selection_rule"": ""standard_id"", ""amount_method"": ""reported_amount_assumed_cumulative"", ""account_id"": ""ifrs_PurchaseOfIntangibleAssetsClassifiedAsInvestingActivities"", ""account_nm"": ""무형자산의 취득"", ""sj_div"": ""CF""}}",,CFS,True,False,2960483000000.0,False
000660,00164779,SK하이닉스,2017,Q1,CFS,ok,,1898678000000.0,25168919000000.0,2820020000000.0,2212767000000.0,607253000000.0,20170425,20170425800065,연결재무제표기준영업(잠정)실적(공정공시),configured_stock_list_not_survivorship_free,True,"{""operating_profit"": {""value_raw_or_cumulative"": null, ""selection_rule"": ""missing"", ""amount_method"": ""missing"", ""account_id"": null, ""account_nm"": null, ""sj_div"": null}, ""net_income"": {""value_raw_or_cumulative"": 1898678000000.0, ""selection_rule"": ""standard_id"", ""amount_method"": ""reported_q1"", ""account_id"": ""ifrs_ProfitLoss"", ""account_nm"": ""당기순이익(손실)"", ""sj_div"": ""CIS""}, ""equity"": {""value_raw_or_cumulative"": 25168919000000.0, ""selection_rule"": ""standard_id"", ""amount_method"": ""reported_q1"", ""account_id"": ""ifrs_Equity"", ""account_nm"": ""자본총계"", ""sj_div"": ""BS""}, ""cfo"": {""value_raw_or_cumulative"": 2820020000000.0, ""selection_rule"": ""standard_id"", ""amount_method"": ""reported_q1"", ""account_id"": ""ifrs_CashFlowsFromUsedInOperatingActivities"", ""account_nm"": ""영업활동현금흐름"", ""sj_div"": ""CF""}, ""capex_ppe"": {""value_raw_or_cumulative"": 2018470000000.0, ""selection_rule"": ""standard_id"", ""amount_method"": ""reported_q1"", ""account_id"": ""ifrs_PurchaseOfPropertyPlantAndEquipmentClassifiedAsInvestingActivities"", ""account_nm"": ""유형자산의 취득"", ""sj_div"": ""CF""}, ""capex_intangible"": {""value_raw_or_cumulative"": 194297000000.0, ""selection_rule"": ""standard_id"", ""amount_method"": ""reported_q1"", ""account_id"": ""ifrs_PurchaseOfIntangibleAssetsClassifiedAsInvestingActivities"", ""account_nm"": ""무형자산의 취득"", ""sj_div"": ""CF""}}",,CFS,True,False,4411135000000.0,False
000660,00164779,SK하이닉스,2017,Q2,CFS,ok,,2468511000000.0,27763784000000.0,3284102000000.0,2900377000000.0,383725000000.0,20170725,20170725800008,연결재무제표기준영업(잠정)실적(공정공시),configured_stock_list_not_survivorship_free,True,"{""operating_profit"": {""value_raw_or_cumulative"": null, ""selection_rule"": ""missing"", ""amount_method"": ""missing"", ""account_id"": null, ""account_nm"": null, ""sj_div"": null}, ""net_income"": {""value_raw_or_cumulative"": 4367189000000.0, ""selection_rule"": ""standard_id"", ""amount_method"": ""cumulative_add_amount"", ""account_id"": ""ifrs_ProfitLoss"", ""account_nm"": ""당기순이익(손실)"", ""sj_div"": ""CIS""}, ""equity"": {""value_raw_or_cumulative"": 27763784000000.0, ""selection_rule"": ""standard_id"", ""amount_method"": ""reported_amount_assumed_cumulative"", ""account_id"": ""ifrs_Equity"", ""account_nm"": ""자본총계"", ""sj_div"": ""BS""}, ""cfo"": {""value_raw_or_cumulative"": 6104122000000.0, ""selection_rule"": ""standard_id"", ""amount_method"": ""reported_amount_assumed_cumulative"", ""account_id"": ""ifrs_CashFlowsFromUsedInOperatingActivities"", ""account_nm"": ""영업활동현금흐름"", ""sj_div"": ""CF""}, ""capex_ppe"": {""value_raw_or_cumulative"": 4683431000000.0, ""selection_rule"": ""standard_id"", ""amount_method"": ""reported_amount_assumed_cumulative"", ""account_id"": ""ifrs_PurchaseOfPropertyPlantAndEquipmentClassifiedAsInvestingActivities"", ""account_nm"": ""유형자산의 취득"", ""sj_div"": ""CF""}, ""capex_intangible"": {""value_raw_or_cumulative"": 429713000000.0, ""selection_rule"": ""standard_id"", ""amount_method"": ""reported_amount_assumed_cumulative"", ""account_id"": ""ifrs_PurchaseOfIntangibleAssetsClassifiedAsInvestingActivities"", ""account_nm"": ""무형자산의 취득"", ""sj_div"": ""CF""}}",,CFS,True,False,6593514000000.0,False
000660,00164779,SK하이닉스,2017,Q3,CFS,ok,,3055530000000.0,30904498000000.0,3799958000000.0,2361772000000.0,1438186000000.0,20171026,20171026800015,연결재무제표기준영업(잠정)실적(공정공시),configured_stock_list_not_survivorship_free,True,"{""operating_profit"": {""value_raw_or_cumulative"": null, ""selection_rule"": ""missing"", ""amount_method"": ""missing"", ""account_id"": null, ""account_nm"": null, ""sj_div"": null}, ""net_income"": {""value_raw_or_cumulative"": 7422719000000.0, ""selection_rule"": ""standard_id"", ""amount_method"": ""cumulative_add_amount"", ""account_id"": ""ifrs_ProfitLoss"", ""account_nm"": ""당기순이익"", ""sj_div"": ""CIS""}, ""equity"": {""value_raw_or_cumulative"": 30904498000000.0, ""selection_rule"": ""standard_id"", ""amount_method"": ""reported_amount_assumed_cumulative"", ""account_id"": ""ifrs_Equity"", ""account_nm"": ""자본총계"", ""sj_div"": ""BS""}, ""cfo"": {""value_raw_or_cumulative"": 9904080000000.0, ""selection_rule"": ""standard_id"", ""amount_method"": ""reported_amount_assumed_cumulative"", ""account_id"": ""ifrs_CashFlowsFromUsedInOperatingActivities"", ""account_nm"": ""영업활동현금흐름"", ""sj_div"": ""CF""}, ""capex_ppe"": {""value_raw_or_cumulative"": 6852671000000.0, ""selection_rule"": ""standard_id"", ""amount_method"": ""reported_amount_assumed_cumulative"", ""account_id"": ""ifrs_PurchaseOfPropertyPlantAndEquipmentClassifiedAsInvestingActivities"", ""account_nm"": ""유형자산의 취득"", ""sj_div"": ""CF""}, ""capex_intangible"": {""value_raw_or_cumulative"": 622245000000.0, ""selection_rule"": ""standard_id"", ""amount_method"": ""reported_amount_assumed_cumulative"", ""account_id"": ""ifrs_PurchaseOfIntangibleAssetsClassifiedAsInvestingActivities"", ""account_nm"": ""무형자산의 취득"", ""sj_div"": ""CF""}}",,CFS,True,False,9051293000000.0,False
000660,00164779,SK하이닉스,2017,Q4,CFS,ok,,3219500000000.0,33820919000000.0,4786534000000.0,2438298000000.0,2348236000000.0,20180125,20180125800004,매출액또는손익구조30%(대규모법인은15%)이상변경,configured_stock_list_not_survivorship_free,True,"{""operating_profit"": {""value_raw_or_cumulative"": null, ""selection_rule"": ""missing"", ""amount_method"": ""missing"", ""account_id"": null, ""account_nm"": null, ""sj_div"": null}, ""net_income"": {""value_raw_or_cumulative"": 10642219000000.0, ""selection_rule"": ""standard_id"", ""amount_method"": ""reported_amount_assumed_cumulative"", ""account_id"": ""ifrs_ProfitLoss"", ""account_nm"": ""당기순이익"", ""sj_div"": ""CIS""}, ""equity"": {""value_raw_or_cumulative"": 33820919000000.0, ""selection_rule"": ""standard_id"", ""amount_method"": ""reported_amount_assumed_cumulative"", ""account_id"": ""ifrs_Equity"", ""account_nm"": ""자본총계"", ""sj_div"": ""BS""}, ""cfo"": {""value_raw_or_cumulative"": 14690614000000.0, ""selection_rule"": ""standard_id"", ""amount_method"": ""reported_amount_assumed_cumulative"", ""account_id"": ""ifrs_CashFlowsFromUsedInOperatingActivities"", ""account_nm"": ""영업활동현금흐름"", ""sj_div"": ""CF""}, ""capex_ppe"": {""value_raw_or_cumulative"": 9128303000000.0, ""selection_rule"": ""standard_id"", ""amount_method"": ""reported_amount_assumed_cumulative"", ""account_id"": ""ifrs_PurchaseOfPropertyPlantAndEquipmentClassifiedAsInvestingActivities"", ""account_nm"": ""유형자산의 취득"", ""sj_div"": ""CF""}, ""capex_intangible"": {""value_raw_or_cumulative"": 784911000000.0, ""selection_rule"": ""standard_id"", ""amount_method"": ""reported_amount_assumed_cumulative"", ""account_id"": ""ifrs_PurchaseOfIntangibleAssetsClassifiedAsInvestingActivities"", ""account_nm"": ""무형자산의 취득"", ""sj_div"": ""CF""}}",,CFS,True,False,10642219000000.0,False
000660,00164779,SK하이닉스,2018,Q1,CFS,ok,,3121329000000.0,36378486000000.0,4523576000000.0,4509449000000.0,14127000000.0,20180402,20180402004745,사업보고서 (2017.12),configured_stock_list_not_survivorship_free,True,"{""operating_profit"": {""value_raw_or_cumulative"": null, ""selection_rule"": ""missing"", ""amount_method"": ""missing"", ""account_id"": null, ""account_nm"": null, ""sj_div"": null}, ""net_income"": {""value_raw_or_cumulative"": 3121329000000.0, ""selection_rule"": ""standard_id"", ""amount_method"": ""reported_q1"", ""account_id"": ""ifrs_ProfitLoss"", ""account_nm"": ""당기순이익"", ""sj_div"": ""CIS""}, ""equity"": {""value_raw_or_cumulative"": 36378486000000.0, ""selection_rule"": ""standard_id"", ""amount_method"": ""reported_q1"", ""account_id"": ""ifrs_Equity"", ""account_nm"": ""자본총계"", ""sj_div"": ""BS""}, ""cfo"": {""value_raw_or_cumulative"": 4523576000000.0, ""selection_rule"": ""standard_id"", ""amount_method"": ""reported_q1"", ""account_id"": ""ifrs_CashFlowsFromUsedInOperatingActivities"", ""account_nm"": ""영업활동현금흐름"", ""sj_div"": ""CF""}, ""capex_ppe"": {""value_raw_or_cumulative"": 4317223000000.0, ""selection_rule"": ""standard_id"", ""amount_method"": ""reported_q1"", ""account_id"": ""ifrs_PurchaseOfPropertyPlantAndEquipmentClassifiedAsInvestingActivities"", ""account_nm"": ""유형자산의 취득"", ""sj_div"": ""CF""}, ""capex_intangible"": {""value_raw_or_cumulative"": 192226000000.0, ""selection_rule"": ""standard_id"", ""amount_method"": ""reported_q1"", ""account_id"": ""ifrs_PurchaseOfIntangibleAssetsClassifiedAsInvestingActivities"", ""account_nm"": ""무형자산의 취득"", ""sj_div"": ""CF""}}",,CFS,True,False,11864870000000.0,False
000660,00164779,SK하이닉스,2018,Q2,CFS,ok,,4328542000000.0,40777676000000.0,3644687000000.0,4364005000000.0,-719318000000.0,20180726,20180726800039,연결재무제표기준영업(잠정)실적(공정공시),configured_stock_list_not_survivorship_free,True,"{""operating_profit"": {""value_raw_or_cumulative"": null, ""selection_rule"": ""missing"", ""amount_method"": ""missing"", ""account_id"": null, ""account_nm"": null, ""sj_div"": null}, ""net_income"": {""value_raw_or_cumulative"": 7449871000000.0, ""selection_rule"": ""standard_id"", ""amount_method"": ""cumulative_add_amount"", ""account_id"": ""ifrs_ProfitLoss"", ""account_nm"": ""당기순이익"", ""sj_div"": ""CIS""}, ""equity"": {""value_raw_or_cumulative"": 40777676000000.0, ""selection_rule"": ""standard_id"", ""amount_method"": ""reported_amount_assumed_cumulative"", ""account_id"": ""ifrs_Equity"", ""account_nm"": ""자본총계"", ""sj_div"": ""BS""}, ""cfo"": {""value_raw_or_cumulative"": 8168263000000.0, ""selection_rule"": ""standard_id"", ""amount_method"": ""reported_amount_assumed_cumulative"", ""account_id"": ""ifrs_CashFlowsFromUsedInOperatingActivities"", ""account_nm"": ""영업활동현금흐름"", ""sj_div"": ""CF""}, ""capex_ppe"": {""value_raw_or_cumulative"": 8458983000000.0, ""selection_rule"": ""standard_id"", ""amount_method"": ""reported_amount_assumed_cumulative"", ""account_id"": ""ifrs_PurchaseOfPropertyPlantAndEquipmentClassifiedAsInvestingActivities"", ""account_nm"": ""유형자산의 취득"", ""sj_div"": ""CF""}, ""capex_intangible"": {""value_raw_or_cumulative"": 414471000000.0, ""selection_rule"": ""standard_id"", ""amount_method"": ""reported_amount_assumed_cumulative"", ""account_id"": ""ifrs_PurchaseOfIntangibleAssetsClassifiedAsInvestingActivities"", ""account_nm"": ""무형자산의 취득"", ""sj_div"": ""CF""}}",,CFS,True,False,13724901000000.0,False
000660,00164779,SK하이닉스,2018,Q3,CFS,ok,,4692194000000.0,43488826000000.0,7088254000000.0,3497593000000.0,3590661000000.0,20181025,20181025800022,연결재무제표기준영업(잠정)실적(공정공시),configured_stock_list_not_survivorship_free,True,"{""operating_profit"": {""value_raw_or_cumulative"": null, ""selection_rule"": ""missing"", ""amount_method"": ""missing"", ""account_id"": null, ""account_nm"": null, ""sj_div"": null}, ""net_income"": {""value_raw_or_cumulative"": 12142065000000.0, ""selection_rule"": ""standard_id"", ""amount_method"": ""cumulative_add_amount"", ""account_id"": ""ifrs_ProfitLoss"", ""account_nm"": ""당기순이익"", ""sj_div"": ""CIS""}, ""equity"": {""value_raw_or_cumulative"": 43488826000000.0, ""selection_rule"": ""standard_id"", ""amount_method"": ""reported_amount_assumed_cumulative"", ""account_id"": ""ifrs_Equity"", ""account_nm"": ""자본총계"", ""sj_div"": ""BS""}, ""cfo"": {""value_raw_or_cumulative"": 15256517000000.0, ""selection_rule"": ""standard_id"", ""amount_method"": ""reported_amount_assumed_cumulative"", ""account_id"": ""ifrs_CashFlowsFromUsedInOperatingActivities"", ""account_nm"": ""영업활동현금흐름"", ""sj_div"": ""CF""}, ""capex_ppe"": {""value_raw_or_cumulative"": 11757688000000.0, ""selection_rule"": ""standard_id"", ""amount_method"": ""reported_amount_assumed_cumulative"", ""account_id"": ""ifrs_PurchaseOfPropertyPlantAndEquipmentClassifiedAsInvestingActivities"", ""account_nm"": ""유형자산의 취득"", ""sj_div"": ""CF""}, ""capex_intangible"": {""value_raw_or_cumulative"": 613359000000.0, ""selection_rule"": ""standard_id"", ""amount_method"": ""reported_amount_assumed_cumulative"", ""account_id"": ""ifrs_PurchaseOfIntangibleAssetsClassifiedAsInvestingActivities"", ""account_nm"": ""무형자산의 취득"", ""sj_div"": ""CF""}}",,CFS,True,False,15361565000000.0,False
000660,00164779,SK하이닉스,2018,Q4,CFS,ok,,3397919000000.0,46852331000000.0,6970682000000.0,4598238000000.0,2372444000000.0,20190124,20190124800001,연결재무제표기준영업(잠정)실적(공정공시),configured_stock_list_not_survivorship_free,True,"{""operating_profit"": {""value_raw_or_cumulative"": null, ""selection_rule"": ""missing"", ""amount_method"": ""missing"", ""account_id"": null, ""account_nm"": null, ""sj_div"": null}, ""net_income"": {""value_raw_or_cumulative"": 15539984000000.0, ""selection_rule"": ""standard_id"", ""amount_method"": ""reported_amount_assumed_cumulative"", ""account_id"": ""ifrs_ProfitLoss"", ""account_nm"": ""당기순이익"", ""sj_div"": ""CIS""}, ""equity"": {""value_raw_or_cumulative"": 46852331000000.0, ""selection_rule"": ""standard_id"", ""amount_method"": ""reported_amount_assumed_cumulative"", ""account_id"": ""ifrs_Equity"", ""account_nm"": ""자본총계"", ""sj_div"": ""BS""}, ""cfo"": {""value_raw_or_cumulative"": 22227199000000.0, ""selection_rule"": ""standard_id"", ""amount_method"": ""reported_amount_assumed_cumulative"", ""account_id"": ""ifrs_CashFlowsFromUsedInOperatingActivities"", ""account_nm"": ""영업활동현금흐름"", ""sj_div"": ""CF""}, ""capex_ppe"": {""value_raw_or_cumulative"": 16036146000000.0, ""selection_rule"": ""standard_id"", ""amount_method"": ""reported_amount_assumed_cumulative"", ""account_id"": ""ifrs_PurchaseOfPropertyPlantAndEquipmentClassifiedAsInvestingActivities"", ""account_nm"": ""유형자산의 취득"", ""sj_div"": ""CF""}, ""capex_intangible"": {""value_raw_or_cumulative"": 933139000000.0, ""selection_rule"": ""standard_id"", ""amount_method"": ""reported_amount_assumed_cumulative"", ""account_id"": ""ifrs_PurchaseOfIntangibleAssetsClassifiedAsInvestingActivities"", ""account_nm"": ""무형자산의 취득"", ""sj_div"": ""CF""}}",,CFS,True,False,15539984000000.0,False
000660,00164779,SK하이닉스,2019,Q1,CFS,ok,,1102130000000.0,47166007000000.0,2630762000000.0,4498007000000.0,-1867245000000.0,20190401,20190401003957,사업보고서 (2018.12),configured_stock_list_not_survivorship_free,True,"{""operating_profit"": {""value_raw_or_cumulative"": null, ""selection_rule"": ""missing"", ""amount_method"": ""missing"", ""account_id"": null, ""account_nm"": null, ""sj_div"": null}, ""net_income"": {""value_raw_or_cumulative"": 1102130000000.0, ""selection_rule"": ""standard_id"", ""amount_method"": ""reported_q1"", ""account_id"": ""ifrs_ProfitLoss"", ""account_nm"": ""분기순이익"", ""sj_div"": ""CIS""}, ""equity"": {""value_raw_or_cumulative"": 47166007000000.0, ""selection_rule"": ""standard_id"", ""amount_method"": ""reported_q1"", ""account_id"": ""ifrs_Equity"", ""account_nm"": ""자본총계"", ""sj_div"": ""BS""}, ""cfo"": {""value_raw_or_cumulative"": 2630762000000.0, ""selection_rule"": ""standard_id"", ""amount_method"": ""reported_q1"", ""account_id"": ""ifrs_CashFlowsFromUsedInOperatingActivities"", ""account_nm"": ""영업활동현금흐름"", ""sj_div"": ""CF""}, ""capex_ppe"": {""value_raw_or_cumulative"": 4349571000000.0, ""selection_rule"": ""standard_id"", ""amount_method"": ""reported_q1"", ""account_id"": ""ifrs_PurchaseOfPropertyPlantAndEquipmentClassifiedAsInvestingActivities"", ""account_nm"": ""유형자산의 취득"", ""sj_div"": ""CF""}, ""capex_intangible"": {""value_raw_or_cumulative"": 148436000000.0, ""selection_rule"": ""standard_id"", ""amount_method"": ""reported_q1"", ""account_id"": ""ifrs_PurchaseOfIntangibleAssetsClassifiedAsInvestingActivities"", ""account_nm"": ""무형자산의 취득"", ""sj_div"": ""CF""}}",,CFS,True,False,13520785000000.0,False
000660,00164779,SK하이닉스,2019,Q2,CFS,ok,,537025000000.0,47710787000000.0,-1228201000000.0,4329262000000.0,-5557463000000.0,20190725,20190725800037,연결재무제표기준영업(잠정)실적(공정공시),configured_stock_list_not_survivorship_free,True,"{""operating_profit"": {""value_raw_or_cumulative"": null, ""selection_rule"": ""missing"", ""amount_method"": ""missing"", ""account_id"": null, ""account_nm"": null, ""sj_div"": null}, ""net_income"": {""value_raw_or_cumulative"": 1639155000000.0, ""selection_rule"": ""standard_id"", ""amount_method"": ""cumulative_add_amount"", ""account_id"": ""ifrs_ProfitLoss"", ""account_nm"": ""반기순이익"", ""sj_div"": ""CIS""}, ""equity"": {""value_raw_or_cumulative"": 47710787000000.0, ""selection_rule"": ""standard_id"", ""amount_method"": ""reported_amount_assumed_cumulative"", ""account_id"": ""ifrs_Equity"", ""account_nm"": ""자본총계"", ""sj_div"": ""BS""}, ""cfo"": {""value_raw_or_cumulative"": 1402561000000.0, ""selection_rule"": ""standard_id"", ""amount_method"": ""reported_amount_assumed_cumulative"", ""account_id"": ""ifrs_CashFlowsFromUsedInOperatingActivities"", ""account_nm"": ""영업활동현금흐름"", ""sj_div"": ""CF""}, ""capex_ppe"": {""value_raw_or_cumulative"": 8497372000000.0, ""selection_rule"": ""standard_id"", ""amount_method"": ""reported_amount_assumed_cumulative"", ""account_id"": ""ifrs_PurchaseOfPropertyPlantAndEquipmentClassifiedAsInvestingActivities"", ""account_nm"": ""유형자산의 취득"", ""sj_div"": ""CF""}, ""capex_intangible"": {""value_raw_or_cumulative"": 329897000000.0, ""selection_rule"": ""standard_id"", ""amount_method"": ""reported_amount_assumed_cumulative"", ""account_id"": ""ifrs_PurchaseOfIntangibleAssetsClassifiedAsInvestingActivities"", ""account_nm"": ""무형자산의 취득"", ""sj_div"": ""CF""}}",,CFS,True,False,9729268000000.0,False
000660,00164779,SK하이닉스,2019,Q3,CFS,ok,,495484000000.0,48266226000000.0,2497054000000.0,3057161000000.0,-560107000000.0,20191024,20191024800018,연결재무제표기준영업(잠정)실적(공정공시),configured_stock_list_not_survivorship_free,True,"{""operating_profit"": {""value_raw_or_cumulative"": null, ""selection_rule"": ""missing"", ""amount_method"": ""missing"", ""account_id"": null, ""account_nm"": null, ""sj_div"": null}, ""net_income"": {""value_raw_or_cumulative"": 2134639000000.0, ""selection_rule"": ""exact_label_fallback"", ""amount_method"": ""cumulative_add_amount"", ""account_id"": ""ifrs-full_ProfitLoss"", ""account_nm"": ""분기순이익"", ""sj_div"": ""CIS""}, ""equity"": {""value_raw_or_cumulative"": 48266226000000.0, ""selection_rule"": ""exact_label_fallback"", ""amount_method"": ""reported_amount_assumed_cumulative"", ""account_id"": ""ifrs-full_Equity"", ""account_nm"": ""자본총계"", ""sj_div"": ""BS""}, ""cfo"": {""value_raw_or_cumulative"": 3899615000000.0, ""selection_rule"": ""exact_label_fallback"", ""amount_method"": ""reported_amount_assumed_cumulative"", ""account_id"": ""ifrs-full_CashFlowsFromUsedInOperatingActivities"", ""account_nm"": ""영업활동현금흐름"", ""sj_div"": ""CF""}, ""capex_ppe"": {""value_raw_or_cumulative"": 11388920000000.0, ""selection_rule"": ""exact_label_fallback"", ""amount_method"": ""reported_amount_assumed_cumulative"", ""account_id"": ""ifrs-full_PurchaseOfPropertyPlantAndEquipmentClassifiedAsInvestingActivities"", ""account_nm"": ""유형자산의 취득"", ""sj_div"": ""CF""}, ""capex_intangible"": {""value_raw_or_cumulative"": 495510000000.0, ""selection_rule"": ""exact_label_fallback"", ""amount_method"": ""reported_amount_assumed_cumulative"", ""account_id"": ""ifrs-full_PurchaseOfIntangibleAssetsClassifiedAsInvestingActivities"", ""account_nm"": ""무형자산의 취득"", ""sj_div"": ""CF""}}",,CFS,True,False,5532558000000.0,False
000660,00164779,SK하이닉스,2019,Q4,CFS,ok,,-118248000000.0,47943195000000.0,2583573000000.0,2709170000000.0,-125597000000.0,20200131,20200131800003,연결재무제표기준영업(잠정)실적(공정공시),configured_stock_list_not_survivorship_free,True,"{""operating_profit"": {""value_raw_or_cumulative"": null, ""selection_rule"": ""missing"", ""amount_method"": ""missing"", ""account_id"": null, ""account_nm"": null, ""sj_div"": null}, ""net_income"": {""value_raw_or_cumulative"": 2016391000000.0, ""selection_rule"": ""exact_label_fallback"", ""amount_method"": ""reported_amount_assumed_cumulative"", ""account_id"": ""ifrs-full_ProfitLoss"", ""account_nm"": ""당기순이익"", ""sj_div"": ""CIS""}, ""equity"": {""value_raw_or_cumulative"": 47943195000000.0, ""selection_rule"": ""exact_label_fallback"", ""amount_method"": ""reported_amount_assumed_cumulative"", ""account_id"": ""ifrs-full_Equity"", ""account_nm"": ""자본총계"", ""sj_div"": ""BS""}, ""cfo"": {""value_raw_or_cumulative"": 6483188000000.0, ""selection_rule"": ""exact_label_fallback"", ""amount_method"": ""reported_amount_assumed_cumulative"", ""account_id"": ""ifrs-full_CashFlowsFromUsedInOperatingActivities"", ""account_nm"": ""영업활동현금흐름"", ""sj_div"": ""CF""}, ""capex_ppe"": {""value_raw_or_cumulative"": 13920244000000.0, ""selection_rule"": ""exact_label_fallback"", ""amount_method"": ""reported_amount_assumed_cumulative"", ""account_id"": ""ifrs-full_PurchaseOfPropertyPlantAndEquipmentClassifiedAsInvestingActivities"", ""account_nm"": ""유형자산의 취득"", ""sj_div"": ""CF""}, ""capex_intangible"": {""value_raw_or_cumulative"": 673356000000.0, ""selection_rule"": ""exact_label_fallback"", ""amount_method"": ""reported_amount_assumed_cumulative"", ""account_id"": ""ifrs-full_PurchaseOfIntangibleAssetsClassifiedAsInvestingActivities"", ""account_nm"": ""무형자산의 취득"", ""sj_div"": ""CF""}}",,CFS,True,False,2016391000000.0,False
000660,00164779,SK하이닉스,2020,Q1,CFS,ok,,649050000000.0,48247724000000.0,2331545000000.0,2937975000000.0,-606430000000.0,20200423,20200423800085,연결재무제표기준영업(잠정)실적(공정공시),configured_stock_list_not_survivorship_free,True,"{""operating_profit"": {""value_raw_or_cumulative"": null, ""selection_rule"": ""missing"", ""amount_method"": ""missing"", ""account_id"": null, ""account_nm"": null, ""sj_div"": null}, ""net_income"": {""value_raw_or_cumulative"": 649050000000.0, ""selection_rule"": ""exact_label_fallback"", ""amount_method"": ""reported_q1"", ""account_id"": ""ifrs-full_ProfitLoss"", ""account_nm"": ""분기순이익"", ""sj_div"": ""CIS""}, ""equity"": {""value_raw_or_cumulative"": 48247724000000.0, ""selection_rule"": ""exact_label_fallback"", ""amount_method"": ""reported_q1"", ""account_id"": ""ifrs-full_Equity"", ""account_nm"": ""자본총계"", ""sj_div"": ""BS""}, ""cfo"": {""value_raw_or_cumulative"": 2331545000000.0, ""selection_rule"": ""exact_label_fallback"", ""amount_method"": ""reported_q1"", ""account_id"": ""ifrs-full_CashFlowsFromUsedInOperatingActivities"", ""account_nm"": ""영업활동현금흐름"", ""sj_div"": ""CF""}, ""capex_ppe"": {""value_raw_or_cumulative"": 2784909000000.0, ""selection_rule"": ""exact_label_fallback"", ""amount_method"": ""reported_q1"", ""account_id"": ""ifrs-full_PurchaseOfPropertyPlantAndEquipmentClassifiedAsInvestingActivities"", ""account_nm"": ""유형자산의 취득"", ""sj_div"": ""CF""}, ""capex_intangible"": {""value_raw_or_cumulative"": 153066000000.0, ""selection_rule"": ""exact_label_fallback"", ""amount_method"": ""reported_q1"", ""account_id"": ""ifrs-full_PurchaseOfIntangibleAssetsClassifiedAsInvestingActivities"", ""account_nm"": ""무형자산의 취득"", ""sj_div"": ""CF""}}",,CFS,True,False,1563311000000.0,False
000660,00164779,SK하이닉스,2020,Q2,CFS,ok,,1264260000000.0,49402876000000.0,3354484000000.0,2382600000000.0,971884000000.0,20200723,20200723800037,연결재무제표기준영업(잠정)실적(공정공시),configured_stock_list_not_survivorship_free,True,"{""operating_profit"": {""value_raw_or_cumulative"": null, ""selection_rule"": ""missing"", ""amount_method"": ""missing"", ""account_id"": null, ""account_nm"": null, ""sj_div"": null}, ""net_income"": {""value_raw_or_cumulative"": 1913310000000.0, ""selection_rule"": ""exact_label_fallback"", ""amount_method"": ""cumulative_add_amount"", ""account_id"": ""ifrs-full_ProfitLoss"", ""account_nm"": ""반기순이익"", ""sj_div"": ""CIS""}, ""equity"": {""value_raw_or_cumulative"": 49402876000000.0, ""selection_rule"": ""exact_label_fallback"", ""amount_method"": ""reported_amount_assumed_cumulative"", ""account_id"": ""ifrs-full_Equity"", ""account_nm"": ""자본총계"", ""sj_div"": ""BS""}, ""cfo"": {""value_raw_or_cumulative"": 5686029000000.0, ""selection_rule"": ""exact_label_fallback"", ""amount_method"": ""reported_amount_assumed_cumulative"", ""account_id"": ""ifrs-full_CashFlowsFromUsedInOperatingActivities"", ""account_nm"": ""영업활동현금흐름"", ""sj_div"": ""CF""}, ""capex_ppe"": {""value_raw_or_cumulative"": 5000340000000.0, ""selection_rule"": ""exact_label_fallback"", ""amount_method"": ""reported_amount_assumed_cumulative"", ""account_id"": ""ifrs-full_PurchaseOfPropertyPlantAndEquipmentClassifiedAsInvestingActivities"", ""account_nm"": ""유형자산의 취득"", ""sj_div"": ""CF""}, ""capex_intangible"": {""value_raw_or_cumulative"": 320235000000.0, ""selection_rule"": ""exact_label_fallback"", ""amount_method"": ""reported_amount_assumed_cumulative"", ""account_id"": ""ifrs-full_PurchaseOfIntangibleAssetsClassifiedAsInvestingActivities"", ""account_nm"": ""무형자산의 취득"", ""sj_div"": ""CF""}}",,CFS,True,False,2290546000000.0,False
000660,00164779,SK하이닉스,2020,Q3,CFS,ok,,1077862000000.0,50499059000000.0,3366715000000.0,2748666000000.0,618049000000.0,20201104,20201104800026,연결재무제표기준영업(잠정)실적(공정공시),configured_stock_list_not_survivorship_free,True,"{""operating_profit"": {""value_raw_or_cumulative"": null, ""selection_rule"": ""missing"", ""amount_method"": ""missing"", ""account_id"": null, ""account_nm"": null, ""sj_div"": null}, ""net_income"": {""value_raw_or_cumulative"": 2991172000000.0, ""selection_rule"": ""exact_label_fallback"", ""amount_method"": ""cumulative_add_amount"", ""account_id"": ""ifrs-full_ProfitLoss"", ""account_nm"": ""분기순이익"", ""sj_div"": ""CIS""}, ""equity"": {""value_raw_or_cumulative"": 50499059000000.0, ""selection_rule"": ""exact_label_fallback"", ""amount_method"": ""reported_amount_assumed_cumulative"", ""account_id"": ""ifrs-full_Equity"", ""account_nm"": ""자본총계"", ""sj_div"": ""BS""}, ""cfo"": {""value_raw_or_cumulative"": 9052744000000.0, ""selection_rule"": ""exact_label_fallback"", ""amount_method"": ""reported_amount_assumed_cumulative"", ""account_id"": ""ifrs-full_CashFlowsFromUsedInOperatingActivities"", ""account_nm"": ""영업활동현금흐름"", ""sj_div"": ""CF""}, ""capex_ppe"": {""value_raw_or_cumulative"": 7539113000000.0, ""selection_rule"": ""exact_label_fallback"", ""amount_method"": ""reported_amount_assumed_cumulative"", ""account_id"": ""ifrs-full_PurchaseOfPropertyPlantAndEquipmentClassifiedAsInvestingActivities"", ""account_nm"": ""유형자산의 취득"", ""sj_div"": ""CF""}, ""capex_intangible"": {""value_raw_or_cumulative"": 530128000000.0, ""selection_rule"": ""exact_label_fallback"", ""amount_method"": ""reported_amount_assumed_cumulative"", ""account_id"": ""ifrs-full_PurchaseOfIntangibleAssetsClassifiedAsInvestingActivities"", ""account_nm"": ""무형자산의 취득"", ""sj_div"": ""CF""}}",,CFS,True,False,2872924000000.0,False
000660,00164779,SK하이닉스,2020,Q4,CFS,ok,,1767742000000.0,51909097000000.0,3261827000000.0,2800150000000.0,461677000000.0,20210129,20210129800001,매출액또는손익구조30%(대규모법인은15%)이상변경,configured_stock_list_not_survivorship_free,True,"{""operating_profit"": {""value_raw_or_cumulative"": null, ""selection_rule"": ""missing"", ""amount_method"": ""missing"", ""account_id"": null, ""account_nm"": null, ""sj_div"": null}, ""net_income"": {""value_raw_or_cumulative"": 4758914000000.0, ""selection_rule"": ""exact_label_fallback"", ""amount_method"": ""reported_amount_assumed_cumulative"", ""account_id"": ""ifrs-full_ProfitLoss"", ""account_nm"": ""당기순이익"", ""sj_div"": ""CIS""}, ""equity"": {""value_raw_or_cumulative"": 51909097000000.0, ""selection_rule"": ""exact_label_fallback"", ""amount_method"": ""reported_amount_assumed_cumulative"", ""account_id"": ""ifrs-full_Equity"", ""account_nm"": ""자본총계"", ""sj_div"": ""BS""}, ""cfo"": {""value_raw_or_cumulative"": 12314571000000.0, ""selection_rule"": ""exact_label_fallback"", ""amount_method"": ""reported_amount_assumed_cumulative"", ""account_id"": ""ifrs-full_CashFlowsFromUsedInOperatingActivities"", ""account_nm"": ""영업활동 현금흐름"", ""sj_div"": ""CF""}, ""capex_ppe"": {""value_raw_or_cumulative"": 10068662000000.0, ""selection_rule"": ""exact_label_fallback"", ""amount_method"": ""reported_amount_assumed_cumulative"", ""account_id"": ""ifrs-full_PurchaseOfPropertyPlantAndEquipmentClassifiedAsInvestingActivities"", ""account_nm"": ""유형자산의 취득"", ""sj_div"": ""CF""}, ""capex_intangible"": {""value_raw_or_cumulative"": 800729000000.0, ""selection_rule"": ""exact_label_fallback"", ""amount_method"": ""reported_amount_assumed_cumulative"", ""account_id"": ""ifrs-full_PurchaseOfIntangibleAssetsClassifiedAsInvestingActivities"", ""account_nm"": ""무형자산의 취득"", ""sj_div"": ""CF""}}",,CFS,True,False,4758914000000.0,False
000660,00164779,SK하이닉스,2021,Q1,CFS,ok,,992640000000.0,52378589000000.0,3206762000000.0,4354906000000.0,-1148144000000.0,20210428,20210428800041,연결재무제표기준영업(잠정)실적(공정공시),configured_stock_list_not_survivorship_free,True,"{""operating_profit"": {""value_raw_or_cumulative"": null, ""selection_rule"": ""missing"", ""amount_method"": ""missing"", ""account_id"": null, ""account_nm"": null, ""sj_div"": null}, ""net_income"": {""value_raw_or_cumulative"": 992640000000.0, ""selection_rule"": ""exact_label_fallback"", ""amount_method"": ""reported_q1"", ""account_id"": ""ifrs-full_ProfitLoss"", ""account_nm"": ""분기순이익"", ""sj_div"": ""CIS""}, ""equity"": {""value_raw_or_cumulative"": 52378589000000.0, ""selection_rule"": ""exact_label_fallback"", ""amount_method"": ""reported_q1"", ""account_id"": ""ifrs-full_Equity"", ""account_nm"": ""자본총계"", ""sj_div"": ""BS""}, ""cfo"": {""value_raw_or_cumulative"": 3206762000000.0, ""selection_rule"": ""exact_label_fallback"", ""amount_method"": ""reported_q1"", ""account_id"": ""ifrs-full_CashFlowsFromUsedInOperatingActivities"", ""account_nm"": ""영업활동 현금흐름"", ""sj_div"": ""CF""}, ""capex_ppe"": {""value_raw_or_cumulative"": 4105305000000.0, ""selection_rule"": ""exact_label_fallback"", ""amount_method"": ""reported_q1"", ""account_id"": ""ifrs-full_PurchaseOfPropertyPlantAndEquipmentClassifiedAsInvestingActivities"", ""account_nm"": ""유형자산의 취득"", ""sj_div"": ""CF""}, ""capex_intangible"": {""value_raw_or_cumulative"": 249601000000.0, ""selection_rule"": ""exact_label_fallback"", ""amount_method"": ""reported_q1"", ""account_id"": ""ifrs-full_PurchaseOfIntangibleAssetsClassifiedAsInvestingActivities"", ""account_nm"": ""무형자산의 취득"", ""sj_div"": ""CF""}}",,CFS,True,False,5102504000000.0,False
000660,00164779,SK하이닉스,2021,Q2,CFS,ok,,1988424000000.0,54878014000000.0,4549973000000.0,3122328000000.0,1427645000000.0,20210727,20210727800033,연결재무제표기준영업(잠정)실적(공정공시),configured_stock_list_not_survivorship_free,True,"{""operating_profit"": {""value_raw_or_cumulative"": null, ""selection_rule"": ""missing"", ""amount_method"": ""missing"", ""account_id"": null, ""account_nm"": null, ""sj_div"": null}, ""net_income"": {""value_raw_or_cumulative"": 2981064000000.0, ""selection_rule"": ""exact_label_fallback"", ""amount_method"": ""cumulative_add_amount"", ""account_id"": ""ifrs-full_ProfitLoss"", ""account_nm"": ""반기순이익"", ""sj_div"": ""CIS""}, ""equity"": {""value_raw_or_cumulative"": 54878014000000.0, ""selection_rule"": ""exact_label_fallback"", ""amount_method"": ""reported_amount_assumed_cumulative"", ""account_id"": ""ifrs-full_Equity"", ""account_nm"": ""자본총계"", ""sj_div"": ""BS""}, ""cfo"": {""value_raw_or_cumulative"": 7756735000000.0, ""selection_rule"": ""exact_label_fallback"", ""amount_method"": ""reported_amount_assumed_cumulative"", ""account_id"": ""ifrs-full_CashFlowsFromUsedInOperatingActivities"", ""account_nm"": ""영업활동 현금흐름"", ""sj_div"": ""CF""}, ""capex_ppe"": {""value_raw_or_cumulative"": 6919550000000.0, ""selection_rule"": ""exact_label_fallback"", ""amount_method"": ""reported_amount_assumed_cumulative"", ""account_id"": ""ifrs-full_PurchaseOfPropertyPlantAndEquipmentClassifiedAsInvestingActivities"", ""account_nm"": ""유형자산의 취득"", ""sj_div"": ""CF""}, ""capex_intangible"": {""value_raw_or_cumulative"": 557684000000.0, ""selection_rule"": ""exact_label_fallback"", ""amount_method"": ""reported_amount_assumed_cumulative"", ""account_id"": ""ifrs-full_PurchaseOfIntangibleAssetsClassifiedAsInvestingActivities"", ""account_nm"": ""무형자산의 취득"", ""sj_div"": ""CF""}}",,CFS,True,False,5826668000000.0,False
000660,00164779,SK하이닉스,2021,Q3,CFS,ok,,3315251000000.0,58714446000000.0,6266689000000.0,2986089000000.0,3280600000000.0,20211026,20211026800048,연결재무제표기준영업(잠정)실적(공정공시),configured_stock_list_not_survivorship_free,True,"{""operating_profit"": {""value_raw_or_cumulative"": null, ""selection_rule"": ""missing"", ""amount_method"": ""missing"", ""account_id"": null, ""account_nm"": null, ""sj_div"": null}, ""net_income"": {""value_raw_or_cumulative"": 6296315000000.0, ""selection_rule"": ""exact_label_fallback"", ""amount_method"": ""cumulative_add_amount"", ""account_id"": ""ifrs-full_ProfitLoss"", ""account_nm"": ""분기순이익"", ""sj_div"": ""CIS""}, ""equity"": {""value_raw_or_cumulative"": 58714446000000.0, ""selection_rule"": ""exact_label_fallback"", ""amount_method"": ""reported_amount_assumed_cumulative"", ""account_id"": ""ifrs-full_Equity"", ""account_nm"": ""자본총계"", ""sj_div"": ""BS""}, ""cfo"": {""value_raw_or_cumulative"": 14023424000000.0, ""selection_rule"": ""exact_label_fallback"", ""amount_method"": ""reported_amount_assumed_cumulative"", ""account_id"": ""ifrs-full_CashFlowsFromUsedInOperatingActivities"", ""account_nm"": ""영업활동 현금흐름"", ""sj_div"": ""CF""}, ""capex_ppe"": {""value_raw_or_cumulative"": 9732259000000.0, ""selection_rule"": ""exact_label_fallback"", ""amount_method"": ""reported_amount_assumed_cumulative"", ""account_id"": ""ifrs-full_PurchaseOfPropertyPlantAndEquipmentClassifiedAsInvestingActivities"", ""account_nm"": ""유형자산의 취득"", ""sj_div"": ""CF""}, ""capex_intangible"": {""value_raw_or_cumulative"": 731064000000.0, ""selection_rule"": ""exact_label_fallback"", ""amount_method"": ""reported_amount_assumed_cumulative"", ""account_id"": ""ifrs-full_PurchaseOfIntangibleAssetsClassifiedAsInvestingActivities"", ""account_nm"": ""무형자산의 취득"", ""sj_div"": ""CF""}}",,CFS,True,False,8064057000000.0,False
000660,00164779,SK하이닉스,2021,Q4,CFS,ok,,3319873000000.0,62191058000000.0,5774224000000.0,2997205000000.0,2777019000000.0,20220128,20220128800008,매출액또는손익구조30%(대규모법인은15%)이상변경,configured_stock_list_not_survivorship_free,True,"{""operating_profit"": {""value_raw_or_cumulative"": null, ""selection_rule"": ""missing"", ""amount_method"": ""missing"", ""account_id"": null, ""account_nm"": null, ""sj_div"": null}, ""net_income"": {""value_raw_or_cumulative"": 9616188000000.0, ""selection_rule"": ""exact_label_fallback"", ""amount_method"": ""reported_amount_assumed_cumulative"", ""account_id"": ""ifrs-full_ProfitLoss"", ""account_nm"": ""당기순이익"", ""sj_div"": ""CIS""}, ""equity"": {""value_raw_or_cumulative"": 62191058000000.0, ""selection_rule"": ""exact_label_fallback"", ""amount_method"": ""reported_amount_assumed_cumulative"", ""account_id"": ""ifrs-full_Equity"", ""account_nm"": ""자본총계"", ""sj_div"": ""BS""}, ""cfo"": {""value_raw_or_cumulative"": 19797648000000.0, ""selection_rule"": ""exact_label_fallback"", ""amount_method"": ""reported_amount_assumed_cumulative"", ""account_id"": ""ifrs-full_CashFlowsFromUsedInOperatingActivities"", ""account_nm"": ""영업활동 현금흐름"", ""sj_div"": ""CF""}, ""capex_ppe"": {""value_raw_or_cumulative"": 12486635000000.0, ""selection_rule"": ""exact_label_fallback"", ""amount_method"": ""reported_amount_assumed_cumulative"", ""account_id"": ""ifrs-full_PurchaseOfPropertyPlantAndEquipmentClassifiedAsInvestingActivities"", ""account_nm"": ""유형자산의 취득"", ""sj_div"": ""CF""}, ""capex_intangible"": {""value_raw_or_cumulative"": 973893000000.0, ""selection_rule"": ""exact_label_fallback"", ""amount_method"": ""reported_amount_assumed_cumulative"", ""account_id"": ""ifrs-full_PurchaseOfIntangibleAssetsClassifiedAsInvestingActivities"", ""account_nm"": ""무형자산의 취득"", ""sj_div"": ""CF""}}",,CFS,True,False,9616188000000.0,False
000660,00164779,SK하이닉스,2022,Q1,CFS,ok,,1982928000000.0,63398639000000.0,5141228000000.0,5434926000000.0,-293698000000.0,20220427,20220427800011,연결재무제표기준영업(잠정)실적(공정공시),configured_stock_list_not_survivorship_free,True,"{""operating_profit"": {""value_raw_or_cumulative"": null, ""selection_rule"": ""missing"", ""amount_method"": ""missing"", ""account_id"": null, ""account_nm"": null, ""sj_div"": null}, ""net_income"": {""value_raw_or_cumulative"": 1982928000000.0, ""selection_rule"": ""exact_label_fallback"", ""amount_method"": ""reported_q1"", ""account_id"": ""ifrs-full_ProfitLoss"", ""account_nm"": ""분기순이익"", ""sj_div"": ""CIS""}, ""equity"": {""value_raw_or_cumulative"": 63398639000000.0, ""selection_rule"": ""exact_label_fallback"", ""amount_method"": ""reported_q1"", ""account_id"": ""ifrs-full_Equity"", ""account_nm"": ""자본총계"", ""sj_div"": ""BS""}, ""cfo"": {""value_raw_or_cumulative"": 5141228000000.0, ""selection_rule"": ""exact_label_fallback"", ""amount_method"": ""reported_q1"", ""account_id"": ""ifrs-full_CashFlowsFromUsedInOperatingActivities"", ""account_nm"": ""영업활동 현금흐름"", ""sj_div"": ""CF""}, ""capex_ppe"": {""value_raw_or_cumulative"": 5236776000000.0, ""selection_rule"": ""exact_label_fallback"", ""amount_method"": ""reported_q1"", ""account_id"": ""ifrs-full_PurchaseOfPropertyPlantAndEquipmentClassifiedAsInvestingActivities"", ""account_nm"": ""유형자산의 취득"", ""sj_div"": ""CF""}, ""capex_intangible"": {""value_raw_or_cumulative"": 198150000000.0, ""selection_rule"": ""exact_label_fallback"", ""amount_method"": ""reported_q1"", ""account_id"": ""ifrs-full_PurchaseOfIntangibleAssetsClassifiedAsInvestingActivities"", ""account_nm"": ""무형자산의 취득"", ""sj_div"": ""CF""}}",,CFS,True,False,10606476000000.0,False
000660,00164779,SK하이닉스,2022,Q2,CFS,ok,,2876821000000.0,66760160000000.0,4573665000000.0,4979047000000.0,-405382000000.0,20220727,20220727800007,연결재무제표기준영업(잠정)실적(공정공시),configured_stock_list_not_survivorship_free,True,"{""operating_profit"": {""value_raw_or_cumulative"": null, ""selection_rule"": ""missing"", ""amount_method"": ""missing"", ""account_id"": null, ""account_nm"": null, ""sj_div"": null}, ""net_income"": {""value_raw_or_cumulative"": 4859749000000.0, ""selection_rule"": ""exact_label_fallback"", ""amount_method"": ""cumulative_add_amount"", ""account_id"": ""ifrs-full_ProfitLoss"", ""account_nm"": ""반기순이익"", ""sj_div"": ""CIS""}, ""equity"": {""value_raw_or_cumulative"": 66760160000000.0, ""selection_rule"": ""exact_label_fallback"", ""amount_method"": ""reported_amount_assumed_cumulative"", ""account_id"": ""ifrs-full_Equity"", ""account_nm"": ""자본총계"", ""sj_div"": ""BS""}, ""cfo"": {""value_raw_or_cumulative"": 9714893000000.0, ""selection_rule"": ""exact_label_fallback"", ""amount_method"": ""reported_amount_assumed_cumulative"", ""account_id"": ""ifrs-full_CashFlowsFromUsedInOperatingActivities"", ""account_nm"": ""영업활동 현금흐름"", ""sj_div"": ""CF""}, ""capex_ppe"": {""value_raw_or_cumulative"": 10069382000000.0, ""selection_rule"": ""exact_label_fallback"", ""amount_method"": ""reported_amount_assumed_cumulative"", ""account_id"": ""ifrs-full_PurchaseOfPropertyPlantAndEquipmentClassifiedAsInvestingActivities"", ""account_nm"": ""유형자산의 취득"", ""sj_div"": ""CF""}, ""capex_intangible"": {""value_raw_or_cumulative"": 344591000000.0, ""selection_rule"": ""exact_label_fallback"", ""amount_method"": ""reported_amount_assumed_cumulative"", ""account_id"": ""ifrs-full_PurchaseOfIntangibleAssetsClassifiedAsInvestingActivities"", ""account_nm"": ""무형자산의 취득"", ""sj_div"": ""CF""}}",,CFS,True,False,11494873000000.0,False
000660,00164779,SK하이닉스,2022,Q3,CFS,ok,,1102652000000.0,68723186000000.0,3880827000000.0,4980652000000.0,-1099825000000.0,20221026,20221026800005,연결재무제표기준영업(잠정)실적(공정공시),configured_stock_list_not_survivorship_free,True,"{""operating_profit"": {""value_raw_or_cumulative"": null, ""selection_rule"": ""missing"", ""amount_method"": ""missing"", ""account_id"": null, ""account_nm"": null, ""sj_div"": null}, ""net_income"": {""value_raw_or_cumulative"": 5962401000000.0, ""selection_rule"": ""exact_label_fallback"", ""amount_method"": ""cumulative_add_amount"", ""account_id"": ""ifrs-full_ProfitLoss"", ""account_nm"": ""분기순이익"", ""sj_div"": ""CIS""}, ""equity"": {""value_raw_or_cumulative"": 68723186000000.0, ""selection_rule"": ""exact_label_fallback"", ""amount_method"": ""reported_amount_assumed_cumulative"", ""account_id"": ""ifrs-full_Equity"", ""account_nm"": ""자본총계"", ""sj_div"": ""BS""}, ""cfo"": {""value_raw_or_cumulative"": 13595720000000.0, ""selection_rule"": ""exact_label_fallback"", ""amount_method"": ""reported_amount_assumed_cumulative"", ""account_id"": ""ifrs-full_CashFlowsFromUsedInOperatingActivities"", ""account_nm"": ""영업활동 현금흐름"", ""sj_div"": ""CF""}, ""capex_ppe"": {""value_raw_or_cumulative"": 14873038000000.0, ""selection_rule"": ""exact_label_fallback"", ""amount_method"": ""reported_amount_assumed_cumulative"", ""account_id"": ""ifrs-full_PurchaseOfPropertyPlantAndEquipmentClassifiedAsInvestingActivities"", ""account_nm"": ""유형자산의 취득"", ""sj_div"": ""CF""}, ""capex_intangible"": {""value_raw_or_cumulative"": 521587000000.0, ""selection_rule"": ""exact_label_fallback"", ""amount_method"": ""reported_amount_assumed_cumulative"", ""account_id"": ""ifrs-full_PurchaseOfIntangibleAssetsClassifiedAsInvestingActivities"", ""account_nm"": ""무형자산의 취득"", ""sj_div"": ""CF""}}",,CFS,True,False,9282274000000.0,False
000660,00164779,SK하이닉스,2022,Q4,CFS,ok,,-3720732000000.0,63290542000000.0,1184797000000.0,4354257000000.0,-3169460000000.0,20230321,20230321001209,사업보고서 (2022.12),configured_stock_list_not_survivorship_free,True,"{""operating_profit"": {""value_raw_or_cumulative"": null, ""selection_rule"": ""missing"", ""amount_method"": ""missing"", ""account_id"": null, ""account_nm"": null, ""sj_div"": null}, ""net_income"": {""value_raw_or_cumulative"": 2241669000000.0, ""selection_rule"": ""exact_label_fallback"", ""amount_method"": ""reported_amount_assumed_cumulative"", ""account_id"": ""ifrs-full_ProfitLoss"", ""account_nm"": ""당기순이익"", ""sj_div"": ""CIS""}, ""equity"": {""value_raw_or_cumulative"": 63290542000000.0, ""selection_rule"": ""exact_label_fallback"", ""amount_method"": ""reported_amount_assumed_cumulative"", ""account_id"": ""ifrs-full_Equity"", ""account_nm"": ""자본총계"", ""sj_div"": ""BS""}, ""cfo"": {""value_raw_or_cumulative"": 14780517000000.0, ""selection_rule"": ""exact_label_fallback"", ""amount_method"": ""reported_amount_assumed_cumulative"", ""account_id"": ""ifrs-full_CashFlowsFromUsedInOperatingActivities"", ""account_nm"": ""영업활동 현금흐름"", ""sj_div"": ""CF""}, ""capex_ppe"": {""value_raw_or_cumulative"": 19010261000000.0, ""selection_rule"": ""exact_label_fallback"", ""amount_method"": ""reported_amount_assumed_cumulative"", ""account_id"": ""ifrs-full_PurchaseOfPropertyPlantAndEquipmentClassifiedAsInvestingActivities"", ""account_nm"": ""유형자산의 취득"", ""sj_div"": ""CF""}, ""capex_intangible"": {""value_raw_or_cumulative"": 738621000000.0, ""selection_rule"": ""exact_label_fallback"", ""amount_method"": ""reported_amount_assumed_cumulative"", ""account_id"": ""ifrs-full_PurchaseOfIntangibleAssetsClassifiedAsInvestingActivities"", ""account_nm"": ""무형자산의 취득"", ""sj_div"": ""CF""}}",,CFS,True,False,2241669000000.0,False
005930,00126380,삼성전자,2015,Q1,,no_statement,,,,,,,20150407,20150407800007,연결재무제표기준영업(잠정)실적(공정공시),configured_stock_list_not_survivorship_free,True,{},,,False,False,,False
005930,00126380,삼성전자,2015,Q2,,no_statement,,,,,,,20150707,20150707800034,연결재무제표기준영업(잠정)실적(공정공시),configured_stock_list_not_survivorship_free,True,{},,,False,False,,False
005930,00126380,삼성전자,2015,Q3,,no_statement,,,,,,,20151007,20151007800028,연결재무제표기준영업(잠정)실적(공정공시),configured_stock_list_not_survivorship_free,True,{},,,False,False,,False
005930,00126380,삼성전자,2015,Q4,CFS,ok,,,179059805000000.0,,,,20160108,20160108800013,연결재무제표기준영업(잠정)실적(공정공시),configured_stock_list_not_survivorship_free,True,"{""operating_profit"": {""value_raw_or_cumulative"": 26413442000000.0, ""selection_rule"": ""standard_id"", ""amount_method"": ""reported_amount_assumed_cumulative"", ""account_id"": ""dart_OperatingIncomeLoss"", ""account_nm"": ""영업이익(손실)"", ""sj_div"": ""IS""}, ""net_income"": {""value_raw_or_cumulative"": null, ""selection_rule"": ""ambiguous_standard_id"", ""amount_method"": ""missing"", ""account_id"": null, ""account_nm"": null, ""sj_div"": null}, ""equity"": {""value_raw_or_cumulative"": 179059805000000.0, ""selection_rule"": ""standard_id"", ""amount_method"": ""reported_amount_assumed_cumulative"", ""account_id"": ""ifrs_Equity"", ""account_nm"": ""자본총계"", ""sj_div"": ""BS""}, ""cfo"": {""value_raw_or_cumulative"": 40061761000000.0, ""selection_rule"": ""standard_id"", ""amount_method"": ""reported_amount_assumed_cumulative"", ""account_id"": ""ifrs_CashFlowsFromUsedInOperatingActivities"", ""account_nm"": ""영업활동 현금흐름"", ""sj_div"": ""CF""}, ""capex_ppe"": {""value_raw_or_cumulative"": 25880222000000.0, ""selection_rule"": ""standard_id"", ""amount_method"": ""reported_amount_assumed_cumulative"", ""account_id"": ""ifrs_PurchaseOfPropertyPlantAndEquipmentClassifiedAsInvestingActivities"", ""account_nm"": ""유형자산의 취득"", ""sj_div"": ""CF""}, ""capex_intangible"": {""value_raw_or_cumulative"": 1501881000000.0, ""selection_rule"": ""standard_id"", ""amount_method"": ""reported_amount_assumed_cumulative"", ""account_id"": ""ifrs_PurchaseOfIntangibleAssetsClassifiedAsInvestingActivities"", ""account_nm"": ""무형자산의 취득"", ""sj_div"": ""CF""}}",,,False,False,,False
005930,00126380,삼성전자,2016,Q1,CFS,ok,6675812000000.0,,178326186000000.0,8718290000000.0,5086475000000.0,3631815000000.0,20160407,20160407800060,연결재무제표기준영업(잠정)실적(공정공시),configured_stock_list_not_survivorship_free,True,"{""operating_profit"": {""value_raw_or_cumulative"": 6675812000000.0, ""selection_rule"": ""standard_id"", ""amount_method"": ""reported_q1"", ""account_id"": ""dart_OperatingIncomeLoss"", ""account_nm"": ""영업이익(손실)"", ""sj_div"": ""IS""}, ""net_income"": {""value_raw_or_cumulative"": null, ""selection_rule"": ""ambiguous_standard_id"", ""amount_method"": ""missing"", ""account_id"": null, ""account_nm"": null, ""sj_div"": null}, ""equity"": {""value_raw_or_cumulative"": 178326186000000.0, ""selection_rule"": ""standard_id"", ""amount_method"": ""reported_q1"", ""account_id"": ""ifrs_Equity"", ""account_nm"": ""자본총계"", ""sj_div"": ""BS""}, ""cfo"": {""value_raw_or_cumulative"": 8718290000000.0, ""selection_rule"": ""standard_id"", ""amount_method"": ""reported_q1"", ""account_id"": ""ifrs_CashFlowsFromUsedInOperatingActivities"", ""account_nm"": ""영업활동 현금흐름"", ""sj_div"": ""CF""}, ""capex_ppe"": {""value_raw_or_cumulative"": 4736465000000.0, ""selection_rule"": ""standard_id"", ""amount_method"": ""reported_q1"", ""account_id"": ""ifrs_PurchaseOfPropertyPlantAndEquipmentClassifiedAsInvestingActivities"", ""account_nm"": ""유형자산의 취득"", ""sj_div"": ""CF""}, ""capex_intangible"": {""value_raw_or_cumulative"": 350010000000.0, ""selection_rule"": ""standard_id"", ""amount_method"": ""reported_q1"", ""account_id"": ""ifrs_PurchaseOfIntangibleAssetsClassifiedAsInvestingActivities"", ""account_nm"": ""무형자산의 취득"", ""sj_div"": ""CF""}}",,,False,False,,False
005930,00126380,삼성전자,2016,Q2,CFS,ok,8143950000000.0,,181842516000000.0,13344845000000.0,4274819000000.0,9070026000000.0,20160707,20160707800065,연결재무제표기준영업(잠정)실적(공정공시),configured_stock_list_not_survivorship_free,True,"{""operating_profit"": {""value_raw_or_cumulative"": 14819762000000.0, ""selection_rule"": ""standard_id"", ""amount_method"": ""cumulative_add_amount"", ""account_id"": ""dart_OperatingIncomeLoss"", ""account_nm"": ""영업이익(손실)"", ""sj_div"": ""IS""}, ""net_income"": {""value_raw_or_cumulative"": null, ""selection_rule"": ""ambiguous_standard_id"", ""amount_method"": ""missing"", ""account_id"": null, ""account_nm"": null, ""sj_div"": null}, ""equity"": {""value_raw_or_cumulative"": 181842516000000.0, ""selection_rule"": ""standard_id"", ""amount_method"": ""reported_amount_assumed_cumulative"", ""account_id"": ""ifrs_Equity"", ""account_nm"": ""자본총계"", ""sj_div"": ""BS""}, ""cfo"": {""value_raw_or_cumulative"": 22063135000000.0, ""selection_rule"": ""standard_id"", ""amount_method"": ""reported_amount_assumed_cumulative"", ""account_id"": ""ifrs_CashFlowsFromUsedInOperatingActivities"", ""account_nm"": ""영업활동 현금흐름"", ""sj_div"": ""CF""}, ""capex_ppe"": {""value_raw_or_cumulative"": 8743821000000.0, ""selection_rule"": ""standard_id"", ""amount_method"": ""reported_amount_assumed_cumulative"", ""account_id"": ""ifrs_PurchaseOfPropertyPlantAndEquipmentClassifiedAsInvestingActivities"", ""account_nm"": ""유형자산의 취득"", ""sj_div"": ""CF""}, ""capex_intangible"": {""value_raw_or_cumulative"": 617473000000.0, ""selection_rule"": ""standard_id"", ""amount_method"": ""reported_amount_assumed_cumulative"", ""account_id"": ""ifrs_PurchaseOfIntangibleAssetsClassifiedAsInvestingActivities"", ""account_nm"": ""무형자산의 취득"", ""sj_div"": ""CF""}}",,,False,False,,False
005930,00126380,삼성전자,2016,Q3,CFS,ok,5200089000000.0,,179536379000000.0,14336597000000.0,5593569000000.0,8743028000000.0,20161007,20161007800044,연결재무제표기준영업(잠정)실적(공정공시),configured_stock_list_not_survivorship_free,True,"{""operating_profit"": {""value_raw_or_cumulative"": 20019851000000.0, ""selection_rule"": ""standard_id"", ""amount_method"": ""cumulative_add_amount"", ""account_id"": ""dart_OperatingIncomeLoss"", ""account_nm"": ""영업이익(손실)"", ""sj_div"": ""IS""}, ""net_income"": {""value_raw_or_cumulative"": null, ""selection_rule"": ""ambiguous_standard_id"", ""amount_method"": ""missing"", ""account_id"": null, ""account_nm"": null, ""sj_div"": null}, ""equity"": {""value_raw_or_cumulative"": 179536379000000.0, ""selection_rule"": ""standard_id"", ""amount_method"": ""reported_amount_assumed_cumulative"", ""account_id"": ""ifrs_Equity"", ""account_nm"": ""자본총계"", ""sj_div"": ""BS""}, ""cfo"": {""value_raw_or_cumulative"": 36399732000000.0, ""selection_rule"": ""standard_id"", ""amount_method"": ""reported_amount_assumed_cumulative"", ""account_id"": ""ifrs_CashFlowsFromUsedInOperatingActivities"", ""account_nm"": ""영업활동 현금흐름"", ""sj_div"": ""CF""}, ""capex_ppe"": {""value_raw_or_cumulative"": 14143682000000.0, ""selection_rule"": ""standard_id"", ""amount_method"": ""reported_amount_assumed_cumulative"", ""account_id"": ""ifrs_PurchaseOfPropertyPlantAndEquipmentClassifiedAsInvestingActivities"", ""account_nm"": ""유형자산의 취득"", ""sj_div"": ""CF""}, ""capex_intangible"": {""value_raw_or_cumulative"": 811181000000.0, ""selection_rule"": ""standard_id"", ""amount_method"": ""reported_amount_assumed_cumulative"", ""account_id"": ""ifrs_PurchaseOfIntangibleAssetsClassifiedAsInvestingActivities"", ""account_nm"": ""무형자산의 취득"", ""sj_div"": ""CF""}}",,,False,False,,False
005930,00126380,삼성전자,2016,Q4,CFS,ok,9220821000000.0,,192963033000000.0,10985912000000.0,10235778000000.0,750134000000.0,20170106,20170106800034,연결재무제표기준영업(잠정)실적(공정공시),configured_stock_list_not_survivorship_free,True,"{""operating_profit"": {""value_raw_or_cumulative"": 29240672000000.0, ""selection_rule"": ""standard_id"", ""amount_method"": ""reported_amount_assumed_cumulative"", ""account_id"": ""dart_OperatingIncomeLoss"", ""account_nm"": ""영업이익(손실)"", ""sj_div"": ""IS""}, ""net_income"": {""value_raw_or_cumulative"": null, ""selection_rule"": ""ambiguous_standard_id"", ""amount_method"": ""missing"", ""account_id"": null, ""account_nm"": null, ""sj_div"": null}, ""equity"": {""value_raw_or_cumulative"": 192963033000000.0, ""selection_rule"": ""standard_id"", ""amount_method"": ""reported_amount_assumed_cumulative"", ""account_id"": ""ifrs_Equity"", ""account_nm"": ""자본총계"", ""sj_div"": ""BS""}, ""cfo"": {""value_raw_or_cumulative"": 47385644000000.0, ""selection_rule"": ""standard_id"", ""amount_method"": ""reported_amount_assumed_cumulative"", ""account_id"": ""ifrs_CashFlowsFromUsedInOperatingActivities"", ""account_nm"": ""영업활동 현금흐름"", ""sj_div"": ""CF""}, ""capex_ppe"": {""value_raw_or_cumulative"": 24142973000000.0, ""selection_rule"": ""standard_id"", ""amount_method"": ""reported_amount_assumed_cumulative"", ""account_id"": ""ifrs_PurchaseOfPropertyPlantAndEquipmentClassifiedAsInvestingActivities"", ""account_nm"": ""유형자산의 취득"", ""sj_div"": ""CF""}, ""capex_intangible"": {""value_raw_or_cumulative"": 1047668000000.0, ""selection_rule"": ""standard_id"", ""amount_method"": ""reported_amount_assumed_cumulative"", ""account_id"": ""ifrs_PurchaseOfIntangibleAssetsClassifiedAsInvestingActivities"", ""account_nm"": ""무형자산의 취득"", ""sj_div"": ""CF""}}",,CFS,True,False,,False
005930,00126380,삼성전자,2017,Q1,CFS,ok,9898361000000.0,,189817955000000.0,10597271000000.0,9072790000000.0,1524481000000.0,20170407,20170407800073,연결재무제표기준영업(잠정)실적(공정공시),configured_stock_list_not_survivorship_free,True,"{""operating_profit"": {""value_raw_or_cumulative"": 9898361000000.0, ""selection_rule"": ""standard_id"", ""amount_method"": ""reported_q1"", ""account_id"": ""dart_OperatingIncomeLoss"", ""account_nm"": ""영업이익(손실)"", ""sj_div"": ""IS""}, ""net_income"": {""value_raw_or_cumulative"": null, ""selection_rule"": ""ambiguous_standard_id"", ""amount_method"": ""missing"", ""account_id"": null, ""account_nm"": null, ""sj_div"": null}, ""equity"": {""value_raw_or_cumulative"": 189817955000000.0, ""selection_rule"": ""standard_id"", ""amount_method"": ""reported_q1"", ""account_id"": ""ifrs_Equity"", ""account_nm"": ""자본총계"", ""sj_div"": ""BS""}, ""cfo"": {""value_raw_or_cumulative"": 10597271000000.0, ""selection_rule"": ""standard_id"", ""amount_method"": ""reported_q1"", ""account_id"": ""ifrs_CashFlowsFromUsedInOperatingActivities"", ""account_nm"": ""영업활동 현금흐름"", ""sj_div"": ""CF""}, ""capex_ppe"": {""value_raw_or_cumulative"": 8901692000000.0, ""selection_rule"": ""standard_id"", ""amount_method"": ""reported_q1"", ""account_id"": ""ifrs_PurchaseOfPropertyPlantAndEquipmentClassifiedAsInvestingActivities"", ""account_nm"": ""유형자산의 취득"", ""sj_div"": ""CF""}, ""capex_intangible"": {""value_raw_or_cumulative"": 171098000000.0, ""selection_rule"": ""standard_id"", ""amount_method"": ""reported_q1"", ""account_id"": ""ifrs_PurchaseOfIntangibleAssetsClassifiedAsInvestingActivities"", ""account_nm"": ""무형자산의 취득"", ""sj_div"": ""CF""}}",6675812000000.0,CFS,True,False,,False
005930,00126380,삼성전자,2017,Q2,CFS,ok,14066547000000.0,,200705748000000.0,12426162000000.0,12482233000000.0,-56071000000.0,20170707,20170707800006,연결재무제표기준영업(잠정)실적(공정공시),configured_stock_list_not_survivorship_free,True,"{""operating_profit"": {""value_raw_or_cumulative"": 23964908000000.0, ""selection_rule"": ""standard_id"", ""amount_method"": ""cumulative_add_amount"", ""account_id"": ""dart_OperatingIncomeLoss"", ""account_nm"": ""영업이익(손실)"", ""sj_div"": ""IS""}, ""net_income"": {""value_raw_or_cumulative"": null, ""selection_rule"": ""ambiguous_standard_id"", ""amount_method"": ""missing"", ""account_id"": null, ""account_nm"": null, ""sj_div"": null}, ""equity"": {""value_raw_or_cumulative"": 200705748000000.0, ""selection_rule"": ""standard_id"", ""amount_method"": ""reported_amount_assumed_cumulative"", ""account_id"": ""ifrs_Equity"", ""account_nm"": ""자본총계"", ""sj_div"": ""BS""}, ""cfo"": {""value_raw_or_cumulative"": 23023433000000.0, ""selection_rule"": ""standard_id"", ""amount_method"": ""reported_amount_assumed_cumulative"", ""account_id"": ""ifrs_CashFlowsFromUsedInOperatingActivities"", ""account_nm"": ""영업활동 현금흐름"", ""sj_div"": ""CF""}, ""capex_ppe"": {""value_raw_or_cumulative"": 21144265000000.0, ""selection_rule"": ""standard_id"", ""amount_method"": ""reported_amount_assumed_cumulative"", ""account_id"": ""ifrs_PurchaseOfPropertyPlantAndEquipmentClassifiedAsInvestingActivities"", ""account_nm"": ""유형자산의 취득"", ""sj_div"": ""CF""}, ""capex_intangible"": {""value_raw_or_cumulative"": 410758000000.0, ""selection_rule"": ""standard_id"", ""amount_method"": ""reported_amount_assumed_cumulative"", ""account_id"": ""ifrs_PurchaseOfIntangibleAssetsClassifiedAsInvestingActivities"", ""account_nm"": ""무형자산의 취득"", ""sj_div"": ""CF""}}",8143950000000.0,CFS,True,False,,False
005930,00126380,삼성전자,2017,Q3,CFS,ok,14533159000000.0,,210691251000000.0,17447062000000.0,11396068000000.0,6050994000000.0,20171013,20171013800023,연결재무제표기준영업(잠정)실적(공정공시),configured_stock_list_not_survivorship_free,True,"{""operating_profit"": {""value_raw_or_cumulative"": 38498067000000.0, ""selection_rule"": ""standard_id"", ""amount_method"": ""cumulative_add_amount"", ""account_id"": ""dart_OperatingIncomeLoss"", ""account_nm"": ""영업이익(손실)"", ""sj_div"": ""IS""}, ""net_income"": {""value_raw_or_cumulative"": null, ""selection_rule"": ""ambiguous_standard_id"", ""amount_method"": ""missing"", ""account_id"": null, ""account_nm"": null, ""sj_div"": null}, ""equity"": {""value_raw_or_cumulative"": 210691251000000.0, ""selection_rule"": ""standard_id"", ""amount_method"": ""reported_amount_assumed_cumulative"", ""account_id"": ""ifrs_Equity"", ""account_nm"": ""자본총계"", ""sj_div"": ""BS""}, ""cfo"": {""value_raw_or_cumulative"": 40470495000000.0, ""selection_rule"": ""standard_id"", ""amount_method"": ""reported_amount_assumed_cumulative"", ""account_id"": ""ifrs_CashFlowsFromUsedInOperatingActivities"", ""account_nm"": ""영업활동 현금흐름"", ""sj_div"": ""CF""}, ""capex_ppe"": {""value_raw_or_cumulative"": 32355245000000.0, ""selection_rule"": ""standard_id"", ""amount_method"": ""reported_amount_assumed_cumulative"", ""account_id"": ""ifrs_PurchaseOfPropertyPlantAndEquipmentClassifiedAsInvestingActivities"", ""account_nm"": ""유형자산의 취득"", ""sj_div"": ""CF""}, ""capex_intangible"": {""value_raw_or_cumulative"": 595846000000.0, ""selection_rule"": ""standard_id"", ""amount_method"": ""reported_amount_assumed_cumulative"", ""account_id"": ""ifrs_PurchaseOfIntangibleAssetsClassifiedAsInvestingActivities"", ""account_nm"": ""무형자산의 취득"", ""sj_div"": ""CF""}}",5200089000000.0,CFS,True,False,,False
005930,00126380,삼성전자,2017,Q4,CFS,ok,15146971000000.0,,214491428000000.0,21691546000000.0,10824883000000.0,10866663000000.0,20180109,20180109800017,연결재무제표기준영업(잠정)실적(공정공시),configured_stock_list_not_survivorship_free,True,"{""operating_profit"": {""value_raw_or_cumulative"": 53645038000000.0, ""selection_rule"": ""standard_id"", ""amount_method"": ""reported_amount_assumed_cumulative"", ""account_id"": ""dart_OperatingIncomeLoss"", ""account_nm"": ""영업이익(손실)"", ""sj_div"": ""IS""}, ""net_income"": {""value_raw_or_cumulative"": null, ""selection_rule"": ""ambiguous_standard_id"", ""amount_method"": ""missing"", ""account_id"": null, ""account_nm"": null, ""sj_div"": null}, ""equity"": {""value_raw_or_cumulative"": 214491428000000.0, ""selection_rule"": ""standard_id"", ""amount_method"": ""reported_amount_assumed_cumulative"", ""account_id"": ""ifrs_Equity"", ""account_nm"": ""자본총계"", ""sj_div"": ""BS""}, ""cfo"": {""value_raw_or_cumulative"": 62162041000000.0, ""selection_rule"": ""standard_id"", ""amount_method"": ""reported_amount_assumed_cumulative"", ""account_id"": ""ifrs_CashFlowsFromUsedInOperatingActivities"", ""account_nm"": ""영업활동 현금흐름"", ""sj_div"": ""CF""}, ""capex_ppe"": {""value_raw_or_cumulative"": 42792234000000.0, ""selection_rule"": ""standard_id"", ""amount_method"": ""reported_amount_assumed_cumulative"", ""account_id"": ""ifrs_PurchaseOfPropertyPlantAndEquipmentClassifiedAsInvestingActivities"", ""account_nm"": ""유형자산의 취득"", ""sj_div"": ""CF""}, ""capex_intangible"": {""value_raw_or_cumulative"": 983740000000.0, ""selection_rule"": ""standard_id"", ""amount_method"": ""reported_amount_assumed_cumulative"", ""account_id"": ""ifrs_PurchaseOfIntangibleAssetsClassifiedAsInvestingActivities"", ""account_nm"": ""무형자산의 취득"", ""sj_div"": ""CF""}}",9220821000000.0,CFS,True,False,,False
005930,00126380,삼성전자,2018,Q1,CFS,ok,15642170000000.0,,223259880000000.0,15616352000000.0,10052333000000.0,5564019000000.0,20180402,20180402005019,사업보고서 (2017.12),configured_stock_list_not_survivorship_free,True,"{""operating_profit"": {""value_raw_or_cumulative"": 15642170000000.0, ""selection_rule"": ""standard_id"", ""amount_method"": ""reported_q1"", ""account_id"": ""dart_OperatingIncomeLoss"", ""account_nm"": ""영업이익(손실)"", ""sj_div"": ""IS""}, ""net_income"": {""value_raw_or_cumulative"": null, ""selection_rule"": ""ambiguous_standard_id"", ""amount_method"": ""missing"", ""account_id"": null, ""account_nm"": null, ""sj_div"": null}, ""equity"": {""value_raw_or_cumulative"": 223259880000000.0, ""selection_rule"": ""standard_id"", ""amount_method"": ""reported_q1"", ""account_id"": ""ifrs_Equity"", ""account_nm"": ""자본총계"", ""sj_div"": ""BS""}, ""cfo"": {""value_raw_or_cumulative"": 15616352000000.0, ""selection_rule"": ""standard_id"", ""amount_method"": ""reported_q1"", ""account_id"": ""ifrs_CashFlowsFromUsedInOperatingActivities"", ""account_nm"": ""영업활동 현금흐름"", ""sj_div"": ""CF""}, ""capex_ppe"": {""value_raw_or_cumulative"": 9818105000000.0, ""selection_rule"": ""standard_id"", ""amount_method"": ""reported_q1"", ""account_id"": ""ifrs_PurchaseOfPropertyPlantAndEquipmentClassifiedAsInvestingActivities"", ""account_nm"": ""유형자산의 취득"", ""sj_div"": ""CF""}, ""capex_intangible"": {""value_raw_or_cumulative"": 234228000000.0, ""selection_rule"": ""standard_id"", ""amount_method"": ""reported_q1"", ""account_id"": ""ifrs_PurchaseOfIntangibleAssetsClassifiedAsInvestingActivities"", ""account_nm"": ""무형자산의 취득"", ""sj_div"": ""CF""}}",9898361000000.0,CFS,True,False,,False
005930,00126380,삼성전자,2018,Q2,CFS,ok,14869035000000.0,,233124845000000.0,13437774000000.0,8527439000000.0,4910335000000.0,20180706,20180706800030,연결재무제표기준영업(잠정)실적(공정공시),configured_stock_list_not_survivorship_free,True,"{""operating_profit"": {""value_raw_or_cumulative"": 30511205000000.0, ""selection_rule"": ""standard_id"", ""amount_method"": ""cumulative_add_amount"", ""account_id"": ""dart_OperatingIncomeLoss"", ""account_nm"": ""영업이익(손실)"", ""sj_div"": ""IS""}, ""net_income"": {""value_raw_or_cumulative"": null, ""selection_rule"": ""ambiguous_standard_id"", ""amount_method"": ""missing"", ""account_id"": null, ""account_nm"": null, ""sj_div"": null}, ""equity"": {""value_raw_or_cumulative"": 233124845000000.0, ""selection_rule"": ""standard_id"", ""amount_method"": ""reported_amount_assumed_cumulative"", ""account_id"": ""ifrs_Equity"", ""account_nm"": ""자본총계"", ""sj_div"": ""BS""}, ""cfo"": {""value_raw_or_cumulative"": 29054126000000.0, ""selection_rule"": ""standard_id"", ""amount_method"": ""reported_amount_assumed_cumulative"", ""account_id"": ""ifrs_CashFlowsFromUsedInOperatingActivities"", ""account_nm"": ""영업활동 현금흐름"", ""sj_div"": ""CF""}, ""capex_ppe"": {""value_raw_or_cumulative"": 18102717000000.0, ""selection_rule"": ""standard_id"", ""amount_method"": ""reported_amount_assumed_cumulative"", ""account_id"": ""ifrs_PurchaseOfPropertyPlantAndEquipmentClassifiedAsInvestingActivities"", ""account_nm"": ""유형자산의 취득"", ""sj_div"": ""CF""}, ""capex_intangible"": {""value_raw_or_cumulative"": 477055000000.0, ""selection_rule"": ""standard_id"", ""amount_method"": ""reported_amount_assumed_cumulative"", ""account_id"": ""ifrs_PurchaseOfIntangibleAssetsClassifiedAsInvestingActivities"", ""account_nm"": ""무형자산의 취득"", ""sj_div"": ""CF""}}",14066547000000.0,CFS,True,False,,False
005930,00126380,삼성전자,2018,Q3,CFS,ok,17574865000000.0,,242103160000000.0,15549657000000.0,5812674000000.0,9736983000000.0,20181005,20181005800032,연결재무제표기준영업(잠정)실적(공정공시),configured_stock_list_not_survivorship_free,True,"{""operating_profit"": {""value_raw_or_cumulative"": 48086070000000.0, ""selection_rule"": ""standard_id"", ""amount_method"": ""cumulative_add_amount"", ""account_id"": ""dart_OperatingIncomeLoss"", ""account_nm"": ""영업이익(손실)"", ""sj_div"": ""IS""}, ""net_income"": {""value_raw_or_cumulative"": null, ""selection_rule"": ""ambiguous_standard_id"", ""amount_method"": ""missing"", ""account_id"": null, ""account_nm"": null, ""sj_div"": null}, ""equity"": {""value_raw_or_cumulative"": 242103160000000.0, ""selection_rule"": ""standard_id"", ""amount_method"": ""reported_amount_assumed_cumulative"", ""account_id"": ""ifrs_Equity"", ""account_nm"": ""자본총계"", ""sj_div"": ""BS""}, ""cfo"": {""value_raw_or_cumulative"": 44603783000000.0, ""selection_rule"": ""standard_id"", ""amount_method"": ""reported_amount_assumed_cumulative"", ""account_id"": ""ifrs_CashFlowsFromUsedInOperatingActivities"", ""account_nm"": ""영업활동 현금흐름"", ""sj_div"": ""CF""}, ""capex_ppe"": {""value_raw_or_cumulative"": 23715834000000.0, ""selection_rule"": ""standard_id"", ""amount_method"": ""reported_amount_assumed_cumulative"", ""account_id"": ""ifrs_PurchaseOfPropertyPlantAndEquipmentClassifiedAsInvestingActivities"", ""account_nm"": ""유형자산의 취득"", ""sj_div"": ""CF""}, ""capex_intangible"": {""value_raw_or_cumulative"": 676612000000.0, ""selection_rule"": ""standard_id"", ""amount_method"": ""reported_amount_assumed_cumulative"", ""account_id"": ""ifrs_PurchaseOfIntangibleAssetsClassifiedAsInvestingActivities"", ""account_nm"": ""무형자산의 취득"", ""sj_div"": ""CF""}}",14533159000000.0,CFS,True,False,,False
005930,00126380,삼성전자,2018,Q4,CFS,ok,10800599000000.0,,247753177000000.0,22428080000000.0,6184477000000.0,16243603000000.0,20190108,20190108800030,연결재무제표기준영업(잠정)실적(공정공시),configured_stock_list_not_survivorship_free,True,"{""operating_profit"": {""value_raw_or_cumulative"": 58886669000000.0, ""selection_rule"": ""standard_id"", ""amount_method"": ""reported_amount_assumed_cumulative"", ""account_id"": ""dart_OperatingIncomeLoss"", ""account_nm"": ""영업이익(손실)"", ""sj_div"": ""IS""}, ""net_income"": {""value_raw_or_cumulative"": null, ""selection_rule"": ""ambiguous_standard_id"", ""amount_method"": ""missing"", ""account_id"": null, ""account_nm"": null, ""sj_div"": null}, ""equity"": {""value_raw_or_cumulative"": 247753177000000.0, ""selection_rule"": ""standard_id"", ""amount_method"": ""reported_amount_assumed_cumulative"", ""account_id"": ""ifrs_Equity"", ""account_nm"": ""자본총계"", ""sj_div"": ""BS""}, ""cfo"": {""value_raw_or_cumulative"": 67031863000000.0, ""selection_rule"": ""standard_id"", ""amount_method"": ""reported_amount_assumed_cumulative"", ""account_id"": ""ifrs_CashFlowsFromUsedInOperatingActivities"", ""account_nm"": ""영업활동 현금흐름"", ""sj_div"": ""CF""}, ""capex_ppe"": {""value_raw_or_cumulative"": 29556406000000.0, ""selection_rule"": ""standard_id"", ""amount_method"": ""reported_amount_assumed_cumulative"", ""account_id"": ""ifrs_PurchaseOfPropertyPlantAndEquipmentClassifiedAsInvestingActivities"", ""account_nm"": ""유형자산의 취득"", ""sj_div"": ""CF""}, ""capex_intangible"": {""value_raw_or_cumulative"": 1020517000000.0, ""selection_rule"": ""standard_id"", ""amount_method"": ""reported_amount_assumed_cumulative"", ""account_id"": ""ifrs_PurchaseOfIntangibleAssetsClassifiedAsInvestingActivities"", ""account_nm"": ""무형자산의 취득"", ""sj_div"": ""CF""}}",15146971000000.0,CFS,True,False,,False
005930,00126380,삼성전자,2019,Q1,CFS,ok,6233282000000.0,,253215151000000.0,5244311000000.0,4464768000000.0,779543000000.0,20190401,20190401004781,사업보고서 (2018.12),configured_stock_list_not_survivorship_free,True,"{""operating_profit"": {""value_raw_or_cumulative"": 6233282000000.0, ""selection_rule"": ""standard_id"", ""amount_method"": ""reported_q1"", ""account_id"": ""dart_OperatingIncomeLoss"", ""account_nm"": ""영업이익(손실)"", ""sj_div"": ""IS""}, ""net_income"": {""value_raw_or_cumulative"": null, ""selection_rule"": ""ambiguous_standard_id"", ""amount_method"": ""missing"", ""account_id"": null, ""account_nm"": null, ""sj_div"": null}, ""equity"": {""value_raw_or_cumulative"": 253215151000000.0, ""selection_rule"": ""standard_id"", ""amount_method"": ""reported_q1"", ""account_id"": ""ifrs_Equity"", ""account_nm"": ""자본총계"", ""sj_div"": ""BS""}, ""cfo"": {""value_raw_or_cumulative"": 5244311000000.0, ""selection_rule"": ""standard_id"", ""amount_method"": ""reported_q1"", ""account_id"": ""ifrs_CashFlowsFromUsedInOperatingActivities"", ""account_nm"": ""영업활동 현금흐름"", ""sj_div"": ""CF""}, ""capex_ppe"": {""value_raw_or_cumulative"": 4197261000000.0, ""selection_rule"": ""standard_id"", ""amount_method"": ""reported_q1"", ""account_id"": ""ifrs_PurchaseOfPropertyPlantAndEquipmentClassifiedAsInvestingActivities"", ""account_nm"": ""유형자산의 취득"", ""sj_div"": ""CF""}, ""capex_intangible"": {""value_raw_or_cumulative"": 267507000000.0, ""selection_rule"": ""standard_id"", ""amount_method"": ""reported_q1"", ""account_id"": ""ifrs_PurchaseOfIntangibleAssetsClassifiedAsInvestingActivities"", ""account_nm"": ""무형자산의 취득"", ""sj_div"": ""CF""}}",15642170000000.0,CFS,True,False,,False
005930,00126380,삼성전자,2019,Q2,CFS,ok,6597065000000.0,,257747033000000.0,6594865000000.0,6781909000000.0,-187044000000.0,20190705,20190705800035,연결재무제표기준영업(잠정)실적(공정공시),configured_stock_list_not_survivorship_free,True,"{""operating_profit"": {""value_raw_or_cumulative"": 12830347000000.0, ""selection_rule"": ""standard_id"", ""amount_method"": ""cumulative_add_amount"", ""account_id"": ""dart_OperatingIncomeLoss"", ""account_nm"": ""영업이익(손실)"", ""sj_div"": ""IS""}, ""net_income"": {""value_raw_or_cumulative"": null, ""selection_rule"": ""ambiguous_standard_id"", ""amount_method"": ""missing"", ""account_id"": null, ""account_nm"": null, ""sj_div"": null}, ""equity"": {""value_raw_or_cumulative"": 257747033000000.0, ""selection_rule"": ""standard_id"", ""amount_method"": ""reported_amount_assumed_cumulative"", ""account_id"": ""ifrs_Equity"", ""account_nm"": ""자본총계"", ""sj_div"": ""BS""}, ""cfo"": {""value_raw_or_cumulative"": 11839176000000.0, ""selection_rule"": ""standard_id"", ""amount_method"": ""reported_amount_assumed_cumulative"", ""account_id"": ""ifrs_CashFlowsFromUsedInOperatingActivities"", ""account_nm"": ""영업활동 현금흐름"", ""sj_div"": ""CF""}, ""capex_ppe"": {""value_raw_or_cumulative"": 10685064000000.0, ""selection_rule"": ""standard_id"", ""amount_method"": ""reported_amount_assumed_cumulative"", ""account_id"": ""ifrs_PurchaseOfPropertyPlantAndEquipmentClassifiedAsInvestingActivities"", ""account_nm"": ""유형자산의 취득"", ""sj_div"": ""CF""}, ""capex_intangible"": {""value_raw_or_cumulative"": 561613000000.0, ""selection_rule"": ""standard_id"", ""amount_method"": ""reported_amount_assumed_cumulative"", ""account_id"": ""ifrs_PurchaseOfIntangibleAssetsClassifiedAsInvestingActivities"", ""account_nm"": ""무형자산의 취득"", ""sj_div"": ""CF""}}",14869035000000.0,CFS,True,False,,False
005930,00126380,삼성전자,2019,Q3,CFS,ok,7777892000000.0,,263442244000000.0,13826599000000.0,7065317000000.0,6761282000000.0,20191008,20191008800022,연결재무제표기준영업(잠정)실적(공정공시),configured_stock_list_not_survivorship_free,True,"{""operating_profit"": {""value_raw_or_cumulative"": 20608239000000.0, ""selection_rule"": ""standard_id"", ""amount_method"": ""cumulative_add_amount"", ""account_id"": ""dart_OperatingIncomeLoss"", ""account_nm"": ""영업이익(손실)"", ""sj_div"": ""IS""}, ""net_income"": {""value_raw_or_cumulative"": null, ""selection_rule"": ""ambiguous_fallback"", ""amount_method"": ""missing"", ""account_id"": null, ""account_nm"": null, ""sj_div"": null}, ""equity"": {""value_raw_or_cumulative"": 263442244000000.0, ""selection_rule"": ""exact_label_fallback"", ""amount_method"": ""reported_amount_assumed_cumulative"", ""account_id"": ""ifrs-full_Equity"", ""account_nm"": ""자본총계"", ""sj_div"": ""BS""}, ""cfo"": {""value_raw_or_cumulative"": 25665775000000.0, ""selection_rule"": ""exact_label_fallback"", ""amount_method"": ""reported_amount_assumed_cumulative"", ""account_id"": ""ifrs-full_CashFlowsFromUsedInOperatingActivities"", ""account_nm"": ""영업활동 현금흐름"", ""sj_div"": ""CF""}, ""capex_ppe"": {""value_raw_or_cumulative"": 17482933000000.0, ""selection_rule"": ""exact_label_fallback"", ""amount_method"": ""reported_amount_assumed_cumulative"", ""account_id"": ""ifrs-full_PurchaseOfPropertyPlantAndEquipmentClassifiedAsInvestingActivities"", ""account_nm"": ""유형자산의 취득"", ""sj_div"": ""CF""}, ""capex_intangible"": {""value_raw_or_cumulative"": 829061000000.0, ""selection_rule"": ""exact_label_fallback"", ""amount_method"": ""reported_amount_assumed_cumulative"", ""account_id"": ""ifrs-full_PurchaseOfIntangibleAssetsClassifiedAsInvestingActivities"", ""account_nm"": ""무형자산의 취득"", ""sj_div"": ""CF""}}",17574865000000.0,CFS,True,False,,False
005930,00126380,삼성전자,2019,Q4,CFS,ok,7160270000000.0,,262880421000000.0,19717140000000.0,10305676000000.0,9411464000000.0,20200108,20200108800034,연결재무제표기준영업(잠정)실적(공정공시),configured_stock_list_not_survivorship_free,True,"{""operating_profit"": {""value_raw_or_cumulative"": 27768509000000.0, ""selection_rule"": ""standard_id"", ""amount_method"": ""reported_amount_assumed_cumulative"", ""account_id"": ""dart_OperatingIncomeLoss"", ""account_nm"": ""영업이익(손실)"", ""sj_div"": ""IS""}, ""net_income"": {""value_raw_or_cumulative"": null, ""selection_rule"": ""ambiguous_fallback"", ""amount_method"": ""missing"", ""account_id"": null, ""account_nm"": null, ""sj_div"": null}, ""equity"": {""value_raw_or_cumulative"": 262880421000000.0, ""selection_rule"": ""exact_label_fallback"", ""amount_method"": ""reported_amount_assumed_cumulative"", ""account_id"": ""ifrs-full_Equity"", ""account_nm"": ""자본총계"", ""sj_div"": ""BS""}, ""cfo"": {""value_raw_or_cumulative"": 45382915000000.0, ""selection_rule"": ""exact_label_fallback"", ""amount_method"": ""reported_amount_assumed_cumulative"", ""account_id"": ""ifrs-full_CashFlowsFromUsedInOperatingActivities"", ""account_nm"": ""영업활동 현금흐름"", ""sj_div"": ""CF""}, ""capex_ppe"": {""value_raw_or_cumulative"": 25367756000000.0, ""selection_rule"": ""exact_label_fallback"", ""amount_method"": ""reported_amount_assumed_cumulative"", ""account_id"": ""ifrs-full_PurchaseOfPropertyPlantAndEquipmentClassifiedAsInvestingActivities"", ""account_nm"": ""유형자산의 취득"", ""sj_div"": ""CF""}, ""capex_intangible"": {""value_raw_or_cumulative"": 3249914000000.0, ""selection_rule"": ""exact_label_fallback"", ""amount_method"": ""reported_amount_assumed_cumulative"", ""account_id"": ""ifrs-full_PurchaseOfIntangibleAssetsClassifiedAsInvestingActivities"", ""account_nm"": ""무형자산의 취득"", ""sj_div"": ""CF""}}",10800599000000.0,CFS,True,False,,False
005930,00126380,삼성전자,2020,Q1,CFS,ok,6447345000000.0,,266387723000000.0,11829879000000.0,9533473000000.0,2296406000000.0,20200407,20200407800131,연결재무제표기준영업(잠정)실적(공정공시),configured_stock_list_not_survivorship_free,True,"{""operating_profit"": {""value_raw_or_cumulative"": 6447345000000.0, ""selection_rule"": ""standard_id"", ""amount_method"": ""reported_q1"", ""account_id"": ""dart_OperatingIncomeLoss"", ""account_nm"": ""영업이익"", ""sj_div"": ""IS""}, ""net_income"": {""value_raw_or_cumulative"": null, ""selection_rule"": ""ambiguous_fallback"", ""amount_method"": ""missing"", ""account_id"": null, ""account_nm"": null, ""sj_div"": null}, ""equity"": {""value_raw_or_cumulative"": 266387723000000.0, ""selection_rule"": ""exact_label_fallback"", ""amount_method"": ""reported_q1"", ""account_id"": ""ifrs-full_Equity"", ""account_nm"": ""자본총계"", ""sj_div"": ""BS""}, ""cfo"": {""value_raw_or_cumulative"": 11829879000000.0, ""selection_rule"": ""exact_label_fallback"", ""amount_method"": ""reported_q1"", ""account_id"": ""ifrs-full_CashFlowsFromUsedInOperatingActivities"", ""account_nm"": ""영업활동 현금흐름"", ""sj_div"": ""CF""}, ""capex_ppe"": {""value_raw_or_cumulative"": 8564279000000.0, ""selection_rule"": ""exact_label_fallback"", ""amount_method"": ""reported_q1"", ""account_id"": ""ifrs-full_PurchaseOfPropertyPlantAndEquipmentClassifiedAsInvestingActivities"", ""account_nm"": ""유형자산의 취득"", ""sj_div"": ""CF""}, ""capex_intangible"": {""value_raw_or_cumulative"": 969194000000.0, ""selection_rule"": ""exact_label_fallback"", ""amount_method"": ""reported_q1"", ""account_id"": ""ifrs-full_PurchaseOfIntangibleAssetsClassifiedAsInvestingActivities"", ""account_nm"": ""무형자산의 취득"", ""sj_div"": ""CF""}}",6233282000000.0,CFS,True,False,,False
005930,00126380,삼성전자,2020,Q2,CFS,ok,8146292000000.0,,269807817000000.0,14798153000000.0,10287846000000.0,4510307000000.0,20200707,20200707800058,연결재무제표기준영업(잠정)실적(공정공시),configured_stock_list_not_survivorship_free,True,"{""operating_profit"": {""value_raw_or_cumulative"": 14593637000000.0, ""selection_rule"": ""standard_id"", ""amount_method"": ""cumulative_add_amount"", ""account_id"": ""dart_OperatingIncomeLoss"", ""account_nm"": ""영업이익"", ""sj_div"": ""IS""}, ""net_income"": {""value_raw_or_cumulative"": null, ""selection_rule"": ""ambiguous_fallback"", ""amount_method"": ""missing"", ""account_id"": null, ""account_nm"": null, ""sj_div"": null}, ""equity"": {""value_raw_or_cumulative"": 269807817000000.0, ""selection_rule"": ""exact_label_fallback"", ""amount_method"": ""reported_amount_assumed_cumulative"", ""account_id"": ""ifrs-full_Equity"", ""account_nm"": ""자본총계"", ""sj_div"": ""BS""}, ""cfo"": {""value_raw_or_cumulative"": 26628032000000.0, ""selection_rule"": ""exact_label_fallback"", ""amount_method"": ""reported_amount_assumed_cumulative"", ""account_id"": ""ifrs-full_CashFlowsFromUsedInOperatingActivities"", ""account_nm"": ""영업활동 현금흐름"", ""sj_div"": ""CF""}, ""capex_ppe"": {""value_raw_or_cumulative"": 18442051000000.0, ""selection_rule"": ""exact_label_fallback"", ""amount_method"": ""reported_amount_assumed_cumulative"", ""account_id"": ""ifrs-full_PurchaseOfPropertyPlantAndEquipmentClassifiedAsInvestingActivities"", ""account_nm"": ""유형자산의 취득"", ""sj_div"": ""CF""}, ""capex_intangible"": {""value_raw_or_cumulative"": 1379268000000.0, ""selection_rule"": ""exact_label_fallback"", ""amount_method"": ""reported_amount_assumed_cumulative"", ""account_id"": ""ifrs-full_PurchaseOfIntangibleAssetsClassifiedAsInvestingActivities"", ""account_nm"": ""무형자산의 취득"", ""sj_div"": ""CF""}}",6597065000000.0,CFS,True,False,,False
005930,00126380,삼성전자,2020,Q3,CFS,ok,12353238000000.0,,276136188000000.0,14144393000000.0,9049032000000.0,5095361000000.0,20201008,20201008800049,연결재무제표기준영업(잠정)실적(공정공시),configured_stock_list_not_survivorship_free,True,"{""operating_profit"": {""value_raw_or_cumulative"": 26946875000000.0, ""selection_rule"": ""standard_id"", ""amount_method"": ""cumulative_add_amount"", ""account_id"": ""dart_OperatingIncomeLoss"", ""account_nm"": ""영업이익"", ""sj_div"": ""IS""}, ""net_income"": {""value_raw_or_cumulative"": null, ""selection_rule"": ""ambiguous_fallback"", ""amount_method"": ""missing"", ""account_id"": null, ""account_nm"": null, ""sj_div"": null}, ""equity"": {""value_raw_or_cumulative"": 276136188000000.0, ""selection_rule"": ""exact_label_fallback"", ""amount_method"": ""reported_amount_assumed_cumulative"", ""account_id"": ""ifrs-full_Equity"", ""account_nm"": ""자본총계"", ""sj_div"": ""BS""}, ""cfo"": {""value_raw_or_cumulative"": 40772425000000.0, ""selection_rule"": ""exact_label_fallback"", ""amount_method"": ""reported_amount_assumed_cumulative"", ""account_id"": ""ifrs-full_CashFlowsFromUsedInOperatingActivities"", ""account_nm"": ""영업활동 현금흐름"", ""sj_div"": ""CF""}, ""capex_ppe"": {""value_raw_or_cumulative"": 26979206000000.0, ""selection_rule"": ""exact_label_fallback"", ""amount_method"": ""reported_amount_assumed_cumulative"", ""account_id"": ""ifrs-full_PurchaseOfPropertyPlantAndEquipmentClassifiedAsInvestingActivities"", ""account_nm"": ""유형자산의 취득"", ""sj_div"": ""CF""}, ""capex_intangible"": {""value_raw_or_cumulative"": 1891145000000.0, ""selection_rule"": ""exact_label_fallback"", ""amount_method"": ""reported_amount_assumed_cumulative"", ""account_id"": ""ifrs-full_PurchaseOfIntangibleAssetsClassifiedAsInvestingActivities"", ""account_nm"": ""무형자산의 취득"", ""sj_div"": ""CF""}}",7777892000000.0,CFS,True,False,,False
005930,00126380,삼성전자,2020,Q4,CFS,ok,9047001000000.0,,275948016000000.0,24514584000000.0,11401462000000.0,13113122000000.0,20210108,20210108800029,연결재무제표기준영업(잠정)실적(공정공시),configured_stock_list_not_survivorship_free,True,"{""operating_profit"": {""value_raw_or_cumulative"": 35993876000000.0, ""selection_rule"": ""standard_id"", ""amount_method"": ""reported_amount_assumed_cumulative"", ""account_id"": ""dart_OperatingIncomeLoss"", ""account_nm"": ""영업이익"", ""sj_div"": ""IS""}, ""net_income"": {""value_raw_or_cumulative"": null, ""selection_rule"": ""ambiguous_fallback"", ""amount_method"": ""missing"", ""account_id"": null, ""account_nm"": null, ""sj_div"": null}, ""equity"": {""value_raw_or_cumulative"": 275948016000000.0, ""selection_rule"": ""exact_label_fallback"", ""amount_method"": ""reported_amount_assumed_cumulative"", ""account_id"": ""ifrs-full_Equity"", ""account_nm"": ""자본총계"", ""sj_div"": ""BS""}, ""cfo"": {""value_raw_or_cumulative"": 65287009000000.0, ""selection_rule"": ""exact_label_fallback"", ""amount_method"": ""reported_amount_assumed_cumulative"", ""account_id"": ""ifrs-full_CashFlowsFromUsedInOperatingActivities"", ""account_nm"": ""영업활동 현금흐름"", ""sj_div"": ""CF""}, ""capex_ppe"": {""value_raw_or_cumulative"": 37592034000000.0, ""selection_rule"": ""exact_label_fallback"", ""amount_method"": ""reported_amount_assumed_cumulative"", ""account_id"": ""ifrs-full_PurchaseOfPropertyPlantAndEquipmentClassifiedAsInvestingActivities"", ""account_nm"": ""유형자산의 취득"", ""sj_div"": ""CF""}, ""capex_intangible"": {""value_raw_or_cumulative"": 2679779000000.0, ""selection_rule"": ""exact_label_fallback"", ""amount_method"": ""reported_amount_assumed_cumulative"", ""account_id"": ""ifrs-full_PurchaseOfIntangibleAssetsClassifiedAsInvestingActivities"", ""account_nm"": ""무형자산의 취득"", ""sj_div"": ""CF""}}",7160270000000.0,CFS,True,False,,False
005930,00126380,삼성전자,2021,Q1,CFS,ok,9382868000000.0,,274268591000000.0,13803078000000.0,10668560000000.0,3134518000000.0,20210407,20210407800054,연결재무제표기준영업(잠정)실적(공정공시),configured_stock_list_not_survivorship_free,True,"{""operating_profit"": {""value_raw_or_cumulative"": 9382868000000.0, ""selection_rule"": ""standard_id"", ""amount_method"": ""reported_q1"", ""account_id"": ""dart_OperatingIncomeLoss"", ""account_nm"": ""영업이익"", ""sj_div"": ""IS""}, ""net_income"": {""value_raw_or_cumulative"": null, ""selection_rule"": ""ambiguous_fallback"", ""amount_method"": ""missing"", ""account_id"": null, ""account_nm"": null, ""sj_div"": null}, ""equity"": {""value_raw_or_cumulative"": 274268591000000.0, ""selection_rule"": ""exact_label_fallback"", ""amount_method"": ""reported_q1"", ""account_id"": ""ifrs-full_Equity"", ""account_nm"": ""자본총계"", ""sj_div"": ""BS""}, ""cfo"": {""value_raw_or_cumulative"": 13803078000000.0, ""selection_rule"": ""exact_label_fallback"", ""amount_method"": ""reported_q1"", ""account_id"": ""ifrs-full_CashFlowsFromUsedInOperatingActivities"", ""account_nm"": ""영업활동 현금흐름"", ""sj_div"": ""CF""}, ""capex_ppe"": {""value_raw_or_cumulative"": 9997540000000.0, ""selection_rule"": ""exact_label_fallback"", ""amount_method"": ""reported_q1"", ""account_id"": ""ifrs-full_PurchaseOfPropertyPlantAndEquipmentClassifiedAsInvestingActivities"", ""account_nm"": ""유형자산의 취득"", ""sj_div"": ""CF""}, ""capex_intangible"": {""value_raw_or_cumulative"": 671020000000.0, ""selection_rule"": ""exact_label_fallback"", ""amount_method"": ""reported_q1"", ""account_id"": ""ifrs-full_PurchaseOfIntangibleAssetsClassifiedAsInvestingActivities"", ""account_nm"": ""무형자산의 취득"", ""sj_div"": ""CF""}}",6447345000000.0,CFS,True,False,,False
005930,00126380,삼성전자,2021,Q2,CFS,ok,12566745000000.0,,282324266000000.0,12086457000000.0,14446388000000.0,-2359931000000.0,20210707,20210707800050,연결재무제표기준영업(잠정)실적(공정공시),configured_stock_list_not_survivorship_free,True,"{""operating_profit"": {""value_raw_or_cumulative"": 21949613000000.0, ""selection_rule"": ""standard_id"", ""amount_method"": ""cumulative_add_amount"", ""account_id"": ""dart_OperatingIncomeLoss"", ""account_nm"": ""영업이익"", ""sj_div"": ""IS""}, ""net_income"": {""value_raw_or_cumulative"": null, ""selection_rule"": ""ambiguous_fallback"", ""amount_method"": ""missing"", ""account_id"": null, ""account_nm"": null, ""sj_div"": null}, ""equity"": {""value_raw_or_cumulative"": 282324266000000.0, ""selection_rule"": ""exact_label_fallback"", ""amount_method"": ""reported_amount_assumed_cumulative"", ""account_id"": ""ifrs-full_Equity"", ""account_nm"": ""자본총계"", ""sj_div"": ""BS""}, ""cfo"": {""value_raw_or_cumulative"": 25889535000000.0, ""selection_rule"": ""exact_label_fallback"", ""amount_method"": ""reported_amount_assumed_cumulative"", ""account_id"": ""ifrs-full_CashFlowsFromUsedInOperatingActivities"", ""account_nm"": ""영업활동 현금흐름"", ""sj_div"": ""CF""}, ""capex_ppe"": {""value_raw_or_cumulative"": 23528054000000.0, ""selection_rule"": ""exact_label_fallback"", ""amount_method"": ""reported_amount_assumed_cumulative"", ""account_id"": ""ifrs-full_PurchaseOfPropertyPlantAndEquipmentClassifiedAsInvestingActivities"", ""account_nm"": ""유형자산의 취득"", ""sj_div"": ""CF""}, ""capex_intangible"": {""value_raw_or_cumulative"": 1586894000000.0, ""selection_rule"": ""exact_label_fallback"", ""amount_method"": ""reported_amount_assumed_cumulative"", ""account_id"": ""ifrs-full_PurchaseOfIntangibleAssetsClassifiedAsInvestingActivities"", ""account_nm"": ""무형자산의 취득"", ""sj_div"": ""CF""}}",8146292000000.0,CFS,True,False,,False
005930,00126380,삼성전자,2021,Q3,CFS,ok,15817531000000.0,,296766118000000.0,18581452000000.0,11848566000000.0,6732886000000.0,20211008,20211008800061,연결재무제표기준영업(잠정)실적(공정공시),configured_stock_list_not_survivorship_free,True,"{""operating_profit"": {""value_raw_or_cumulative"": 37767144000000.0, ""selection_rule"": ""standard_id"", ""amount_method"": ""cumulative_add_amount"", ""account_id"": ""dart_OperatingIncomeLoss"", ""account_nm"": ""영업이익"", ""sj_div"": ""IS""}, ""net_income"": {""value_raw_or_cumulative"": null, ""selection_rule"": ""ambiguous_fallback"", ""amount_method"": ""missing"", ""account_id"": null, ""account_nm"": null, ""sj_div"": null}, ""equity"": {""value_raw_or_cumulative"": 296766118000000.0, ""selection_rule"": ""exact_label_fallback"", ""amount_method"": ""reported_amount_assumed_cumulative"", ""account_id"": ""ifrs-full_Equity"", ""account_nm"": ""자본총계"", ""sj_div"": ""BS""}, ""cfo"": {""value_raw_or_cumulative"": 44470987000000.0, ""selection_rule"": ""exact_label_fallback"", ""amount_method"": ""reported_amount_assumed_cumulative"", ""account_id"": ""ifrs-full_CashFlowsFromUsedInOperatingActivities"", ""account_nm"": ""영업활동 현금흐름"", ""sj_div"": ""CF""}, ""capex_ppe"": {""value_raw_or_cumulative"": 34749466000000.0, ""selection_rule"": ""exact_label_fallback"", ""amount_method"": ""reported_amount_assumed_cumulative"", ""account_id"": ""ifrs-full_PurchaseOfPropertyPlantAndEquipmentClassifiedAsInvestingActivities"", ""account_nm"": ""유형자산의 취득"", ""sj_div"": ""CF""}, ""capex_intangible"": {""value_raw_or_cumulative"": 2214048000000.0, ""selection_rule"": ""exact_label_fallback"", ""amount_method"": ""reported_amount_assumed_cumulative"", ""account_id"": ""ifrs-full_PurchaseOfIntangibleAssetsClassifiedAsInvestingActivities"", ""account_nm"": ""무형자산의 취득"", ""sj_div"": ""CF""}}",12353238000000.0,CFS,True,False,,False
005930,00126380,삼성전자,2021,Q4,CFS,ok,13866712000000.0,,304899931000000.0,20634461000000.0,12865507000000.0,7768954000000.0,20220107,20220107800030,연결재무제표기준영업(잠정)실적(공정공시),configured_stock_list_not_survivorship_free,True,"{""operating_profit"": {""value_raw_or_cumulative"": 51633856000000.0, ""selection_rule"": ""standard_id"", ""amount_method"": ""reported_amount_assumed_cumulative"", ""account_id"": ""dart_OperatingIncomeLoss"", ""account_nm"": ""영업이익"", ""sj_div"": ""IS""}, ""net_income"": {""value_raw_or_cumulative"": null, ""selection_rule"": ""ambiguous_fallback"", ""amount_method"": ""missing"", ""account_id"": null, ""account_nm"": null, ""sj_div"": null}, ""equity"": {""value_raw_or_cumulative"": 304899931000000.0, ""selection_rule"": ""exact_label_fallback"", ""amount_method"": ""reported_amount_assumed_cumulative"", ""account_id"": ""ifrs-full_Equity"", ""account_nm"": ""자본총계"", ""sj_div"": ""BS""}, ""cfo"": {""value_raw_or_cumulative"": 65105448000000.0, ""selection_rule"": ""exact_label_fallback"", ""amount_method"": ""reported_amount_assumed_cumulative"", ""account_id"": ""ifrs-full_CashFlowsFromUsedInOperatingActivities"", ""account_nm"": ""영업활동 현금흐름"", ""sj_div"": ""CF""}, ""capex_ppe"": {""value_raw_or_cumulative"": 47122106000000.0, ""selection_rule"": ""exact_label_fallback"", ""amount_method"": ""reported_amount_assumed_cumulative"", ""account_id"": ""ifrs-full_PurchaseOfPropertyPlantAndEquipmentClassifiedAsInvestingActivities"", ""account_nm"": ""유형자산의 취득"", ""sj_div"": ""CF""}, ""capex_intangible"": {""value_raw_or_cumulative"": 2706915000000.0, ""selection_rule"": ""exact_label_fallback"", ""amount_method"": ""reported_amount_assumed_cumulative"", ""account_id"": ""ifrs-full_PurchaseOfIntangibleAssetsClassifiedAsInvestingActivities"", ""account_nm"": ""무형자산의 취득"", ""sj_div"": ""CF""}}",9047001000000.0,CFS,True,False,,False
005930,00126380,삼성전자,2022,Q1,CFS,ok,14121409000000.0,,315290919000000.0,10453069000000.0,9560282000000.0,892787000000.0,20220407,20220407800061,연결재무제표기준영업(잠정)실적(공정공시),configured_stock_list_not_survivorship_free,True,"{""operating_profit"": {""value_raw_or_cumulative"": 14121409000000.0, ""selection_rule"": ""standard_id"", ""amount_method"": ""reported_q1"", ""account_id"": ""dart_OperatingIncomeLoss"", ""account_nm"": ""영업이익"", ""sj_div"": ""IS""}, ""net_income"": {""value_raw_or_cumulative"": null, ""selection_rule"": ""ambiguous_fallback"", ""amount_method"": ""missing"", ""account_id"": null, ""account_nm"": null, ""sj_div"": null}, ""equity"": {""value_raw_or_cumulative"": 315290919000000.0, ""selection_rule"": ""exact_label_fallback"", ""amount_method"": ""reported_q1"", ""account_id"": ""ifrs-full_Equity"", ""account_nm"": ""자본총계"", ""sj_div"": ""BS""}, ""cfo"": {""value_raw_or_cumulative"": 10453069000000.0, ""selection_rule"": ""exact_label_fallback"", ""amount_method"": ""reported_q1"", ""account_id"": ""ifrs-full_CashFlowsFromUsedInOperatingActivities"", ""account_nm"": ""영업활동 현금흐름"", ""sj_div"": ""CF""}, ""capex_ppe"": {""value_raw_or_cumulative"": 8706839000000.0, ""selection_rule"": ""exact_label_fallback"", ""amount_method"": ""reported_q1"", ""account_id"": ""ifrs-full_PurchaseOfPropertyPlantAndEquipmentClassifiedAsInvestingActivities"", ""account_nm"": ""유형자산의 취득"", ""sj_div"": ""CF""}, ""capex_intangible"": {""value_raw_or_cumulative"": 853443000000.0, ""selection_rule"": ""exact_label_fallback"", ""amount_method"": ""reported_q1"", ""account_id"": ""ifrs-full_PurchaseOfIntangibleAssetsClassifiedAsInvestingActivities"", ""account_nm"": ""무형자산의 취득"", ""sj_div"": ""CF""}}",9382868000000.0,CFS,True,False,,False
005930,00126380,삼성전자,2022,Q2,CFS,ok,14097045000000.0,,327906664000000.0,14136066000000.0,12173854000000.0,1962212000000.0,20220707,20220707800057,연결재무제표기준영업(잠정)실적(공정공시),configured_stock_list_not_survivorship_free,True,"{""operating_profit"": {""value_raw_or_cumulative"": 28218454000000.0, ""selection_rule"": ""standard_id"", ""amount_method"": ""cumulative_add_amount"", ""account_id"": ""dart_OperatingIncomeLoss"", ""account_nm"": ""영업이익"", ""sj_div"": ""IS""}, ""net_income"": {""value_raw_or_cumulative"": null, ""selection_rule"": ""ambiguous_fallback"", ""amount_method"": ""missing"", ""account_id"": null, ""account_nm"": null, ""sj_div"": null}, ""equity"": {""value_raw_or_cumulative"": 327906664000000.0, ""selection_rule"": ""exact_label_fallback"", ""amount_method"": ""reported_amount_assumed_cumulative"", ""account_id"": ""ifrs-full_Equity"", ""account_nm"": ""자본총계"", ""sj_div"": ""BS""}, ""cfo"": {""value_raw_or_cumulative"": 24589135000000.0, ""selection_rule"": ""exact_label_fallback"", ""amount_method"": ""reported_amount_assumed_cumulative"", ""account_id"": ""ifrs-full_CashFlowsFromUsedInOperatingActivities"", ""account_nm"": ""영업활동 현금흐름"", ""sj_div"": ""CF""}, ""capex_ppe"": {""value_raw_or_cumulative"": 20157775000000.0, ""selection_rule"": ""exact_label_fallback"", ""amount_method"": ""reported_amount_assumed_cumulative"", ""account_id"": ""ifrs-full_PurchaseOfPropertyPlantAndEquipmentClassifiedAsInvestingActivities"", ""account_nm"": ""유형자산의 취득"", ""sj_div"": ""CF""}, ""capex_intangible"": {""value_raw_or_cumulative"": 1576361000000.0, ""selection_rule"": ""exact_label_fallback"", ""amount_method"": ""reported_amount_assumed_cumulative"", ""account_id"": ""ifrs-full_PurchaseOfIntangibleAssetsClassifiedAsInvestingActivities"", ""account_nm"": ""무형자산의 취득"", ""sj_div"": ""CF""}}",12566745000000.0,CFS,True,False,,False
005930,00126380,삼성전자,2022,Q3,CFS,ok,10852045000000.0,,344906889000000.0,18979311000000.0,13926651000000.0,5052660000000.0,20221007,20221007800049,연결재무제표기준영업(잠정)실적(공정공시),configured_stock_list_not_survivorship_free,True,"{""operating_profit"": {""value_raw_or_cumulative"": 39070499000000.0, ""selection_rule"": ""standard_id"", ""amount_method"": ""cumulative_add_amount"", ""account_id"": ""dart_OperatingIncomeLoss"", ""account_nm"": ""영업이익"", ""sj_div"": ""IS""}, ""net_income"": {""value_raw_or_cumulative"": null, ""selection_rule"": ""ambiguous_fallback"", ""amount_method"": ""missing"", ""account_id"": null, ""account_nm"": null, ""sj_div"": null}, ""equity"": {""value_raw_or_cumulative"": 344906889000000.0, ""selection_rule"": ""exact_label_fallback"", ""amount_method"": ""reported_amount_assumed_cumulative"", ""account_id"": ""ifrs-full_Equity"", ""account_nm"": ""자본총계"", ""sj_div"": ""BS""}, ""cfo"": {""value_raw_or_cumulative"": 43568446000000.0, ""selection_rule"": ""exact_label_fallback"", ""amount_method"": ""reported_amount_assumed_cumulative"", ""account_id"": ""ifrs-full_CashFlowsFromUsedInOperatingActivities"", ""account_nm"": ""영업활동 현금흐름"", ""sj_div"": ""CF""}, ""capex_ppe"": {""value_raw_or_cumulative"": 32471328000000.0, ""selection_rule"": ""exact_label_fallback"", ""amount_method"": ""reported_amount_assumed_cumulative"", ""account_id"": ""ifrs-full_PurchaseOfPropertyPlantAndEquipmentClassifiedAsInvestingActivities"", ""account_nm"": ""유형자산의 취득"", ""sj_div"": ""CF""}, ""capex_intangible"": {""value_raw_or_cumulative"": 3189459000000.0, ""selection_rule"": ""exact_label_fallback"", ""amount_method"": ""reported_amount_assumed_cumulative"", ""account_id"": ""ifrs-full_PurchaseOfIntangibleAssetsClassifiedAsInvestingActivities"", ""account_nm"": ""무형자산의 취득"", ""sj_div"": ""CF""}}",15817531000000.0,CFS,True,False,,False
005930,00126380,삼성전자,2022,Q4,CFS,ok,4306131000000.0,,354749604000000.0,18612900000000.0,17465945000000.0,1146955000000.0,20230106,20230106800058,연결재무제표기준영업(잠정)실적(공정공시),configured_stock_list_not_survivorship_free,True,"{""operating_profit"": {""value_raw_or_cumulative"": 43376630000000.0, ""selection_rule"": ""standard_id"", ""amount_method"": ""reported_amount_assumed_cumulative"", ""account_id"": ""dart_OperatingIncomeLoss"", ""account_nm"": ""영업이익"", ""sj_div"": ""IS""}, ""net_income"": {""value_raw_or_cumulative"": null, ""selection_rule"": ""ambiguous_fallback"", ""amount_method"": ""missing"", ""account_id"": null, ""account_nm"": null, ""sj_div"": null}, ""equity"": {""value_raw_or_cumulative"": 354749604000000.0, ""selection_rule"": ""exact_label_fallback"", ""amount_method"": ""reported_amount_assumed_cumulative"", ""account_id"": ""ifrs-full_Equity"", ""account_nm"": ""자본총계"", ""sj_div"": ""BS""}, ""cfo"": {""value_raw_or_cumulative"": 62181346000000.0, ""selection_rule"": ""exact_label_fallback"", ""amount_method"": ""reported_amount_assumed_cumulative"", ""account_id"": ""ifrs-full_CashFlowsFromUsedInOperatingActivities"", ""account_nm"": ""영업활동 현금흐름"", ""sj_div"": ""CF""}, ""capex_ppe"": {""value_raw_or_cumulative"": 49430428000000.0, ""selection_rule"": ""exact_label_fallback"", ""amount_method"": ""reported_amount_assumed_cumulative"", ""account_id"": ""ifrs-full_PurchaseOfPropertyPlantAndEquipmentClassifiedAsInvestingActivities"", ""account_nm"": ""유형자산의 취득"", ""sj_div"": ""CF""}, ""capex_intangible"": {""value_raw_or_cumulative"": 3696304000000.0, ""selection_rule"": ""exact_label_fallback"", ""amount_method"": ""reported_amount_assumed_cumulative"", ""account_id"": ""ifrs-full_PurchaseOfIntangibleAssetsClassifiedAsInvestingActivities"", ""account_nm"": ""무형자산의 취득"", ""sj_div"": ""CF""}}",13866712000000.0,CFS,True,False,,False
035720,00258801,카카오,2015,Q1,,no_statement,,,,,,,20150514,20150514900065,연결재무제표기준영업(잠정)실적(공정공시),configured_stock_list_not_survivorship_free,True,{},,,False,False,,False
035720,00258801,카카오,2015,Q2,,no_statement,,,,,,,20150813,20150813900048,영업(잠정)실적(공정공시),configured_stock_list_not_survivorship_free,True,{},,,False,False,,False
035720,00258801,카카오,2015,Q3,,no_statement,,,,,,,20151112,20151112900007,연결재무제표기준영업(잠정)실적(공정공시),configured_stock_list_not_survivorship_free,True,{},,,False,False,,False
035720,00258801,카카오,2015,Q4,CFS,ok,,,2585474995627.0,,,,20160205,20160205900005,연결재무제표기준영업(잠정)실적(공정공시),configured_stock_list_not_survivorship_free,True,"{""operating_profit"": {""value_raw_or_cumulative"": null, ""selection_rule"": ""missing"", ""amount_method"": ""missing"", ""account_id"": null, ""account_nm"": null, ""sj_div"": null}, ""net_income"": {""value_raw_or_cumulative"": 78764757714.0, ""selection_rule"": ""standard_id"", ""amount_method"": ""reported_amount_assumed_cumulative"", ""account_id"": ""ifrs_ProfitLoss"", ""account_nm"": ""당기순이익"", ""sj_div"": ""CIS""}, ""equity"": {""value_raw_or_cumulative"": 2585474995627.0, ""selection_rule"": ""standard_id"", ""amount_method"": ""reported_amount_assumed_cumulative"", ""account_id"": ""ifrs_Equity"", ""account_nm"": ""자본총계"", ""sj_div"": ""BS""}, ""cfo"": {""value_raw_or_cumulative"": 162217476110.0, ""selection_rule"": ""standard_id"", ""amount_method"": ""reported_amount_assumed_cumulative"", ""account_id"": ""ifrs_CashFlowsFromUsedInOperatingActivities"", ""account_nm"": ""영업활동현금흐름"", ""sj_div"": ""CF""}, ""capex_ppe"": {""value_raw_or_cumulative"": 76083229407.0, ""selection_rule"": ""standard_id"", ""amount_method"": ""reported_amount_assumed_cumulative"", ""account_id"": ""ifrs_PurchaseOfPropertyPlantAndEquipmentClassifiedAsInvestingActivities"", ""account_nm"": ""유형자산의 취득"", ""sj_div"": ""CF""}, ""capex_intangible"": {""value_raw_or_cumulative"": 8771763848.0, ""selection_rule"": ""standard_id"", ""amount_method"": ""reported_amount_assumed_cumulative"", ""account_id"": ""ifrs_PurchaseOfIntangibleAssetsClassifiedAsInvestingActivities"", ""account_nm"": ""무형자산의 취득"", ""sj_div"": ""CF""}}",,,False,False,,False
035720,00258801,카카오,2016,Q1,CFS,ok,,10949664522.0,3416726395085.0,88597733987.0,16504848755.0,72092885232.0,20160512,20160512900023,영업(잠정)실적(공정공시),configured_stock_list_not_survivorship_free,True,"{""operating_profit"": {""value_raw_or_cumulative"": null, ""selection_rule"": ""missing"", ""amount_method"": ""missing"", ""account_id"": null, ""account_nm"": null, ""sj_div"": null}, ""net_income"": {""value_raw_or_cumulative"": 10949664522.0, ""selection_rule"": ""standard_id"", ""amount_method"": ""reported_q1"", ""account_id"": ""ifrs_ProfitLoss"", ""account_nm"": ""당기순이익"", ""sj_div"": ""CIS""}, ""equity"": {""value_raw_or_cumulative"": 3416726395085.0, ""selection_rule"": ""standard_id"", ""amount_method"": ""reported_q1"", ""account_id"": ""ifrs_Equity"", ""account_nm"": ""자본총계"", ""sj_div"": ""BS""}, ""cfo"": {""value_raw_or_cumulative"": 88597733987.0, ""selection_rule"": ""standard_id"", ""amount_method"": ""reported_q1"", ""account_id"": ""ifrs_CashFlowsFromUsedInOperatingActivities"", ""account_nm"": ""영업활동현금흐름"", ""sj_div"": ""CF""}, ""capex_ppe"": {""value_raw_or_cumulative"": 11906255998.0, ""selection_rule"": ""standard_id"", ""amount_method"": ""reported_q1"", ""account_id"": ""ifrs_PurchaseOfPropertyPlantAndEquipmentClassifiedAsInvestingActivities"", ""account_nm"": ""유형자산의 취득"", ""sj_div"": ""CF""}, ""capex_intangible"": {""value_raw_or_cumulative"": 4598592757.0, ""selection_rule"": ""standard_id"", ""amount_method"": ""reported_q1"", ""account_id"": ""ifrs_PurchaseOfIntangibleAssetsClassifiedAsInvestingActivities"", ""account_nm"": ""무형자산의 취득"", ""sj_div"": ""CF""}}",,,False,False,,False
035720,00258801,카카오,2016,Q2,CFS,ok,,13238886896.0,3511437912776.0,38353297303.0,51282925823.0,-12929628520.0,20160811,20160811900021,영업(잠정)실적(공정공시),configured_stock_list_not_survivorship_free,True,"{""operating_profit"": {""value_raw_or_cumulative"": null, ""selection_rule"": ""missing"", ""amount_method"": ""missing"", ""account_id"": null, ""account_nm"": null, ""sj_div"": null}, ""net_income"": {""value_raw_or_cumulative"": 24188551418.0, ""selection_rule"": ""standard_id"", ""amount_method"": ""cumulative_add_amount"", ""account_id"": ""ifrs_ProfitLoss"", ""account_nm"": ""당기순이익"", ""sj_div"": ""CIS""}, ""equity"": {""value_raw_or_cumulative"": 3511437912776.0, ""selection_rule"": ""standard_id"", ""amount_method"": ""reported_amount_assumed_cumulative"", ""account_id"": ""ifrs_Equity"", ""account_nm"": ""자본총계"", ""sj_div"": ""BS""}, ""cfo"": {""value_raw_or_cumulative"": 126951031290.0, ""selection_rule"": ""standard_id"", ""amount_method"": ""reported_amount_assumed_cumulative"", ""account_id"": ""ifrs_CashFlowsFromUsedInOperatingActivities"", ""account_nm"": ""영업활동현금흐름"", ""sj_div"": ""CF""}, ""capex_ppe"": {""value_raw_or_cumulative"": 51695979855.0, ""selection_rule"": ""standard_id"", ""amount_method"": ""reported_amount_assumed_cumulative"", ""account_id"": ""ifrs_PurchaseOfPropertyPlantAndEquipmentClassifiedAsInvestingActivities"", ""account_nm"": ""유형자산의 취득"", ""sj_div"": ""CF""}, ""capex_intangible"": {""value_raw_or_cumulative"": 16091794723.0, ""selection_rule"": ""standard_id"", ""amount_method"": ""reported_amount_assumed_cumulative"", ""account_id"": ""ifrs_PurchaseOfIntangibleAssetsClassifiedAsInvestingActivities"", ""account_nm"": ""무형자산의 취득"", ""sj_div"": ""CF""}}",,,False,False,,False
035720,00258801,카카오,2016,Q3,CFS,ok,,13625904398.0,3520456181887.0,57126036714.0,16137236472.0,40988800242.0,20161110,20161110900014,영업(잠정)실적(공정공시),configured_stock_list_not_survivorship_free,True,"{""operating_profit"": {""value_raw_or_cumulative"": null, ""selection_rule"": ""missing"", ""amount_method"": ""missing"", ""account_id"": null, ""account_nm"": null, ""sj_div"": null}, ""net_income"": {""value_raw_or_cumulative"": 37814455816.0, ""selection_rule"": ""standard_id"", ""amount_method"": ""cumulative_add_amount"", ""account_id"": ""ifrs_ProfitLoss"", ""account_nm"": ""당기순이익"", ""sj_div"": ""CIS""}, ""equity"": {""value_raw_or_cumulative"": 3520456181887.0, ""selection_rule"": ""standard_id"", ""amount_method"": ""reported_amount_assumed_cumulative"", ""account_id"": ""ifrs_Equity"", ""account_nm"": ""자본총계"", ""sj_div"": ""BS""}, ""cfo"": {""value_raw_or_cumulative"": 184077068004.0, ""selection_rule"": ""standard_id"", ""amount_method"": ""reported_amount_assumed_cumulative"", ""account_id"": ""ifrs_CashFlowsFromUsedInOperatingActivities"", ""account_nm"": ""영업활동현금흐름"", ""sj_div"": ""CF""}, ""capex_ppe"": {""value_raw_or_cumulative"": 63721136198.0, ""selection_rule"": ""standard_id"", ""amount_method"": ""reported_amount_assumed_cumulative"", ""account_id"": ""ifrs_PurchaseOfPropertyPlantAndEquipmentClassifiedAsInvestingActivities"", ""account_nm"": ""유형자산의 취득"", ""sj_div"": ""CF""}, ""capex_intangible"": {""value_raw_or_cumulative"": 20203874852.0, ""selection_rule"": ""standard_id"", ""amount_method"": ""reported_amount_assumed_cumulative"", ""account_id"": ""ifrs_PurchaseOfIntangibleAssetsClassifiedAsInvestingActivities"", ""account_nm"": ""무형자산의 취득"", ""sj_div"": ""CF""}}",,,False,False,,False
035720,00258801,카카오,2016,Q4,CFS,ok,,27640661167.0,3702943850948.0,133182040662.0,21300114969.0,111881925693.0,20170209,20170209900035,연결재무제표기준영업(잠정)실적(공정공시),configured_stock_list_not_survivorship_free,True,"{""operating_profit"": {""value_raw_or_cumulative"": null, ""selection_rule"": ""missing"", ""amount_method"": ""missing"", ""account_id"": null, ""account_nm"": null, ""sj_div"": null}, ""net_income"": {""value_raw_or_cumulative"": 65455116983.0, ""selection_rule"": ""standard_id"", ""amount_method"": ""reported_amount_assumed_cumulative"", ""account_id"": ""ifrs_ProfitLoss"", ""account_nm"": ""당기순이익"", ""sj_div"": ""CIS""}, ""equity"": {""value_raw_or_cumulative"": 3702943850948.0, ""selection_rule"": ""standard_id"", ""amount_method"": ""reported_amount_assumed_cumulative"", ""account_id"": ""ifrs_Equity"", ""account_nm"": ""자본총계"", ""sj_div"": ""BS""}, ""cfo"": {""value_raw_or_cumulative"": 317259108666.0, ""selection_rule"": ""standard_id"", ""amount_method"": ""reported_amount_assumed_cumulative"", ""account_id"": ""ifrs_CashFlowsFromUsedInOperatingActivities"", ""account_nm"": ""영업활동현금흐름"", ""sj_div"": ""CF""}, ""capex_ppe"": {""value_raw_or_cumulative"": 80963651733.0, ""selection_rule"": ""standard_id"", ""amount_method"": ""reported_amount_assumed_cumulative"", ""account_id"": ""ifrs_PurchaseOfPropertyPlantAndEquipmentClassifiedAsInvestingActivities"", ""account_nm"": ""유형자산의 취득"", ""sj_div"": ""CF""}, ""capex_intangible"": {""value_raw_or_cumulative"": 24261474286.0, ""selection_rule"": ""standard_id"", ""amount_method"": ""reported_amount_assumed_cumulative"", ""account_id"": ""ifrs_PurchaseOfIntangibleAssetsClassifiedAsInvestingActivities"", ""account_nm"": ""무형자산의 취득"", ""sj_div"": ""CF""}}",,CFS,True,False,65455116983.0,False
035720,00258801,카카오,2017,Q1,CFS,ok,,54485548398.0,3746965874600.0,94245368809.0,24241366299.0,70004002510.0,20170511,20170511900013,영업(잠정)실적(공정공시),configured_stock_list_not_survivorship_free,True,"{""operating_profit"": {""value_raw_or_cumulative"": null, ""selection_rule"": ""missing"", ""amount_method"": ""missing"", ""account_id"": null, ""account_nm"": null, ""sj_div"": null}, ""net_income"": {""value_raw_or_cumulative"": 54485548398.0, ""selection_rule"": ""standard_id"", ""amount_method"": ""reported_q1"", ""account_id"": ""ifrs_ProfitLoss"", ""account_nm"": ""당기순이익"", ""sj_div"": ""CIS""}, ""equity"": {""value_raw_or_cumulative"": 3746965874600.0, ""selection_rule"": ""standard_id"", ""amount_method"": ""reported_q1"", ""account_id"": ""ifrs_Equity"", ""account_nm"": ""자본총계"", ""sj_div"": ""BS""}, ""cfo"": {""value_raw_or_cumulative"": 94245368809.0, ""selection_rule"": ""standard_id"", ""amount_method"": ""reported_q1"", ""account_id"": ""ifrs_CashFlowsFromUsedInOperatingActivities"", ""account_nm"": ""영업활동현금흐름"", ""sj_div"": ""CF""}, ""capex_ppe"": {""value_raw_or_cumulative"": 20390041770.0, ""selection_rule"": ""standard_id"", ""amount_method"": ""reported_q1"", ""account_id"": ""ifrs_PurchaseOfPropertyPlantAndEquipmentClassifiedAsInvestingActivities"", ""account_nm"": ""유형자산의 취득"", ""sj_div"": ""CF""}, ""capex_intangible"": {""value_raw_or_cumulative"": 3851324529.0, ""selection_rule"": ""standard_id"", ""amount_method"": ""reported_q1"", ""account_id"": ""ifrs_PurchaseOfIntangibleAssetsClassifiedAsInvestingActivities"", ""account_nm"": ""무형자산의 취득"", ""sj_div"": ""CF""}}",,CFS,True,False,108991000859.0,False
035720,00258801,카카오,2017,Q2,CFS,ok,,12502580952.0,3992153424926.0,71289879206.0,25714871505.0,45575007701.0,20170810,20170810800003,영업(잠정)실적(공정공시),configured_stock_list_not_survivorship_free,True,"{""operating_profit"": {""value_raw_or_cumulative"": null, ""selection_rule"": ""missing"", ""amount_method"": ""missing"", ""account_id"": null, ""account_nm"": null, ""sj_div"": null}, ""net_income"": {""value_raw_or_cumulative"": 66988129350.0, ""selection_rule"": ""standard_id"", ""amount_method"": ""cumulative_add_amount"", ""account_id"": ""ifrs_ProfitLoss"", ""account_nm"": ""당기순이익"", ""sj_div"": ""CIS""}, ""equity"": {""value_raw_or_cumulative"": 3992153424926.0, ""selection_rule"": ""standard_id"", ""amount_method"": ""reported_amount_assumed_cumulative"", ""account_id"": ""ifrs_Equity"", ""account_nm"": ""자본총계"", ""sj_div"": ""BS""}, ""cfo"": {""value_raw_or_cumulative"": 165535248015.0, ""selection_rule"": ""standard_id"", ""amount_method"": ""reported_amount_assumed_cumulative"", ""account_id"": ""ifrs_CashFlowsFromUsedInOperatingActivities"", ""account_nm"": ""영업활동현금흐름"", ""sj_div"": ""CF""}, ""capex_ppe"": {""value_raw_or_cumulative"": 36231133820.0, ""selection_rule"": ""standard_id"", ""amount_method"": ""reported_amount_assumed_cumulative"", ""account_id"": ""ifrs_PurchaseOfPropertyPlantAndEquipmentClassifiedAsInvestingActivities"", ""account_nm"": ""유형자산의 취득"", ""sj_div"": ""CF""}, ""capex_intangible"": {""value_raw_or_cumulative"": 13725103984.0, ""selection_rule"": ""standard_id"", ""amount_method"": ""reported_amount_assumed_cumulative"", ""account_id"": ""ifrs_PurchaseOfIntangibleAssetsClassifiedAsInvestingActivities"", ""account_nm"": ""무형자산의 취득"", ""sj_div"": ""CF""}}",,CFS,True,False,108254694915.0,False
035720,00258801,카카오,2017,Q3,CFS,ok,,39901788492.0,4445224874915.0,90511282495.0,26561992048.0,63949290447.0,20171109,20171109800007,영업(잠정)실적(공정공시),configured_stock_list_not_survivorship_free,True,"{""operating_profit"": {""value_raw_or_cumulative"": null, ""selection_rule"": ""missing"", ""amount_method"": ""missing"", ""account_id"": null, ""account_nm"": null, ""sj_div"": null}, ""net_income"": {""value_raw_or_cumulative"": 106889917842.0, ""selection_rule"": ""standard_id"", ""amount_method"": ""cumulative_add_amount"", ""account_id"": ""ifrs_ProfitLoss"", ""account_nm"": ""당기순이익(손실)"", ""sj_div"": ""CIS""}, ""equity"": {""value_raw_or_cumulative"": 4445224874915.0, ""selection_rule"": ""standard_id"", ""amount_method"": ""reported_amount_assumed_cumulative"", ""account_id"": ""ifrs_Equity"", ""account_nm"": ""자본총계"", ""sj_div"": ""BS""}, ""cfo"": {""value_raw_or_cumulative"": 256046530510.0, ""selection_rule"": ""standard_id"", ""amount_method"": ""reported_amount_assumed_cumulative"", ""account_id"": ""ifrs_CashFlowsFromUsedInOperatingActivities"", ""account_nm"": ""영업활동현금흐름"", ""sj_div"": ""CF""}, ""capex_ppe"": {""value_raw_or_cumulative"": 58005866620.0, ""selection_rule"": ""standard_id"", ""amount_method"": ""reported_amount_assumed_cumulative"", ""account_id"": ""ifrs_PurchaseOfPropertyPlantAndEquipmentClassifiedAsInvestingActivities"", ""account_nm"": ""유형자산의 취득"", ""sj_div"": ""CF""}, ""capex_intangible"": {""value_raw_or_cumulative"": 18512363232.0, ""selection_rule"": ""standard_id"", ""amount_method"": ""reported_amount_assumed_cumulative"", ""account_id"": ""ifrs_PurchaseOfIntangibleAssetsClassifiedAsInvestingActivities"", ""account_nm"": ""무형자산의 취득"", ""sj_div"": ""CF""}}",,CFS,True,False,134530579009.0,False
035720,00258801,카카오,2017,Q4,CFS,ok,,18203981470.0,4507819805367.0,115880529014.0,28322796552.0,87557732462.0,20180208,20180208800012,영업(잠정)실적(공정공시),configured_stock_list_not_survivorship_free,True,"{""operating_profit"": {""value_raw_or_cumulative"": null, ""selection_rule"": ""missing"", ""amount_method"": ""missing"", ""account_id"": null, ""account_nm"": null, ""sj_div"": null}, ""net_income"": {""value_raw_or_cumulative"": 125093899312.0, ""selection_rule"": ""standard_id"", ""amount_method"": ""reported_amount_assumed_cumulative"", ""account_id"": ""ifrs_ProfitLoss"", ""account_nm"": ""당기순이익(손실)"", ""sj_div"": ""CIS""}, ""equity"": {""value_raw_or_cumulative"": 4507819805367.0, ""selection_rule"": ""standard_id"", ""amount_method"": ""reported_amount_assumed_cumulative"", ""account_id"": ""ifrs_Equity"", ""account_nm"": ""자본총계"", ""sj_div"": ""BS""}, ""cfo"": {""value_raw_or_cumulative"": 371927059524.0, ""selection_rule"": ""standard_id"", ""amount_method"": ""reported_amount_assumed_cumulative"", ""account_id"": ""ifrs_CashFlowsFromUsedInOperatingActivities"", ""account_nm"": ""영업활동현금흐름"", ""sj_div"": ""CF""}, ""capex_ppe"": {""value_raw_or_cumulative"": 75164746752.0, ""selection_rule"": ""standard_id"", ""amount_method"": ""reported_amount_assumed_cumulative"", ""account_id"": ""ifrs_PurchaseOfPropertyPlantAndEquipmentClassifiedAsInvestingActivities"", ""account_nm"": ""유형자산의 취득"", ""sj_div"": ""CF""}, ""capex_intangible"": {""value_raw_or_cumulative"": 29676279652.0, ""selection_rule"": ""standard_id"", ""amount_method"": ""reported_amount_assumed_cumulative"", ""account_id"": ""ifrs_PurchaseOfIntangibleAssetsClassifiedAsInvestingActivities"", ""account_nm"": ""무형자산의 취득"", ""sj_div"": ""CF""}}",,CFS,True,False,125093899312.0,False
035720,00258801,카카오,2018,Q1,CFS,ok,,14649452555.0,5752151416502.0,141529822634.0,25781184710.0,115748637924.0,20180510,20180510800014,영업(잠정)실적(공정공시),configured_stock_list_not_survivorship_free,True,"{""operating_profit"": {""value_raw_or_cumulative"": null, ""selection_rule"": ""missing"", ""amount_method"": ""missing"", ""account_id"": null, ""account_nm"": null, ""sj_div"": null}, ""net_income"": {""value_raw_or_cumulative"": 14649452555.0, ""selection_rule"": ""standard_id"", ""amount_method"": ""reported_q1"", ""account_id"": ""ifrs_ProfitLoss"", ""account_nm"": ""당기순이익(손실)"", ""sj_div"": ""CIS""}, ""equity"": {""value_raw_or_cumulative"": 5752151416502.0, ""selection_rule"": ""standard_id"", ""amount_method"": ""reported_q1"", ""account_id"": ""ifrs_Equity"", ""account_nm"": ""자본총계"", ""sj_div"": ""BS""}, ""cfo"": {""value_raw_or_cumulative"": 141529822634.0, ""selection_rule"": ""standard_id"", ""amount_method"": ""reported_q1"", ""account_id"": ""ifrs_CashFlowsFromUsedInOperatingActivities"", ""account_nm"": ""영업활동현금흐름"", ""sj_div"": ""CF""}, ""capex_ppe"": {""value_raw_or_cumulative"": 17263882209.0, ""selection_rule"": ""standard_id"", ""amount_method"": ""reported_q1"", ""account_id"": ""ifrs_PurchaseOfPropertyPlantAndEquipmentClassifiedAsInvestingActivities"", ""account_nm"": ""유형자산의 취득"", ""sj_div"": ""CF""}, ""capex_intangible"": {""value_raw_or_cumulative"": 8517302501.0, ""selection_rule"": ""standard_id"", ""amount_method"": ""reported_q1"", ""account_id"": ""ifrs_PurchaseOfIntangibleAssetsClassifiedAsInvestingActivities"", ""account_nm"": ""무형자산의 취득"", ""sj_div"": ""CF""}}",,CFS,True,False,85257803469.0,False
035720,00258801,카카오,2018,Q2,CFS,ok,,22494359446.0,5783014341656.0,3737867296.0,30897810721.0,-27159943425.0,20180809,20180809800013,영업(잠정)실적(공정공시),configured_stock_list_not_survivorship_free,True,"{""operating_profit"": {""value_raw_or_cumulative"": null, ""selection_rule"": ""missing"", ""amount_method"": ""missing"", ""account_id"": null, ""account_nm"": null, ""sj_div"": null}, ""net_income"": {""value_raw_or_cumulative"": 37143812001.0, ""selection_rule"": ""standard_id"", ""amount_method"": ""cumulative_add_amount"", ""account_id"": ""ifrs_ProfitLoss"", ""account_nm"": ""당기순이익(손실)"", ""sj_div"": ""CIS""}, ""equity"": {""value_raw_or_cumulative"": 5783014341656.0, ""selection_rule"": ""standard_id"", ""amount_method"": ""reported_amount_assumed_cumulative"", ""account_id"": ""ifrs_Equity"", ""account_nm"": ""자본총계"", ""sj_div"": ""BS""}, ""cfo"": {""value_raw_or_cumulative"": 145267689930.0, ""selection_rule"": ""standard_id"", ""amount_method"": ""reported_amount_assumed_cumulative"", ""account_id"": ""ifrs_CashFlowsFromUsedInOperatingActivities"", ""account_nm"": ""영업활동현금흐름"", ""sj_div"": ""CF""}, ""capex_ppe"": {""value_raw_or_cumulative"": 34403440753.0, ""selection_rule"": ""standard_id"", ""amount_method"": ""reported_amount_assumed_cumulative"", ""account_id"": ""ifrs_PurchaseOfPropertyPlantAndEquipmentClassifiedAsInvestingActivities"", ""account_nm"": ""유형자산의 취득"", ""sj_div"": ""CF""}, ""capex_intangible"": {""value_raw_or_cumulative"": 22275554678.0, ""selection_rule"": ""standard_id"", ""amount_method"": ""reported_amount_assumed_cumulative"", ""account_id"": ""ifrs_PurchaseOfIntangibleAssetsClassifiedAsInvestingActivities"", ""account_nm"": ""무형자산의 취득"", ""sj_div"": ""CF""}}",,CFS,True,False,95249581963.0,False
035720,00258801,카카오,2018,Q3,CFS,ok,,7384215276.0,5584583855536.0,113292427274.0,36759471482.0,76532955792.0,20181108,20181108800012,연결재무제표기준영업(잠정)실적(공정공시),configured_stock_list_not_survivorship_free,True,"{""operating_profit"": {""value_raw_or_cumulative"": null, ""selection_rule"": ""missing"", ""amount_method"": ""missing"", ""account_id"": null, ""account_nm"": null, ""sj_div"": null}, ""net_income"": {""value_raw_or_cumulative"": 44528027277.0, ""selection_rule"": ""standard_id"", ""amount_method"": ""cumulative_add_amount"", ""account_id"": ""ifrs_ProfitLoss"", ""account_nm"": ""당기순이익(손실)"", ""sj_div"": ""CIS""}, ""equity"": {""value_raw_or_cumulative"": 5584583855536.0, ""selection_rule"": ""standard_id"", ""amount_method"": ""reported_amount_assumed_cumulative"", ""account_id"": ""ifrs_Equity"", ""account_nm"": ""자본총계"", ""sj_div"": ""BS""}, ""cfo"": {""value_raw_or_cumulative"": 258560117204.0, ""selection_rule"": ""standard_id"", ""amount_method"": ""reported_amount_assumed_cumulative"", ""account_id"": ""ifrs_CashFlowsFromUsedInOperatingActivities"", ""account_nm"": ""영업활동현금흐름"", ""sj_div"": ""CF""}, ""capex_ppe"": {""value_raw_or_cumulative"": 62670448347.0, ""selection_rule"": ""standard_id"", ""amount_method"": ""reported_amount_assumed_cumulative"", ""account_id"": ""ifrs_PurchaseOfPropertyPlantAndEquipmentClassifiedAsInvestingActivities"", ""account_nm"": ""유형자산의 취득"", ""sj_div"": ""CF""}, ""capex_intangible"": {""value_raw_or_cumulative"": 30768018566.0, ""selection_rule"": ""standard_id"", ""amount_method"": ""reported_amount_assumed_cumulative"", ""account_id"": ""ifrs_PurchaseOfIntangibleAssetsClassifiedAsInvestingActivities"", ""account_nm"": ""무형자산의 취득"", ""sj_div"": ""CF""}}",,CFS,True,False,62732008747.0,False
035720,00258801,카카오,2018,Q4,CFS,ok,,-28639168068.0,5627157564368.0,232909772703.0,52842613077.0,180067159626.0,20190214,20190214800012,영업(잠정)실적(공정공시),configured_stock_list_not_survivorship_free,True,"{""operating_profit"": {""value_raw_or_cumulative"": null, ""selection_rule"": ""missing"", ""amount_method"": ""missing"", ""account_id"": null, ""account_nm"": null, ""sj_div"": null}, ""net_income"": {""value_raw_or_cumulative"": 15888859209.0, ""selection_rule"": ""standard_id"", ""amount_method"": ""reported_amount_assumed_cumulative"", ""account_id"": ""ifrs_ProfitLoss"", ""account_nm"": ""당기순이익(손실)"", ""sj_div"": ""CIS""}, ""equity"": {""value_raw_or_cumulative"": 5627157564368.0, ""selection_rule"": ""standard_id"", ""amount_method"": ""reported_amount_assumed_cumulative"", ""account_id"": ""ifrs_Equity"", ""account_nm"": ""자본총계"", ""sj_div"": ""BS""}, ""cfo"": {""value_raw_or_cumulative"": 491469889907.0, ""selection_rule"": ""standard_id"", ""amount_method"": ""reported_amount_assumed_cumulative"", ""account_id"": ""ifrs_CashFlowsFromUsedInOperatingActivities"", ""account_nm"": ""영업활동현금흐름"", ""sj_div"": ""CF""}, ""capex_ppe"": {""value_raw_or_cumulative"": 97197179561.0, ""selection_rule"": ""standard_id"", ""amount_method"": ""reported_amount_assumed_cumulative"", ""account_id"": ""ifrs_PurchaseOfPropertyPlantAndEquipmentClassifiedAsInvestingActivities"", ""account_nm"": ""유형자산의 취득"", ""sj_div"": ""CF""}, ""capex_intangible"": {""value_raw_or_cumulative"": 49083900429.0, ""selection_rule"": ""standard_id"", ""amount_method"": ""reported_amount_assumed_cumulative"", ""account_id"": ""ifrs_PurchaseOfIntangibleAssetsClassifiedAsInvestingActivities"", ""account_nm"": ""무형자산의 취득"", ""sj_div"": ""CF""}}",,CFS,True,False,15888859209.0,False
035720,00258801,카카오,2019,Q1,CFS,ok,,17563668178.0,5637952224012.0,138080166452.0,53866711900.0,84213454552.0,20190401,20190401005013,사업보고서 (2018.12),configured_stock_list_not_survivorship_free,True,"{""operating_profit"": {""value_raw_or_cumulative"": null, ""selection_rule"": ""missing"", ""amount_method"": ""missing"", ""account_id"": null, ""account_nm"": null, ""sj_div"": null}, ""net_income"": {""value_raw_or_cumulative"": 17563668178.0, ""selection_rule"": ""standard_id"", ""amount_method"": ""reported_q1"", ""account_id"": ""ifrs_ProfitLoss"", ""account_nm"": ""당기순이익(손실)"", ""sj_div"": ""CIS""}, ""equity"": {""value_raw_or_cumulative"": 5637952224012.0, ""selection_rule"": ""standard_id"", ""amount_method"": ""reported_q1"", ""account_id"": ""ifrs_Equity"", ""account_nm"": ""자본총계"", ""sj_div"": ""BS""}, ""cfo"": {""value_raw_or_cumulative"": 138080166452.0, ""selection_rule"": ""standard_id"", ""amount_method"": ""reported_q1"", ""account_id"": ""ifrs_CashFlowsFromUsedInOperatingActivities"", ""account_nm"": ""영업활동현금흐름"", ""sj_div"": ""CF""}, ""capex_ppe"": {""value_raw_or_cumulative"": 31307823344.0, ""selection_rule"": ""standard_id"", ""amount_method"": ""reported_q1"", ""account_id"": ""ifrs_PurchaseOfPropertyPlantAndEquipmentClassifiedAsInvestingActivities"", ""account_nm"": ""유형자산의 취득"", ""sj_div"": ""CF""}, ""capex_intangible"": {""value_raw_or_cumulative"": 22558888556.0, ""selection_rule"": ""standard_id"", ""amount_method"": ""reported_q1"", ""account_id"": ""ifrs_PurchaseOfIntangibleAssetsClassifiedAsInvestingActivities"", ""account_nm"": ""무형자산의 취득"", ""sj_div"": ""CF""}}",,CFS,True,False,18803074832.0,False
035720,00258801,카카오,2019,Q2,CFS,ok,,30992493982.0,5665987056237.0,148651059039.0,38271847682.0,110379211357.0,20190808,20190808800004,영업(잠정)실적(공정공시),configured_stock_list_not_survivorship_free,True,"{""operating_profit"": {""value_raw_or_cumulative"": null, ""selection_rule"": ""missing"", ""amount_method"": ""missing"", ""account_id"": null, ""account_nm"": null, ""sj_div"": null}, ""net_income"": {""value_raw_or_cumulative"": 48556162160.0, ""selection_rule"": ""standard_id"", ""amount_method"": ""cumulative_add_amount"", ""account_id"": ""ifrs_ProfitLoss"", ""account_nm"": ""당기순이익(손실)"", ""sj_div"": ""CIS""}, ""equity"": {""value_raw_or_cumulative"": 5665987056237.0, ""selection_rule"": ""standard_id"", ""amount_method"": ""reported_amount_assumed_cumulative"", ""account_id"": ""ifrs_Equity"", ""account_nm"": ""자본총계"", ""sj_div"": ""BS""}, ""cfo"": {""value_raw_or_cumulative"": 286731225491.0, ""selection_rule"": ""standard_id"", ""amount_method"": ""reported_amount_assumed_cumulative"", ""account_id"": ""ifrs_CashFlowsFromUsedInOperatingActivities"", ""account_nm"": ""영업활동현금흐름"", ""sj_div"": ""CF""}, ""capex_ppe"": {""value_raw_or_cumulative"": 52761988004.0, ""selection_rule"": ""standard_id"", ""amount_method"": ""reported_amount_assumed_cumulative"", ""account_id"": ""ifrs_PurchaseOfPropertyPlantAndEquipmentClassifiedAsInvestingActivities"", ""account_nm"": ""유형자산의 취득"", ""sj_div"": ""CF""}, ""capex_intangible"": {""value_raw_or_cumulative"": 39376571578.0, ""selection_rule"": ""standard_id"", ""amount_method"": ""reported_amount_assumed_cumulative"", ""account_id"": ""ifrs_PurchaseOfIntangibleAssetsClassifiedAsInvestingActivities"", ""account_nm"": ""무형자산의 취득"", ""sj_div"": ""CF""}}",,CFS,True,False,27301209368.0,False
035720,00258801,카카오,2019,Q3,CFS,ok,,51454314410.0,5883945410055.0,256498430520.0,48401922767.0,208096507753.0,20191107,20191107800008,영업(잠정)실적(공정공시),configured_stock_list_not_survivorship_free,True,"{""operating_profit"": {""value_raw_or_cumulative"": null, ""selection_rule"": ""missing"", ""amount_method"": ""missing"", ""account_id"": null, ""account_nm"": null, ""sj_div"": null}, ""net_income"": {""value_raw_or_cumulative"": 100010476570.0, ""selection_rule"": ""exact_label_fallback"", ""amount_method"": ""cumulative_add_amount"", ""account_id"": ""ifrs-full_ProfitLoss"", ""account_nm"": ""당기순이익(손실)"", ""sj_div"": ""CIS""}, ""equity"": {""value_raw_or_cumulative"": 5883945410055.0, ""selection_rule"": ""exact_label_fallback"", ""amount_method"": ""reported_amount_assumed_cumulative"", ""account_id"": ""ifrs-full_Equity"", ""account_nm"": ""자본총계"", ""sj_div"": ""BS""}, ""cfo"": {""value_raw_or_cumulative"": 543229656011.0, ""selection_rule"": ""exact_label_fallback"", ""amount_method"": ""reported_amount_assumed_cumulative"", ""account_id"": ""ifrs-full_CashFlowsFromUsedInOperatingActivities"", ""account_nm"": ""영업활동현금흐름"", ""sj_div"": ""CF""}, ""capex_ppe"": {""value_raw_or_cumulative"": 73505485062.0, ""selection_rule"": ""exact_label_fallback"", ""amount_method"": ""reported_amount_assumed_cumulative"", ""account_id"": ""ifrs-full_PurchaseOfPropertyPlantAndEquipmentClassifiedAsInvestingActivities"", ""account_nm"": ""유형자산의 취득"", ""sj_div"": ""CF""}, ""capex_intangible"": {""value_raw_or_cumulative"": 67034997287.0, ""selection_rule"": ""exact_label_fallback"", ""amount_method"": ""reported_amount_assumed_cumulative"", ""account_id"": ""ifrs-full_PurchaseOfIntangibleAssetsClassifiedAsInvestingActivities"", ""account_nm"": ""무형자산의 취득"", ""sj_div"": ""CF""}}",,CFS,True,False,71371308502.0,False
035720,00258801,카카오,2019,Q4,CFS,ok,,-441935054918.0,5740117751288.0,209437764192.0,28160525318.0,181277238874.0,20200213,20200213800014,영업(잠정)실적(공정공시),configured_stock_list_not_survivorship_free,True,"{""operating_profit"": {""value_raw_or_cumulative"": null, ""selection_rule"": ""missing"", ""amount_method"": ""missing"", ""account_id"": null, ""account_nm"": null, ""sj_div"": null}, ""net_income"": {""value_raw_or_cumulative"": -341924578348.0, ""selection_rule"": ""exact_label_fallback"", ""amount_method"": ""reported_amount_assumed_cumulative"", ""account_id"": ""ifrs-full_ProfitLoss"", ""account_nm"": ""당기순이익(손실)"", ""sj_div"": ""CIS""}, ""equity"": {""value_raw_or_cumulative"": 5740117751288.0, ""selection_rule"": ""exact_label_fallback"", ""amount_method"": ""reported_amount_assumed_cumulative"", ""account_id"": ""ifrs-full_Equity"", ""account_nm"": ""자본총계"", ""sj_div"": ""BS""}, ""cfo"": {""value_raw_or_cumulative"": 752667420203.0, ""selection_rule"": ""exact_label_fallback"", ""amount_method"": ""reported_amount_assumed_cumulative"", ""account_id"": ""ifrs-full_CashFlowsFromUsedInOperatingActivities"", ""account_nm"": ""영업활동현금흐름"", ""sj_div"": ""CF""}, ""capex_ppe"": {""value_raw_or_cumulative"": 106363615480.0, ""selection_rule"": ""exact_label_fallback"", ""amount_method"": ""reported_amount_assumed_cumulative"", ""account_id"": ""ifrs-full_PurchaseOfPropertyPlantAndEquipmentClassifiedAsInvestingActivities"", ""account_nm"": ""유형자산의 취득"", ""sj_div"": ""CF""}, ""capex_intangible"": {""value_raw_or_cumulative"": 62337392187.0, ""selection_rule"": ""exact_label_fallback"", ""amount_method"": ""reported_amount_assumed_cumulative"", ""account_id"": ""ifrs-full_PurchaseOfIntangibleAssetsClassifiedAsInvestingActivities"", ""account_nm"": ""무형자산의 취득"", ""sj_div"": ""CF""}}",,CFS,True,False,-341924578348.0,False
035720,00258801,카카오,2020,Q1,CFS,ok,,79899414481.0,6047810353804.0,209859051128.0,47450726536.0,162408324592.0,20200507,20200507800023,영업(잠정)실적(공정공시),configured_stock_list_not_survivorship_free,True,"{""operating_profit"": {""value_raw_or_cumulative"": null, ""selection_rule"": ""missing"", ""amount_method"": ""missing"", ""account_id"": null, ""account_nm"": null, ""sj_div"": null}, ""net_income"": {""value_raw_or_cumulative"": 79899414481.0, ""selection_rule"": ""exact_label_fallback"", ""amount_method"": ""reported_q1"", ""account_id"": ""ifrs-full_ProfitLoss"", ""account_nm"": ""당기순이익(손실)"", ""sj_div"": ""CIS""}, ""equity"": {""value_raw_or_cumulative"": 6047810353804.0, ""selection_rule"": ""exact_label_fallback"", ""amount_method"": ""reported_q1"", ""account_id"": ""ifrs-full_Equity"", ""account_nm"": ""자본총계"", ""sj_div"": ""BS""}, ""cfo"": {""value_raw_or_cumulative"": 209859051128.0, ""selection_rule"": ""exact_label_fallback"", ""amount_method"": ""reported_q1"", ""account_id"": ""ifrs-full_CashFlowsFromUsedInOperatingActivities"", ""account_nm"": ""영업활동현금흐름"", ""sj_div"": ""CF""}, ""capex_ppe"": {""value_raw_or_cumulative"": 40191147274.0, ""selection_rule"": ""exact_label_fallback"", ""amount_method"": ""reported_q1"", ""account_id"": ""ifrs-full_PurchaseOfPropertyPlantAndEquipmentClassifiedAsInvestingActivities"", ""account_nm"": ""유형자산의 취득"", ""sj_div"": ""CF""}, ""capex_intangible"": {""value_raw_or_cumulative"": 7259579262.0, ""selection_rule"": ""exact_label_fallback"", ""amount_method"": ""reported_q1"", ""account_id"": ""ifrs-full_PurchaseOfIntangibleAssetsClassifiedAsInvestingActivities"", ""account_nm"": ""무형자산의 취득"", ""sj_div"": ""CF""}}",,CFS,True,False,-279588832045.0,False
035720,00258801,카카오,2020,Q2,CFS,ok,,145222363913.0,6701469731116.0,68239073281.0,22606706214.0,45632367067.0,20200806,20200806800027,영업(잠정)실적(공정공시),configured_stock_list_not_survivorship_free,True,"{""operating_profit"": {""value_raw_or_cumulative"": null, ""selection_rule"": ""missing"", ""amount_method"": ""missing"", ""account_id"": null, ""account_nm"": null, ""sj_div"": null}, ""net_income"": {""value_raw_or_cumulative"": 225121778394.0, ""selection_rule"": ""exact_label_fallback"", ""amount_method"": ""cumulative_add_amount"", ""account_id"": ""ifrs-full_ProfitLoss"", ""account_nm"": ""당기순이익(손실)"", ""sj_div"": ""CIS""}, ""equity"": {""value_raw_or_cumulative"": 6701469731116.0, ""selection_rule"": ""exact_label_fallback"", ""amount_method"": ""reported_amount_assumed_cumulative"", ""account_id"": ""ifrs-full_Equity"", ""account_nm"": ""자본총계"", ""sj_div"": ""BS""}, ""cfo"": {""value_raw_or_cumulative"": 278098124409.0, ""selection_rule"": ""exact_label_fallback"", ""amount_method"": ""reported_amount_assumed_cumulative"", ""account_id"": ""ifrs-full_CashFlowsFromUsedInOperatingActivities"", ""account_nm"": ""영업활동현금흐름"", ""sj_div"": ""CF""}, ""capex_ppe"": {""value_raw_or_cumulative"": 48572437354.0, ""selection_rule"": ""exact_label_fallback"", ""amount_method"": ""reported_amount_assumed_cumulative"", ""account_id"": ""ifrs-full_PurchaseOfPropertyPlantAndEquipmentClassifiedAsInvestingActivities"", ""account_nm"": ""유형자산의 취득"", ""sj_div"": ""CF""}, ""capex_intangible"": {""value_raw_or_cumulative"": 21484995396.0, ""selection_rule"": ""exact_label_fallback"", ""amount_method"": ""reported_amount_assumed_cumulative"", ""account_id"": ""ifrs-full_PurchaseOfIntangibleAssetsClassifiedAsInvestingActivities"", ""account_nm"": ""무형자산의 취득"", ""sj_div"": ""CF""}}",,CFS,True,False,-165358962114.0,False
035720,00258801,카카오,2020,Q3,CFS,ok,,143728038530.0,7469816169125.0,390697535364.0,108647572354.0,282049963010.0,20201105,20201105800012,영업(잠정)실적(공정공시),configured_stock_list_not_survivorship_free,True,"{""operating_profit"": {""value_raw_or_cumulative"": null, ""selection_rule"": ""missing"", ""amount_method"": ""missing"", ""account_id"": null, ""account_nm"": null, ""sj_div"": null}, ""net_income"": {""value_raw_or_cumulative"": 368849816924.0, ""selection_rule"": ""exact_label_fallback"", ""amount_method"": ""cumulative_add_amount"", ""account_id"": ""ifrs-full_ProfitLoss"", ""account_nm"": ""당기순이익(손실)"", ""sj_div"": ""CIS""}, ""equity"": {""value_raw_or_cumulative"": 7469816169125.0, ""selection_rule"": ""exact_label_fallback"", ""amount_method"": ""reported_amount_assumed_cumulative"", ""account_id"": ""ifrs-full_Equity"", ""account_nm"": ""자본총계"", ""sj_div"": ""BS""}, ""cfo"": {""value_raw_or_cumulative"": 668795659773.0, ""selection_rule"": ""exact_label_fallback"", ""amount_method"": ""reported_amount_assumed_cumulative"", ""account_id"": ""ifrs-full_CashFlowsFromUsedInOperatingActivities"", ""account_nm"": ""영업활동현금흐름"", ""sj_div"": ""CF""}, ""capex_ppe"": {""value_raw_or_cumulative"": 141593664731.0, ""selection_rule"": ""exact_label_fallback"", ""amount_method"": ""reported_amount_assumed_cumulative"", ""account_id"": ""ifrs-full_PurchaseOfPropertyPlantAndEquipmentClassifiedAsInvestingActivities"", ""account_nm"": ""유형자산의 취득"", ""sj_div"": ""CF""}, ""capex_intangible"": {""value_raw_or_cumulative"": 37111340373.0, ""selection_rule"": ""exact_label_fallback"", ""amount_method"": ""reported_amount_assumed_cumulative"", ""account_id"": ""ifrs-full_PurchaseOfIntangibleAssetsClassifiedAsInvestingActivities"", ""account_nm"": ""무형자산의 취득"", ""sj_div"": ""CF""}}",,CFS,True,False,-73085237994.0,False
035720,00258801,카카오,2020,Q4,CFS,ok,,-199870912444.0,7411759473373.0,302300816800.0,91323835660.0,210976981140.0,20210209,20210209800020,영업(잠정)실적(공정공시),configured_stock_list_not_survivorship_free,True,"{""operating_profit"": {""value_raw_or_cumulative"": null, ""selection_rule"": ""missing"", ""amount_method"": ""missing"", ""account_id"": null, ""account_nm"": null, ""sj_div"": null}, ""net_income"": {""value_raw_or_cumulative"": 168978904480.0, ""selection_rule"": ""exact_label_fallback"", ""amount_method"": ""reported_amount_assumed_cumulative"", ""account_id"": ""ifrs-full_ProfitLoss"", ""account_nm"": ""당기순이익(손실)"", ""sj_div"": ""CIS""}, ""equity"": {""value_raw_or_cumulative"": 7411759473373.0, ""selection_rule"": ""exact_label_fallback"", ""amount_method"": ""reported_amount_assumed_cumulative"", ""account_id"": ""ifrs-full_Equity"", ""account_nm"": ""자본총계"", ""sj_div"": ""BS""}, ""cfo"": {""value_raw_or_cumulative"": 971096476573.0, ""selection_rule"": ""exact_label_fallback"", ""amount_method"": ""reported_amount_assumed_cumulative"", ""account_id"": ""ifrs-full_CashFlowsFromUsedInOperatingActivities"", ""account_nm"": ""영업활동현금흐름"", ""sj_div"": ""CF""}, ""capex_ppe"": {""value_raw_or_cumulative"": 183146811228.0, ""selection_rule"": ""exact_label_fallback"", ""amount_method"": ""reported_amount_assumed_cumulative"", ""account_id"": ""ifrs-full_PurchaseOfPropertyPlantAndEquipmentClassifiedAsInvestingActivities"", ""account_nm"": ""유형자산의 취득"", ""sj_div"": ""CF""}, ""capex_intangible"": {""value_raw_or_cumulative"": 86882029536.0, ""selection_rule"": ""exact_label_fallback"", ""amount_method"": ""reported_amount_assumed_cumulative"", ""account_id"": ""ifrs-full_PurchaseOfIntangibleAssetsClassifiedAsInvestingActivities"", ""account_nm"": ""무형자산의 취득"", ""sj_div"": ""CF""}}",,CFS,True,False,168978904480.0,False
035720,00258801,카카오,2021,Q1,CFS,ok,,239873772887.0,7877249862131.0,228040228980.0,78535083244.0,149505145736.0,20210506,20210506800010,영업(잠정)실적(공정공시),configured_stock_list_not_survivorship_free,True,"{""operating_profit"": {""value_raw_or_cumulative"": null, ""selection_rule"": ""missing"", ""amount_method"": ""missing"", ""account_id"": null, ""account_nm"": null, ""sj_div"": null}, ""net_income"": {""value_raw_or_cumulative"": 239873772887.0, ""selection_rule"": ""exact_label_fallback"", ""amount_method"": ""reported_q1"", ""account_id"": ""ifrs-full_ProfitLoss"", ""account_nm"": ""당기순이익(손실)"", ""sj_div"": ""CIS""}, ""equity"": {""value_raw_or_cumulative"": 7877249862131.0, ""selection_rule"": ""exact_label_fallback"", ""amount_method"": ""reported_q1"", ""account_id"": ""ifrs-full_Equity"", ""account_nm"": ""자본총계"", ""sj_div"": ""BS""}, ""cfo"": {""value_raw_or_cumulative"": 228040228980.0, ""selection_rule"": ""exact_label_fallback"", ""amount_method"": ""reported_q1"", ""account_id"": ""ifrs-full_CashFlowsFromUsedInOperatingActivities"", ""account_nm"": ""영업활동현금흐름"", ""sj_div"": ""CF""}, ""capex_ppe"": {""value_raw_or_cumulative"": 38847229636.0, ""selection_rule"": ""exact_label_fallback"", ""amount_method"": ""reported_q1"", ""account_id"": ""ifrs-full_PurchaseOfPropertyPlantAndEquipmentClassifiedAsInvestingActivities"", ""account_nm"": ""유형자산의 취득"", ""sj_div"": ""CF""}, ""capex_intangible"": {""value_raw_or_cumulative"": 39687853608.0, ""selection_rule"": ""exact_label_fallback"", ""amount_method"": ""reported_q1"", ""account_id"": ""ifrs-full_PurchaseOfIntangibleAssetsClassifiedAsInvestingActivities"", ""account_nm"": ""무형자산의 취득"", ""sj_div"": ""CF""}}",,CFS,True,False,328953262886.0,False
035720,00258801,카카오,2021,Q2,CFS,ok,,315924132162.0,9359758929091.0,257775071538.0,87147455691.0,170627615847.0,20210806,20210806800005,영업(잠정)실적(공정공시),configured_stock_list_not_survivorship_free,True,"{""operating_profit"": {""value_raw_or_cumulative"": null, ""selection_rule"": ""missing"", ""amount_method"": ""missing"", ""account_id"": null, ""account_nm"": null, ""sj_div"": null}, ""net_income"": {""value_raw_or_cumulative"": 555797905049.0, ""selection_rule"": ""exact_label_fallback"", ""amount_method"": ""cumulative_add_amount"", ""account_id"": ""ifrs-full_ProfitLoss"", ""account_nm"": ""당기순이익(손실)"", ""sj_div"": ""CIS""}, ""equity"": {""value_raw_or_cumulative"": 9359758929091.0, ""selection_rule"": ""exact_label_fallback"", ""amount_method"": ""reported_amount_assumed_cumulative"", ""account_id"": ""ifrs-full_Equity"", ""account_nm"": ""자본총계"", ""sj_div"": ""BS""}, ""cfo"": {""value_raw_or_cumulative"": 485815300518.0, ""selection_rule"": ""exact_label_fallback"", ""amount_method"": ""reported_amount_assumed_cumulative"", ""account_id"": ""ifrs-full_CashFlowsFromUsedInOperatingActivities"", ""account_nm"": ""영업활동현금흐름"", ""sj_div"": ""CF""}, ""capex_ppe"": {""value_raw_or_cumulative"": 94008085762.0, ""selection_rule"": ""exact_label_fallback"", ""amount_method"": ""reported_amount_assumed_cumulative"", ""account_id"": ""ifrs-full_PurchaseOfPropertyPlantAndEquipmentClassifiedAsInvestingActivities"", ""account_nm"": ""유형자산의 취득"", ""sj_div"": ""CF""}, ""capex_intangible"": {""value_raw_or_cumulative"": 71674453173.0, ""selection_rule"": ""exact_label_fallback"", ""amount_method"": ""reported_amount_assumed_cumulative"", ""account_id"": ""ifrs-full_PurchaseOfIntangibleAssetsClassifiedAsInvestingActivities"", ""account_nm"": ""무형자산의 취득"", ""sj_div"": ""CF""}}",,CFS,True,False,499655031135.0,False
035720,00258801,카카오,2021,Q3,CFS,ok,,866279098919.0,10905167562675.0,278844801722.0,102349754613.0,176495047109.0,20211104,20211104800012,영업(잠정)실적(공정공시),configured_stock_list_not_survivorship_free,True,"{""operating_profit"": {""value_raw_or_cumulative"": null, ""selection_rule"": ""missing"", ""amount_method"": ""missing"", ""account_id"": null, ""account_nm"": null, ""sj_div"": null}, ""net_income"": {""value_raw_or_cumulative"": 1422077003968.0, ""selection_rule"": ""exact_label_fallback"", ""amount_method"": ""cumulative_add_amount"", ""account_id"": ""ifrs-full_ProfitLoss"", ""account_nm"": ""당기순이익(손실)"", ""sj_div"": ""CIS""}, ""equity"": {""value_raw_or_cumulative"": 10905167562675.0, ""selection_rule"": ""exact_label_fallback"", ""amount_method"": ""reported_amount_assumed_cumulative"", ""account_id"": ""ifrs-full_Equity"", ""account_nm"": ""자본총계"", ""sj_div"": ""BS""}, ""cfo"": {""value_raw_or_cumulative"": 764660102240.0, ""selection_rule"": ""exact_label_fallback"", ""amount_method"": ""reported_amount_assumed_cumulative"", ""account_id"": ""ifrs-full_CashFlowsFromUsedInOperatingActivities"", ""account_nm"": ""영업활동현금흐름"", ""sj_div"": ""CF""}, ""capex_ppe"": {""value_raw_or_cumulative"": 147756551938.0, ""selection_rule"": ""exact_label_fallback"", ""amount_method"": ""reported_amount_assumed_cumulative"", ""account_id"": ""ifrs-full_PurchaseOfPropertyPlantAndEquipmentClassifiedAsInvestingActivities"", ""account_nm"": ""유형자산의 취득"", ""sj_div"": ""CF""}, ""capex_intangible"": {""value_raw_or_cumulative"": 120275741610.0, ""selection_rule"": ""exact_label_fallback"", ""amount_method"": ""reported_amount_assumed_cumulative"", ""account_id"": ""ifrs-full_PurchaseOfIntangibleAssetsClassifiedAsInvestingActivities"", ""account_nm"": ""무형자산의 취득"", ""sj_div"": ""CF""}}",,CFS,True,False,1222206091524.0,False
035720,00258801,카카오,2021,Q4,CFS,ok,,218407191438.0,13568333645679.0,541911424206.0,102671429845.0,439239994361.0,20220211,20220211800006,매출액또는손익구조30%(대규모법인은15%)이상변경,configured_stock_list_not_survivorship_free,True,"{""operating_profit"": {""value_raw_or_cumulative"": null, ""selection_rule"": ""missing"", ""amount_method"": ""missing"", ""account_id"": null, ""account_nm"": null, ""sj_div"": null}, ""net_income"": {""value_raw_or_cumulative"": 1640484195406.0, ""selection_rule"": ""exact_label_fallback"", ""amount_method"": ""reported_amount_assumed_cumulative"", ""account_id"": ""ifrs-full_ProfitLoss"", ""account_nm"": ""당기순이익(손실)"", ""sj_div"": ""CIS""}, ""equity"": {""value_raw_or_cumulative"": 13568333645679.0, ""selection_rule"": ""exact_label_fallback"", ""amount_method"": ""reported_amount_assumed_cumulative"", ""account_id"": ""ifrs-full_Equity"", ""account_nm"": ""자본총계"", ""sj_div"": ""BS""}, ""cfo"": {""value_raw_or_cumulative"": 1306571526446.0, ""selection_rule"": ""exact_label_fallback"", ""amount_method"": ""reported_amount_assumed_cumulative"", ""account_id"": ""ifrs-full_CashFlowsFromUsedInOperatingActivities"", ""account_nm"": ""영업활동현금흐름"", ""sj_div"": ""CF""}, ""capex_ppe"": {""value_raw_or_cumulative"": 216218815371.0, ""selection_rule"": ""exact_label_fallback"", ""amount_method"": ""reported_amount_assumed_cumulative"", ""account_id"": ""ifrs-full_PurchaseOfPropertyPlantAndEquipmentClassifiedAsInvestingActivities"", ""account_nm"": ""유형자산의 취득"", ""sj_div"": ""CF""}, ""capex_intangible"": {""value_raw_or_cumulative"": 154484908022.0, ""selection_rule"": ""exact_label_fallback"", ""amount_method"": ""reported_amount_assumed_cumulative"", ""account_id"": ""ifrs-full_PurchaseOfIntangibleAssetsClassifiedAsInvestingActivities"", ""account_nm"": ""무형자산의 취득"", ""sj_div"": ""CF""}}",,CFS,True,False,1640484195406.0,False
035720,00258801,카카오,2022,Q1,CFS,ok,,1322133625257.0,14895766842128.0,37256893407.0,84056669680.0,-46799776273.0,20220504,20220504800022,연결재무제표기준영업(잠정)실적(공정공시),configured_stock_list_not_survivorship_free,True,"{""operating_profit"": {""value_raw_or_cumulative"": null, ""selection_rule"": ""missing"", ""amount_method"": ""missing"", ""account_id"": null, ""account_nm"": null, ""sj_div"": null}, ""net_income"": {""value_raw_or_cumulative"": 1322133625257.0, ""selection_rule"": ""exact_label_fallback"", ""amount_method"": ""reported_q1"", ""account_id"": ""ifrs-full_ProfitLoss"", ""account_nm"": ""당기순이익(손실)"", ""sj_div"": ""CIS""}, ""equity"": {""value_raw_or_cumulative"": 14895766842128.0, ""selection_rule"": ""exact_label_fallback"", ""amount_method"": ""reported_q1"", ""account_id"": ""ifrs-full_Equity"", ""account_nm"": ""자본총계"", ""sj_div"": ""BS""}, ""cfo"": {""value_raw_or_cumulative"": 37256893407.0, ""selection_rule"": ""exact_label_fallback"", ""amount_method"": ""reported_q1"", ""account_id"": ""ifrs-full_CashFlowsFromUsedInOperatingActivities"", ""account_nm"": ""영업활동현금흐름"", ""sj_div"": ""CF""}, ""capex_ppe"": {""value_raw_or_cumulative"": 44840169729.0, ""selection_rule"": ""exact_label_fallback"", ""amount_method"": ""reported_q1"", ""account_id"": ""ifrs-full_PurchaseOfPropertyPlantAndEquipmentClassifiedAsInvestingActivities"", ""account_nm"": ""유형자산의 취득"", ""sj_div"": ""CF""}, ""capex_intangible"": {""value_raw_or_cumulative"": 39216499951.0, ""selection_rule"": ""exact_label_fallback"", ""amount_method"": ""reported_q1"", ""account_id"": ""ifrs-full_PurchaseOfIntangibleAssetsClassifiedAsInvestingActivities"", ""account_nm"": ""무형자산의 취득"", ""sj_div"": ""CF""}}",,CFS,True,False,2722744047776.0,False
035720,00258801,카카오,2022,Q2,CFS,ok,,101202767716.0,14821152791339.0,336123967.0,185532832324.0,-185196708357.0,20220804,20220804800005,연결재무제표기준영업(잠정)실적(공정공시),configured_stock_list_not_survivorship_free,True,"{""operating_profit"": {""value_raw_or_cumulative"": null, ""selection_rule"": ""missing"", ""amount_method"": ""missing"", ""account_id"": null, ""account_nm"": null, ""sj_div"": null}, ""net_income"": {""value_raw_or_cumulative"": 1423336392973.0, ""selection_rule"": ""exact_label_fallback"", ""amount_method"": ""cumulative_add_amount"", ""account_id"": ""ifrs-full_ProfitLoss"", ""account_nm"": ""당기순이익(손실)"", ""sj_div"": ""CIS""}, ""equity"": {""value_raw_or_cumulative"": 14821152791339.0, ""selection_rule"": ""exact_label_fallback"", ""amount_method"": ""reported_amount_assumed_cumulative"", ""account_id"": ""ifrs-full_Equity"", ""account_nm"": ""자본총계"", ""sj_div"": ""BS""}, ""cfo"": {""value_raw_or_cumulative"": 37593017374.0, ""selection_rule"": ""exact_label_fallback"", ""amount_method"": ""reported_amount_assumed_cumulative"", ""account_id"": ""ifrs-full_CashFlowsFromUsedInOperatingActivities"", ""account_nm"": ""영업활동현금흐름"", ""sj_div"": ""CF""}, ""capex_ppe"": {""value_raw_or_cumulative"": 164632563043.0, ""selection_rule"": ""exact_label_fallback"", ""amount_method"": ""reported_amount_assumed_cumulative"", ""account_id"": ""ifrs-full_PurchaseOfPropertyPlantAndEquipmentClassifiedAsInvestingActivities"", ""account_nm"": ""유형자산의 취득"", ""sj_div"": ""CF""}, ""capex_intangible"": {""value_raw_or_cumulative"": 104956938961.0, ""selection_rule"": ""exact_label_fallback"", ""amount_method"": ""reported_amount_assumed_cumulative"", ""account_id"": ""ifrs-full_PurchaseOfIntangibleAssetsClassifiedAsInvestingActivities"", ""account_nm"": ""무형자산의 취득"", ""sj_div"": ""CF""}}",,CFS,True,False,2508022683330.0,False
035720,00258801,카카오,2022,Q3,CFS,ok,,137161081437.0,15276812664302.0,436910358482.0,186716080812.0,250194277670.0,20221103,20221103800006,연결재무제표기준영업(잠정)실적(공정공시),configured_stock_list_not_survivorship_free,True,"{""operating_profit"": {""value_raw_or_cumulative"": null, ""selection_rule"": ""missing"", ""amount_method"": ""missing"", ""account_id"": null, ""account_nm"": null, ""sj_div"": null}, ""net_income"": {""value_raw_or_cumulative"": 1560497474410.0, ""selection_rule"": ""exact_label_fallback"", ""amount_method"": ""cumulative_add_amount"", ""account_id"": ""ifrs-full_ProfitLoss"", ""account_nm"": ""당기순이익(손실)"", ""sj_div"": ""CIS""}, ""equity"": {""value_raw_or_cumulative"": 15276812664302.0, ""selection_rule"": ""exact_label_fallback"", ""amount_method"": ""reported_amount_assumed_cumulative"", ""account_id"": ""ifrs-full_Equity"", ""account_nm"": ""자본총계"", ""sj_div"": ""BS""}, ""cfo"": {""value_raw_or_cumulative"": 474503375856.0, ""selection_rule"": ""exact_label_fallback"", ""amount_method"": ""reported_amount_assumed_cumulative"", ""account_id"": ""ifrs-full_CashFlowsFromUsedInOperatingActivities"", ""account_nm"": ""영업활동현금흐름"", ""sj_div"": ""CF""}, ""capex_ppe"": {""value_raw_or_cumulative"": 308027505823.0, ""selection_rule"": ""exact_label_fallback"", ""amount_method"": ""reported_amount_assumed_cumulative"", ""account_id"": ""ifrs-full_PurchaseOfPropertyPlantAndEquipmentClassifiedAsInvestingActivities"", ""account_nm"": ""유형자산의 취득"", ""sj_div"": ""CF""}, ""capex_intangible"": {""value_raw_or_cumulative"": 148278076993.0, ""selection_rule"": ""exact_label_fallback"", ""amount_method"": ""reported_amount_assumed_cumulative"", ""account_id"": ""ifrs-full_PurchaseOfIntangibleAssetsClassifiedAsInvestingActivities"", ""account_nm"": ""무형자산의 취득"", ""sj_div"": ""CF""}}",,CFS,True,False,1778904665848.0,False
035720,00258801,카카오,2022,Q4,CFS,ok,,-493503231605.0,13515682590325.0,203873115552.0,186570384301.0,17302731251.0,20230210,20230210800001,매출액또는손익구조30%(대규모법인은15%)이상변경,configured_stock_list_not_survivorship_free,True,"{""operating_profit"": {""value_raw_or_cumulative"": null, ""selection_rule"": ""missing"", ""amount_method"": ""missing"", ""account_id"": null, ""account_nm"": null, ""sj_div"": null}, ""net_income"": {""value_raw_or_cumulative"": 1066994242805.0, ""selection_rule"": ""exact_label_fallback"", ""amount_method"": ""reported_amount_assumed_cumulative"", ""account_id"": ""ifrs-full_ProfitLoss"", ""account_nm"": ""당기순이익(손실)"", ""sj_div"": ""CIS""}, ""equity"": {""value_raw_or_cumulative"": 13515682590325.0, ""selection_rule"": ""exact_label_fallback"", ""amount_method"": ""reported_amount_assumed_cumulative"", ""account_id"": ""ifrs-full_Equity"", ""account_nm"": ""자본총계"", ""sj_div"": ""BS""}, ""cfo"": {""value_raw_or_cumulative"": 678376491408.0, ""selection_rule"": ""exact_label_fallback"", ""amount_method"": ""reported_amount_assumed_cumulative"", ""account_id"": ""ifrs-full_CashFlowsFromUsedInOperatingActivities"", ""account_nm"": ""영업활동현금흐름"", ""sj_div"": ""CF""}, ""capex_ppe"": {""value_raw_or_cumulative"": 452915990820.0, ""selection_rule"": ""exact_label_fallback"", ""amount_method"": ""reported_amount_assumed_cumulative"", ""account_id"": ""ifrs-full_PurchaseOfPropertyPlantAndEquipmentClassifiedAsInvestingActivities"", ""account_nm"": ""유형자산의 취득"", ""sj_div"": ""CF""}, ""capex_intangible"": {""value_raw_or_cumulative"": 189959976297.0, ""selection_rule"": ""exact_label_fallback"", ""amount_method"": ""reported_amount_assumed_cumulative"", ""account_id"": ""ifrs-full_PurchaseOfIntangibleAssetsClassifiedAsInvestingActivities"", ""account_nm"": ""무형자산의 취득"", ""sj_div"": ""CF""}}",,CFS,True,False,1066994242805.0,False
068270,00413046,셀트리온,2015,Q1,,no_statement,,,,,,,20150514,20150514900693,영업(잠정)실적(공정공시),configured_stock_list_not_survivorship_free,True,{},,,False,False,,False
068270,00413046,셀트리온,2015,Q2,,no_statement,,,,,,,20150804,20150804900210,연결재무제표기준영업(잠정)실적(공정공시),configured_stock_list_not_survivorship_free,True,{},,,False,False,,False
068270,00413046,셀트리온,2015,Q3,,no_statement,,,,,,,20151110,20151110900189,연결재무제표기준영업(잠정)실적(공정공시),configured_stock_list_not_survivorship_free,True,{},,,False,False,,False
068270,00413046,셀트리온,2015,Q4,CFS,ok,,,1809840731285.0,,,,20160216,20160216900297,매출액또는손익구조30%(대규모법인은15%)이상변동,configured_stock_list_not_survivorship_free,True,"{""operating_profit"": {""value_raw_or_cumulative"": 258954318718.0, ""selection_rule"": ""standard_id"", ""amount_method"": ""reported_amount_assumed_cumulative"", ""account_id"": ""dart_OperatingIncomeLoss"", ""account_nm"": ""영업이익(손실)"", ""sj_div"": ""IS""}, ""net_income"": {""value_raw_or_cumulative"": 158281750300.0, ""selection_rule"": ""standard_id"", ""amount_method"": ""reported_amount_assumed_cumulative"", ""account_id"": ""ifrs_ProfitLoss"", ""account_nm"": ""당기순이익(손실)"", ""sj_div"": ""CIS""}, ""equity"": {""value_raw_or_cumulative"": 1809840731285.0, ""selection_rule"": ""standard_id"", ""amount_method"": ""reported_amount_assumed_cumulative"", ""account_id"": ""ifrs_Equity"", ""account_nm"": ""자본총계"", ""sj_div"": ""BS""}, ""cfo"": {""value_raw_or_cumulative"": 77566858430.0, ""selection_rule"": ""standard_id"", ""amount_method"": ""reported_amount_assumed_cumulative"", ""account_id"": ""ifrs_CashFlowsFromUsedInOperatingActivities"", ""account_nm"": ""영업활동현금흐름"", ""sj_div"": ""CF""}, ""capex_ppe"": {""value_raw_or_cumulative"": -50585400952.0, ""selection_rule"": ""exact_label_fallback"", ""amount_method"": ""reported_amount_assumed_cumulative"", ""account_id"": ""-표준계정코드 미사용-"", ""account_nm"": ""유형자산의 취득"", ""sj_div"": ""CF""}, ""capex_intangible"": {""value_raw_or_cumulative"": null, ""selection_rule"": ""missing"", ""amount_method"": ""missing"", ""account_id"": null, ""account_nm"": null, ""sj_div"": null}}",,,False,False,,False
068270,00413046,셀트리온,2016,Q1,CFS,ok,26983964618.0,,1979869603493.0,43046882625.0,-2196125483.0,45243008108.0,20160512,20160512900429,영업(잠정)실적(공정공시),configured_stock_list_not_survivorship_free,True,"{""operating_profit"": {""value_raw_or_cumulative"": 26983964618.0, ""selection_rule"": ""standard_id"", ""amount_method"": ""reported_q1"", ""account_id"": ""dart_OperatingIncomeLoss"", ""account_nm"": ""영업이익(손실)"", ""sj_div"": ""IS""}, ""net_income"": {""value_raw_or_cumulative"": null, ""selection_rule"": ""ambiguous_standard_id"", ""amount_method"": ""missing"", ""account_id"": null, ""account_nm"": null, ""sj_div"": null}, ""equity"": {""value_raw_or_cumulative"": 1979869603493.0, ""selection_rule"": ""standard_id"", ""amount_method"": ""reported_q1"", ""account_id"": ""ifrs_Equity"", ""account_nm"": ""자본총계"", ""sj_div"": ""BS""}, ""cfo"": {""value_raw_or_cumulative"": 43046882625.0, ""selection_rule"": ""standard_id"", ""amount_method"": ""reported_q1"", ""account_id"": ""ifrs_CashFlowsFromUsedInOperatingActivities"", ""account_nm"": ""영업활동현금흐름"", ""sj_div"": ""CF""}, ""capex_ppe"": {""value_raw_or_cumulative"": -2196125483.0, ""selection_rule"": ""exact_label_fallback"", ""amount_method"": ""reported_q1"", ""account_id"": ""-표준계정코드 미사용-"", ""account_nm"": ""유형자산의 취득"", ""sj_div"": ""CF""}, ""capex_intangible"": {""value_raw_or_cumulative"": null, ""selection_rule"": ""missing"", ""amount_method"": ""missing"", ""account_id"": null, ""account_nm"": null, ""sj_div"": null}}",,,False,False,,False
068270,00413046,셀트리온,2016,Q2,CFS,ok,77102677768.0,,2064132110897.0,-37227590075.0,-4379152010.0,-32848438065.0,20160809,20160809900242,연결재무제표기준영업(잠정)실적(공정공시),configured_stock_list_not_survivorship_free,True,"{""operating_profit"": {""value_raw_or_cumulative"": 104086642386.0, ""selection_rule"": ""standard_id"", ""amount_method"": ""cumulative_add_amount"", ""account_id"": ""dart_OperatingIncomeLoss"", ""account_nm"": ""영업이익(손실)"", ""sj_div"": ""IS""}, ""net_income"": {""value_raw_or_cumulative"": null, ""selection_rule"": ""ambiguous_standard_id"", ""amount_method"": ""missing"", ""account_id"": null, ""account_nm"": null, ""sj_div"": null}, ""equity"": {""value_raw_or_cumulative"": 2064132110897.0, ""selection_rule"": ""standard_id"", ""amount_method"": ""reported_amount_assumed_cumulative"", ""account_id"": ""ifrs_Equity"", ""account_nm"": ""자본총계"", ""sj_div"": ""BS""}, ""cfo"": {""value_raw_or_cumulative"": 5819292550.0, ""selection_rule"": ""standard_id"", ""amount_method"": ""reported_amount_assumed_cumulative"", ""account_id"": ""ifrs_CashFlowsFromUsedInOperatingActivities"", ""account_nm"": ""영업활동현금흐름"", ""sj_div"": ""CF""}, ""capex_ppe"": {""value_raw_or_cumulative"": -6575277493.0, ""selection_rule"": ""exact_label_fallback"", ""amount_method"": ""reported_amount_assumed_cumulative"", ""account_id"": ""-표준계정코드 미사용-"", ""account_nm"": ""유형자산의 취득"", ""sj_div"": ""CF""}, ""capex_intangible"": {""value_raw_or_cumulative"": null, ""selection_rule"": ""missing"", ""amount_method"": ""missing"", ""account_id"": null, ""account_nm"": null, ""sj_div"": null}}",,,False,False,,False
068270,00413046,셀트리온,2016,Q3,CFS,ok,74002247404.0,,2123911361428.0,84530630231.0,-1973934430.0,86504564661.0,20161110,20161110900496,영업(잠정)실적(공정공시),configured_stock_list_not_survivorship_free,True,"{""operating_profit"": {""value_raw_or_cumulative"": 178088889790.0, ""selection_rule"": ""standard_id"", ""amount_method"": ""cumulative_add_amount"", ""account_id"": ""dart_OperatingIncomeLoss"", ""account_nm"": ""영업이익(손실)"", ""sj_div"": ""IS""}, ""net_income"": {""value_raw_or_cumulative"": null, ""selection_rule"": ""ambiguous_standard_id"", ""amount_method"": ""missing"", ""account_id"": null, ""account_nm"": null, ""sj_div"": null}, ""equity"": {""value_raw_or_cumulative"": 2123911361428.0, ""selection_rule"": ""standard_id"", ""amount_method"": ""reported_amount_assumed_cumulative"", ""account_id"": ""ifrs_Equity"", ""account_nm"": ""자본총계"", ""sj_div"": ""BS""}, ""cfo"": {""value_raw_or_cumulative"": 90349922781.0, ""selection_rule"": ""standard_id"", ""amount_method"": ""reported_amount_assumed_cumulative"", ""account_id"": ""ifrs_CashFlowsFromUsedInOperatingActivities"", ""account_nm"": ""영업활동현금흐름"", ""sj_div"": ""CF""}, ""capex_ppe"": {""value_raw_or_cumulative"": -8549211923.0, ""selection_rule"": ""exact_label_fallback"", ""amount_method"": ""reported_amount_assumed_cumulative"", ""account_id"": ""-표준계정코드 미사용-"", ""account_nm"": ""유형자산의 취득"", ""sj_div"": ""CF""}, ""capex_intangible"": {""value_raw_or_cumulative"": null, ""selection_rule"": ""missing"", ""amount_method"": ""missing"", ""account_id"": null, ""account_nm"": null, ""sj_div"": null}}",,,False,False,,False
068270,00413046,셀트리온,2016,Q4,CFS,ok,43154144272.0,,2060873199657.0,139763490331.0,-5597825942.0,145361316273.0,20170216,20170216900431,영업(잠정)실적(공정공시),configured_stock_list_not_survivorship_free,True,"{""operating_profit"": {""value_raw_or_cumulative"": 221243034062.0, ""selection_rule"": ""standard_id"", ""amount_method"": ""reported_amount_assumed_cumulative"", ""account_id"": ""dart_OperatingIncomeLoss"", ""account_nm"": ""영업이익(손실)"", ""sj_div"": ""IS""}, ""net_income"": {""value_raw_or_cumulative"": null, ""selection_rule"": ""ambiguous_standard_id"", ""amount_method"": ""missing"", ""account_id"": null, ""account_nm"": null, ""sj_div"": null}, ""equity"": {""value_raw_or_cumulative"": 2060873199657.0, ""selection_rule"": ""standard_id"", ""amount_method"": ""reported_amount_assumed_cumulative"", ""account_id"": ""ifrs_Equity"", ""account_nm"": ""자본총계"", ""sj_div"": ""BS""}, ""cfo"": {""value_raw_or_cumulative"": 230113413112.0, ""selection_rule"": ""standard_id"", ""amount_method"": ""reported_amount_assumed_cumulative"", ""account_id"": ""ifrs_CashFlowsFromUsedInOperatingActivities"", ""account_nm"": ""영업활동현금흐름"", ""sj_div"": ""CF""}, ""capex_ppe"": {""value_raw_or_cumulative"": -14147037865.0, ""selection_rule"": ""exact_label_fallback"", ""amount_method"": ""reported_amount_assumed_cumulative"", ""account_id"": ""-표준계정코드 미사용-"", ""account_nm"": ""유형자산의 취득"", ""sj_div"": ""CF""}, ""capex_intangible"": {""value_raw_or_cumulative"": null, ""selection_rule"": ""missing"", ""amount_method"": ""missing"", ""account_id"": null, ""account_nm"": null, ""sj_div"": null}}",,CFS,True,False,,False
068270,00413046,셀트리온,2017,Q1,CFS,ok,89393695091.0,,2232903452114.0,179220596133.0,-3575325644.0,182795921777.0,20170511,20170511900059,영업(잠정)실적(공정공시),configured_stock_list_not_survivorship_free,True,"{""operating_profit"": {""value_raw_or_cumulative"": 89393695091.0, ""selection_rule"": ""standard_id"", ""amount_method"": ""reported_q1"", ""account_id"": ""dart_OperatingIncomeLoss"", ""account_nm"": ""영업이익(손실)"", ""sj_div"": ""IS""}, ""net_income"": {""value_raw_or_cumulative"": null, ""selection_rule"": ""ambiguous_standard_id"", ""amount_method"": ""missing"", ""account_id"": null, ""account_nm"": null, ""sj_div"": null}, ""equity"": {""value_raw_or_cumulative"": 2232903452114.0, ""selection_rule"": ""standard_id"", ""amount_method"": ""reported_q1"", ""account_id"": ""ifrs_Equity"", ""account_nm"": ""자본총계"", ""sj_div"": ""BS""}, ""cfo"": {""value_raw_or_cumulative"": 179220596133.0, ""selection_rule"": ""standard_id"", ""amount_method"": ""reported_q1"", ""account_id"": ""ifrs_CashFlowsFromUsedInOperatingActivities"", ""account_nm"": ""영업활동현금흐름"", ""sj_div"": ""CF""}, ""capex_ppe"": {""value_raw_or_cumulative"": -3575325644.0, ""selection_rule"": ""exact_label_fallback"", ""amount_method"": ""reported_q1"", ""account_id"": ""-표준계정코드 미사용-"", ""account_nm"": ""유형자산의 취득"", ""sj_div"": ""CF""}, ""capex_intangible"": {""value_raw_or_cumulative"": null, ""selection_rule"": ""missing"", ""amount_method"": ""missing"", ""account_id"": null, ""account_nm"": null, ""sj_div"": null}}",26983964618.0,CFS,True,False,,False
068270,00413046,셀트리온,2017,Q2,CFS,ok,138329380801.0,,2346959583192.0,90608220467.0,-1865644159.0,92473864626.0,20170726,20170726900041,연결재무제표기준영업(잠정)실적(공정공시),configured_stock_list_not_survivorship_free,True,"{""operating_profit"": {""value_raw_or_cumulative"": 227723075892.0, ""selection_rule"": ""standard_id"", ""amount_method"": ""cumulative_add_amount"", ""account_id"": ""dart_OperatingIncomeLoss"", ""account_nm"": ""영업이익(손실)"", ""sj_div"": ""IS""}, ""net_income"": {""value_raw_or_cumulative"": null, ""selection_rule"": ""ambiguous_standard_id"", ""amount_method"": ""missing"", ""account_id"": null, ""account_nm"": null, ""sj_div"": null}, ""equity"": {""value_raw_or_cumulative"": 2346959583192.0, ""selection_rule"": ""standard_id"", ""amount_method"": ""reported_amount_assumed_cumulative"", ""account_id"": ""ifrs_Equity"", ""account_nm"": ""자본총계"", ""sj_div"": ""BS""}, ""cfo"": {""value_raw_or_cumulative"": 269828816600.0, ""selection_rule"": ""standard_id"", ""amount_method"": ""reported_amount_assumed_cumulative"", ""account_id"": ""ifrs_CashFlowsFromUsedInOperatingActivities"", ""account_nm"": ""영업활동현금흐름"", ""sj_div"": ""CF""}, ""capex_ppe"": {""value_raw_or_cumulative"": -5440969803.0, ""selection_rule"": ""exact_label_fallback"", ""amount_method"": ""reported_amount_assumed_cumulative"", ""account_id"": ""-표준계정코드 미사용-"", ""account_nm"": ""유형자산의 취득"", ""sj_div"": ""CF""}, ""capex_intangible"": {""value_raw_or_cumulative"": null, ""selection_rule"": ""missing"", ""amount_method"": ""missing"", ""account_id"": null, ""account_nm"": null, ""sj_div"": null}}",77102677768.0,CFS,True,False,,False
068270,00413046,셀트리온,2017,Q3,CFS,ok,140106544632.0,,2462561200917.0,71070112976.0,-1994606704.0,73064719680.0,20171108,20171108900071,연결재무제표기준영업(잠정)실적(공정공시),configured_stock_list_not_survivorship_free,True,"{""operating_profit"": {""value_raw_or_cumulative"": 367829620524.0, ""selection_rule"": ""standard_id"", ""amount_method"": ""cumulative_add_amount"", ""account_id"": ""dart_OperatingIncomeLoss"", ""account_nm"": ""영업이익(손실)"", ""sj_div"": ""IS""}, ""net_income"": {""value_raw_or_cumulative"": null, ""selection_rule"": ""ambiguous_standard_id"", ""amount_method"": ""missing"", ""account_id"": null, ""account_nm"": null, ""sj_div"": null}, ""equity"": {""value_raw_or_cumulative"": 2462561200917.0, ""selection_rule"": ""standard_id"", ""amount_method"": ""reported_amount_assumed_cumulative"", ""account_id"": ""ifrs_Equity"", ""account_nm"": ""자본총계"", ""sj_div"": ""BS""}, ""cfo"": {""value_raw_or_cumulative"": 340898929576.0, ""selection_rule"": ""standard_id"", ""amount_method"": ""reported_amount_assumed_cumulative"", ""account_id"": ""ifrs_CashFlowsFromUsedInOperatingActivities"", ""account_nm"": ""영업활동현금흐름"", ""sj_div"": ""CF""}, ""capex_ppe"": {""value_raw_or_cumulative"": -7435576507.0, ""selection_rule"": ""exact_label_fallback"", ""amount_method"": ""reported_amount_assumed_cumulative"", ""account_id"": ""-표준계정코드 미사용-"", ""account_nm"": ""유형자산의 취득"", ""sj_div"": ""CF""}, ""capex_intangible"": {""value_raw_or_cumulative"": -83038210615.0, ""selection_rule"": ""exact_label_fallback"", ""amount_method"": ""reported_amount_assumed_cumulative"", ""account_id"": ""-표준계정코드 미사용-"", ""account_nm"": ""무형자산의 취득"", ""sj_div"": ""CF""}}",74002247404.0,CFS,True,False,,False
068270,00413046,셀트리온,2017,Q4,CFS,ok,131755930063.0,,2410497675294.0,145081788555.0,-6512169616.0,151593958171.0,20180119,20180119900241,매출액또는손익구조30%(대규모법인은15%)이상변동,configured_stock_list_not_survivorship_free,True,"{""operating_profit"": {""value_raw_or_cumulative"": 499585550587.0, ""selection_rule"": ""standard_id"", ""amount_method"": ""reported_amount_assumed_cumulative"", ""account_id"": ""dart_OperatingIncomeLoss"", ""account_nm"": ""영업이익(손실)"", ""sj_div"": ""IS""}, ""net_income"": {""value_raw_or_cumulative"": null, ""selection_rule"": ""ambiguous_standard_id"", ""amount_method"": ""missing"", ""account_id"": null, ""account_nm"": null, ""sj_div"": null}, ""equity"": {""value_raw_or_cumulative"": 2410497675294.0, ""selection_rule"": ""standard_id"", ""amount_method"": ""reported_amount_assumed_cumulative"", ""account_id"": ""ifrs_Equity"", ""account_nm"": ""자본총계"", ""sj_div"": ""BS""}, ""cfo"": {""value_raw_or_cumulative"": 485980718131.0, ""selection_rule"": ""standard_id"", ""amount_method"": ""reported_amount_assumed_cumulative"", ""account_id"": ""ifrs_CashFlowsFromUsedInOperatingActivities"", ""account_nm"": ""영업활동현금흐름"", ""sj_div"": ""CF""}, ""capex_ppe"": {""value_raw_or_cumulative"": -21004409334.0, ""selection_rule"": ""exact_label_fallback"", ""amount_method"": ""reported_amount_assumed_cumulative"", ""account_id"": ""-표준계정코드 미사용-"", ""account_nm"": ""유형자산의 취득"", ""sj_div"": ""CF""}, ""capex_intangible"": {""value_raw_or_cumulative"": -75981547404.0, ""selection_rule"": ""exact_label_fallback"", ""amount_method"": ""reported_amount_assumed_cumulative"", ""account_id"": ""-표준계정코드 미사용-"", ""account_nm"": ""무형자산의 취득"", ""sj_div"": ""CF""}}",43154144272.0,CFS,True,False,,False
068270,00413046,셀트리온,2018,Q1,CFS,ok,116465354321.0,,2639148988741.0,109262149107.0,-32203179031.0,141465328138.0,20180402,20180402004060,사업보고서 (2017.12),configured_stock_list_not_survivorship_free,True,"{""operating_profit"": {""value_raw_or_cumulative"": 116465354321.0, ""selection_rule"": ""standard_id"", ""amount_method"": ""reported_q1"", ""account_id"": ""dart_OperatingIncomeLoss"", ""account_nm"": ""영업이익(손실)"", ""sj_div"": ""IS""}, ""net_income"": {""value_raw_or_cumulative"": null, ""selection_rule"": ""ambiguous_standard_id"", ""amount_method"": ""missing"", ""account_id"": null, ""account_nm"": null, ""sj_div"": null}, ""equity"": {""value_raw_or_cumulative"": 2639148988741.0, ""selection_rule"": ""standard_id"", ""amount_method"": ""reported_q1"", ""account_id"": ""ifrs_Equity"", ""account_nm"": ""자본총계"", ""sj_div"": ""BS""}, ""cfo"": {""value_raw_or_cumulative"": 109262149107.0, ""selection_rule"": ""standard_id"", ""amount_method"": ""reported_q1"", ""account_id"": ""ifrs_CashFlowsFromUsedInOperatingActivities"", ""account_nm"": ""영업활동현금흐름"", ""sj_div"": ""CF""}, ""capex_ppe"": {""value_raw_or_cumulative"": -6118469980.0, ""selection_rule"": ""exact_label_fallback"", ""amount_method"": ""reported_q1"", ""account_id"": ""-표준계정코드 미사용-"", ""account_nm"": ""유형자산의 취득"", ""sj_div"": ""CF""}, ""capex_intangible"": {""value_raw_or_cumulative"": -26084709051.0, ""selection_rule"": ""exact_label_fallback"", ""amount_method"": ""reported_q1"", ""account_id"": ""-표준계정코드 미사용-"", ""account_nm"": ""무형자산의 취득"", ""sj_div"": ""CF""}}",89393695091.0,CFS,True,False,,False
068270,00413046,셀트리온,2018,Q2,CFS,ok,108220571119.0,,2732499529881.0,90302380757.0,-51641413463.0,141943794220.0,20180720,20180720000460,[기재정정]사업보고서 (2017.12),configured_stock_list_not_survivorship_free,True,"{""operating_profit"": {""value_raw_or_cumulative"": 224685925440.0, ""selection_rule"": ""standard_id"", ""amount_method"": ""cumulative_add_amount"", ""account_id"": ""dart_OperatingIncomeLoss"", ""account_nm"": ""영업이익(손실)"", ""sj_div"": ""IS""}, ""net_income"": {""value_raw_or_cumulative"": null, ""selection_rule"": ""ambiguous_standard_id"", ""amount_method"": ""missing"", ""account_id"": null, ""account_nm"": null, ""sj_div"": null}, ""equity"": {""value_raw_or_cumulative"": 2732499529881.0, ""selection_rule"": ""standard_id"", ""amount_method"": ""reported_amount_assumed_cumulative"", ""account_id"": ""ifrs_Equity"", ""account_nm"": ""자본총계"", ""sj_div"": ""BS""}, ""cfo"": {""value_raw_or_cumulative"": 199564529864.0, ""selection_rule"": ""standard_id"", ""amount_method"": ""reported_amount_assumed_cumulative"", ""account_id"": ""ifrs_CashFlowsFromUsedInOperatingActivities"", ""account_nm"": ""영업활동현금흐름"", ""sj_div"": ""CF""}, ""capex_ppe"": {""value_raw_or_cumulative"": -21013341958.0, ""selection_rule"": ""exact_label_fallback"", ""amount_method"": ""reported_amount_assumed_cumulative"", ""account_id"": ""-표준계정코드 미사용-"", ""account_nm"": ""유형자산의 취득"", ""sj_div"": ""CF""}, ""capex_intangible"": {""value_raw_or_cumulative"": -62831250536.0, ""selection_rule"": ""exact_label_fallback"", ""amount_method"": ""reported_amount_assumed_cumulative"", ""account_id"": ""-표준계정코드 미사용-"", ""account_nm"": ""무형자산의 취득"", ""sj_div"": ""CF""}}",138329380801.0,CFS,True,False,,False
068270,00413046,셀트리온,2018,Q3,CFS,ok,70011582568.0,,2647155004709.0,48828516782.0,-41255842994.0,90084359776.0,20181109,20181109800392,연결재무제표기준영업(잠정)실적(공정공시),configured_stock_list_not_survivorship_free,True,"{""operating_profit"": {""value_raw_or_cumulative"": 294697508008.0, ""selection_rule"": ""standard_id"", ""amount_method"": ""cumulative_add_amount"", ""account_id"": ""dart_OperatingIncomeLoss"", ""account_nm"": ""영업이익(손실)"", ""sj_div"": ""IS""}, ""net_income"": {""value_raw_or_cumulative"": null, ""selection_rule"": ""ambiguous_standard_id"", ""amount_method"": ""missing"", ""account_id"": null, ""account_nm"": null, ""sj_div"": null}, ""equity"": {""value_raw_or_cumulative"": 2647155004709.0, ""selection_rule"": ""standard_id"", ""amount_method"": ""reported_amount_assumed_cumulative"", ""account_id"": ""ifrs_Equity"", ""account_nm"": ""자본총계"", ""sj_div"": ""BS""}, ""cfo"": {""value_raw_or_cumulative"": 248393046646.0, ""selection_rule"": ""standard_id"", ""amount_method"": ""reported_amount_assumed_cumulative"", ""account_id"": ""ifrs_CashFlowsFromUsedInOperatingActivities"", ""account_nm"": ""영업활동현금흐름"", ""sj_div"": ""CF""}, ""capex_ppe"": {""value_raw_or_cumulative"": -39125327094.0, ""selection_rule"": ""exact_label_fallback"", ""amount_method"": ""reported_amount_assumed_cumulative"", ""account_id"": ""-표준계정코드 미사용-"", ""account_nm"": ""유형자산의 취득"", ""sj_div"": ""CF""}, ""capex_intangible"": {""value_raw_or_cumulative"": -85975108394.0, ""selection_rule"": ""exact_label_fallback"", ""amount_method"": ""reported_amount_assumed_cumulative"", ""account_id"": ""-표준계정코드 미사용-"", ""account_nm"": ""무형자산의 취득"", ""sj_div"": ""CF""}}",140106544632.0,CFS,True,False,,False
068270,00413046,셀트리온,2018,Q4,CFS,ok,28434050357.0,,2595259392584.0,116393036615.0,-62716840097.0,179109876712.0,20190225,20190225800715,매출액또는손익구조30%(대규모법인은15%)이상변경,configured_stock_list_not_survivorship_free,True,"{""operating_profit"": {""value_raw_or_cumulative"": 323131558365.0, ""selection_rule"": ""standard_id"", ""amount_method"": ""reported_amount_assumed_cumulative"", ""account_id"": ""dart_OperatingIncomeLoss"", ""account_nm"": ""영업이익(손실)"", ""sj_div"": ""IS""}, ""net_income"": {""value_raw_or_cumulative"": null, ""selection_rule"": ""ambiguous_standard_id"", ""amount_method"": ""missing"", ""account_id"": null, ""account_nm"": null, ""sj_div"": null}, ""equity"": {""value_raw_or_cumulative"": 2595259392584.0, ""selection_rule"": ""standard_id"", ""amount_method"": ""reported_amount_assumed_cumulative"", ""account_id"": ""ifrs_Equity"", ""account_nm"": ""자본총계"", ""sj_div"": ""BS""}, ""cfo"": {""value_raw_or_cumulative"": 364786083261.0, ""selection_rule"": ""standard_id"", ""amount_method"": ""reported_amount_assumed_cumulative"", ""account_id"": ""ifrs_CashFlowsFromUsedInOperatingActivities"", ""account_nm"": ""영업활동현금흐름"", ""sj_div"": ""CF""}, ""capex_ppe"": {""value_raw_or_cumulative"": -79427709122.0, ""selection_rule"": ""exact_label_fallback"", ""amount_method"": ""reported_amount_assumed_cumulative"", ""account_id"": ""-표준계정코드 미사용-"", ""account_nm"": ""유형자산의 취득"", ""sj_div"": ""CF""}, ""capex_intangible"": {""value_raw_or_cumulative"": -108389566463.0, ""selection_rule"": ""exact_label_fallback"", ""amount_method"": ""reported_amount_assumed_cumulative"", ""account_id"": ""-표준계정코드 미사용-"", ""account_nm"": ""무형자산의 취득"", ""sj_div"": ""CF""}}",131755930063.0,CFS,True,False,,False
068270,00413046,셀트리온,2019,Q1,CFS,ok,77355873875.0,,2643750173750.0,135457043311.0,-48047842254.0,183504885565.0,20190401,20190401004234,사업보고서 (2018.12),configured_stock_list_not_survivorship_free,True,"{""operating_profit"": {""value_raw_or_cumulative"": 77355873875.0, ""selection_rule"": ""standard_id"", ""amount_method"": ""reported_q1"", ""account_id"": ""dart_OperatingIncomeLoss"", ""account_nm"": ""영업이익(손실)"", ""sj_div"": ""IS""}, ""net_income"": {""value_raw_or_cumulative"": null, ""selection_rule"": ""ambiguous_standard_id"", ""amount_method"": ""missing"", ""account_id"": null, ""account_nm"": null, ""sj_div"": null}, ""equity"": {""value_raw_or_cumulative"": 2643750173750.0, ""selection_rule"": ""standard_id"", ""amount_method"": ""reported_q1"", ""account_id"": ""ifrs_Equity"", ""account_nm"": ""자본총계"", ""sj_div"": ""BS""}, ""cfo"": {""value_raw_or_cumulative"": 135457043311.0, ""selection_rule"": ""standard_id"", ""amount_method"": ""reported_q1"", ""account_id"": ""ifrs_CashFlowsFromUsedInOperatingActivities"", ""account_nm"": ""영업활동현금흐름"", ""sj_div"": ""CF""}, ""capex_ppe"": {""value_raw_or_cumulative"": -20963588879.0, ""selection_rule"": ""exact_label_fallback"", ""amount_method"": ""reported_q1"", ""account_id"": ""-표준계정코드 미사용-"", ""account_nm"": ""유형자산의 취득"", ""sj_div"": ""CF""}, ""capex_intangible"": {""value_raw_or_cumulative"": -27084253375.0, ""selection_rule"": ""exact_label_fallback"", ""amount_method"": ""reported_q1"", ""account_id"": ""-표준계정코드 미사용-"", ""account_nm"": ""무형자산의 취득"", ""sj_div"": ""CF""}}",116465354321.0,CFS,True,False,,False
068270,00413046,셀트리온,2019,Q2,CFS,ok,83361637592.0,,2742344366609.0,74045556112.0,-56534886198.0,130580442310.0,20190801,20190801800293,영업(잠정)실적(공정공시),configured_stock_list_not_survivorship_free,True,"{""operating_profit"": {""value_raw_or_cumulative"": 160717511467.0, ""selection_rule"": ""standard_id"", ""amount_method"": ""cumulative_add_amount"", ""account_id"": ""dart_OperatingIncomeLoss"", ""account_nm"": ""영업이익(손실)"", ""sj_div"": ""IS""}, ""net_income"": {""value_raw_or_cumulative"": null, ""selection_rule"": ""ambiguous_standard_id"", ""amount_method"": ""missing"", ""account_id"": null, ""account_nm"": null, ""sj_div"": null}, ""equity"": {""value_raw_or_cumulative"": 2742344366609.0, ""selection_rule"": ""standard_id"", ""amount_method"": ""reported_amount_assumed_cumulative"", ""account_id"": ""ifrs_Equity"", ""account_nm"": ""자본총계"", ""sj_div"": ""BS""}, ""cfo"": {""value_raw_or_cumulative"": 209502599423.0, ""selection_rule"": ""standard_id"", ""amount_method"": ""reported_amount_assumed_cumulative"", ""account_id"": ""ifrs_CashFlowsFromUsedInOperatingActivities"", ""account_nm"": ""영업활동현금흐름"", ""sj_div"": ""CF""}, ""capex_ppe"": {""value_raw_or_cumulative"": -36301673014.0, ""selection_rule"": ""exact_label_fallback"", ""amount_method"": ""reported_amount_assumed_cumulative"", ""account_id"": ""-표준계정코드 미사용-"", ""account_nm"": ""유형자산의 취득"", ""sj_div"": ""CF""}, ""capex_intangible"": {""value_raw_or_cumulative"": -68281055438.0, ""selection_rule"": ""exact_label_fallback"", ""amount_method"": ""reported_amount_assumed_cumulative"", ""account_id"": ""-표준계정코드 미사용-"", ""account_nm"": ""무형자산의 취득"", ""sj_div"": ""CF""}}",108220571119.0,CFS,True,False,,False
068270,00413046,셀트리온,2019,Q3,CFS,ok,103149130013.0,,2808920352843.0,132004274835.0,-80688495346.0,212692770181.0,20191106,20191106800189,영업(잠정)실적(공정공시),configured_stock_list_not_survivorship_free,True,"{""operating_profit"": {""value_raw_or_cumulative"": 263866641480.0, ""selection_rule"": ""standard_id"", ""amount_method"": ""cumulative_add_amount"", ""account_id"": ""dart_OperatingIncomeLoss"", ""account_nm"": ""영업이익(손실)"", ""sj_div"": ""IS""}, ""net_income"": {""value_raw_or_cumulative"": null, ""selection_rule"": ""ambiguous_fallback"", ""amount_method"": ""missing"", ""account_id"": null, ""account_nm"": null, ""sj_div"": null}, ""equity"": {""value_raw_or_cumulative"": 2808920352843.0, ""selection_rule"": ""exact_label_fallback"", ""amount_method"": ""reported_amount_assumed_cumulative"", ""account_id"": ""ifrs-full_Equity"", ""account_nm"": ""자본총계"", ""sj_div"": ""BS""}, ""cfo"": {""value_raw_or_cumulative"": 341506874258.0, ""selection_rule"": ""exact_label_fallback"", ""amount_method"": ""reported_amount_assumed_cumulative"", ""account_id"": ""ifrs-full_CashFlowsFromUsedInOperatingActivities"", ""account_nm"": ""영업활동현금흐름"", ""sj_div"": ""CF""}, ""capex_ppe"": {""value_raw_or_cumulative"": -70731005337.0, ""selection_rule"": ""exact_label_fallback"", ""amount_method"": ""reported_amount_assumed_cumulative"", ""account_id"": ""-표준계정코드 미사용-"", ""account_nm"": ""유형자산의 취득"", ""sj_div"": ""CF""}, ""capex_intangible"": {""value_raw_or_cumulative"": -114540218461.0, ""selection_rule"": ""exact_label_fallback"", ""amount_method"": ""reported_amount_assumed_cumulative"", ""account_id"": ""-표준계정코드 미사용-"", ""account_nm"": ""무형자산의 취득"", ""sj_div"": ""CF""}}",70011582568.0,CFS,True,False,,False
068270,00413046,셀트리온,2019,Q4,CFS,ok,117665831095.0,,2872913210933.0,132487013454.0,-100866543865.0,233353557319.0,20200219,20200219800373,매출액또는손익구조30%(대규모법인은15%)이상변경,configured_stock_list_not_survivorship_free,True,"{""operating_profit"": {""value_raw_or_cumulative"": 381532472575.0, ""selection_rule"": ""standard_id"", ""amount_method"": ""reported_amount_assumed_cumulative"", ""account_id"": ""dart_OperatingIncomeLoss"", ""account_nm"": ""영업이익(손실)"", ""sj_div"": ""IS""}, ""net_income"": {""value_raw_or_cumulative"": null, ""selection_rule"": ""ambiguous_fallback"", ""amount_method"": ""missing"", ""account_id"": null, ""account_nm"": null, ""sj_div"": null}, ""equity"": {""value_raw_or_cumulative"": 2872913210933.0, ""selection_rule"": ""exact_label_fallback"", ""amount_method"": ""reported_amount_assumed_cumulative"", ""account_id"": ""ifrs-full_Equity"", ""account_nm"": ""자본총계"", ""sj_div"": ""BS""}, ""cfo"": {""value_raw_or_cumulative"": 473993887712.0, ""selection_rule"": ""exact_label_fallback"", ""amount_method"": ""reported_amount_assumed_cumulative"", ""account_id"": ""ifrs-full_CashFlowsFromUsedInOperatingActivities"", ""account_nm"": ""영업활동현금흐름"", ""sj_div"": ""CF""}, ""capex_ppe"": {""value_raw_or_cumulative"": -94277989303.0, ""selection_rule"": ""exact_label_fallback"", ""amount_method"": ""reported_amount_assumed_cumulative"", ""account_id"": ""-표준계정코드 미사용-"", ""account_nm"": ""유형자산의 취득"", ""sj_div"": ""CF""}, ""capex_intangible"": {""value_raw_or_cumulative"": -191859778360.0, ""selection_rule"": ""exact_label_fallback"", ""amount_method"": ""reported_amount_assumed_cumulative"", ""account_id"": ""-표준계정코드 미사용-"", ""account_nm"": ""무형자산의 취득"", ""sj_div"": ""CF""}}",28434050357.0,CFS,True,False,,False
068270,00413046,셀트리온,2020,Q1,CFS,ok,120241411124.0,,3004634680593.0,57435042736.0,-61528899328.0,118963942064.0,20200410,20200410002837,[기재정정]사업보고서 (2019.12),configured_stock_list_not_survivorship_free,True,"{""operating_profit"": {""value_raw_or_cumulative"": 120241411124.0, ""selection_rule"": ""standard_id"", ""amount_method"": ""reported_q1"", ""account_id"": ""dart_OperatingIncomeLoss"", ""account_nm"": ""영업이익(손실)"", ""sj_div"": ""IS""}, ""net_income"": {""value_raw_or_cumulative"": null, ""selection_rule"": ""ambiguous_fallback"", ""amount_method"": ""missing"", ""account_id"": null, ""account_nm"": null, ""sj_div"": null}, ""equity"": {""value_raw_or_cumulative"": 3004634680593.0, ""selection_rule"": ""exact_label_fallback"", ""amount_method"": ""reported_q1"", ""account_id"": ""ifrs-full_Equity"", ""account_nm"": ""자본총계"", ""sj_div"": ""BS""}, ""cfo"": {""value_raw_or_cumulative"": 57435042736.0, ""selection_rule"": ""exact_label_fallback"", ""amount_method"": ""reported_q1"", ""account_id"": ""ifrs-full_CashFlowsFromUsedInOperatingActivities"", ""account_nm"": ""영업활동현금흐름"", ""sj_div"": ""CF""}, ""capex_ppe"": {""value_raw_or_cumulative"": -29270164847.0, ""selection_rule"": ""exact_label_fallback"", ""amount_method"": ""reported_q1"", ""account_id"": ""-표준계정코드 미사용-"", ""account_nm"": ""유형자산의 취득"", ""sj_div"": ""CF""}, ""capex_intangible"": {""value_raw_or_cumulative"": -32258734481.0, ""selection_rule"": ""exact_label_fallback"", ""amount_method"": ""reported_q1"", ""account_id"": ""-표준계정코드 미사용-"", ""account_nm"": ""무형자산의 취득"", ""sj_div"": ""CF""}}",77355873875.0,CFS,True,False,,False
068270,00413046,셀트리온,2020,Q2,CFS,ok,181842188235.0,,3165460175359.0,93949806947.0,-45190091284.0,139139898231.0,20200807,20200807800350,연결재무제표기준영업(잠정)실적(공정공시),configured_stock_list_not_survivorship_free,True,"{""operating_profit"": {""value_raw_or_cumulative"": 302083599359.0, ""selection_rule"": ""standard_id"", ""amount_method"": ""cumulative_add_amount"", ""account_id"": ""dart_OperatingIncomeLoss"", ""account_nm"": ""영업이익(손실)"", ""sj_div"": ""IS""}, ""net_income"": {""value_raw_or_cumulative"": null, ""selection_rule"": ""ambiguous_fallback"", ""amount_method"": ""missing"", ""account_id"": null, ""account_nm"": null, ""sj_div"": null}, ""equity"": {""value_raw_or_cumulative"": 3165460175359.0, ""selection_rule"": ""exact_label_fallback"", ""amount_method"": ""reported_amount_assumed_cumulative"", ""account_id"": ""ifrs-full_Equity"", ""account_nm"": ""자본총계"", ""sj_div"": ""BS""}, ""cfo"": {""value_raw_or_cumulative"": 151384849683.0, ""selection_rule"": ""exact_label_fallback"", ""amount_method"": ""reported_amount_assumed_cumulative"", ""account_id"": ""ifrs-full_CashFlowsFromUsedInOperatingActivities"", ""account_nm"": ""영업활동현금흐름"", ""sj_div"": ""CF""}, ""capex_ppe"": {""value_raw_or_cumulative"": -46108076583.0, ""selection_rule"": ""exact_label_fallback"", ""amount_method"": ""reported_amount_assumed_cumulative"", ""account_id"": ""-표준계정코드 미사용-"", ""account_nm"": ""유형자산의 취득"", ""sj_div"": ""CF""}, ""capex_intangible"": {""value_raw_or_cumulative"": -60610914029.0, ""selection_rule"": ""exact_label_fallback"", ""amount_method"": ""reported_amount_assumed_cumulative"", ""account_id"": ""-표준계정코드 미사용-"", ""account_nm"": ""무형자산의 취득"", ""sj_div"": ""CF""}}",83361637592.0,CFS,True,False,,False
068270,00413046,셀트리온,2020,Q3,CFS,ok,245273750608.0,,3354498631653.0,22769515021.0,-76898483560.0,99667998581.0,20201109,20201109800276,연결재무제표기준영업(잠정)실적(공정공시),configured_stock_list_not_survivorship_free,True,"{""operating_profit"": {""value_raw_or_cumulative"": 547357349967.0, ""selection_rule"": ""standard_id"", ""amount_method"": ""cumulative_add_amount"", ""account_id"": ""dart_OperatingIncomeLoss"", ""account_nm"": ""영업이익(손실)"", ""sj_div"": ""IS""}, ""net_income"": {""value_raw_or_cumulative"": null, ""selection_rule"": ""ambiguous_fallback"", ""amount_method"": ""missing"", ""account_id"": null, ""account_nm"": null, ""sj_div"": null}, ""equity"": {""value_raw_or_cumulative"": 3354498631653.0, ""selection_rule"": ""exact_label_fallback"", ""amount_method"": ""reported_amount_assumed_cumulative"", ""account_id"": ""ifrs-full_Equity"", ""account_nm"": ""자본총계"", ""sj_div"": ""BS""}, ""cfo"": {""value_raw_or_cumulative"": 174154364704.0, ""selection_rule"": ""exact_label_fallback"", ""amount_method"": ""reported_amount_assumed_cumulative"", ""account_id"": ""ifrs-full_CashFlowsFromUsedInOperatingActivities"", ""account_nm"": ""영업활동현금흐름"", ""sj_div"": ""CF""}, ""capex_ppe"": {""value_raw_or_cumulative"": -65466518338.0, ""selection_rule"": ""exact_label_fallback"", ""amount_method"": ""reported_amount_assumed_cumulative"", ""account_id"": ""-표준계정코드 미사용-"", ""account_nm"": ""유형자산의 취득"", ""sj_div"": ""CF""}, ""capex_intangible"": {""value_raw_or_cumulative"": -118150955834.0, ""selection_rule"": ""exact_label_fallback"", ""amount_method"": ""reported_amount_assumed_cumulative"", ""account_id"": ""-표준계정코드 미사용-"", ""account_nm"": ""무형자산의 취득"", ""sj_div"": ""CF""}}",103149130013.0,CFS,True,False,,False
068270,00413046,셀트리온,2020,Q4,CFS,ok,171220009849.0,,3427580354138.0,176592307266.0,-357774977375.0,534367284641.0,20210222,20210222800448,영업(잠정)실적(공정공시),configured_stock_list_not_survivorship_free,True,"{""operating_profit"": {""value_raw_or_cumulative"": 718577359816.0, ""selection_rule"": ""standard_id"", ""amount_method"": ""reported_amount_assumed_cumulative"", ""account_id"": ""dart_OperatingIncomeLoss"", ""account_nm"": ""영업이익(손실)"", ""sj_div"": ""IS""}, ""net_income"": {""value_raw_or_cumulative"": null, ""selection_rule"": ""ambiguous_fallback"", ""amount_method"": ""missing"", ""account_id"": null, ""account_nm"": null, ""sj_div"": null}, ""equity"": {""value_raw_or_cumulative"": 3427580354138.0, ""selection_rule"": ""exact_label_fallback"", ""amount_method"": ""reported_amount_assumed_cumulative"", ""account_id"": ""ifrs-full_Equity"", ""account_nm"": ""자본총계"", ""sj_div"": ""BS""}, ""cfo"": {""value_raw_or_cumulative"": 350746671970.0, ""selection_rule"": ""exact_label_fallback"", ""amount_method"": ""reported_amount_assumed_cumulative"", ""account_id"": ""ifrs-full_CashFlowsFromUsedInOperatingActivities"", ""account_nm"": ""영업활동현금흐름"", ""sj_div"": ""CF""}, ""capex_ppe"": {""value_raw_or_cumulative"": -87008156984.0, ""selection_rule"": ""exact_label_fallback"", ""amount_method"": ""reported_amount_assumed_cumulative"", ""account_id"": ""-표준계정코드 미사용-"", ""account_nm"": ""유형자산의 취득"", ""sj_div"": ""CF""}, ""capex_intangible"": {""value_raw_or_cumulative"": -454384294563.0, ""selection_rule"": ""exact_label_fallback"", ""amount_method"": ""reported_amount_assumed_cumulative"", ""account_id"": ""-표준계정코드 미사용-"", ""account_nm"": ""무형자산의 취득"", ""sj_div"": ""CF""}}",117665831095.0,CFS,True,False,,False
068270,00413046,셀트리온,2021,Q1,CFS,ok,207656108157.0,,3626456289215.0,112481690205.0,-43975985642.0,156457675847.0,20210512,20210512800304,영업(잠정)실적(공정공시),configured_stock_list_not_survivorship_free,True,"{""operating_profit"": {""value_raw_or_cumulative"": 207656108157.0, ""selection_rule"": ""standard_id"", ""amount_method"": ""reported_q1"", ""account_id"": ""dart_OperatingIncomeLoss"", ""account_nm"": ""영업이익(손실)"", ""sj_div"": ""IS""}, ""net_income"": {""value_raw_or_cumulative"": null, ""selection_rule"": ""ambiguous_fallback"", ""amount_method"": ""missing"", ""account_id"": null, ""account_nm"": null, ""sj_div"": null}, ""equity"": {""value_raw_or_cumulative"": 3626456289215.0, ""selection_rule"": ""exact_label_fallback"", ""amount_method"": ""reported_q1"", ""account_id"": ""ifrs-full_Equity"", ""account_nm"": ""자본총계"", ""sj_div"": ""BS""}, ""cfo"": {""value_raw_or_cumulative"": 112481690205.0, ""selection_rule"": ""exact_label_fallback"", ""amount_method"": ""reported_q1"", ""account_id"": ""ifrs-full_CashFlowsFromUsedInOperatingActivities"", ""account_nm"": ""영업활동현금흐름"", ""sj_div"": ""CF""}, ""capex_ppe"": {""value_raw_or_cumulative"": -10612973273.0, ""selection_rule"": ""exact_label_fallback"", ""amount_method"": ""reported_q1"", ""account_id"": ""-표준계정코드 미사용-"", ""account_nm"": ""유형자산의 취득"", ""sj_div"": ""CF""}, ""capex_intangible"": {""value_raw_or_cumulative"": -33363012369.0, ""selection_rule"": ""exact_label_fallback"", ""amount_method"": ""reported_q1"", ""account_id"": ""-표준계정코드 미사용-"", ""account_nm"": ""무형자산의 취득"", ""sj_div"": ""CF""}}",120241411124.0,CFS,True,False,,False
068270,00413046,셀트리온,2021,Q2,CFS,ok,163209997320.0,,3780921269805.0,223905214521.0,-90106213598.0,314011428119.0,20210813,20210813800814,영업(잠정)실적(공정공시),configured_stock_list_not_survivorship_free,True,"{""operating_profit"": {""value_raw_or_cumulative"": 370866105477.0, ""selection_rule"": ""standard_id"", ""amount_method"": ""cumulative_add_amount"", ""account_id"": ""dart_OperatingIncomeLoss"", ""account_nm"": ""영업이익(손실)"", ""sj_div"": ""IS""}, ""net_income"": {""value_raw_or_cumulative"": null, ""selection_rule"": ""ambiguous_fallback"", ""amount_method"": ""missing"", ""account_id"": null, ""account_nm"": null, ""sj_div"": null}, ""equity"": {""value_raw_or_cumulative"": 3780921269805.0, ""selection_rule"": ""exact_label_fallback"", ""amount_method"": ""reported_amount_assumed_cumulative"", ""account_id"": ""ifrs-full_Equity"", ""account_nm"": ""자본총계"", ""sj_div"": ""BS""}, ""cfo"": {""value_raw_or_cumulative"": 336386904726.0, ""selection_rule"": ""exact_label_fallback"", ""amount_method"": ""reported_amount_assumed_cumulative"", ""account_id"": ""ifrs-full_CashFlowsFromUsedInOperatingActivities"", ""account_nm"": ""영업활동현금흐름"", ""sj_div"": ""CF""}, ""capex_ppe"": {""value_raw_or_cumulative"": -22616435075.0, ""selection_rule"": ""exact_label_fallback"", ""amount_method"": ""reported_amount_assumed_cumulative"", ""account_id"": ""-표준계정코드 미사용-"", ""account_nm"": ""유형자산의 취득"", ""sj_div"": ""CF""}, ""capex_intangible"": {""value_raw_or_cumulative"": -111465764165.0, ""selection_rule"": ""exact_label_fallback"", ""amount_method"": ""reported_amount_assumed_cumulative"", ""account_id"": ""-표준계정코드 미사용-"", ""account_nm"": ""무형자산의 취득"", ""sj_div"": ""CF""}}",181842188235.0,CFS,True,False,,False
068270,00413046,셀트리온,2021,Q3,CFS,ok,163975416165.0,,3942374731987.0,206881968762.0,-111240830057.0,318122798819.0,20211110,20211110800346,영업(잠정)실적(공정공시),configured_stock_list_not_survivorship_free,True,"{""operating_profit"": {""value_raw_or_cumulative"": 534841521642.0, ""selection_rule"": ""standard_id"", ""amount_method"": ""cumulative_add_amount"", ""account_id"": ""dart_OperatingIncomeLoss"", ""account_nm"": ""영업이익(손실)"", ""sj_div"": ""IS""}, ""net_income"": {""value_raw_or_cumulative"": null, ""selection_rule"": ""ambiguous_fallback"", ""amount_method"": ""missing"", ""account_id"": null, ""account_nm"": null, ""sj_div"": null}, ""equity"": {""value_raw_or_cumulative"": 3942374731987.0, ""selection_rule"": ""exact_label_fallback"", ""amount_method"": ""reported_amount_assumed_cumulative"", ""account_id"": ""ifrs-full_Equity"", ""account_nm"": ""자본총계"", ""sj_div"": ""BS""}, ""cfo"": {""value_raw_or_cumulative"": 543268873488.0, ""selection_rule"": ""exact_label_fallback"", ""amount_method"": ""reported_amount_assumed_cumulative"", ""account_id"": ""ifrs-full_CashFlowsFromUsedInOperatingActivities"", ""account_nm"": ""영업활동현금흐름"", ""sj_div"": ""CF""}, ""capex_ppe"": {""value_raw_or_cumulative"": -43110860506.0, ""selection_rule"": ""exact_label_fallback"", ""amount_method"": ""reported_amount_assumed_cumulative"", ""account_id"": ""-표준계정코드 미사용-"", ""account_nm"": ""유형자산의 취득"", ""sj_div"": ""CF""}, ""capex_intangible"": {""value_raw_or_cumulative"": -202212168791.0, ""selection_rule"": ""exact_label_fallback"", ""amount_method"": ""reported_amount_assumed_cumulative"", ""account_id"": ""-표준계정코드 미사용-"", ""account_nm"": ""무형자산의 취득"", ""sj_div"": ""CF""}}",245273750608.0,CFS,True,False,,False
068270,00413046,셀트리온,2021,Q4,CFS,ok,222015585584.0,,4050374686795.0,367890558839.0,-76242459261.0,444133018100.0,20220216,20220216800241,영업(잠정)실적(공정공시),configured_stock_list_not_survivorship_free,True,"{""operating_profit"": {""value_raw_or_cumulative"": 756857107226.0, ""selection_rule"": ""standard_id"", ""amount_method"": ""reported_amount_assumed_cumulative"", ""account_id"": ""dart_OperatingIncomeLoss"", ""account_nm"": ""영업이익"", ""sj_div"": ""IS""}, ""net_income"": {""value_raw_or_cumulative"": null, ""selection_rule"": ""ambiguous_fallback"", ""amount_method"": ""missing"", ""account_id"": null, ""account_nm"": null, ""sj_div"": null}, ""equity"": {""value_raw_or_cumulative"": 4050374686795.0, ""selection_rule"": ""exact_label_fallback"", ""amount_method"": ""reported_amount_assumed_cumulative"", ""account_id"": ""ifrs-full_Equity"", ""account_nm"": ""자본총계"", ""sj_div"": ""BS""}, ""cfo"": {""value_raw_or_cumulative"": 911159432327.0, ""selection_rule"": ""exact_label_fallback"", ""amount_method"": ""reported_amount_assumed_cumulative"", ""account_id"": ""ifrs-full_CashFlowsFromUsedInOperatingActivities"", ""account_nm"": ""영업활동현금흐름"", ""sj_div"": ""CF""}, ""capex_ppe"": {""value_raw_or_cumulative"": -63379331965.0, ""selection_rule"": ""exact_label_fallback"", ""amount_method"": ""reported_amount_assumed_cumulative"", ""account_id"": ""-표준계정코드 미사용-"", ""account_nm"": ""유형자산의 취득"", ""sj_div"": ""CF""}, ""capex_intangible"": {""value_raw_or_cumulative"": -258186156593.0, ""selection_rule"": ""exact_label_fallback"", ""amount_method"": ""reported_amount_assumed_cumulative"", ""account_id"": ""-표준계정코드 미사용-"", ""account_nm"": ""무형자산의 취득"", ""sj_div"": ""CF""}}",171220009849.0,CFS,True,False,,False
068270,00413046,셀트리온,2022,Q1,CFS,ok,142281190048.0,,3880998858216.0,14034415760.0,-63794731296.0,77829147056.0,20220512,20220512000841,[기재정정]사업보고서 (2016.12),configured_stock_list_not_survivorship_free,True,"{""operating_profit"": {""value_raw_or_cumulative"": 142281190048.0, ""selection_rule"": ""standard_id"", ""amount_method"": ""reported_q1"", ""account_id"": ""dart_OperatingIncomeLoss"", ""account_nm"": ""영업이익"", ""sj_div"": ""IS""}, ""net_income"": {""value_raw_or_cumulative"": null, ""selection_rule"": ""ambiguous_fallback"", ""amount_method"": ""missing"", ""account_id"": null, ""account_nm"": null, ""sj_div"": null}, ""equity"": {""value_raw_or_cumulative"": 3880998858216.0, ""selection_rule"": ""exact_label_fallback"", ""amount_method"": ""reported_q1"", ""account_id"": ""ifrs-full_Equity"", ""account_nm"": ""자본총계"", ""sj_div"": ""BS""}, ""cfo"": {""value_raw_or_cumulative"": 14034415760.0, ""selection_rule"": ""exact_label_fallback"", ""amount_method"": ""reported_q1"", ""account_id"": ""ifrs-full_CashFlowsFromUsedInOperatingActivities"", ""account_nm"": ""영업활동현금흐름"", ""sj_div"": ""CF""}, ""capex_ppe"": {""value_raw_or_cumulative"": -17557693155.0, ""selection_rule"": ""exact_label_fallback"", ""amount_method"": ""reported_q1"", ""account_id"": ""-표준계정코드 미사용-"", ""account_nm"": ""유형자산의 취득"", ""sj_div"": ""CF""}, ""capex_intangible"": {""value_raw_or_cumulative"": -46237038141.0, ""selection_rule"": ""exact_label_fallback"", ""amount_method"": ""reported_q1"", ""account_id"": ""-표준계정코드 미사용-"", ""account_nm"": ""무형자산의 취득"", ""sj_div"": ""CF""}}",207656108157.0,CFS,True,False,,False
068270,00413046,셀트리온,2022,Q2,CFS,ok,198966519757.0,,4037935019375.0,-238428738522.0,-70204381429.0,-168224357093.0,20220805,20220805800348,영업(잠정)실적(공정공시),configured_stock_list_not_survivorship_free,True,"{""operating_profit"": {""value_raw_or_cumulative"": 341247709805.0, ""selection_rule"": ""standard_id"", ""amount_method"": ""cumulative_add_amount"", ""account_id"": ""dart_OperatingIncomeLoss"", ""account_nm"": ""영업이익"", ""sj_div"": ""IS""}, ""net_income"": {""value_raw_or_cumulative"": null, ""selection_rule"": ""ambiguous_fallback"", ""amount_method"": ""missing"", ""account_id"": null, ""account_nm"": null, ""sj_div"": null}, ""equity"": {""value_raw_or_cumulative"": 4037935019375.0, ""selection_rule"": ""exact_label_fallback"", ""amount_method"": ""reported_amount_assumed_cumulative"", ""account_id"": ""ifrs-full_Equity"", ""account_nm"": ""자본총계"", ""sj_div"": ""BS""}, ""cfo"": {""value_raw_or_cumulative"": -224394322762.0, ""selection_rule"": ""exact_label_fallback"", ""amount_method"": ""reported_amount_assumed_cumulative"", ""account_id"": ""ifrs-full_CashFlowsFromUsedInOperatingActivities"", ""account_nm"": ""영업활동현금흐름"", ""sj_div"": ""CF""}, ""capex_ppe"": {""value_raw_or_cumulative"": -47855118560.0, ""selection_rule"": ""exact_label_fallback"", ""amount_method"": ""reported_amount_assumed_cumulative"", ""account_id"": ""-표준계정코드 미사용-"", ""account_nm"": ""유형자산의 취득"", ""sj_div"": ""CF""}, ""capex_intangible"": {""value_raw_or_cumulative"": -86143994165.0, ""selection_rule"": ""exact_label_fallback"", ""amount_method"": ""reported_amount_assumed_cumulative"", ""account_id"": ""-표준계정코드 미사용-"", ""account_nm"": ""무형자산의 취득"", ""sj_div"": ""CF""}}",163209997320.0,CFS,True,False,,False
068270,00413046,셀트리온,2022,Q3,CFS,ok,205324171645.0,,4239787632308.0,137948053102.0,-94592849869.0,232540902971.0,20221109,20221109800369,영업(잠정)실적(공정공시),configured_stock_list_not_survivorship_free,True,"{""operating_profit"": {""value_raw_or_cumulative"": 546571881450.0, ""selection_rule"": ""standard_id"", ""amount_method"": ""cumulative_add_amount"", ""account_id"": ""dart_OperatingIncomeLoss"", ""account_nm"": ""영업이익"", ""sj_div"": ""IS""}, ""net_income"": {""value_raw_or_cumulative"": null, ""selection_rule"": ""ambiguous_fallback"", ""amount_method"": ""missing"", ""account_id"": null, ""account_nm"": null, ""sj_div"": null}, ""equity"": {""value_raw_or_cumulative"": 4239787632308.0, ""selection_rule"": ""exact_label_fallback"", ""amount_method"": ""reported_amount_assumed_cumulative"", ""account_id"": ""ifrs-full_Equity"", ""account_nm"": ""자본총계"", ""sj_div"": ""BS""}, ""cfo"": {""value_raw_or_cumulative"": -86446269660.0, ""selection_rule"": ""exact_label_fallback"", ""amount_method"": ""reported_amount_assumed_cumulative"", ""account_id"": ""ifrs-full_CashFlowsFromUsedInOperatingActivities"", ""account_nm"": ""영업활동현금흐름"", ""sj_div"": ""CF""}, ""capex_ppe"": {""value_raw_or_cumulative"": -91050939305.0, ""selection_rule"": ""exact_label_fallback"", ""amount_method"": ""reported_amount_assumed_cumulative"", ""account_id"": ""-표준계정코드 미사용-"", ""account_nm"": ""유형자산의 취득"", ""sj_div"": ""CF""}, ""capex_intangible"": {""value_raw_or_cumulative"": -137541023289.0, ""selection_rule"": ""exact_label_fallback"", ""amount_method"": ""reported_amount_assumed_cumulative"", ""account_id"": ""-표준계정코드 미사용-"", ""account_nm"": ""무형자산의 취득"", ""sj_div"": ""CF""}}",163975416165.0,CFS,True,False,,False
068270,00413046,셀트리온,2022,Q4,CFS,ok,100626293136.0,,4274204269789.0,87309801644.0,-83393737864.0,170703539508.0,20230303,20230303800601,영업(잠정)실적(공정공시),configured_stock_list_not_survivorship_free,True,"{""operating_profit"": {""value_raw_or_cumulative"": 647198174586.0, ""selection_rule"": ""standard_id"", ""amount_method"": ""reported_amount_assumed_cumulative"", ""account_id"": ""dart_OperatingIncomeLoss"", ""account_nm"": ""영업이익"", ""sj_div"": ""IS""}, ""net_income"": {""value_raw_or_cumulative"": null, ""selection_rule"": ""ambiguous_fallback"", ""amount_method"": ""missing"", ""account_id"": null, ""account_nm"": null, ""sj_div"": null}, ""equity"": {""value_raw_or_cumulative"": 4274204269789.0, ""selection_rule"": ""exact_label_fallback"", ""amount_method"": ""reported_amount_assumed_cumulative"", ""account_id"": ""ifrs-full_Equity"", ""account_nm"": ""자본총계"", ""sj_div"": ""BS""}, ""cfo"": {""value_raw_or_cumulative"": 863531984.0, ""selection_rule"": ""exact_label_fallback"", ""amount_method"": ""reported_amount_assumed_cumulative"", ""account_id"": ""ifrs-full_CashFlowsFromUsedInOperatingActivities"", ""account_nm"": ""영업활동현금흐름"", ""sj_div"": ""CF""}, ""capex_ppe"": {""value_raw_or_cumulative"": -111168804221.0, ""selection_rule"": ""exact_label_fallback"", ""amount_method"": ""reported_amount_assumed_cumulative"", ""account_id"": ""-표준계정코드 미사용-"", ""account_nm"": ""유형자산의 취득"", ""sj_div"": ""CF""}, ""capex_intangible"": {""value_raw_or_cumulative"": -200816896237.0, ""selection_rule"": ""exact_label_fallback"", ""amount_method"": ""reported_amount_assumed_cumulative"", ""account_id"": ""-표준계정코드 미사용-"", ""account_nm"": ""무형자산의 취득"", ""sj_div"": ""CF""}}",222015585584.0,CFS,True,False,,False
091990,00554024,셀트리온헬스케어,2015,Q1,,no_statement,,,,,,,,,,configured_stock_list_not_survivorship_free,True,{},,,False,False,,False
091990,00554024,셀트리온헬스케어,2015,Q2,,no_statement,,,,,,,,,,configured_stock_list_not_survivorship_free,True,{},,,False,False,,False
091990,00554024,셀트리온헬스케어,2015,Q3,,no_statement,,,,,,,,,,configured_stock_list_not_survivorship_free,True,{},,,False,False,,False
091990,00554024,셀트리온헬스케어,2015,Q4,,no_statement,,,,,,,,,,configured_stock_list_not_survivorship_free,True,{},,,False,False,,False
091990,00554024,셀트리온헬스케어,2016,Q1,,no_statement,,,,,,,,,,configured_stock_list_not_survivorship_free,True,{},,,False,False,,False
091990,00554024,셀트리온헬스케어,2016,Q2,,no_statement,,,,,,,,,,configured_stock_list_not_survivorship_free,True,{},,,False,False,,False
091990,00554024,셀트리온헬스케어,2016,Q3,,no_statement,,,,,,,,,,configured_stock_list_not_survivorship_free,True,{},,,False,False,,False
091990,00554024,셀트리온헬스케어,2016,Q4,CFS,ok,,,611229301328.0,,,,20170331,20170331005119,사업보고서 (2016.12),configured_stock_list_not_survivorship_free,True,"{""operating_profit"": {""value_raw_or_cumulative"": null, ""selection_rule"": ""missing"", ""amount_method"": ""missing"", ""account_id"": null, ""account_nm"": null, ""sj_div"": null}, ""net_income"": {""value_raw_or_cumulative"": 123502926972.0, ""selection_rule"": ""standard_id"", ""amount_method"": ""reported_amount_assumed_cumulative"", ""account_id"": ""ifrs_ProfitLoss"", ""account_nm"": ""당기순이익(손실)"", ""sj_div"": ""CIS""}, ""equity"": {""value_raw_or_cumulative"": 611229301328.0, ""selection_rule"": ""standard_id"", ""amount_method"": ""reported_amount_assumed_cumulative"", ""account_id"": ""ifrs_Equity"", ""account_nm"": ""자본총계"", ""sj_div"": ""BS""}, ""cfo"": {""value_raw_or_cumulative"": 30435615542.0, ""selection_rule"": ""standard_id"", ""amount_method"": ""reported_amount_assumed_cumulative"", ""account_id"": ""ifrs_CashFlowsFromUsedInOperatingActivities"", ""account_nm"": ""영업활동현금흐름"", ""sj_div"": ""CF""}, ""capex_ppe"": {""value_raw_or_cumulative"": 44498302.0, ""selection_rule"": ""standard_id"", ""amount_method"": ""reported_amount_assumed_cumulative"", ""account_id"": ""ifrs_PurchaseOfPropertyPlantAndEquipmentClassifiedAsInvestingActivities"", ""account_nm"": ""유형자산의 취득"", ""sj_div"": ""CF""}, ""capex_intangible"": {""value_raw_or_cumulative"": 107007393.0, ""selection_rule"": ""standard_id"", ""amount_method"": ""reported_amount_assumed_cumulative"", ""account_id"": ""ifrs_PurchaseOfIntangibleAssetsClassifiedAsInvestingActivities"", ""account_nm"": ""무형자산의 취득"", ""sj_div"": ""CF""}}",,,False,False,,False
091990,00554024,셀트리온헬스케어,2017,Q1,,no_statement,,,,,,,20170530,20170530000486,분기보고서 (2017.03),configured_stock_list_not_survivorship_free,True,{},,,False,False,,False
091990,00554024,셀트리온헬스케어,2017,Q2,CFS,ok,,,726764576993.0,,,,20170829,20170829000231,반기보고서 (2017.06),configured_stock_list_not_survivorship_free,True,"{""operating_profit"": {""value_raw_or_cumulative"": null, ""selection_rule"": ""missing"", ""amount_method"": ""missing"", ""account_id"": null, ""account_nm"": null, ""sj_div"": null}, ""net_income"": {""value_raw_or_cumulative"": 75739727442.0, ""selection_rule"": ""standard_id"", ""amount_method"": ""cumulative_add_amount"", ""account_id"": ""ifrs_ProfitLoss"", ""account_nm"": ""당기순이익(손실)"", ""sj_div"": ""CIS""}, ""equity"": {""value_raw_or_cumulative"": 726764576993.0, ""selection_rule"": ""standard_id"", ""amount_method"": ""reported_amount_assumed_cumulative"", ""account_id"": ""ifrs_Equity"", ""account_nm"": ""자본총계"", ""sj_div"": ""BS""}, ""cfo"": {""value_raw_or_cumulative"": -4721264615.0, ""selection_rule"": ""standard_id"", ""amount_method"": ""reported_amount_assumed_cumulative"", ""account_id"": ""ifrs_CashFlowsFromUsedInOperatingActivities"", ""account_nm"": ""영업활동현금흐름"", ""sj_div"": ""CF""}, ""capex_ppe"": {""value_raw_or_cumulative"": -173159509.0, ""selection_rule"": ""exact_label_fallback"", ""amount_method"": ""reported_amount_assumed_cumulative"", ""account_id"": ""-표준계정코드 미사용-"", ""account_nm"": ""유형자산의 취득"", ""sj_div"": ""CF""}, ""capex_intangible"": {""value_raw_or_cumulative"": -697326400.0, ""selection_rule"": ""exact_label_fallback"", ""amount_method"": ""reported_amount_assumed_cumulative"", ""account_id"": ""-표준계정코드 미사용-"", ""account_nm"": ""무형자산의 취득"", ""sj_div"": ""CF""}}",,,False,False,,False
091990,00554024,셀트리온헬스케어,2017,Q3,CFS,ok,,30714274484.0,1763689468003.0,-80953957854.0,2162151504.0,-83116109358.0,20171115,20171115000164,분기보고서 (2017.09),configured_stock_list_not_survivorship_free,True,"{""operating_profit"": {""value_raw_or_cumulative"": null, ""selection_rule"": ""missing"", ""amount_method"": ""missing"", ""account_id"": null, ""account_nm"": null, ""sj_div"": null}, ""net_income"": {""value_raw_or_cumulative"": 106454001926.0, ""selection_rule"": ""standard_id"", ""amount_method"": ""cumulative_add_amount"", ""account_id"": ""ifrs_ProfitLoss"", ""account_nm"": ""당기순이익"", ""sj_div"": ""CIS""}, ""equity"": {""value_raw_or_cumulative"": 1763689468003.0, ""selection_rule"": ""standard_id"", ""amount_method"": ""reported_amount_assumed_cumulative"", ""account_id"": ""ifrs_Equity"", ""account_nm"": ""자본총계"", ""sj_div"": ""BS""}, ""cfo"": {""value_raw_or_cumulative"": -85675222469.0, ""selection_rule"": ""standard_id"", ""amount_method"": ""reported_amount_assumed_cumulative"", ""account_id"": ""ifrs_CashFlowsFromUsedInOperatingActivities"", ""account_nm"": ""영업활동현금흐름"", ""sj_div"": ""CF""}, ""capex_ppe"": {""value_raw_or_cumulative"": 245717846.0, ""selection_rule"": ""standard_id"", ""amount_method"": ""reported_amount_assumed_cumulative"", ""account_id"": ""ifrs_PurchaseOfPropertyPlantAndEquipmentClassifiedAsInvestingActivities"", ""account_nm"": ""유형자산의 취득"", ""sj_div"": ""CF""}, ""capex_intangible"": {""value_raw_or_cumulative"": 1045947749.0, ""selection_rule"": ""standard_id"", ""amount_method"": ""reported_amount_assumed_cumulative"", ""account_id"": ""ifrs_PurchaseOfIntangibleAssetsClassifiedAsInvestingActivities"", ""account_nm"": ""무형자산의 취득"", ""sj_div"": ""CF""}}",,,False,False,,False
091990,00554024,셀트리온헬스케어,2017,Q4,CFS,ok,,59229861680.0,1704084366071.0,-108624366913.0,323702698.0,-108948069611.0,20180227,20180227901143,매출액또는손익구조30%(대규모법인은15%)이상변동,configured_stock_list_not_survivorship_free,True,"{""operating_profit"": {""value_raw_or_cumulative"": null, ""selection_rule"": ""missing"", ""amount_method"": ""missing"", ""account_id"": null, ""account_nm"": null, ""sj_div"": null}, ""net_income"": {""value_raw_or_cumulative"": 165683863606.0, ""selection_rule"": ""standard_id"", ""amount_method"": ""reported_amount_assumed_cumulative"", ""account_id"": ""ifrs_ProfitLoss"", ""account_nm"": ""당기순이익(손실)"", ""sj_div"": ""CIS""}, ""equity"": {""value_raw_or_cumulative"": 1704084366071.0, ""selection_rule"": ""standard_id"", ""amount_method"": ""reported_amount_assumed_cumulative"", ""account_id"": ""ifrs_Equity"", ""account_nm"": ""자본총계"", ""sj_div"": ""BS""}, ""cfo"": {""value_raw_or_cumulative"": -194299589382.0, ""selection_rule"": ""standard_id"", ""amount_method"": ""reported_amount_assumed_cumulative"", ""account_id"": ""ifrs_CashFlowsFromUsedInOperatingActivities"", ""account_nm"": ""영업활동현금흐름"", ""sj_div"": ""CF""}, ""capex_ppe"": {""value_raw_or_cumulative"": 306659907.0, ""selection_rule"": ""standard_id"", ""amount_method"": ""reported_amount_assumed_cumulative"", ""account_id"": ""ifrs_PurchaseOfPropertyPlantAndEquipmentClassifiedAsInvestingActivities"", ""account_nm"": ""유형자산의 취득"", ""sj_div"": ""CF""}, ""capex_intangible"": {""value_raw_or_cumulative"": 1308708386.0, ""selection_rule"": ""standard_id"", ""amount_method"": ""reported_amount_assumed_cumulative"", ""account_id"": ""ifrs_PurchaseOfIntangibleAssetsClassifiedAsInvestingActivities"", ""account_nm"": ""무형자산의 취득"", ""sj_div"": ""CF""}}",,CFS,True,False,,False
091990,00554024,셀트리온헬스케어,2018,Q1,CFS,ok,,60505014233.0,1774527796026.0,-38670405264.0,850563718.0,-39520968982.0,20180402,20180402005043,사업보고서 (2017.12),configured_stock_list_not_survivorship_free,True,"{""operating_profit"": {""value_raw_or_cumulative"": null, ""selection_rule"": ""missing"", ""amount_method"": ""missing"", ""account_id"": null, ""account_nm"": null, ""sj_div"": null}, ""net_income"": {""value_raw_or_cumulative"": 60505014233.0, ""selection_rule"": ""standard_id"", ""amount_method"": ""reported_q1"", ""account_id"": ""ifrs_ProfitLoss"", ""account_nm"": ""분기순이익(손실)"", ""sj_div"": ""CIS""}, ""equity"": {""value_raw_or_cumulative"": 1774527796026.0, ""selection_rule"": ""standard_id"", ""amount_method"": ""reported_q1"", ""account_id"": ""ifrs_Equity"", ""account_nm"": ""자본총계"", ""sj_div"": ""BS""}, ""cfo"": {""value_raw_or_cumulative"": -38670405264.0, ""selection_rule"": ""standard_id"", ""amount_method"": ""reported_q1"", ""account_id"": ""ifrs_CashFlowsFromUsedInOperatingActivities"", ""account_nm"": ""영업활동현금흐름"", ""sj_div"": ""CF""}, ""capex_ppe"": {""value_raw_or_cumulative"": 40926538.0, ""selection_rule"": ""standard_id"", ""amount_method"": ""reported_q1"", ""account_id"": ""ifrs_PurchaseOfPropertyPlantAndEquipmentClassifiedAsInvestingActivities"", ""account_nm"": ""유형자산의 취득"", ""sj_div"": ""CF""}, ""capex_intangible"": {""value_raw_or_cumulative"": 809637180.0, ""selection_rule"": ""standard_id"", ""amount_method"": ""reported_q1"", ""account_id"": ""ifrs_PurchaseOfIntangibleAssetsClassifiedAsInvestingActivities"", ""account_nm"": ""무형자산의 취득"", ""sj_div"": ""CF""}}",,,False,False,,False
091990,00554024,셀트리온헬스케어,2018,Q2,CFS,ok,,10981699330.0,1788977853240.0,-119598186804.0,92220794.0,-119690407598.0,20180829,20180829000343,반기보고서 (2018.06),configured_stock_list_not_survivorship_free,True,"{""operating_profit"": {""value_raw_or_cumulative"": null, ""selection_rule"": ""missing"", ""amount_method"": ""missing"", ""account_id"": null, ""account_nm"": null, ""sj_div"": null}, ""net_income"": {""value_raw_or_cumulative"": 71486713563.0, ""selection_rule"": ""standard_id"", ""amount_method"": ""cumulative_add_amount"", ""account_id"": ""ifrs_ProfitLoss"", ""account_nm"": ""반기순이익(손실)"", ""sj_div"": ""CIS""}, ""equity"": {""value_raw_or_cumulative"": 1788977853240.0, ""selection_rule"": ""standard_id"", ""amount_method"": ""reported_amount_assumed_cumulative"", ""account_id"": ""ifrs_Equity"", ""account_nm"": ""자본총계"", ""sj_div"": ""BS""}, ""cfo"": {""value_raw_or_cumulative"": -158268592068.0, ""selection_rule"": ""standard_id"", ""amount_method"": ""reported_amount_assumed_cumulative"", ""account_id"": ""ifrs_CashFlowsFromUsedInOperatingActivities"", ""account_nm"": ""영업활동현금흐름"", ""sj_div"": ""CF""}, ""capex_ppe"": {""value_raw_or_cumulative"": 69684375.0, ""selection_rule"": ""standard_id"", ""amount_method"": ""reported_amount_assumed_cumulative"", ""account_id"": ""ifrs_PurchaseOfPropertyPlantAndEquipmentClassifiedAsInvestingActivities"", ""account_nm"": ""유형자산의 취득"", ""sj_div"": ""CF""}, ""capex_intangible"": {""value_raw_or_cumulative"": 873100137.0, ""selection_rule"": ""standard_id"", ""amount_method"": ""reported_amount_assumed_cumulative"", ""account_id"": ""ifrs_PurchaseOfIntangibleAssetsClassifiedAsInvestingActivities"", ""account_nm"": ""무형자산의 취득"", ""sj_div"": ""CF""}}",,CFS,True,False,161430849727.0,False
091990,00554024,셀트리온헬스케어,2018,Q3,CFS,ok,,6382502867.0,1787060983293.0,75983244701.0,171984855.0,75811259846.0,20181114,20181114001215,분기보고서 (2018.09),configured_stock_list_not_survivorship_free,True,"{""operating_profit"": {""value_raw_or_cumulative"": null, ""selection_rule"": ""missing"", ""amount_method"": ""missing"", ""account_id"": null, ""account_nm"": null, ""sj_div"": null}, ""net_income"": {""value_raw_or_cumulative"": 77869216430.0, ""selection_rule"": ""standard_id"", ""amount_method"": ""cumulative_add_amount"", ""account_id"": ""ifrs_ProfitLoss"", ""account_nm"": ""분기순이익(손실)"", ""sj_div"": ""CIS""}, ""equity"": {""value_raw_or_cumulative"": 1787060983293.0, ""selection_rule"": ""standard_id"", ""amount_method"": ""reported_amount_assumed_cumulative"", ""account_id"": ""ifrs_Equity"", ""account_nm"": ""자본총계"", ""sj_div"": ""BS""}, ""cfo"": {""value_raw_or_cumulative"": -82285347367.0, ""selection_rule"": ""standard_id"", ""amount_method"": ""reported_amount_assumed_cumulative"", ""account_id"": ""ifrs_CashFlowsFromUsedInOperatingActivities"", ""account_nm"": ""영업활동현금흐름"", ""sj_div"": ""CF""}, ""capex_ppe"": {""value_raw_or_cumulative"": 115354554.0, ""selection_rule"": ""standard_id"", ""amount_method"": ""reported_amount_assumed_cumulative"", ""account_id"": ""ifrs_PurchaseOfPropertyPlantAndEquipmentClassifiedAsInvestingActivities"", ""account_nm"": ""유형자산의 취득"", ""sj_div"": ""CF""}, ""capex_intangible"": {""value_raw_or_cumulative"": 999414813.0, ""selection_rule"": ""standard_id"", ""amount_method"": ""reported_amount_assumed_cumulative"", ""account_id"": ""ifrs_PurchaseOfIntangibleAssetsClassifiedAsInvestingActivities"", ""account_nm"": ""무형자산의 취득"", ""sj_div"": ""CF""}}",,CFS,True,False,137099078110.0,False
091990,00554024,셀트리온헬스케어,2018,Q4,CFS,ok,,-63094140554.0,1635478494404.0,-101943152448.0,62350697.0,-102005503145.0,20190222,20190222900598,매출액또는손익구조30%(대규모법인은15%)이상변동,configured_stock_list_not_survivorship_free,True,"{""operating_profit"": {""value_raw_or_cumulative"": null, ""selection_rule"": ""missing"", ""amount_method"": ""missing"", ""account_id"": null, ""account_nm"": null, ""sj_div"": null}, ""net_income"": {""value_raw_or_cumulative"": 14775075876.0, ""selection_rule"": ""standard_id"", ""amount_method"": ""reported_amount_assumed_cumulative"", ""account_id"": ""ifrs_ProfitLoss"", ""account_nm"": ""당기순이익"", ""sj_div"": ""CIS""}, ""equity"": {""value_raw_or_cumulative"": 1635478494404.0, ""selection_rule"": ""standard_id"", ""amount_method"": ""reported_amount_assumed_cumulative"", ""account_id"": ""ifrs_Equity"", ""account_nm"": ""자본총계"", ""sj_div"": ""BS""}, ""cfo"": {""value_raw_or_cumulative"": -184228499815.0, ""selection_rule"": ""standard_id"", ""amount_method"": ""reported_amount_assumed_cumulative"", ""account_id"": ""ifrs_CashFlowsFromUsedInOperatingActivities"", ""account_nm"": ""영업활동현금흐름"", ""sj_div"": ""CF""}, ""capex_ppe"": {""value_raw_or_cumulative"": 170252067.0, ""selection_rule"": ""standard_id"", ""amount_method"": ""reported_amount_assumed_cumulative"", ""account_id"": ""ifrs_PurchaseOfPropertyPlantAndEquipmentClassifiedAsInvestingActivities"", ""account_nm"": ""유형자산의 취득"", ""sj_div"": ""CF""}, ""capex_intangible"": {""value_raw_or_cumulative"": 1006867997.0, ""selection_rule"": ""standard_id"", ""amount_method"": ""reported_amount_assumed_cumulative"", ""account_id"": ""ifrs_PurchaseOfIntangibleAssetsClassifiedAsInvestingActivities"", ""account_nm"": ""무형자산의 취득"", ""sj_div"": ""CF""}}",,CFS,True,False,14775075876.0,False
091990,00554024,셀트리온헬스케어,2019,Q1,CFS,ok,,5840457240.0,1620399751493.0,62777358270.0,35818237.0,62741540033.0,20190401,20190401004488,사업보고서 (2018.12),configured_stock_list_not_survivorship_free,True,"{""operating_profit"": {""value_raw_or_cumulative"": null, ""selection_rule"": ""missing"", ""amount_method"": ""missing"", ""account_id"": null, ""account_nm"": null, ""sj_div"": null}, ""net_income"": {""value_raw_or_cumulative"": 5840457240.0, ""selection_rule"": ""standard_id"", ""amount_method"": ""reported_q1"", ""account_id"": ""ifrs_ProfitLoss"", ""account_nm"": ""분기순이익"", ""sj_div"": ""CIS""}, ""equity"": {""value_raw_or_cumulative"": 1620399751493.0, ""selection_rule"": ""standard_id"", ""amount_method"": ""reported_q1"", ""account_id"": ""ifrs_Equity"", ""account_nm"": ""분기말자본"", ""sj_div"": ""BS""}, ""cfo"": {""value_raw_or_cumulative"": 62777358270.0, ""selection_rule"": ""standard_id"", ""amount_method"": ""reported_q1"", ""account_id"": ""ifrs_CashFlowsFromUsedInOperatingActivities"", ""account_nm"": ""영업활동현금흐름"", ""sj_div"": ""CF""}, ""capex_ppe"": {""value_raw_or_cumulative"": 35465515.0, ""selection_rule"": ""standard_id"", ""amount_method"": ""reported_q1"", ""account_id"": ""ifrs_PurchaseOfPropertyPlantAndEquipmentClassifiedAsInvestingActivities"", ""account_nm"": ""유형자산의 취득"", ""sj_div"": ""CF""}, ""capex_intangible"": {""value_raw_or_cumulative"": 352722.0, ""selection_rule"": ""standard_id"", ""amount_method"": ""reported_q1"", ""account_id"": ""ifrs_PurchaseOfIntangibleAssetsClassifiedAsInvestingActivities"", ""account_nm"": ""무형자산의 취득"", ""sj_div"": ""CF""}}",,CFS,True,False,-39889481117.0,False
091990,00554024,셀트리온헬스케어,2019,Q2,CFS,ok,,8477851668.0,1629307025364.0,1205175074.0,60944130.0,1144230944.0,20190813,20190813000405,반기보고서 (2019.06),configured_stock_list_not_survivorship_free,True,"{""operating_profit"": {""value_raw_or_cumulative"": null, ""selection_rule"": ""missing"", ""amount_method"": ""missing"", ""account_id"": null, ""account_nm"": null, ""sj_div"": null}, ""net_income"": {""value_raw_or_cumulative"": 14318308908.0, ""selection_rule"": ""standard_id"", ""amount_method"": ""cumulative_add_amount"", ""account_id"": ""ifrs_ProfitLoss"", ""account_nm"": ""반기순이익"", ""sj_div"": ""CIS""}, ""equity"": {""value_raw_or_cumulative"": 1629307025364.0, ""selection_rule"": ""standard_id"", ""amount_method"": ""reported_amount_assumed_cumulative"", ""account_id"": ""ifrs_Equity"", ""account_nm"": ""자본총계"", ""sj_div"": ""BS""}, ""cfo"": {""value_raw_or_cumulative"": 63982533344.0, ""selection_rule"": ""standard_id"", ""amount_method"": ""reported_amount_assumed_cumulative"", ""account_id"": ""ifrs_CashFlowsFromUsedInOperatingActivities"", ""account_nm"": ""영업활동현금흐름"", ""sj_div"": ""CF""}, ""capex_ppe"": {""value_raw_or_cumulative"": 95986524.0, ""selection_rule"": ""standard_id"", ""amount_method"": ""reported_amount_assumed_cumulative"", ""account_id"": ""ifrs_PurchaseOfPropertyPlantAndEquipmentClassifiedAsInvestingActivities"", ""account_nm"": ""유형자산의 취득"", ""sj_div"": ""CF""}, ""capex_intangible"": {""value_raw_or_cumulative"": 775843.0, ""selection_rule"": ""standard_id"", ""amount_method"": ""reported_amount_assumed_cumulative"", ""account_id"": ""ifrs_PurchaseOfIntangibleAssetsClassifiedAsInvestingActivities"", ""account_nm"": ""무형자산의 취득"", ""sj_div"": ""CF""}}",,CFS,True,False,-42393328779.0,False
091990,00554024,셀트리온헬스케어,2019,Q3,CFS,ok,,10141683257.0,1630462449097.0,-90247457178.0,19696669.0,-90267153847.0,20191114,20191114001520,분기보고서 (2019.09),configured_stock_list_not_survivorship_free,True,"{""operating_profit"": {""value_raw_or_cumulative"": null, ""selection_rule"": ""missing"", ""amount_method"": ""missing"", ""account_id"": null, ""account_nm"": null, ""sj_div"": null}, ""net_income"": {""value_raw_or_cumulative"": 24459992165.0, ""selection_rule"": ""exact_label_fallback"", ""amount_method"": ""cumulative_add_amount"", ""account_id"": ""ifrs-full_ProfitLoss"", ""account_nm"": ""당기순이익"", ""sj_div"": ""CIS""}, ""equity"": {""value_raw_or_cumulative"": 1630462449097.0, ""selection_rule"": ""exact_label_fallback"", ""amount_method"": ""reported_amount_assumed_cumulative"", ""account_id"": ""ifrs-full_Equity"", ""account_nm"": ""자본총계"", ""sj_div"": ""BS""}, ""cfo"": {""value_raw_or_cumulative"": -26264923834.0, ""selection_rule"": ""exact_label_fallback"", ""amount_method"": ""reported_amount_assumed_cumulative"", ""account_id"": ""ifrs-full_CashFlowsFromUsedInOperatingActivities"", ""account_nm"": ""영업활동현금흐름"", ""sj_div"": ""CF""}, ""capex_ppe"": {""value_raw_or_cumulative"": 115200687.0, ""selection_rule"": ""exact_label_fallback"", ""amount_method"": ""reported_amount_assumed_cumulative"", ""account_id"": ""ifrs-full_PurchaseOfPropertyPlantAndEquipmentClassifiedAsInvestingActivities"", ""account_nm"": ""유형자산의 취득"", ""sj_div"": ""CF""}, ""capex_intangible"": {""value_raw_or_cumulative"": 1258349.0, ""selection_rule"": ""exact_label_fallback"", ""amount_method"": ""reported_amount_assumed_cumulative"", ""account_id"": ""ifrs-full_PurchaseOfIntangibleAssetsClassifiedAsInvestingActivities"", ""account_nm"": ""무형자산의 취득"", ""sj_div"": ""CF""}}",,CFS,True,False,-38634148389.0,False
091990,00554024,셀트리온헬스케어,2019,Q4,CFS,ok,,40502007630.0,1665893807239.0,-137574273254.0,477108607.0,-138051381861.0,20200306,20200306900599,매출액또는손익구조30%(대규모법인은15%)이상변동,configured_stock_list_not_survivorship_free,True,"{""operating_profit"": {""value_raw_or_cumulative"": null, ""selection_rule"": ""missing"", ""amount_method"": ""missing"", ""account_id"": null, ""account_nm"": null, ""sj_div"": null}, ""net_income"": {""value_raw_or_cumulative"": 64961999795.0, ""selection_rule"": ""exact_label_fallback"", ""amount_method"": ""reported_amount_assumed_cumulative"", ""account_id"": ""ifrs-full_ProfitLoss"", ""account_nm"": ""당기순이익"", ""sj_div"": ""CIS""}, ""equity"": {""value_raw_or_cumulative"": 1665893807239.0, ""selection_rule"": ""exact_label_fallback"", ""amount_method"": ""reported_amount_assumed_cumulative"", ""account_id"": ""ifrs-full_Equity"", ""account_nm"": ""자본총계"", ""sj_div"": ""BS""}, ""cfo"": {""value_raw_or_cumulative"": -163839197088.0, ""selection_rule"": ""exact_label_fallback"", ""amount_method"": ""reported_amount_assumed_cumulative"", ""account_id"": ""ifrs-full_CashFlowsFromUsedInOperatingActivities"", ""account_nm"": ""영업활동현금흐름"", ""sj_div"": ""CF""}, ""capex_ppe"": {""value_raw_or_cumulative"": 271254593.0, ""selection_rule"": ""exact_label_fallback"", ""amount_method"": ""reported_amount_assumed_cumulative"", ""account_id"": ""ifrs-full_PurchaseOfPropertyPlantAndEquipmentClassifiedAsInvestingActivities"", ""account_nm"": ""유형자산의 취득"", ""sj_div"": ""CF""}, ""capex_intangible"": {""value_raw_or_cumulative"": 322313050.0, ""selection_rule"": ""exact_label_fallback"", ""amount_method"": ""reported_amount_assumed_cumulative"", ""account_id"": ""ifrs-full_PurchaseOfIntangibleAssetsClassifiedAsInvestingActivities"", ""account_nm"": ""무형자산의 취득"", ""sj_div"": ""CF""}}",,CFS,True,False,64961999795.0,False
091990,00554024,셀트리온헬스케어,2020,Q1,CFS,ok,,76192957052.0,,34934161409.0,213806630.0,34720354779.0,20200515,20200515001285,분기보고서 (2020.03),configured_stock_list_not_survivorship_free,True,"{""operating_profit"": {""value_raw_or_cumulative"": null, ""selection_rule"": ""missing"", ""amount_method"": ""missing"", ""account_id"": null, ""account_nm"": null, ""sj_div"": null}, ""net_income"": {""value_raw_or_cumulative"": 76192957052.0, ""selection_rule"": ""exact_label_fallback"", ""amount_method"": ""reported_q1"", ""account_id"": ""ifrs-full_ProfitLoss"", ""account_nm"": ""분기순이익"", ""sj_div"": ""CIS""}, ""equity"": {""value_raw_or_cumulative"": null, ""selection_rule"": ""missing"", ""amount_method"": ""missing"", ""account_id"": null, ""account_nm"": null, ""sj_div"": null}, ""cfo"": {""value_raw_or_cumulative"": 34934161409.0, ""selection_rule"": ""exact_label_fallback"", ""amount_method"": ""reported_q1"", ""account_id"": ""ifrs-full_CashFlowsFromUsedInOperatingActivities"", ""account_nm"": ""영업활동현금흐름"", ""sj_div"": ""CF""}, ""capex_ppe"": {""value_raw_or_cumulative"": 69317322.0, ""selection_rule"": ""exact_label_fallback"", ""amount_method"": ""reported_q1"", ""account_id"": ""ifrs-full_PurchaseOfPropertyPlantAndEquipmentClassifiedAsInvestingActivities"", ""account_nm"": ""유형자산의 취득"", ""sj_div"": ""CF""}, ""capex_intangible"": {""value_raw_or_cumulative"": 144489308.0, ""selection_rule"": ""exact_label_fallback"", ""amount_method"": ""reported_q1"", ""account_id"": ""ifrs-full_PurchaseOfIntangibleAssetsClassifiedAsInvestingActivities"", ""account_nm"": ""무형자산의 취득"", ""sj_div"": ""CF""}}",,CFS,True,False,135314499607.0,False
091990,00554024,셀트리온헬스케어,2020,Q2,CFS,ok,,46425554323.0,,-7268317282.0,107947665.0,-7376264947.0,20200813,20200813000435,반기보고서 (2020.06),configured_stock_list_not_survivorship_free,True,"{""operating_profit"": {""value_raw_or_cumulative"": null, ""selection_rule"": ""missing"", ""amount_method"": ""missing"", ""account_id"": null, ""account_nm"": null, ""sj_div"": null}, ""net_income"": {""value_raw_or_cumulative"": 122618511375.0, ""selection_rule"": ""exact_label_fallback"", ""amount_method"": ""cumulative_add_amount"", ""account_id"": ""ifrs-full_ProfitLoss"", ""account_nm"": ""반기순이익"", ""sj_div"": ""CIS""}, ""equity"": {""value_raw_or_cumulative"": null, ""selection_rule"": ""missing"", ""amount_method"": ""missing"", ""account_id"": null, ""account_nm"": null, ""sj_div"": null}, ""cfo"": {""value_raw_or_cumulative"": 27665844127.0, ""selection_rule"": ""exact_label_fallback"", ""amount_method"": ""reported_amount_assumed_cumulative"", ""account_id"": ""ifrs-full_CashFlowsFromUsedInOperatingActivities"", ""account_nm"": ""영업활동현금흐름"", ""sj_div"": ""CF""}, ""capex_ppe"": {""value_raw_or_cumulative"": 177264987.0, ""selection_rule"": ""exact_label_fallback"", ""amount_method"": ""reported_amount_assumed_cumulative"", ""account_id"": ""ifrs-full_PurchaseOfPropertyPlantAndEquipmentClassifiedAsInvestingActivities"", ""account_nm"": ""유형자산의 취득"", ""sj_div"": ""CF""}, ""capex_intangible"": {""value_raw_or_cumulative"": 144489308.0, ""selection_rule"": ""exact_label_fallback"", ""amount_method"": ""reported_amount_assumed_cumulative"", ""account_id"": ""ifrs-full_PurchaseOfIntangibleAssetsClassifiedAsInvestingActivities"", ""account_nm"": ""무형자산의 취득"", ""sj_div"": ""CF""}}",,CFS,True,False,173262202262.0,False
091990,00554024,셀트리온헬스케어,2020,Q3,CFS,ok,,86095578965.0,1875906003660.0,-43656660772.0,2223925629.0,-45880586401.0,20201116,20201116001486,분기보고서 (2020.09),configured_stock_list_not_survivorship_free,True,"{""operating_profit"": {""value_raw_or_cumulative"": null, ""selection_rule"": ""missing"", ""amount_method"": ""missing"", ""account_id"": null, ""account_nm"": null, ""sj_div"": null}, ""net_income"": {""value_raw_or_cumulative"": 208714090340.0, ""selection_rule"": ""exact_label_fallback"", ""amount_method"": ""cumulative_add_amount"", ""account_id"": ""ifrs-full_ProfitLoss"", ""account_nm"": ""분기순이익"", ""sj_div"": ""CIS""}, ""equity"": {""value_raw_or_cumulative"": 1875906003660.0, ""selection_rule"": ""exact_label_fallback"", ""amount_method"": ""reported_amount_assumed_cumulative"", ""account_id"": ""ifrs-full_Equity"", ""account_nm"": ""자본총계"", ""sj_div"": ""BS""}, ""cfo"": {""value_raw_or_cumulative"": -15990816645.0, ""selection_rule"": ""exact_label_fallback"", ""amount_method"": ""reported_amount_assumed_cumulative"", ""account_id"": ""ifrs-full_CashFlowsFromUsedInOperatingActivities"", ""account_nm"": ""영업활동현금흐름"", ""sj_div"": ""CF""}, ""capex_ppe"": {""value_raw_or_cumulative"": 323934156.0, ""selection_rule"": ""exact_label_fallback"", ""amount_method"": ""reported_amount_assumed_cumulative"", ""account_id"": ""ifrs-full_PurchaseOfPropertyPlantAndEquipmentClassifiedAsInvestingActivities"", ""account_nm"": ""유형자산의 취득"", ""sj_div"": ""CF""}, ""capex_intangible"": {""value_raw_or_cumulative"": 2221745768.0, ""selection_rule"": ""exact_label_fallback"", ""amount_method"": ""reported_amount_assumed_cumulative"", ""account_id"": ""ifrs-full_PurchaseOfIntangibleAssetsClassifiedAsInvestingActivities"", ""account_nm"": ""무형자산의 취득"", ""sj_div"": ""CF""}}",,CFS,True,False,249216097970.0,False
091990,00554024,셀트리온헬스케어,2020,Q4,CFS,ok,,31692475159.0,1932929744779.0,-6617295647.0,450785998.0,-7068081645.0,20210304,20210304900458,매출액또는손익구조30%(대규모법인은15%)이상변동,configured_stock_list_not_survivorship_free,True,"{""operating_profit"": {""value_raw_or_cumulative"": null, ""selection_rule"": ""missing"", ""amount_method"": ""missing"", ""account_id"": null, ""account_nm"": null, ""sj_div"": null}, ""net_income"": {""value_raw_or_cumulative"": 240406565499.0, ""selection_rule"": ""exact_label_fallback"", ""amount_method"": ""reported_amount_assumed_cumulative"", ""account_id"": ""ifrs-full_ProfitLoss"", ""account_nm"": ""당기순이익"", ""sj_div"": ""CIS""}, ""equity"": {""value_raw_or_cumulative"": 1932929744779.0, ""selection_rule"": ""exact_label_fallback"", ""amount_method"": ""reported_amount_assumed_cumulative"", ""account_id"": ""ifrs-full_Equity"", ""account_nm"": ""자본총계"", ""sj_div"": ""BS""}, ""cfo"": {""value_raw_or_cumulative"": -22608112292.0, ""selection_rule"": ""exact_label_fallback"", ""amount_method"": ""reported_amount_assumed_cumulative"", ""account_id"": ""ifrs-full_CashFlowsFromUsedInOperatingActivities"", ""account_nm"": ""영업활동현금흐름"", ""sj_div"": ""CF""}, ""capex_ppe"": {""value_raw_or_cumulative"": 773801895.0, ""selection_rule"": ""exact_label_fallback"", ""amount_method"": ""reported_amount_assumed_cumulative"", ""account_id"": ""ifrs-full_PurchaseOfPropertyPlantAndEquipmentClassifiedAsInvestingActivities"", ""account_nm"": ""유형자산의 취득"", ""sj_div"": ""CF""}, ""capex_intangible"": {""value_raw_or_cumulative"": 2222664027.0, ""selection_rule"": ""exact_label_fallback"", ""amount_method"": ""reported_amount_assumed_cumulative"", ""account_id"": ""ifrs-full_PurchaseOfIntangibleAssetsClassifiedAsInvestingActivities"", ""account_nm"": ""무형자산의 취득"", ""sj_div"": ""CF""}}",,CFS,True,False,240406565499.0,False
091990,00554024,셀트리온헬스케어,2021,Q1,CFS,ok,,31508602260.0,1972481082561.0,-1155645278.0,207981913.0,-1363627191.0,20210517,20210517001038,분기보고서 (2021.03),configured_stock_list_not_survivorship_free,True,"{""operating_profit"": {""value_raw_or_cumulative"": null, ""selection_rule"": ""missing"", ""amount_method"": ""missing"", ""account_id"": null, ""account_nm"": null, ""sj_div"": null}, ""net_income"": {""value_raw_or_cumulative"": 31508602260.0, ""selection_rule"": ""exact_label_fallback"", ""amount_method"": ""reported_q1"", ""account_id"": ""ifrs-full_ProfitLoss"", ""account_nm"": ""분기순이익"", ""sj_div"": ""CIS""}, ""equity"": {""value_raw_or_cumulative"": 1972481082561.0, ""selection_rule"": ""exact_label_fallback"", ""amount_method"": ""reported_q1"", ""account_id"": ""ifrs-full_Equity"", ""account_nm"": ""자본총계"", ""sj_div"": ""BS""}, ""cfo"": {""value_raw_or_cumulative"": -1155645278.0, ""selection_rule"": ""exact_label_fallback"", ""amount_method"": ""reported_q1"", ""account_id"": ""ifrs-full_CashFlowsFromUsedInOperatingActivities"", ""account_nm"": ""영업활동현금흐름"", ""sj_div"": ""CF""}, ""capex_ppe"": {""value_raw_or_cumulative"": 179418993.0, ""selection_rule"": ""exact_label_fallback"", ""amount_method"": ""reported_q1"", ""account_id"": ""ifrs-full_PurchaseOfPropertyPlantAndEquipmentClassifiedAsInvestingActivities"", ""account_nm"": ""유형자산의 취득"", ""sj_div"": ""CF""}, ""capex_intangible"": {""value_raw_or_cumulative"": 28562920.0, ""selection_rule"": ""exact_label_fallback"", ""amount_method"": ""reported_q1"", ""account_id"": ""ifrs-full_PurchaseOfIntangibleAssetsClassifiedAsInvestingActivities"", ""account_nm"": ""무형자산의 취득"", ""sj_div"": ""CF""}}",,CFS,True,False,195722210707.0,False
091990,00554024,셀트리온헬스케어,2021,Q2,CFS,ok,,63712940025.0,,-140536996250.0,8797158128.0,-149334154378.0,20210813,20210813000942,반기보고서 (2021.06),configured_stock_list_not_survivorship_free,True,"{""operating_profit"": {""value_raw_or_cumulative"": null, ""selection_rule"": ""missing"", ""amount_method"": ""missing"", ""account_id"": null, ""account_nm"": null, ""sj_div"": null}, ""net_income"": {""value_raw_or_cumulative"": 95221542285.0, ""selection_rule"": ""exact_label_fallback"", ""amount_method"": ""cumulative_add_amount"", ""account_id"": ""ifrs-full_ProfitLoss"", ""account_nm"": ""반기순이익"", ""sj_div"": ""CIS""}, ""equity"": {""value_raw_or_cumulative"": null, ""selection_rule"": ""missing"", ""amount_method"": ""missing"", ""account_id"": null, ""account_nm"": null, ""sj_div"": null}, ""cfo"": {""value_raw_or_cumulative"": -141692641528.0, ""selection_rule"": ""exact_label_fallback"", ""amount_method"": ""reported_amount_assumed_cumulative"", ""account_id"": ""ifrs-full_CashFlowsFromUsedInOperatingActivities"", ""account_nm"": ""영업활동현금흐름"", ""sj_div"": ""CF""}, ""capex_ppe"": {""value_raw_or_cumulative"": 412807961.0, ""selection_rule"": ""exact_label_fallback"", ""amount_method"": ""reported_amount_assumed_cumulative"", ""account_id"": ""ifrs-full_PurchaseOfPropertyPlantAndEquipmentClassifiedAsInvestingActivities"", ""account_nm"": ""유형자산의 취득"", ""sj_div"": ""CF""}, ""capex_intangible"": {""value_raw_or_cumulative"": 8592332080.0, ""selection_rule"": ""exact_label_fallback"", ""amount_method"": ""reported_amount_assumed_cumulative"", ""account_id"": ""ifrs-full_PurchaseOfIntangibleAssetsClassifiedAsInvestingActivities"", ""account_nm"": ""무형자산의 취득"", ""sj_div"": ""CF""}}",,CFS,True,False,213009596409.0,False
091990,00554024,셀트리온헬스케어,2021,Q3,CFS,ok,,40608802388.0,,6655088676.0,10587462682.0,-3932374006.0,20211112,20211112000655,분기보고서 (2021.09),configured_stock_list_not_survivorship_free,True,"{""operating_profit"": {""value_raw_or_cumulative"": null, ""selection_rule"": ""missing"", ""amount_method"": ""missing"", ""account_id"": null, ""account_nm"": null, ""sj_div"": null}, ""net_income"": {""value_raw_or_cumulative"": 135830344673.0, ""selection_rule"": ""exact_label_fallback"", ""amount_method"": ""cumulative_add_amount"", ""account_id"": ""ifrs-full_ProfitLoss"", ""account_nm"": ""분기순이익"", ""sj_div"": ""CIS""}, ""equity"": {""value_raw_or_cumulative"": null, ""selection_rule"": ""missing"", ""amount_method"": ""missing"", ""account_id"": null, ""account_nm"": null, ""sj_div"": null}, ""cfo"": {""value_raw_or_cumulative"": -135037552852.0, ""selection_rule"": ""exact_label_fallback"", ""amount_method"": ""reported_amount_assumed_cumulative"", ""account_id"": ""ifrs-full_CashFlowsFromUsedInOperatingActivities"", ""account_nm"": ""영업활동현금흐름"", ""sj_div"": ""CF""}, ""capex_ppe"": {""value_raw_or_cumulative"": 516038664.0, ""selection_rule"": ""exact_label_fallback"", ""amount_method"": ""reported_amount_assumed_cumulative"", ""account_id"": ""ifrs-full_PurchaseOfPropertyPlantAndEquipmentClassifiedAsInvestingActivities"", ""account_nm"": ""유형자산의 취득"", ""sj_div"": ""CF""}, ""capex_intangible"": {""value_raw_or_cumulative"": 19076564059.0, ""selection_rule"": ""exact_label_fallback"", ""amount_method"": ""reported_amount_assumed_cumulative"", ""account_id"": ""ifrs-full_PurchaseOfIntangibleAssetsClassifiedAsInvestingActivities"", ""account_nm"": ""무형자산의 취득"", ""sj_div"": ""CF""}}",,CFS,True,False,167522819832.0,False
091990,00554024,셀트리온헬스케어,2021,Q4,CFS,ok,,16736796608.0,2105767609017.0,-40274811669.0,3214777558.0,-43489589227.0,20220308,20220308900820,매출액또는손익구조30%(대규모법인은15%)이상변동,configured_stock_list_not_survivorship_free,True,"{""operating_profit"": {""value_raw_or_cumulative"": null, ""selection_rule"": ""missing"", ""amount_method"": ""missing"", ""account_id"": null, ""account_nm"": null, ""sj_div"": null}, ""net_income"": {""value_raw_or_cumulative"": 152567141281.0, ""selection_rule"": ""exact_label_fallback"", ""amount_method"": ""reported_amount_assumed_cumulative"", ""account_id"": ""ifrs-full_ProfitLoss"", ""account_nm"": ""당기순이익"", ""sj_div"": ""CIS""}, ""equity"": {""value_raw_or_cumulative"": 2105767609017.0, ""selection_rule"": ""exact_label_fallback"", ""amount_method"": ""reported_amount_assumed_cumulative"", ""account_id"": ""ifrs-full_Equity"", ""account_nm"": ""자본총계"", ""sj_div"": ""BS""}, ""cfo"": {""value_raw_or_cumulative"": -175312364521.0, ""selection_rule"": ""exact_label_fallback"", ""amount_method"": ""reported_amount_assumed_cumulative"", ""account_id"": ""ifrs-full_CashFlowsFromUsedInOperatingActivities"", ""account_nm"": ""영업활동현금흐름"", ""sj_div"": ""CF""}, ""capex_ppe"": {""value_raw_or_cumulative"": 604126671.0, ""selection_rule"": ""exact_label_fallback"", ""amount_method"": ""reported_amount_assumed_cumulative"", ""account_id"": ""ifrs-full_PurchaseOfPropertyPlantAndEquipmentClassifiedAsInvestingActivities"", ""account_nm"": ""유형자산의 취득"", ""sj_div"": ""CF""}, ""capex_intangible"": {""value_raw_or_cumulative"": 22203253610.0, ""selection_rule"": ""exact_label_fallback"", ""amount_method"": ""reported_amount_assumed_cumulative"", ""account_id"": ""ifrs-full_PurchaseOfIntangibleAssetsClassifiedAsInvestingActivities"", ""account_nm"": ""무형자산의 취득"", ""sj_div"": ""CF""}}",,CFS,True,False,152567141281.0,False
091990,00554024,셀트리온헬스케어,2022,Q1,CFS,ok,,43586013111.0,2030177531184.0,16116202930.0,319584379.0,15796618551.0,20220513,20220513000004,분기보고서 (2022.03),configured_stock_list_not_survivorship_free,True,"{""operating_profit"": {""value_raw_or_cumulative"": null, ""selection_rule"": ""missing"", ""amount_method"": ""missing"", ""account_id"": null, ""account_nm"": null, ""sj_div"": null}, ""net_income"": {""value_raw_or_cumulative"": 43586013111.0, ""selection_rule"": ""exact_label_fallback"", ""amount_method"": ""reported_q1"", ""account_id"": ""ifrs-full_ProfitLoss"", ""account_nm"": ""분기순이익"", ""sj_div"": ""CIS""}, ""equity"": {""value_raw_or_cumulative"": 2030177531184.0, ""selection_rule"": ""exact_label_fallback"", ""amount_method"": ""reported_q1"", ""account_id"": ""ifrs-full_Equity"", ""account_nm"": ""자본총계"", ""sj_div"": ""BS""}, ""cfo"": {""value_raw_or_cumulative"": 16116202930.0, ""selection_rule"": ""exact_label_fallback"", ""amount_method"": ""reported_q1"", ""account_id"": ""ifrs-full_CashFlowsFromUsedInOperatingActivities"", ""account_nm"": ""영업활동현금흐름"", ""sj_div"": ""CF""}, ""capex_ppe"": {""value_raw_or_cumulative"": 277593188.0, ""selection_rule"": ""exact_label_fallback"", ""amount_method"": ""reported_q1"", ""account_id"": ""ifrs-full_PurchaseOfPropertyPlantAndEquipmentClassifiedAsInvestingActivities"", ""account_nm"": ""유형자산의 취득"", ""sj_div"": ""CF""}, ""capex_intangible"": {""value_raw_or_cumulative"": 41991191.0, ""selection_rule"": ""exact_label_fallback"", ""amount_method"": ""reported_q1"", ""account_id"": ""ifrs-full_PurchaseOfIntangibleAssetsClassifiedAsInvestingActivities"", ""account_nm"": ""무형자산의 취득"", ""sj_div"": ""CF""}}",,CFS,True,False,164644552132.0,False
091990,00554024,셀트리온헬스케어,2022,Q2,CFS,ok,,39116186907.0,2067283854182.0,139739336369.0,248466530.0,139490869839.0,20220816,20220816001071,반기보고서 (2022.06),configured_stock_list_not_survivorship_free,True,"{""operating_profit"": {""value_raw_or_cumulative"": null, ""selection_rule"": ""missing"", ""amount_method"": ""missing"", ""account_id"": null, ""account_nm"": null, ""sj_div"": null}, ""net_income"": {""value_raw_or_cumulative"": 82702200018.0, ""selection_rule"": ""exact_label_fallback"", ""amount_method"": ""cumulative_add_amount"", ""account_id"": ""ifrs-full_ProfitLoss"", ""account_nm"": ""반기순이익"", ""sj_div"": ""CIS""}, ""equity"": {""value_raw_or_cumulative"": 2067283854182.0, ""selection_rule"": ""exact_label_fallback"", ""amount_method"": ""reported_amount_assumed_cumulative"", ""account_id"": ""ifrs-full_Equity"", ""account_nm"": ""자본총계"", ""sj_div"": ""BS""}, ""cfo"": {""value_raw_or_cumulative"": 155855539299.0, ""selection_rule"": ""exact_label_fallback"", ""amount_method"": ""reported_amount_assumed_cumulative"", ""account_id"": ""ifrs-full_CashFlowsFromUsedInOperatingActivities"", ""account_nm"": ""영업활동현금흐름"", ""sj_div"": ""CF""}, ""capex_ppe"": {""value_raw_or_cumulative"": 343312495.0, ""selection_rule"": ""exact_label_fallback"", ""amount_method"": ""reported_amount_assumed_cumulative"", ""account_id"": ""ifrs-full_PurchaseOfPropertyPlantAndEquipmentClassifiedAsInvestingActivities"", ""account_nm"": ""유형자산의 취득"", ""sj_div"": ""CF""}, ""capex_intangible"": {""value_raw_or_cumulative"": 224738414.0, ""selection_rule"": ""exact_label_fallback"", ""amount_method"": ""reported_amount_assumed_cumulative"", ""account_id"": ""ifrs-full_PurchaseOfIntangibleAssetsClassifiedAsInvestingActivities"", ""account_nm"": ""무형자산의 취득"", ""sj_div"": ""CF""}}",,CFS,True,False,140047799014.0,False
091990,00554024,셀트리온헬스케어,2022,Q3,CFS,ok,,137627816692.0,2194903209459.0,-30376407165.0,282146907.0,-30658554072.0,20221111,20221111000624,분기보고서 (2022.09),configured_stock_list_not_survivorship_free,True,"{""operating_profit"": {""value_raw_or_cumulative"": null, ""selection_rule"": ""missing"", ""amount_method"": ""missing"", ""account_id"": null, ""account_nm"": null, ""sj_div"": null}, ""net_income"": {""value_raw_or_cumulative"": 220330016710.0, ""selection_rule"": ""exact_label_fallback"", ""amount_method"": ""cumulative_add_amount"", ""account_id"": ""ifrs-full_ProfitLoss"", ""account_nm"": ""분기순이익"", ""sj_div"": ""CIS""}, ""equity"": {""value_raw_or_cumulative"": 2194903209459.0, ""selection_rule"": ""exact_label_fallback"", ""amount_method"": ""reported_amount_assumed_cumulative"", ""account_id"": ""ifrs-full_Equity"", ""account_nm"": ""자본총계"", ""sj_div"": ""BS""}, ""cfo"": {""value_raw_or_cumulative"": 125479132134.0, ""selection_rule"": ""exact_label_fallback"", ""amount_method"": ""reported_amount_assumed_cumulative"", ""account_id"": ""ifrs-full_CashFlowsFromUsedInOperatingActivities"", ""account_nm"": ""영업활동현금흐름"", ""sj_div"": ""CF""}, ""capex_ppe"": {""value_raw_or_cumulative"": 459077802.0, ""selection_rule"": ""exact_label_fallback"", ""amount_method"": ""reported_amount_assumed_cumulative"", ""account_id"": ""ifrs-full_PurchaseOfPropertyPlantAndEquipmentClassifiedAsInvestingActivities"", ""account_nm"": ""유형자산의 취득"", ""sj_div"": ""CF""}, ""capex_intangible"": {""value_raw_or_cumulative"": 391120014.0, ""selection_rule"": ""exact_label_fallback"", ""amount_method"": ""reported_amount_assumed_cumulative"", ""account_id"": ""ifrs-full_PurchaseOfIntangibleAssetsClassifiedAsInvestingActivities"", ""account_nm"": ""무형자산의 취득"", ""sj_div"": ""CF""}}",,CFS,True,False,237066813318.0,False
091990,00554024,셀트리온헬스케어,2022,Q4,CFS,ok,,-73151420561.0,,76639498083.0,930076098.0,75709421985.0,20230303,20230303900501,연결재무제표기준영업(잠정)실적(공정공시),configured_stock_list_not_survivorship_free,True,"{""operating_profit"": {""value_raw_or_cumulative"": null, ""selection_rule"": ""missing"", ""amount_method"": ""missing"", ""account_id"": null, ""account_nm"": null, ""sj_div"": null}, ""net_income"": {""value_raw_or_cumulative"": 147178596149.0, ""selection_rule"": ""exact_label_fallback"", ""amount_method"": ""reported_amount_assumed_cumulative"", ""account_id"": ""ifrs-full_ProfitLoss"", ""account_nm"": ""당기순이익(손실)"", ""sj_div"": ""CIS""}, ""equity"": {""value_raw_or_cumulative"": null, ""selection_rule"": ""missing"", ""amount_method"": ""missing"", ""account_id"": null, ""account_nm"": null, ""sj_div"": null}, ""cfo"": {""value_raw_or_cumulative"": 202118630217.0, ""selection_rule"": ""exact_label_fallback"", ""amount_method"": ""reported_amount_assumed_cumulative"", ""account_id"": ""ifrs-full_CashFlowsFromUsedInOperatingActivities"", ""account_nm"": ""영업활동현금흐름"", ""sj_div"": ""CF""}, ""capex_ppe"": {""value_raw_or_cumulative"": 881291211.0, ""selection_rule"": ""exact_label_fallback"", ""amount_method"": ""reported_amount_assumed_cumulative"", ""account_id"": ""ifrs-full_PurchaseOfPropertyPlantAndEquipmentClassifiedAsInvestingActivities"", ""account_nm"": ""유형자산의 취득"", ""sj_div"": ""CF""}, ""capex_intangible"": {""value_raw_or_cumulative"": 898982703.0, ""selection_rule"": ""exact_label_fallback"", ""amount_method"": ""reported_amount_assumed_cumulative"", ""account_id"": ""ifrs-full_PurchaseOfIntangibleAssetsClassifiedAsInvestingActivities"", ""account_nm"": ""무형자산의 취득"", ""sj_div"": ""CF""}}",,CFS,True,False,147178596149.0,False
