corp_code,company_name,quarter,op_q,prior_op_q,ni_ttm,equity,fcf_q,fcf_yoy,stock_code,marcap_matched,security_review_status,observed_markets,period,signal_date,signal_receipt_no,signal_report_name,mcap_pre_signal,mcap_date,entry_date,entry_open,adv20,R5,R10,R20,R60,R120,R5_raw,R10_raw,R20_raw,R60_raw,R120_raw,CA_R5,CA_R10,CA_R20,CA_R60,CA_R120,MFE20,MAE20,fcf_pct,fcf_yoy_pct,loss_pct,status
00104786,미래아이앤지,Q3,225119557.0,-52968099.0,-8256220050.0,57203450281.0,,,007120,True,MATCHED_COMMON_CANDIDATE,KOSPI,Q3,20191114,20191114000653,분기보고서 (2019.09),42082348100.0,2019-11-13,2019-11-15,318.0,353343783.9,-2.515723270440251,-3.7735849056603765,-2.8301886792452824,4.402515723270439,22.64150943396226,-2.515723270440251,-3.7735849056603765,-2.8301886792452824,4.402515723270439,22.64150943396226,False,False,False,False,False,9.119496855345922,-5.974842767295597,,,19.619200027481355,OK
00104810,소노스퀘어,Q1,1583400480.0,-1226126000.0,-6162843947.0,128927180251.0,,,007720,True,MATCHED_COMMON_CANDIDATE,KOSDAQ,Q1,20190515,20190515001085,분기보고서 (2019.03),193536864000.0,2019-05-14,2019-05-16,2050.0,1323940471.0,0.0,-5.853658536585371,5.853658536585371,-21.707317073170728,-17.560975609756103,0.0,-5.853658536585371,5.853658536585371,-21.707317073170728,-17.560975609756103,False,False,False,False,False,8.292682926829276,-8.780487804878046,,,3.1843256212935227,OK
00105040,뉴인텍,Q2,184833160.0,-116888277.0,-3375143933.0,14275310155.0,-1586259451.0,-1358056077.0,012340,True,MATCHED_COMMON_CANDIDATE,KOSDAQ,H1,20190814,20190814000737,반기보고서 (2019.06),22465405405.0,2019-08-13,2019-08-16,415.0,352766937.7,4.578313253012056,2.168674698795181,32.04819277108433,,,4.578313253012056,2.168674698795181,32.04819277108433,239.75903614457832,392.7710843373494,False,False,False,True,True,59.036144578313255,-3.855421686746985,-7.0608984009118085,-6.04509935395043,15.023739265567906,OK
00105040,뉴인텍,Q3,222325863.0,-1245272550.0,-1783227739.0,14350482393.0,624756698.0,938914575.0,012340,True,MATCHED_COMMON_CANDIDATE,KOSDAQ,Q3,20191114,20191114000383,분기보고서 (2019.09),25442747820.0,2019-11-13,2019-11-15,1435.0,868757461.0,,,,,,4.529616724738683,-2.7874564459930307,11.149825783972123,35.88850174216027,35.88850174216027,True,True,True,True,True,,,2.4555394032907567,3.6903033494752457,7.008785967678549,OK
00106395,금호전기,Q4,1316277486.0,-51694149692.0,-33237745519.0,16852179778.0,-2008797617.0,616031534.0,001210,True,MATCHED_COMMON_CANDIDATE,KOSPI,FY,20200330,20200330004549,사업보고서 (2019.12),23613318000.0,2020-03-27,2020-03-31,2250.0,294278628.75,24.888888888888893,42.22222222222223,48.88888888888889,42.22222222222223,103.33333333333331,24.888888888888893,42.22222222222223,48.88888888888889,42.22222222222223,103.33333333333331,False,False,False,False,False,64.44444444444444,-1.7777777777777781,-8.507053591536776,2.60883088941588,140.75847163452423,OK
00106623,현대위아,Q1,14605000000.0,-29820304735.0,-24551246112.0,3061625000000.0,91981000000.0,567328210494.0,011210,True,MATCHED_COMMON_CANDIDATE,KOSPI,Q1,20190515,20190515002216,분기보고서 (2019.03),1182986110500.0,2019-05-14,2019-05-16,46200.0,8563043557.5,-8.766233766233766,-9.848484848484851,-0.10822510822511289,-9.41558441558441,10.822510822510822,-8.766233766233766,-9.848484848484851,-0.10822510822511289,-9.41558441558441,10.822510822510822,False,False,False,False,False,0.0,-16.666666666666664,7.775323749247012,47.95730105860782,2.075362161405529,OK
00107677,비비안,Q1,707705441.0,-1353284991.0,-5350313088.0,118838520664.0,4375657177.0,1327892162.0,002070,True,MATCHED_COMMON_CANDIDATE,KOSPI,Q1,20190515,20190515001255,분기보고서 (2019.03),44916360300.0,2019-05-14,2019-05-16,6530.0,16680583.0,2.6033690658499253,-1.5313935681470103,2.9096477794793296,261.40888208269524,223.1240428790199,2.6033690658499253,-1.5313935681470103,2.9096477794793296,261.40888208269524,223.1240428790199,False,False,False,False,False,5.666156202143946,-3.8284839203675314,9.741789289636632,2.956366350993048,11.911724485832838,OK
00108746,DKME,Q1,2096619606.0,-2238618719.0,-1123223459.0,71970862251.0,,,015590,True,MATCHED_COMMON_CANDIDATE,KOSPI,Q1,20190508,20190508000093,분기보고서 (2019.03),115354711584.0,2019-05-07,2019-05-09,956.0,1373334334.3,0.0,-4.3933054393305415,-5.4393305439330515,-23.64016736401674,-17.364016736401677,0.0,-4.3933054393305415,-5.4393305439330515,-23.64016736401674,-17.364016736401677,False,False,False,False,False,14.539748953974897,-14.225941422594147,,,0.9737126846198053,OK
00108746,DKME,Q2,8382294850.0,-1005522621.0,-6510568251.0,75212017694.0,,,015590,True,MATCHED_COMMON_CANDIDATE,KOSPI,H1,20190808,20190808000042,반기보고서 (2019.06),97126272870.0,2019-08-07,2019-08-09,748.0,451064826.25,2.941176470588225,-2.2727272727272707,4.545454545454541,7.8877005347593565,39.70588235294117,2.941176470588225,-2.2727272727272707,4.545454545454541,7.8877005347593565,39.70588235294117,False,False,False,False,False,8.288770053475947,-12.700534759358284,,,6.703199925847211,OK
00109268,대동스틸,Q2,345426455.0,-231268240.0,-55040055.0,61677238173.0,,,048470,True,MATCHED_COMMON_CANDIDATE,KOSDAQ,H1,20190814,20190814000405,반기보고서 (2019.06),57800000000.0,2019-08-13,2019-08-16,5810.0,407153753.75,5.163511187607583,2.753872633390708,29.432013769363174,10.327022375215144,1.8932874354561147,5.163511187607583,2.753872633390708,29.432013769363174,10.327022375215144,1.8932874354561147,False,False,False,False,False,30.12048192771084,-2.9259896729776247,,,0.09522500865051904,OK
00109824,대림통상,Q1,83840604.0,-300869832.0,-2950587323.0,103738120897.0,10249530106.0,7701822398.0,006570,True,MATCHED_COMMON_CANDIDATE,KOSPI,Q1,20190515,20190515001905,분기보고서 (2019.03),64173375000.0,2019-05-14,2019-05-16,4200.0,7392285.0,-0.23809523809523725,1.904761904761898,2.3809523809523725,1.904761904761898,-3.3333333333333326,-0.23809523809523725,1.904761904761898,2.3809523809523725,1.904761904761898,-3.3333333333333326,False,False,False,False,False,9.404761904761916,-2.7380952380952395,15.971623911006708,12.001585389579402,4.597837222991622,OK
00110884,엠젠솔루션,Q3,267146336.0,-1190131364.0,-11179963719.0,29370652137.0,-501127334.0,2788634401.0,032790,True,MATCHED_COMMON_CANDIDATE,KOSDAQ,Q3,20191114,20191114002455,분기보고서 (2019.09),90799733080.0,2019-11-13,2019-11-15,4400.0,1766871848.75,-8.18181818181818,-8.40909090909091,-7.386363636363635,-7.386363636363635,-7.386363636363635,-8.18181818181818,-8.40909090909091,-7.386363636363635,-7.386363636363635,-7.386363636363635,False,False,False,False,False,3.0681818181818254,-100.0,-0.5519039726234403,3.071192289236188,12.312771568557126,OK
00111218,KD,Q1,5677544853.0,-931588600.0,-20194518247.0,50031124267.0,,,044180,True,MATCHED_COMMON_CANDIDATE,KOSDAQ,Q1,20190515,20190515002650,분기보고서 (2019.03),38784885480.0,2019-05-14,2020-10-07,2115.0,0.0,,,,,,-26.241134751773053,-36.170212765957444,-42.31678486997635,,,True,True,True,,,,,,,52.06801050737562,OK
00112721,대창스틸,Q1,773048851.0,-147149221.0,-19034246211.0,98211398209.0,,,140520,True,MATCHED_COMMON_CANDIDATE,KOSDAQ,Q1,20190515,20190515001499,분기보고서 (2019.03),57200000000.0,2019-05-14,2019-05-16,2885.0,577646740.0,-1.2131715771230511,-2.9462738301559765,2.772963604852685,-15.25129982668978,-6.065857885615255,-1.2131715771230511,-2.9462738301559765,2.772963604852685,-15.25129982668978,-6.065857885615255,False,False,False,False,False,3.6395147313691423,-7.798960138648181,,,33.27665421503497,OK
00112721,대창스틸,Q3,641697736.0,-1179277461.0,-7318322487.0,108302723815.0,,,140520,True,MATCHED_COMMON_CANDIDATE,KOSDAQ,Q3,20191114,20191114001502,분기보고서 (2019.09),54200000000.0,2019-11-13,2019-11-15,2710.0,94937443.75,-1.845018450184499,-5.350553505535061,-11.439114391143912,-13.099630996309964,-25.276752767527675,-1.845018450184499,-5.350553505535061,-11.439114391143912,-13.099630996309964,-25.276752767527675,False,False,False,False,False,3.5055350553505615,-12.361623616236162,,,13.502440012915129,OK
00113225,대한제강,Q1,11311357705.0,-2453881.0,-8847851606.0,440010089273.0,,,084010,True,MATCHED_COMMON_CANDIDATE,KOSPI,Q1,20190515,20190515001128,분기보고서 (2019.03),186822243720.0,2019-05-14,2019-05-16,7820.0,931391054.0,1.7902813299232712,0.0,10.35805626598465,-15.601023017902815,-20.84398976982097,1.7902813299232712,0.0,10.35805626598465,-15.601023017902815,-20.84398976982097,False,False,False,False,False,11.125319693094626,-6.649616368286448,,,4.735973313360225,OK
00113492,깨끗한나라,Q3,5544419527.0,-5206992839.0,-29206692092.0,144370235900.0,,,004540,True,MATCHED_COMMON_CANDIDATE,KOSPI,Q3,20191114,20191114002680,분기보고서 (2019.09),89005256270.0,2019-11-13,2019-11-15,2360.0,239101519.25,-1.4830508474576232,-1.906779661016944,-5.932203389830503,18.644067796610166,71.61016949152543,-1.4830508474576232,-1.906779661016944,-5.932203389830503,18.644067796610166,71.61016949152543,False,False,False,False,False,1.9067796610169552,-7.4152542372881385,,,32.81456996584636,OK
00113492,깨끗한나라,Q4,10381035388.0,-3863729407.0,-11786429608.0,162444334048.0,,,004540,True,MATCHED_COMMON_CANDIDATE,KOSPI,FY,20200330,20200330004535,사업보고서 (2019.12),104832550795.0,2020-03-27,2020-03-31,3170.0,4530888640.75,15.14195583596214,14.195583596214512,15.615141955835954,15.615141955835954,44.47949526813879,15.14195583596214,14.195583596214512,15.615141955835954,15.615141955835954,44.47949526813879,False,False,False,False,False,53.785488958990534,-7.886435331230279,,,11.243101039340688,OK
00113526,대한항공,Q4,119113658234.0,-10948658072.0,-622761502186.0,2780792692635.0,,,003490,True,MATCHED_COMMON_CANDIDATE,KOSPI,FY,20200330,20200330004699,[첨부추가]사업보고서 (2019.12),1797305814300.0,2020-03-27,2020-03-31,19150.0,45050735205.0,-2.3498694516971286,2.088772845953013,2.872062663185382,-6.7885117493472595,,-2.3498694516971286,2.088772845953013,2.872062663185382,-6.7885117493472595,-1.5665796344647487,False,False,False,False,True,18.276762402088774,-7.310704960835512,,,34.64972389401345,OK
00114093,덕성,Q1,90175770.0,-832427121.0,-1248433091.0,62629860302.0,2421036629.0,2928592069.0,004830,True,MATCHED_COMMON_CANDIDATE,KOSPI,Q1,20190515,20190515001308,분기보고서 (2019.03),46961600000.0,2019-05-14,2019-05-16,3060.0,72942694.5,-3.26797385620915,-3.104575163398693,-1.4705882352941124,11.601307189542487,-0.32679738562091387,-3.26797385620915,-3.104575163398693,-1.4705882352941124,11.601307189542487,-0.32679738562091387,False,False,False,False,False,3.7581699346405317,-8.823529411764708,5.155353797570781,6.236142016030119,2.6584125988041296,OK
00117230,TYM,Q3,423346849.0,-457284238.0,-16574740731.0,113356639706.0,-40587681992.0,-35852599200.0,002900,True,MATCHED_COMMON_CANDIDATE,KOSPI,Q3,20191114,20191114000452,분기보고서 (2019.09),106619343600.0,2019-11-13,2019-11-15,905.0,1978083433.35,-0.9944751381215422,4.751381215469608,-2.099447513812158,25.41436464088398,9.944751381215466,-0.9944751381215422,4.751381215469608,-2.099447513812158,25.41436464088398,9.944751381215466,False,False,False,False,False,11.049723756906072,-3.4254143646408886,-38.067840807828794,-33.62673037503112,15.54571635066791,OK
00117629,KBI동양철관,Q3,1039657091.0,-500062458.0,-1931268592.0,80100345836.0,,,008970,True,MATCHED_COMMON_CANDIDATE,KOSPI,Q3,20191114,20191114000764,분기보고서 (2019.09),134934804150.0,2019-11-13,2019-11-15,1100.0,760036304.0,-1.8181818181818188,-0.4545454545454519,-4.545454545454541,-1.8181818181818188,-4.545454545454541,-1.8181818181818188,-0.4545454545454519,-4.545454545454541,-1.8181818181818188,-4.545454545454541,False,False,False,False,False,5.000000000000004,-9.090909090909093,,,1.43126052923537,OK
00120906,에스아이리소스,Q2,212510084.0,-668824601.0,-5290622975.0,19474862128.0,,,065420,True,MATCHED_COMMON_CANDIDATE,KOSDAQ,H1,20190814,20190814002692,반기보고서 (2019.06),41281932996.0,2019-08-13,,,,,,,,,,,,,,,,,,,,,,,,NO_ENTRY
00121534,MH에탄올,Q1,543184890.0,-1215888620.0,-9630741931.0,87104475755.0,,,023150,True,MATCHED_COMMON_CANDIDATE,KOSPI,Q1,20190515,20190515001510,분기보고서 (2019.03),51280755700.0,2019-05-14,2019-05-16,6930.0,80033184.5,-1.8759018759018753,-2.3088023088023046,-5.05050505050505,-8.080808080808078,-8.36940836940837,-1.8759018759018753,-2.3088023088023046,-5.05050505050505,-8.080808080808078,-8.36940836940837,False,False,False,False,False,0.0,-6.926406926406925,,,18.78042123119492,OK
00123541,보해양조,Q1,551995470.0,-309162415.0,-26435146340.0,70106612169.0,-2915483001.0,273878199.0,000890,True,MATCHED_COMMON_CANDIDATE,KOSPI,Q1,20190514,20190514000399,분기보고서 (2019.03),127104577920.0,2019-05-13,2019-05-15,1205.0,6624678265.0,36.92946058091287,11.618257261410792,9.12863070539418,-16.182572614107883,-9.128630705394192,36.92946058091287,11.618257261410792,9.12863070539418,-16.182572614107883,-9.128630705394192,False,False,False,False,False,48.962655601659755,-1.2448132780082943,-2.2937671079282556,0.2154746929511695,20.7979498241506,OK
00123541,보해양조,Q2,372104575.0,-8577463710.0,-5655368730.0,84945791112.0,4943774471.0,7079221845.0,000890,True,MATCHED_COMMON_CANDIDATE,KOSPI,H1,20190814,20190814001259,반기보고서 (2019.06),121664020240.0,2019-08-13,2019-08-16,1040.0,8352431836.35,11.538461538461542,6.25,20.192307692307686,8.173076923076916,0.0,11.538461538461542,6.25,20.192307692307686,8.173076923076916,0.0,False,False,False,False,False,26.923076923076916,-2.4038461538461564,4.063464663791057,5.818665067153957,4.648349379581541,OK
00125150,SGC에너지,Q2,2066540573.0,-9608938514.0,-1708162792.0,316667760883.0,,,005090,True,MATCHED_COMMON_CANDIDATE,KOSPI,H1,20190814,20190814001516,반기보고서 (2019.06),165778374700.0,2019-08-13,2019-08-16,34550.0,309542367.5,-2.315484804630974,-9.117221418234445,-2.315484804630974,-11.287988422575978,-14.905933429811869,-2.315484804630974,-9.117221418234445,-2.315484804630974,-11.287988422575978,-14.905933429811869,False,False,False,False,False,2.026049204052094,-10.274963820549932,,,1.0303893949323415,OK
00125822,삼보산업,Q2,764422764.0,-400391909.0,-7343369252.0,41989949877.0,8232275011.0,,009620,True,MATCHED_COMMON_CANDIDATE,KOSDAQ,H1,20190814,20190814001985,반기보고서 (2019.06),46975694220.0,2019-08-13,2019-08-16,1745.0,4176322105.0,-16.045845272206304,-10.028653295128942,-8.022922636103146,-49.45558739255015,,-16.045845272206304,-10.028653295128942,-8.022922636103146,-49.45558739255015,-46.30372492836676,False,False,False,False,True,34.67048710601719,-19.19770773638968,17.524541462753078,,15.632274038588973,OK
00125974,삼부토건,Q2,3424309002.0,-2371919441.0,-24449592511.0,186731061708.0,,,001470,True,MATCHED_COMMON_CANDIDATE,KOSPI,H1,20190814,20190814000348,반기보고서 (2019.06),80362144440.0,2019-08-13,2019-08-16,685.0,407117782.6,1.4598540145985384,-6.569343065693434,24.52554744525548,4.5255474452554845,-1.7518248175182438,1.4598540145985384,-6.569343065693434,24.52554744525548,4.5255474452554845,-1.7518248175182438,False,False,False,False,False,50.364963503649626,-8.175182481751818,,,30.42426590451996,OK
00125974,삼부토건,Q3,1137798887.0,-2423107244.0,-18851440746.0,202687921843.0,,,001470,True,MATCHED_COMMON_CANDIDATE,KOSPI,Q3,20191114,20191114000863,분기보고서 (2019.09),97476465540.0,2019-11-13,2019-11-15,721.0,486583152.15,-8.737864077669899,-7.212205270457694,-2.77392510402219,-7.073509015256585,7.628294036061023,-8.737864077669899,-7.212205270457694,-2.77392510402219,-7.073509015256585,7.628294036061023,False,False,False,False,False,0.9708737864077666,-10.540915395284323,,,19.339479167168005,OK
00128032,삼일제약,Q1,2513726672.0,-640390024.0,-6461296766.0,56647470695.0,-3340693445.0,-849912540.0,000520,True,MATCHED_COMMON_CANDIDATE,KOSPI,Q1,20190510,20190510000051,분기보고서 (2019.03),198250000000.0,2019-05-09,2019-05-13,30900.0,3103436700.0,-1.6181229773462813,-15.533980582524276,-16.18122977346278,-41.747572815533985,-30.90614886731392,-1.6181229773462813,-15.533980582524276,-16.18122977346278,-41.747572815533985,-30.90614886731392,False,False,False,False,False,6.6343042071197456,-20.064724919093845,-1.6850912711223205,-0.4287074602774275,3.259166086254729,OK
00128032,삼일제약,Q2,1112695572.0,-1125555468.0,-3368426502.0,57690881682.0,5945456135.0,7221044314.0,000520,True,MATCHED_COMMON_CANDIDATE,KOSPI,H1,20190814,20190814000680,반기보고서 (2019.06),128375000000.0,2019-08-13,2019-08-16,19500.0,1343979377.5,8.205128205128197,7.179487179487176,10.256410256410264,8.205128205128197,5.128205128205132,8.205128205128197,7.179487179487176,10.256410256410264,8.205128205128197,5.128205128205132,False,False,False,False,False,14.871794871794863,-3.589743589743588,4.631319287244401,5.624961490944499,2.6238960093476145,OK
00128032,삼일제약,Q3,166188787.0,-2001833019.0,-1250844369.0,64350149478.0,-14775504472.0,-13253526887.0,000520,True,MATCHED_COMMON_CANDIDATE,KOSPI,Q3,20191114,20191114000672,분기보고서 (2019.09),137150000000.0,2019-11-13,2019-11-15,20900.0,1677598775.0,-5.263157894736848,-4.30622009569378,-4.066985645933019,-2.392344497607657,-8.3732057416268,-5.263157894736848,-4.30622009569378,-4.066985645933019,-2.392344497607657,-8.3732057416268,False,False,False,False,False,6.459330143540676,-6.459330143540665,-10.773244237695954,-9.66352671308786,0.9120265176813709,OK
00128227,삼정펄프,Q2,1720241581.0,-149794455.0,-1550703074.0,183558748278.0,2301824945.0,4306992075.0,009770,True,MATCHED_COMMON_CANDIDATE,KOSPI,H1,20190814,20190814000366,반기보고서 (2019.06),78249092300.0,2019-08-13,2019-08-16,32350.0,15703635.0,3.4003091190108137,1.8547140649149974,1.7001545595054068,1.391035548686248,-4.482225656877903,3.4003091190108137,1.8547140649149974,1.7001545595054068,1.391035548686248,-4.482225656877903,False,False,False,False,False,4.327666151468312,-2.472952086553326,2.9416634459796795,5.504207075639138,1.981752156376132,OK
00128607,삼천리자전거,Q2,138003665.0,-748197273.0,-20614580025.0,83748923248.0,,,024950,True,MATCHED_COMMON_CANDIDATE,KOSDAQ,H1,20190814,20190814000782,반기보고서 (2019.06),77517689680.0,2019-08-13,2019-08-16,5770.0,1296999255.0,3.9861351819757473,-1.0398613518197597,5.719237435008662,-1.7331022530329254,-1.2131715771230511,3.9861351819757473,-1.0398613518197597,5.719237435008662,-1.7331022530329254,-1.2131715771230511,False,False,False,False,False,10.571923743500866,-2.5996533795493937,,,26.593388051293637,OK
00129554,갤럭시아에스엠,Q3,491356757.0,-821011735.0,-9085524784.0,21317848871.0,,,011420,True,MATCHED_COMMON_CANDIDATE,KOSPI,Q3,20191114,20191114002537,분기보고서 (2019.09),51931078940.0,2019-11-13,2019-11-15,1900.0,312772320.5,-11.05263157894737,-13.684210526315788,-15.789473684210531,7.105263157894748,-27.105263157894733,-11.05263157894737,-13.684210526315788,-15.789473684210531,7.105263157894748,-27.105263157894733,False,False,False,False,False,1.3157894736842035,-19.21052631578948,,,17.49535147247222,OK
00129554,갤럭시아에스엠,Q4,92515698.0,-5320841563.0,-1375316170.0,21798750157.0,,,011420,True,MATCHED_COMMON_CANDIDATE,KOSPI,FY,20200330,20200330004159,사업보고서 (2019.12),27825140440.0,2020-03-27,2020-03-31,1070.0,186281159.55,2.8037383177569986,16.82242990654206,21.028037383177576,19.626168224299057,30.841121495327094,2.8037383177569986,16.82242990654206,21.028037383177576,19.626168224299057,30.841121495327094,False,False,False,False,False,44.39252336448598,-8.785046728971968,,,4.942710614401484,OK
00129615,상보,Q1,1129449270.0,-1584655399.0,-29476634581.0,20367946794.0,-1816393306.0,1074531558.0,027580,True,MATCHED_COMMON_CANDIDATE,KOSDAQ,Q1,20190515,20190515000972,분기보고서 (2019.03),95224315200.0,2019-05-14,2019-05-16,2720.0,14334250823.75,26.28676470588236,2.941176470588225,-27.022058823529417,-56.61764705882353,,26.28676470588236,2.941176470588225,-27.022058823529417,-56.61764705882353,-58.82352941176471,False,False,False,False,True,40.99264705882353,-28.676470588235293,-1.9074889666415789,1.1284214076448407,30.954945193452016,OK
00130383,서부T&D,Q1,788615783.0,-4855018435.0,-8030001120.0,642395102758.0,,,006730,True,MATCHED_COMMON_CANDIDATE,KOSDAQ,Q1,20190515,20190515001382,분기보고서 (2019.03),543301053400.0,2019-05-14,2019-05-16,9840.0,2106505519.0,-8.130081300813007,-13.719512195121952,-12.601626016260159,-22.459349593495936,-15.955284552845528,-8.130081300813007,-13.719512195121952,-12.601626016260159,-22.459349593495936,-15.955284552845528,False,False,False,False,False,0.9146341463414531,-15.243902439024392,,,1.4780021260308494,OK
00130587,서울전자통신,Q3,108058919.0,-242038481.0,-2168372794.0,39342220879.0,86809942.0,,027040,True,MATCHED_COMMON_CANDIDATE,KOSDAQ,Q3,20191114,20191114002563,분기보고서 (2019.09),79679229815.0,2019-11-13,2019-11-15,1110.0,442826638.0,-9.009009009009006,-9.459459459459463,-11.891891891891893,0.9009009009008917,-24.144144144144143,-9.009009009009006,-9.459459459459463,-11.891891891891893,0.9009009009008917,-24.144144144144143,False,False,False,False,False,0.45045045045044585,-14.144144144144144,0.108949273482633,,2.7213777028650363,OK
00131018,서울제약,Q1,214281773.0,-642199891.0,-7436906557.0,50273712389.0,,,018680,True,MATCHED_COMMON_CANDIDATE,KOSDAQ,Q1,20190515,20190515000403,분기보고서 (2019.03),63047257570.0,2019-05-14,2019-05-16,7710.0,298893577.5,-7.003891050583655,-9.857328145265887,-3.5019455252918275,-32.295719844357976,-11.02464332036317,-7.003891050583655,-9.857328145265887,-3.5019455252918275,-32.295719844357976,-11.02464332036317,False,False,False,False,False,1.5564202334630295,-15.43450064850843,,,11.79576534116962,OK
00131018,서울제약,Q2,590320777.0,-670979855.0,-5697607901.0,50696198674.0,,,018680,True,MATCHED_COMMON_CANDIDATE,KOSDAQ,H1,20190813,20190813000229,반기보고서 (2019.06),45312564660.0,2019-08-12,2019-08-14,5300.0,117858216.5,15.660377358490575,18.301886792452837,23.396226415094333,36.60377358490565,29.433962264150935,15.660377358490575,18.301886792452837,23.396226415094333,36.60377358490565,29.433962264150935,False,False,False,False,False,38.49056603773584,-1.132075471698113,,,12.574013286936294,OK
00131018,서울제약,Q3,1364391410.0,-1883636311.0,-3205364983.0,50810508288.0,,,018680,True,MATCHED_COMMON_CANDIDATE,KOSDAQ,Q3,20191111,20191111000028,분기보고서 (2019.09),57871103180.0,2019-11-08,2019-11-12,7030.0,179603912.0,-1.9914651493598834,3.1294452347083945,-9.672830725462301,-2.4182076813655806,22.475106685632994,-1.9914651493598834,3.1294452347083945,-9.672830725462301,-2.4182076813655806,22.475106685632994,False,False,False,False,False,19.7724039829303,-13.229018492176392,,,5.538800553067321,OK
00131018,서울제약,Q4,1493977543.0,-1712362277.0,-1869378478.0,28450542748.0,,,018680,True,MATCHED_COMMON_CANDIDATE,KOSDAQ,FY,20200330,20200330001211,사업보고서 (2019.12),74757246190.0,2020-03-27,2020-03-31,9800.0,25774585796.5,-3.57142857142857,-13.061224489795919,-15.000000000000002,-6.224489795918364,10.71428571428572,-3.57142857142857,-13.061224489795919,-15.000000000000002,-6.224489795918364,10.71428571428572,False,False,False,False,False,19.387755102040828,-16.938775510204085,,,2.5005983677473393,OK
00132318,성광벤드,Q1,850201520.0,-743107395.0,-6696137062.0,434946707395.0,,,014620,True,MATCHED_COMMON_CANDIDATE,KOSDAQ,Q1,20190515,20190515001026,분기보고서 (2019.03),317460000000.0,2019-05-14,2019-05-16,11300.0,1849339982.5,-0.8849557522123908,-5.309734513274334,-5.752212389380529,-20.442477876106192,-11.946902654867253,-0.8849557522123908,-5.309734513274334,-5.752212389380529,-20.442477876106192,-11.946902654867253,False,False,False,False,False,0.8849557522123908,-8.407079646017701,,,2.1092852838152836,OK
00132318,성광벤드,Q2,2220661861.0,-2661914678.0,-4396485127.0,437733277904.0,,,014620,True,MATCHED_COMMON_CANDIDATE,KOSDAQ,H1,20190814,20190814001232,반기보고서 (2019.06),254254000000.0,2019-08-13,2019-08-16,8960.0,831819542.5,11.607142857142861,13.83928571428572,23.88392857142858,10.9375,5.691964285714279,11.607142857142861,13.83928571428572,23.88392857142858,10.9375,5.691964285714279,False,False,False,False,False,27.23214285714286,-1.7857142857142905,,,1.7291704858133992,OK
00132868,우성머티리얼스,Q2,331209699.0,-38984528.0,-10953843427.0,93368320057.0,,,011300,True,MATCHED_COMMON_CANDIDATE,KOSPI,H1,20190814,20190814000883,반기보고서 (2019.06),28372072140.0,2019-08-13,2019-08-16,488.0,71072805.05,3.8934426229508157,-3.8934426229508157,1.8442622950819665,-7.786885245901642,25.81967213114753,3.8934426229508157,-3.8934426229508157,1.8442622950819665,-7.786885245901642,25.81967213114753,False,False,False,False,False,5.942622950819665,-5.5327868852458995,,,38.60783721734891,OK
00133335,성창기업지주,Q4,3423031761.0,-3312176551.0,-10875066038.0,525405461995.0,,,000180,True,MATCHED_COMMON_CANDIDATE,KOSPI,FY,20200330,20200330002560,사업보고서 (2019.12),85096952000.0,2020-03-27,2020-03-31,1245.0,274903282.7,3.2128514056224855,8.032128514056236,20.481927710843383,19.67871485943775,36.947791164658625,3.2128514056224855,8.032128514056236,20.481927710843383,19.67871485943775,36.947791164658625,False,False,False,False,False,36.54618473895583,-5.622489959839361,,,12.779618755322753,OK
00133618,우양피앤엘,Q4,8174793.0,-72205788.0,-941242588.0,22435805155.0,,,002420,True,MATCHED_COMMON_CANDIDATE,KOSPI,FY,20200327,20200327001532,사업보고서 (2019.12),17872909200.0,2020-03-26,2020-03-30,44900.0,71649910.0,8.24053452115814,12.026726057906467,12.249443207126953,38.307349665924285,37.19376391982183,8.24053452115814,12.026726057906467,12.249443207126953,38.307349665924285,37.19376391982183,False,False,False,False,False,16.70378619153674,-2.0044543429844075,,,5.266308788722543,OK
00133663,세동,Q2,683502187.0,-82217979.0,-2371150545.0,19677946465.0,3786535778.0,,053060,True,MATCHED_COMMON_CANDIDATE,KOSDAQ,H1,20190814,20190814002111,반기보고서 (2019.06),15480153000.0,2019-08-13,2019-08-16,745.0,25728627.75,2.281879194630876,4.966442953020134,6.979865771812088,4.563758389261752,15.436241610738266,2.281879194630876,4.966442953020134,6.979865771812088,4.563758389261752,15.436241610738266,False,False,False,False,False,13.422818791946312,-3.2214765100671117,24.460583677693627,,15.317358588122481,OK
00133663,세동,Q3,630982774.0,-169097808.0,-2004680369.0,19027114592.0,-6445334604.0,-4245703936.0,053060,True,MATCHED_COMMON_CANDIDATE,KOSDAQ,Q3,20191114,20191114000811,분기보고서 (2019.09),16679169000.0,2019-11-13,2019-11-15,795.0,26554048.85,-3.899371069182389,3.647798742138364,2.767295597484276,6.792452830188678,-21.509433962264147,-3.899371069182389,3.647798742138364,2.767295597484276,6.792452830188678,-21.509433962264147,False,False,False,False,False,30.817610062893074,-6.91823899371069,-38.64301994901545,-25.455128705752667,12.019066231656984,OK
00136271,신성이엔지,Q2,2807668144.0,-2411162882.0,-39665402652.0,125924660034.0,-6053972781.0,-9119126621.0,011930,True,MATCHED_COMMON_CANDIDATE,KOSPI,H1,20190814,20190814000956,반기보고서 (2019.06),188497250725.0,2019-08-13,2019-08-16,1085.0,820929807.2,3.2258064516129004,0.0,-4.608294930875578,-11.797235023041475,-9.493087557603685,3.2258064516129004,0.0,-4.608294930875578,-11.797235023041475,-9.493087557603685,False,False,False,False,False,8.294930875576046,-8.018433179723505,-3.211703490483362,-4.837803514866092,21.042960838653368,OK
00136402,신송홀딩스,Q1,280328.0,-31353577.0,-12332328230.0,125317321423.0,,,006880,True,MATCHED_COMMON_CANDIDATE,KOSPI,Q1,20190515,20190515002482,분기보고서 (2019.03),60800330120.0,2019-05-14,2019-05-16,5160.0,1007684205.75,-6.395348837209303,-7.170542635658917,-4.941860465116276,-5.13565891472868,-17.73255813953488,-6.395348837209303,-7.170542635658917,-4.941860465116276,-5.13565891472868,-17.73255813953488,False,False,False,False,False,5.03875968992249,-9.302325581395355,,,20.283324458370554,OK
00136864,신원,Q1,2119131238.0,-1293289076.0,-2574785394.0,190428180167.0,3359874429.0,6962725796.0,009270,True,MATCHED_COMMON_CANDIDATE,KOSPI,Q1,20190515,20190515000480,분기보고서 (2019.03),145418673600.0,2019-05-14,2019-05-16,1890.0,1494774172.5,7.407407407407418,0.7936507936507908,20.105820105820115,5.820105820105814,10.846560846560838,7.407407407407418,0.7936507936507908,20.105820105820115,5.820105820105814,10.846560846560838,False,False,False,False,False,22.751322751322746,-3.703703703703709,2.310483479062623,4.788054810039196,1.7706016223765089,OK
00137234,모베이스전자,Q3,1158312239.0,-976294664.0,-19377436418.0,121884180129.0,-15036257955.0,786926104.0,012860,True,MATCHED_COMMON_CANDIDATE,KOSDAQ,Q3,20191114,20191114000390,분기보고서 (2019.09),44010000000.0,2019-11-13,2019-11-15,1655.0,3065109949.25,-13.897280966767367,-12.990936555891242,-22.054380664652573,,,-13.897280966767367,-12.990936555891242,-22.054380664652573,11.782477341389729,-18.429003021148038,False,False,False,True,True,1.812688821752273,-24.471299093655585,-34.165548636673485,1.7880620404453533,44.02962149057033,OK
00137234,모베이스전자,Q4,7998517257.0,-999435980.0,-9949413546.0,161445597404.0,3937913078.0,6157166312.0,012860,True,MATCHED_COMMON_CANDIDATE,KOSDAQ,FY,20200330,20200330002761,사업보고서 (2019.12),49036000000.0,2020-03-27,2020-03-31,1015.0,1575365910.2,24.13793103448276,46.79802955665024,42.36453201970443,44.33497536945812,29.064039408866993,24.13793103448276,46.79802955665024,42.36453201970443,44.33497536945812,29.064039408866993,False,False,False,False,False,58.62068965517242,-2.0689655172413834,8.030657227343177,12.556420409495065,20.290018651602903,OK
00138297,STX,Q1,992000000.0,-1560000000.0,-9564000000.0,59847000000.0,8249000000.0,34203000000.0,011810,True,MATCHED_COMMON_CANDIDATE,KOSPI,Q1,20190515,20190515002183,분기보고서 (2019.03),262367796600.0,2019-05-14,2019-05-16,13300.0,254022897.5,-6.015037593984962,-10.15037593984962,-11.27819548872181,-34.360902255639104,-42.932330827067666,-6.015037593984962,-10.15037593984962,-11.27819548872181,-34.360902255639104,-42.932330827067666,False,False,False,False,False,19.924812030075188,-16.541353383458645,3.1440596395205613,13.036279773369108,3.6452644432506545,OK
00138297,STX,Q3,12595000000.0,-17261000000.0,-11616000000.0,73378000000.0,-4293000000.0,1732000000.0,011810,True,MATCHED_COMMON_CANDIDATE,KOSPI,Q3,20191114,20191114002202,분기보고서 (2019.09),144400922640.0,2019-11-13,2019-11-15,7150.0,277236016.5,16.083916083916083,11.468531468531463,11.748251748251759,8.951048951048946,-3.2167832167832144,16.083916083916083,11.468531468531463,11.748251748251759,8.951048951048946,-3.2167832167832144,False,False,False,False,False,26.433566433566426,0.0,-2.9729726940199,1.1994383195999225,8.044269930988857,OK
00138367,플레이위드,Q3,6183145725.0,-289842301.0,-3672312588.0,11084410592.0,,,023770,True,MATCHED_COMMON_CANDIDATE,KOSDAQ,Q3,20191114,20191114000285,분기보고서 (2019.09),109567760900.0,2019-11-13,2019-11-15,21900.0,5585073420.0,-22.602739726027398,-20.77625570776256,-12.785388127853881,-25.34246575342466,13.242009132420085,-22.602739726027398,-20.77625570776256,-12.785388127853881,-25.34246575342466,13.242009132420085,False,False,False,False,False,0.0,-26.940639269406397,,,3.3516360632318074,OK
00138446,아가방컴퍼니,Q2,123393966.0,-1264680450.0,-14486155540.0,149600847733.0,,,013990,True,MATCHED_COMMON_CANDIDATE,KOSDAQ,H1,20190814,20190814002075,반기보고서 (2019.06),128754703440.0,2019-08-13,2019-08-16,3950.0,15091513667.5,-14.936708860759495,-22.78481012658228,-10.759493670886078,-6.835443037974686,5.696202531645578,-14.936708860759495,-22.78481012658228,-10.759493670886078,-6.835443037974686,5.696202531645578,False,False,False,False,False,4.556962025316458,-23.16455696202532,,,11.250971927989086,OK
00138516,아남전자,Q2,771834.0,-4675928903.0,-8001159318.0,49708316.0,5914074.0,19584521460.0,008700,True,MATCHED_COMMON_CANDIDATE,KOSPI,H1,20190812,20190812000411,반기보고서 (2019.06),175844589600.0,2019-08-09,2019-08-13,2295.0,3173489020.25,2.614379084967311,-0.6535947712418277,4.793028322440085,-3.26797385620915,-8.278867102396514,2.614379084967311,-0.6535947712418277,4.793028322440085,-3.26797385620915,-8.278867102396514,False,False,False,False,False,13.289760348583869,-2.3965141612200425,0.0033632391041731545,11.137403490519448,4.550131076651562,OK
00138516,아남전자,Q3,1331383.0,-3019714436.0,-3344708929.0,50224828.0,-45307.0,-3157517000.0,008700,True,MATCHED_COMMON_CANDIDATE,KOSPI,Q3,20191114,20191114001552,분기보고서 (2019.09),170831476300.0,2019-11-13,2019-11-15,2230.0,980352104.5,-7.623318385650224,-7.847533632286996,-12.556053811659195,-6.950672645739909,-19.05829596412556,-7.623318385650224,-7.847533632286996,-12.556053811659195,-6.950672645739909,-19.05829596412556,False,False,False,False,False,2.6905829596412634,-17.040358744394624,-2.652145903161056e-05,-1.8483227262258342,1.9578996806925093,OK
00139083,아진산업,Q1,8734904862.0,-2081745566.0,-4521665617.0,176697179264.0,,,013310,True,MATCHED_COMMON_CANDIDATE,KOSDAQ,Q1,20190515,20190515000929,분기보고서 (2019.03),70076635860.0,2019-05-14,2019-05-16,2450.0,604114457.5,2.0408163265306145,2.448979591836742,11.020408163265305,27.95918367346939,18.36734693877551,2.0408163265306145,2.448979591836742,11.020408163265305,27.95918367346939,18.36734693877551,False,False,False,False,False,13.061224489795919,-5.306122448979589,,,6.452458171698542,OK
00139153,에코플라스틱,Q1,433689069.0,-2383968478.0,-10479111921.0,116972966639.0,,,038110,True,MATCHED_COMMON_CANDIDATE,KOSDAQ,Q1,20190515,20190515001572,분기보고서 (2019.03),39659176650.0,2019-05-14,2019-05-16,1570.0,711603986.5,-5.095541401273884,-7.324840764331208,2.866242038216571,-15.923566878980889,12.73885350318471,-5.095541401273884,-7.324840764331208,2.866242038216571,-15.923566878980889,12.73885350318471,False,False,False,False,False,6.369426751592355,-14.012738853503182,,,26.42291849243421,OK
00139153,에코플라스틱,Q2,6370291028.0,-513323175.0,-2484047488.0,120987842499.0,,,038110,True,MATCHED_COMMON_CANDIDATE,KOSDAQ,H1,20190814,20190814002187,반기보고서 (2019.06),34653649500.0,2019-08-13,2019-08-16,1380.0,922707700.5,7.246376811594213,9.420289855072461,18.47826086956521,31.52173913043479,22.826086956521728,7.246376811594213,9.420289855072461,18.47826086956521,31.52173913043479,22.826086956521728,False,False,False,False,False,19.565217391304344,-2.1739130434782594,,,7.168213229605152,OK
00141477,영흥,Q1,3847417647.0,-253960281.0,-1314113743.0,167506328101.0,-4043982630.0,,012160,True,MATCHED_COMMON_CANDIDATE,KOSPI,Q1,20190515,20190515000270,분기보고서 (2019.03),108999666430.0,2019-05-14,2019-05-16,1315.0,972432611.75,5.323193916349811,1.1406844106463865,8.745247148288971,-14.828897338403046,-17.11026615969582,5.323193916349811,1.1406844106463865,8.745247148288971,-14.828897338403046,-17.11026615969582,False,False,False,False,False,18.250950570342205,-4.1825095057034245,-3.710087161227288,,1.205612628038572,OK
00141608,오리엔탈정공,Q1,322185235.0,-810783727.0,-1405818244.0,13072262261.0,,,014940,True,MATCHED_COMMON_CANDIDATE,KOSDAQ,Q1,20190515,20190515000195,분기보고서 (2019.03),40514984629.0,2019-05-14,2019-05-16,862.0,1128819170.95,1.740139211136893,-7.888631090487241,-6.032482598607891,-5.800464037122966,-5.4524361948955935,1.740139211136893,-7.888631090487241,-6.032482598607891,-5.800464037122966,-5.4524361948955935,False,False,False,False,False,25.870069605568435,-10.324825986078888,,,3.4698723370457283,OK
00141608,오리엔탈정공,Q3,610337657.0,-632964930.0,-27657104.0,28145756996.0,,,014940,True,MATCHED_COMMON_CANDIDATE,KOSDAQ,Q3,20191114,20191114000373,분기보고서 (2019.09),38054006935.0,2019-11-13,2019-11-15,838.0,59009625.7,-2.028639618138428,-0.11933174224343368,-1.1933174224343701,2.9832935560859086,-1.4319809069212375,-2.028639618138428,-0.11933174224343368,-1.1933174224343701,2.9832935560859086,-1.4319809069212375,False,False,False,False,False,5.9665871121718395,-3.699284009546544,,,0.07267855930977535,OK
00142661,우성,Q3,1114697041.0,-762237935.0,-6823704171.0,155098174971.0,-5410576104.0,-1058233270.0,006980,True,MATCHED_COMMON_CANDIDATE,KOSPI,Q3,20191114,20191114000163,분기보고서 (2019.09),100116000000.0,2019-11-13,2019-11-15,3230.0,2329857997.0,-6.656346749226005,-3.7151702786377694,-10.061919504643967,0.0,-2.4767801857585092,-6.656346749226005,-3.7151702786377694,-10.061919504643967,0.0,-2.4767801857585092,False,False,False,False,False,5.572755417956654,-15.479876160990713,-5.404307107755004,-1.0570071417156097,6.815797845499221,OK
00143651,웅진,Q2,30063522788.0,-19948571133.0,-120433196693.0,458586976122.0,,,016880,True,MATCHED_COMMON_CANDIDATE,KOSPI,H1,20190814,20190814002988,반기보고서 (2019.06),99754168460.0,2019-08-13,2019-08-16,1325.0,322489403.75,-2.264150943396226,-5.660377358490565,1.5094339622641506,11.32075471698113,-5.660377358490565,-2.264150943396226,-5.660377358490565,1.5094339622641506,11.32075471698113,-5.660377358490565,False,False,False,False,False,6.41509433962264,-12.075471698113205,,,120.72998908440805,OK
00143651,웅진,Q3,44599752218.0,-12994110195.0,-89681888830.0,468321113676.0,-832723570.0,29051623475.0,016880,True,MATCHED_COMMON_CANDIDATE,KOSPI,Q3,20191114,20191114002387,분기보고서 (2019.09),109395835300.0,2019-11-13,2019-11-15,1520.0,1874777012.5,-5.592105263157898,-7.8947368421052655,-8.881578947368418,-18.42105263157895,-24.342105263157897,-5.592105263157898,-7.8947368421052655,-8.881578947368418,-18.42105263157895,-24.342105263157897,False,False,False,False,False,4.9342105263157965,-14.802631578947366,-0.7612022594063048,26.556425475732897,81.97925321751256,OK
00143651,웅진,Q4,10097389452.0,-43549670376.0,-228082288556.0,274394296987.0,16637350759.0,33459859514.0,016880,True,MATCHED_COMMON_CANDIDATE,KOSPI,FY,20200330,20200330004166,사업보고서 (2019.12),78267033380.0,2020-03-27,2020-03-31,1030.0,370444082.15,-0.9708737864077666,1.9417475728155331,9.708737864077666,6.796116504854366,10.679611650485432,-0.9708737864077666,1.9417475728155331,9.708737864077666,6.796116504854366,10.679611650485432,False,False,False,False,False,16.019417475728147,-7.7669902912621325,21.257162869867294,42.75089788001365,291.4155279766655,OK
00145163,파미셀,Q1,856456438.0,-567068881.0,-11182094689.0,48455454673.0,,,005690,True,MATCHED_COMMON_CANDIDATE,KOSPI,Q1,20190509,20190509000153,분기보고서 (2019.03),656550502500.0,2019-05-08,2019-05-10,10500.0,7455415897.5,-3.3333333333333326,-9.523809523809524,-15.047619047619044,-9.904761904761905,-15.714285714285714,-3.3333333333333326,-9.523809523809524,-15.047619047619044,-9.904761904761905,-15.714285714285714,False,False,False,False,False,1.904761904761898,-17.80952380952381,,,1.7031583475179808,OK
00145163,파미셀,Q2,918995788.0,-445374982.0,-9656452169.0,49583858588.0,,,005690,True,MATCHED_COMMON_CANDIDATE,KOSPI,H1,20190812,20190812000078,반기보고서 (2019.06),437700335000.0,2019-08-09,2019-08-13,7600.0,23353841637.0,0.6578947368421018,-7.105263157894736,0.0,10.65789473684211,12.763157894736832,0.6578947368421018,-7.105263157894736,0.0,10.65789473684211,12.763157894736832,False,False,False,False,False,7.499999999999996,-7.236842105263152,,,2.206178838999518,OK
00146436,엔브이에이치코리아,Q1,3737137489.0,-854602961.0,-6827930309.0,179545272062.0,-42368174021.0,-24933118871.0,067570,True,MATCHED_COMMON_CANDIDATE,KOSDAQ,Q1,20190515,20190515000116,분기보고서 (2019.03),82719999360.0,2019-05-14,2019-05-16,2920.0,952150866.5,-0.8561643835616417,-0.6849315068493178,0.0,-6.164383561643838,-4.109589041095896,-0.8561643835616417,-0.6849315068493178,0.0,-6.164383561643838,-4.109589041095896,False,False,False,False,False,6.506849315068486,-4.794520547945202,-51.218779435203324,-30.141584941859456,8.25426784553592,OK
00149804,디와이에이,Q2,5538617556.0,-6129191623.0,-19146174059.0,160309574540.0,-20520596738.0,-342834969.0,002880,True,MATCHED_COMMON_CANDIDATE,KOSPI,H1,20190814,20190814001527,반기보고서 (2019.06),101997851598.0,2019-08-13,2019-08-16,926.0,401759619.25,0.3239740820734305,-1.0799136069114423,2.591792656587466,-1.6198704103671746,-3.88768898488121,0.3239740820734305,-1.0799136069114423,2.591792656587466,-1.6198704103671746,-3.88768898488121,False,False,False,False,False,5.723542116630664,-3.347732181425489,-20.118655850592813,-0.3361197943180231,18.771154253777855,OK
00152686,코리아써키트,Q2,1546172703.0,-9154910100.0,-17062485958.0,388011244646.0,,,007810,True,MATCHED_COMMON_CANDIDATE,KOSPI,H1,20190814,20190814001583,반기보고서 (2019.06),110308907170.0,2019-08-13,2019-08-16,4800.0,133949509.0,5.208333333333326,0.9374999999999911,5.833333333333335,125.0,166.66666666666666,5.208333333333326,0.9374999999999911,5.833333333333335,125.0,166.66666666666666,False,False,False,False,False,9.166666666666657,-1.3541666666666674,,,15.467913150208757,OK
00152686,코리아써키트,Q3,5716357509.0,-2873707203.0,-4687610733.0,397625800451.0,,,007810,True,MATCHED_COMMON_CANDIDATE,KOSPI,Q3,20191114,20191114000743,분기보고서 (2019.09),255104110800.0,2019-11-13,2019-11-15,10300.0,17030288478.5,-5.825242718446599,-3.203883495145632,7.281553398058249,26.699029126213603,-16.21359223300971,-5.825242718446599,-3.203883495145632,7.281553398058249,26.699029126213603,-16.21359223300971,False,False,False,False,False,15.533980582524265,-10.09708737864078,,,1.8375284970123658,OK
00153126,크라운해태홀딩스,Q4,868858068.0,-1614177271.0,-22509197937.0,459906842384.0,9625033229.0,23239249508.0,005740,True,MATCHED_COMMON_CANDIDATE,KOSPI,FY,20200330,20200330003101,사업보고서 (2019.12),97101649380.0,2020-03-27,2020-03-31,7070.0,819316887.25,6.506364922206509,11.5983026874116,24.328147100424324,18.811881188118807,29.702970297029708,6.506364922206509,11.5983026874116,24.328147100424324,18.811881188118807,29.702970297029708,False,False,False,False,False,28.712871287128717,0.0,9.912327226629444,23.932909128098274,23.18106652227085,OK
00153278,서연탑메탈,Q2,369815202.0,-3364765640.0,-5337421177.0,69663987242.0,2842966945.0,1640405479.0,019770,True,MATCHED_COMMON_CANDIDATE,KOSDAQ,H1,20190814,20190814001535,반기보고서 (2019.06),34425750000.0,2019-08-13,2019-08-16,3230.0,1371126182.0,-19.969040247678016,-23.06501547987616,-13.777089783281738,-10.835913312693501,-2.1671826625387025,-19.969040247678016,-23.06501547987616,-13.777089783281738,-10.835913312693501,-2.1671826625387025,False,False,False,False,False,18.57585139318885,-24.767801857585138,8.258257104057282,4.7650537141529234,15.504153655330674,OK
00153278,서연탑메탈,Q3,103211355.0,-1431322982.0,-6052959030.0,69555881421.0,529888871.0,672969865.0,019770,True,MATCHED_COMMON_CANDIDATE,KOSDAQ,Q3,20191114,20191114001642,분기보고서 (2019.09),33552000000.0,2019-11-13,2019-11-15,2875.0,1279387515.75,-8.869565217391306,-7.304347826086954,-12.695652173913041,6.260869565217386,-24.869565217391308,-8.869565217391306,-7.304347826086954,-12.695652173913041,6.260869565217386,-24.869565217391308,False,False,False,False,False,2.60869565217392,-16.52173913043479,1.5793063632570339,2.0057518627801625,18.040531205293277,OK
00155692,우리엔터프라이즈,Q1,2696312262.0,-11775019916.0,-16986548028.0,176556626742.0,719131060.0,3663996932.0,037400,True,MATCHED_COMMON_CANDIDATE,KOSDAQ,Q1,20190515,20190515000513,분기보고서 (2019.03),25546429650.0,2019-05-14,2019-05-16,1060.0,72790880.75,8.490566037735858,-1.8867924528301883,7.0754716981132,-13.113207547169814,-9.056603773584904,8.490566037735858,-1.8867924528301883,7.0754716981132,-13.113207547169814,-9.056603773584904,False,False,False,False,False,9.905660377358494,-5.660377358490565,2.814996341377199,14.342501015596909,66.4928456176654,OK
00155692,우리엔터프라이즈,Q2,3086286739.0,-10692594981.0,-11008218908.0,169496482028.0,55532148609.0,54443657509.0,037400,True,MATCHED_COMMON_CANDIDATE,KOSDAQ,H1,20190814,20190814000676,반기보고서 (2019.06),24001182198.0,2019-08-13,2019-08-16,938.0,116827242.65,4.157782515991482,2.9850746268656803,4.584221748400852,5.117270788912576,44.98933901918976,4.157782515991482,2.9850746268656803,4.584221748400852,5.117270788912576,44.98933901918976,False,False,False,False,False,9.808102345415781,-0.7462686567164201,231.37255553031656,226.83739934084056,45.865319537957205,OK
00156354,지엠비코리아,Q1,81502761.0,-611725717.0,-516697483.0,232536249406.0,-12108402950.0,-1220674602.0,013870,True,MATCHED_COMMON_CANDIDATE,KOSPI,Q1,20190515,20190515001355,분기보고서 (2019.03),136748247600.0,2019-05-14,2019-05-16,7380.0,1677992086.0,1.084010840108407,2.0325203252032464,4.20054200542006,-34.552845528455286,-28.997289972899733,1.084010840108407,2.0325203252032464,4.20054200542006,-34.552845528455286,-28.997289972899733,False,False,False,False,False,8.265582655826552,-6.504065040650408,-8.854521474686889,-0.8926436889857445,0.3778457801604765,OK
00159500,한국종합기술,Q1,121055574.0,-1860212941.0,-2868912171.0,102612527402.0,,,023350,True,MATCHED_COMMON_CANDIDATE,KOSPI,Q1,20190515,20190515002322,분기보고서 (2019.03),49001250000.0,2019-05-14,2019-05-16,4560.0,257518231.75,-4.385964912280704,-6.030701754385969,0.10964912280702066,-17.982456140350877,-13.267543859649123,-4.385964912280704,-6.030701754385969,0.10964912280702066,-17.982456140350877,-13.267543859649123,False,False,False,False,False,2.412280701754388,-9.868421052631582,,,5.8547734414938395,OK
00159795,한국카본,Q1,2375863932.0,-832148088.0,-1955693015.0,301639970128.0,-21191081276.0,-21629713984.0,017960,True,MATCHED_COMMON_CANDIDATE,KOSPI,Q1,20190510,20190510000784,분기보고서 (2019.03),374545649640.0,2019-05-09,2019-05-13,8500.0,3734280418.0,0.47058823529411153,-8.352941176470585,-2.352941176470591,-22.11764705882353,-4.0000000000000036,0.47058823529411153,-8.352941176470585,-2.352941176470591,-22.11764705882353,-4.0000000000000036,False,False,False,False,False,6.823529411764695,-10.235294117647054,-5.657810014978979,-5.774920628444013,0.5221507757144538,OK
00161781,아난티,Q1,3640112547.0,-3125409268.0,-6936680317.0,374692662187.0,-16548447429.0,-21867381738.0,025980,True,MATCHED_COMMON_CANDIDATE,KOSDAQ,Q1,20190515,20190515002652,분기보고서 (2019.03),1115448398250.0,2019-05-14,2019-05-16,14650.0,37798267330.0,-1.3651877133105783,-3.754266211604096,10.921501706484648,-23.549488054607504,-18.77133105802048,-1.3651877133105783,-3.754266211604096,10.921501706484648,-23.549488054607504,-18.77133105802048,False,False,False,False,False,19.795221843003418,-7.849829351535831,-1.4835690700674686,-1.9604117745210992,0.621873708177159,OK
00161976,한세예스24홀딩스,Q1,22777526011.0,-3057344660.0,-28693827900.0,615835689599.0,68154402516.0,28712243583.0,016450,True,MATCHED_COMMON_CANDIDATE,KOSPI,Q1,20190515,20190515002416,분기보고서 (2019.03),376400000000.0,2019-05-14,2019-05-16,9570.0,432511034.0,-9.717868338557988,-13.06165099268548,-7.732497387669801,-23.92894461859979,-21.003134796238243,-9.717868338557988,-13.06165099268548,-7.732497387669801,-23.92894461859979,-21.003134796238243,False,False,False,False,False,2.1943573667711602,-14.629049111807735,18.10690821360255,7.628119974229543,7.623227391073326,OK
00162832,한일단조,Q1,1016971968.0,-198692220.0,-308214324.0,109555567294.0,,,024740,True,MATCHED_COMMON_CANDIDATE,KOSDAQ,Q1,20190515,20190515000693,분기보고서 (2019.03),42595142400.0,2019-05-14,2019-05-16,1440.0,1863479788.75,-2.777777777777779,5.208333333333326,12.5,-8.333333333333337,11.805555555555557,-2.777777777777779,5.208333333333326,12.5,-8.333333333333337,11.805555555555557,False,False,False,False,False,17.013888888888886,-8.333333333333337,,,0.7235903124953516,OK
00162911,한일사료,Q3,671477015.0,-28160051.0,-2201640876.0,60005491730.0,,,005860,True,MATCHED_COMMON_CANDIDATE,KOSDAQ,Q3,20191114,20191114001544,분기보고서 (2019.09),79595443700.0,2019-11-13,2019-11-15,2020.0,1928378959.0,-5.693069306930698,-2.4752475247524774,-5.198019801980203,-9.158415841584155,-14.603960396039605,-5.693069306930698,-2.4752475247524774,-5.198019801980203,-9.158415841584155,-14.603960396039605,False,False,False,False,False,3.2178217821782207,-8.415841584158413,,,2.766038825410807,OK
00163114,서연,Q3,138011102.0,-8884495037.0,-56816769670.0,873845667754.0,-107891393828.0,-58611577680.0,007860,True,MATCHED_COMMON_CANDIDATE,KOSPI,Q3,20191114,20191114002273,분기보고서 (2019.09),80301066480.0,2019-11-13,2019-11-15,3370.0,93102296.0,-7.270029673590505,-9.198813056379818,-12.611275964391687,30.56379821958457,6.973293768545985,-7.270029673590505,-9.198813056379818,-12.611275964391687,30.56379821958457,6.973293768545985,False,False,False,False,False,0.29673590504450953,-14.391691394658757,-134.3586063765065,-72.98978737050517,70.75468877384205,OK
00163114,서연,Q4,23894921479.0,-400472423.0,-95326225697.0,805006136389.0,-14818054323.0,91900753680.0,007860,True,MATCHED_COMMON_CANDIDATE,KOSPI,FY,20200330,20200330004576,사업보고서 (2019.12),55412431840.0,2020-03-27,2020-03-31,2780.0,2395438253.0,19.424460431654666,33.09352517985611,29.85611510791366,112.9496402877698,190.64748201438852,19.424460431654666,33.09352517985611,29.85611510791366,112.9496402877698,190.64748201438852,False,False,False,False,False,46.76258992805755,-7.913669064748197,-26.74138966827196,165.84862029762164,172.03039558388022,OK
00164830,HD한국조선해양,Q1,28112424000.0,-123795238000.0,-462090870000.0,13137414215000.0,21032935000.0,-580478119000.0,009540,True,MATCHED_COMMON_CANDIDATE,KOSPI,Q1,20190515,20190515002506,분기보고서 (2019.03),7714269644000.0,2019-05-14,2019-05-16,111500.0,31305135775.0,-2.2421524663677084,-0.4484304932735439,8.071748878923767,-15.336322869955154,5.829596412556048,-2.2421524663677084,-0.4484304932735439,8.071748878923767,-15.336322869955154,5.829596412556048,False,False,False,False,False,9.4170403587444,-5.829596412556048,0.2726497253872761,-7.524732032817701,5.990079311777814,OK
00164830,HD한국조선해양,Q2,61923447000.0,-175701788000.0,-50090346000.0,13328037538000.0,,,009540,True,MATCHED_COMMON_CANDIDATE,KOSPI,H1,20190814,20190814002298,반기보고서 (2019.06),6737600643200.0,2019-08-13,2019-08-16,94600.0,23917160855.0,13.636363636363647,11.522198731501065,32.135306553911214,21.56448202959831,27.378435517970413,13.636363636363647,11.522198731501065,32.135306553911214,21.56448202959831,27.378435517970413,False,False,False,False,False,33.72093023255813,-0.42283298097252064,,,0.7434448649097992,OK
00165583,E1,Q2,4786686370.0,-2414733593.0,-27433292570.0,1238242825306.0,-84441484187.0,10332502352.0,017940,True,MATCHED_COMMON_CANDIDATE,KOSPI,H1,20190814,20190814002524,반기보고서 (2019.06),337512000000.0,2019-08-13,2019-08-16,48950.0,400558290.0,0.3064351378958108,-2.0429009193054126,3.5750766087844665,1.8386108273748647,-9.193054136874357,0.3064351378958108,-2.0429009193054126,3.5750766087844665,1.8386108273748647,-9.193054136874357,False,False,False,False,False,4.187946884576088,-2.757916241062308,-25.01880946070066,3.0613733295408756,8.128093984806465,OK
00165583,E1,Q3,60265176864.0,-14017693345.0,-92067621262.0,1188770425272.0,-99821053640.0,48077517773.0,017940,True,MATCHED_COMMON_CANDIDATE,KOSPI,Q3,20191114,20191114002349,분기보고서 (2019.09),341971000000.0,2019-11-13,2019-11-15,49600.0,282572170.0,-1.1088709677419373,-3.2258064516129004,-2.5201612903225756,-10.88709677419355,-25.20161290322581,-1.1088709677419373,-3.2258064516129004,-2.5201612903225756,-10.88709677419355,-25.20161290322581,False,False,False,False,False,0.8064516129032251,-3.931451612903225,-29.18991775325978,14.05894586763205,26.922640008070857,OK
00165583,E1,Q4,12813404657.0,-7751754673.0,-52402496505.0,1203288795181.0,48119472218.0,-17434050624.0,017940,True,MATCHED_COMMON_CANDIDATE,KOSPI,FY,20200330,20200330004150,사업보고서 (2019.12),182133000000.0,2020-03-27,2020-03-31,27350.0,791077595.0,12.248628884826317,21.389396709323584,24.314442413162695,29.798903107861065,71.84643510054845,12.248628884826317,21.389396709323584,24.314442413162695,29.798903107861065,71.84643510054845,False,False,False,False,False,29.06764168190128,-2.0109689213894,26.419963553007968,-9.5721536591392,28.77155513004233,OK
00167208,흥아해운,Q4,25881900641.0,-11609613041.0,-51356550723.0,30919383492.0,5227973774.0,,003280,True,MATCHED_COMMON_CANDIDATE,KOSPI,FY,20200409,20200409002668,사업보고서 (2019.12),30117000222.0,2020-04-08,,,,,,,,,,,,,,,,,,,,,,,,NO_ENTRY
00169048,HLB글로벌,Q4,8090199794.0,-3053991182.0,-22868904682.0,81066993216.0,,,003580,True,MATCHED_COMMON_CANDIDATE,KOSPI,FY,20200330,20200330002759,사업보고서 (2019.12),179233238050.0,2020-03-27,2020-03-31,6180.0,4811608833.25,6.957928802588986,13.10679611650485,11.650485436893199,-1.6181229773462813,6.148867313915862,6.957928802588986,13.10679611650485,11.650485436893199,-1.6181229773462813,6.148867313915862,False,False,False,False,False,21.035598705501624,-4.692556634304212,,,12.759298961959473,OK
00171265,파라다이스,Q2,4698992298.0,-67079853.0,-61822258850.0,1578457188660.0,27611832406.0,90144751642.0,034230,True,MATCHED_COMMON_CANDIDATE,KOSDAQ,H1,20190814,20190814002146,반기보고서 (2019.06),1368687213600.0,2019-08-13,2019-08-16,15300.0,7527722340.0,3.9215686274509887,5.228758169934644,16.013071895424847,26.470588235294112,27.450980392156854,3.9215686274509887,5.228758169934644,16.013071895424847,26.470588235294112,27.450980392156854,False,False,False,False,False,18.954248366013072,-2.941176470588236,2.0173953648163168,6.586220046937977,4.516901906856536,OK
00172945,동일스틸럭스,Q2,176251833.0,-809541473.0,-4419520348.0,57700091800.0,,,023790,True,MATCHED_COMMON_CANDIDATE,KOSDAQ,H1,20190814,20190814002261,반기보고서 (2019.06),29527241700.0,2019-08-13,2019-08-16,3970.0,81252635.0,0.5037783375314797,-7.304785894206544,9.319899244332497,11.209068010075573,-11.335012594458437,0.5037783375314797,-7.304785894206544,9.319899244332497,11.209068010075573,-11.335012594458437,False,False,False,False,False,18.136020151133494,-7.9345088161209105,,,14.967603113432707,OK
00173102,모나리자,Q2,766690539.0,-623805035.0,-630685191.0,63686505404.0,122246813.0,2199061741.0,012690,True,MATCHED_COMMON_CANDIDATE,KOSPI,H1,20190813,20190813000266,반기보고서 (2019.06),150673570600.0,2019-08-12,2019-08-14,4080.0,17744935529.0,-5.269607843137258,-10.416666666666663,-12.377450980392158,-1.8382352941176516,18.137254901960787,-5.269607843137258,-10.416666666666663,-12.377450980392158,-1.8382352941176516,18.137254901960787,False,False,False,False,False,17.40196078431373,-14.215686274509808,0.0811335475181206,1.4594873754189774,0.4185771854271037,OK
00173795,신흥,Q2,362297507.0,-121420232.0,-803882116.0,87126434450.0,,,004080,True,MATCHED_COMMON_CANDIDATE,KOSPI,H1,20190814,20190814000428,반기보고서 (2019.06),91488000000.0,2019-08-13,2019-08-16,9500.0,19084743.5,0.6315789473684275,1.0526315789473717,0.10526315789474161,0.7368421052631469,-1.0526315789473717,0.6315789473684275,1.0526315789473717,0.10526315789474161,0.7368421052631469,-1.0526315789473717,False,False,False,False,False,5.263157894736836,-1.5789473684210575,,,0.8786749256733124,OK
00173944,우진,Q4,2743025419.0,-1140708226.0,-13993500958.0,132726424812.0,2769867236.0,735183140.0,105840,True,MATCHED_COMMON_CANDIDATE,KOSPI,FY,20200330,20200330002594,사업보고서 (2019.12),63738048270.0,2020-03-27,2020-03-31,3120.0,523974834.5,7.5320512820512775,15.865384615384626,11.538461538461542,6.41025641025641,16.346153846153854,7.5320512820512775,15.865384615384626,11.538461538461542,6.41025641025641,16.346153846153854,False,False,False,False,False,30.12820512820513,-0.6410256410256387,4.345704506461506,1.1534447005432287,21.954705764949523,OK
00175173,오스템,Q1,339912585.0,-449171535.0,-5097466827.0,124776314584.0,-6669268224.0,-9408738046.0,031510,True,MATCHED_COMMON_CANDIDATE,KOSDAQ,Q1,20190515,20190515001288,분기보고서 (2019.03),77870000000.0,2019-05-14,2019-05-16,3035.0,675784906.0,-3.29489291598023,-4.448105436573313,-0.8237232289950547,-29.983525535420096,-26.523887973640857,-3.29489291598023,-4.448105436573313,-0.8237232289950547,-29.983525535420096,-26.523887973640857,False,False,False,False,False,1.976935749588149,-10.543657331136735,-8.564618240657506,-12.082622378322846,6.546124087581867,OK
00175623,ES큐브,Q2,601574764.0,-116073829.0,-8022831304.0,72838447045.0,4058201510.0,2920229169.0,050120,True,MATCHED_COMMON_CANDIDATE,KOSDAQ,H1,20190814,20190814001554,반기보고서 (2019.06),69535715240.0,2019-08-13,2019-08-16,831.0,718199670.8,5.4151624548736566,5.294825511432011,11.672683513838745,25.15042117930204,-4.933814681107096,5.4151624548736566,5.294825511432011,11.672683513838745,25.15042117930204,-4.933814681107096,False,False,False,False,False,13.718411552346566,-2.4067388688327362,5.83613973911574,4.199610457620138,11.53771306775157,OK
00177870,대창솔루션,Q1,101708801.0,-514824950.0,-10516776088.0,49442590779.0,,,096350,True,MATCHED_COMMON_CANDIDATE,KOSDAQ,Q1,20190515,20190515000458,분기보고서 (2019.03),96199864405.0,2019-05-14,2019-05-16,916.0,463358705.9,-7.5327510917030605,-10.480349344978169,-16.048034934497814,,,-7.5327510917030605,-10.480349344978169,-16.048034934497814,-54.4759825327511,-49.12663755458515,False,False,False,True,True,2.6200873362445476,-17.030567685589514,,,10.932215084757841,OK
00185046,SM C&C,Q2,888225261.0,-278215188.0,-272488455.0,112918506894.0,4231343846.0,-7065162639.0,048550,True,MATCHED_COMMON_CANDIDATE,KOSDAQ,H1,20190814,20190814001563,반기보고서 (2019.06),109581095290.0,2019-08-13,2019-08-16,1175.0,178933544.9,10.63829787234043,2.127659574468077,12.3404255319149,37.446808510638306,29.361702127659584,10.63829787234043,2.127659574468077,12.3404255319149,37.446808510638306,29.361702127659584,False,False,False,False,False,12.765957446808507,-0.8510638297872353,3.8613812307697732,-6.447428381969041,0.24866374467135516,OK
00186452,광무,Q4,181849041.0,-146384149.0,-6421201259.0,22844122121.0,-12645713.0,-118902188.0,029480,True,MATCHED_COMMON_CANDIDATE,KOSDAQ,FY,20200330,20200330000843,사업보고서 (2019.12),32679288045.0,2020-03-27,2020-03-31,530.0,243120736.75,2.6415094339622636,40.37735849056603,24.15094339622641,-5.471698113207546,241.50943396226415,2.6415094339622636,40.37735849056603,24.15094339622641,-5.471698113207546,241.50943396226415,False,False,False,False,False,48.867924528301884,-3.9622641509433953,-0.03869641524193126,-0.3638457111925738,19.64914673219895,OK
00187415,코미팜,Q2,403314873.0,-116507177.0,-13895767148.0,99369044429.0,-1816359119.0,-1573946532.0,041960,True,MATCHED_COMMON_CANDIDATE,KOSDAQ,H1,20190814,20190814003003,반기보고서 (2019.06),725541656250.0,2019-08-13,2019-08-16,10750.0,13791396604.5,14.41860465116278,9.76744186046512,19.069767441860463,29.767441860465116,29.302325581395337,14.41860465116278,9.76744186046512,19.069767441860463,29.767441860465116,29.302325581395337,False,False,False,False,False,33.02325581395349,-2.3255813953488413,-0.25034525631346205,-0.2169339993702119,1.9152266487111158,OK
00197759,미래산업,Q4,1931918928.0,-5068055065.0,-6153578881.0,66284178219.0,,,025560,True,MATCHED_COMMON_CANDIDATE,KOSPI,FY,20200330,20200330003900,사업보고서 (2019.12),87694713600.0,2020-03-27,2020-03-31,111.0,1777080623.35,-2.7027027027026973,-5.405405405405405,-33.333333333333336,-28.828828828828833,,-2.7027027027026973,-5.405405405405405,-33.333333333333336,-28.828828828828833,2913.5135135135138,False,False,False,False,True,5.405405405405395,-36.03603603603604,,,7.017046556612507,OK
00199076,동일기연,Q2,1069106984.0,-252457079.0,-210070640.0,51731319000.0,,,032960,True,MATCHED_COMMON_CANDIDATE,KOSDAQ,H1,20190813,20190813000467,반기보고서 (2019.06),40560438100.0,2019-08-12,2019-08-14,12850.0,91800615.0,1.9455252918287869,0.0,3.5019455252918386,3.112840466926059,-6.22568093385214,1.9455252918287869,0.0,3.5019455252918386,3.112840466926059,-6.22568093385214,False,False,False,False,False,14.00778210116731,-4.669260700389099,,,0.5179200468251353,OK
00201733,TJ미디어,Q3,497817358.0,-243155047.0,-1151733374.0,76774395444.0,-6107614713.0,-4119736424.0,032540,True,MATCHED_COMMON_CANDIDATE,KOSDAQ,Q3,20191114,20191114000558,분기보고서 (2019.09),45277729250.0,2019-11-13,2019-11-15,3330.0,15872237.0,-3.453453453453459,1.0510510510510551,-2.8528528528528496,3.3033033033033066,-13.363363363363367,-3.453453453453459,1.0510510510510551,-2.8528528528528496,3.3033033033033066,-13.363363363363367,False,False,False,False,False,3.453453453453448,-3.453453453453459,-13.489224866549595,-9.098814123943727,2.5437083375818808,OK
00204208,마니커,Q1,2078571291.0,-3349636968.0,-4642300530.0,105077217361.0,,,027740,True,MATCHED_COMMON_CANDIDATE,KOSPI,Q1,20190515,20190515001365,분기보고서 (2019.03),179866394190.0,2019-05-14,2019-05-16,1170.0,39501434184.45,-3.4188034188034178,-7.264957264957261,10.256410256410264,-29.658119658119652,-27.264957264957268,-3.4188034188034178,-7.264957264957261,10.256410256410264,-29.658119658119652,-27.264957264957268,False,False,False,False,False,18.803418803418804,-11.965811965811968,,,2.5809715877753985,OK
00205687,더라미,Q1,1208443897.0,-559695901.0,-8210088589.0,18464832287.0,-3817350687.0,-2321483950.0,032860,True,MATCHED_COMMON_CANDIDATE,KOSDAQ,Q1,20190515,20190515001927,분기보고서 (2019.03),35198155640.0,2019-05-14,2019-05-16,551.0,288729666.8,0.9074410163339319,-3.085299455535395,3.2667876588021727,-14.156079854809434,14.337568058076222,0.9074410163339319,-3.085299455535395,3.2667876588021727,-14.156079854809434,14.337568058076222,False,False,False,False,False,7.985480943738654,-5.263157894736848,-10.845314527394937,-6.595470438120945,23.325337477824736,OK
00205687,더라미,Q2,215036669.0,-571977318.0,-8313713730.0,17726885136.0,784982990.0,3060866314.0,032860,True,MATCHED_COMMON_CANDIDATE,KOSDAQ,H1,20190814,20190814001929,반기보고서 (2019.06),32901155080.0,2019-08-13,2019-08-16,478.0,109239428.55,-3.556485355648531,-10.041841004184104,-11.924686192468615,30.962343096234314,-33.89121338912135,-3.556485355648531,-10.041841004184104,-11.924686192468615,30.962343096234314,-33.89121338912135,False,False,False,False,False,1.4644351464435212,-12.343096234309625,2.3858827694386227,9.303218402385646,25.268759439554607,OK
00216434,체리부로,Q1,198396139.0,-1126341257.0,-8459353998.0,99200139934.0,3134637133.0,1038999535.0,066360,True,MATCHED_COMMON_CANDIDATE,KOSDAQ,Q1,20190515,20190515001611,분기보고서 (2019.03),81526679325.0,2019-05-14,2019-05-16,2920.0,6497640585.75,-4.794520547945202,-11.64383561643836,2.0547945205479534,-34.93150684931506,-3.767123287671237,-4.794520547945202,-11.64383561643836,2.0547945205479534,-34.93150684931506,-3.767123287671237,False,False,False,False,False,6.678082191780832,-15.23972602739726,3.844921881957198,1.274428866234213,10.376178777351422,OK
00222435,제이엠아이,Q3,114950233.0,-975164021.0,-10475711671.0,37248740724.0,,,033050,True,MATCHED_COMMON_CANDIDATE,KOSDAQ,Q3,20191114,20191114001110,분기보고서 (2019.09),55384881400.0,2019-11-13,2019-11-15,1685.0,2014629389.75,-24.03560830860534,-25.816023738872406,-28.486646884272993,-18.991097922848667,-12.166172106824924,-24.03560830860534,-25.816023738872406,-28.486646884272993,-18.991097922848667,-12.166172106824924,False,False,False,False,False,0.0,-37.091988130563806,,,18.914388559113174,OK
00225742,LS마린솔루션,Q2,816887545.0,-1365390392.0,-3016024056.0,102012033120.0,,,060370,True,MATCHED_COMMON_CANDIDATE,KOSDAQ,H1,20190814,20190814000764,반기보고서 (2019.06),63838500000.0,2019-08-13,2019-08-16,2875.0,378709697.25,6.608695652173924,2.086956521739136,12.86956521739131,30.78260869565217,60.17391304347826,6.608695652173924,2.086956521739136,12.86956521739131,30.78260869565217,60.17391304347826,False,False,False,False,False,14.434782608695663,-1.5652173913043521,,,4.724459465682934,OK
00225742,LS마린솔루션,Q3,854494747.0,-682203251.0,-1529819132.0,103003207863.0,,,060370,True,MATCHED_COMMON_CANDIDATE,KOSDAQ,Q3,20191114,20191114000513,분기보고서 (2019.09),82344000000.0,2019-11-13,2019-11-15,3890.0,3239305459.0,21.208226221079695,28.534704370179952,20.69408740359897,18.12339331619537,4.755784061696655,21.208226221079695,28.534704370179952,20.69408740359897,18.12339331619537,4.755784061696655,False,False,False,False,False,35.47557840616966,-3.984575835475579,,,1.8578392256873606,OK
00226547,오상자이엘,Q3,849072057.0,-966946248.0,-469758799.0,50194962635.0,-1167717020.0,2198037676.0,053980,True,MATCHED_COMMON_CANDIDATE,KOSDAQ,Q3,20191114,20191114001519,분기보고서 (2019.09),121750470520.0,2019-11-13,2019-11-15,6820.0,106812382.0,-4.252199413489732,-6.158357771260992,-18.475073313782985,-8.064516129032262,81.81818181818181,-4.252199413489732,-6.158357771260992,-18.475073313782985,-8.064516129032262,81.81818181818181,False,False,False,False,False,3.079178885630496,-18.768328445747805,-0.9591067821033009,1.805362777336394,0.3858373581585728,OK
00229021,인성정보,Q3,8693350.0,-548225508.0,-772697928.0,37687869683.0,,,033230,True,MATCHED_COMMON_CANDIDATE,KOSDAQ,Q3,20191112,20191112000128,분기보고서 (2019.09),41573448070.0,2019-11-11,2019-11-13,2255.0,71873123.5,-3.104212860310418,-1.1086474501108667,2.6607538802660757,8.869179600886913,127.93791574279379,-3.104212860310418,-1.1086474501108667,2.6607538802660757,8.869179600886913,127.93791574279379,False,False,False,False,False,6.430155210643007,-7.538802660753885,,,1.8586332475934082,OK
00231691,판타지오,Q1,520374917.0,-1174552946.0,-9163610057.0,36490759904.0,,,032800,True,MATCHED_COMMON_CANDIDATE,KOSDAQ,Q1,20190515,20190515002743,분기보고서 (2019.03),58744785944.0,2019-05-14,2019-05-16,841.0,1339128160.9,-3.923900118906065,-12.84185493460166,-5.469678953626634,-29.726516052318665,-34.83947681331748,-3.923900118906065,-12.84185493460166,-5.469678953626634,-29.726516052318665,-34.83947681331748,False,False,False,False,False,2.4970273483947647,-14.744351961950064,,,15.599018550744997,OK
00238199,로지시스,Q4,596440743.0,-32137683.0,-994710909.0,15653706680.0,,,067730,True,MATCHED_COMMON_CANDIDATE,KOSDAQ,FY,20200330,20200330003340,사업보고서 (2019.12),19522526980.0,2020-03-27,2020-03-31,2195.0,110894604.75,11.161731207289293,25.284738041002285,34.16856492027336,80.18223234624146,84.05466970387243,11.161731207289293,25.284738041002285,34.16856492027336,80.18223234624146,84.05466970387243,False,False,False,False,False,40.774487471526186,-3.1890660592255093,,,5.0951954632668155,OK
00249441,씨씨에스,Q2,16335179.0,-382096471.0,-5905404595.0,24360133055.0,979377898.0,-1238099116.0,066790,True,MATCHED_COMMON_CANDIDATE,KOSDAQ,H1,20190814,20190814000549,반기보고서 (2019.06),36193713705.0,2019-08-13,,,,,,,,,,,,,,,,,,,,,,,,NO_ENTRY
00249441,씨씨에스,Q4,633230001.0,-2473604533.0,-168971009.0,27138682773.0,-2564623329.0,-2104742897.0,066790,True,MATCHED_COMMON_CANDIDATE,KOSDAQ,FY,20200330,20200330001575,사업보고서 (2019.12),38895837705.0,2020-03-27,,,,,,,,,,,,,,,,,,,,,,,,NO_ENTRY
00249894,테라젠이텍스,Q2,2072762483.0,-1831438034.0,-5793179559.0,94028048687.0,2165019150.0,5050569968.0,066700,True,MATCHED_COMMON_CANDIDATE,KOSDAQ,H1,20190814,20190814001708,반기보고서 (2019.06),210117520970.0,2019-08-13,2019-08-16,7220.0,1780561796.0,0.41551246537396835,-2.631578947368418,-0.6925207756232732,25.06925207756232,15.789473684210531,0.41551246537396835,-2.631578947368418,-0.6925207756232732,25.06925207756232,15.789473684210531,False,False,False,False,False,3.878116343490312,-7.7562326869806135,1.0303848722397193,2.403688157315118,2.7571139866185335,OK
00249894,테라젠이텍스,Q3,923744326.0,-1060393160.0,-3046014100.0,93790823603.0,-5925688024.0,3168812801.0,066700,True,MATCHED_COMMON_CANDIDATE,KOSDAQ,Q3,20191114,20191114000389,분기보고서 (2019.09),279524941290.0,2019-11-13,2019-11-15,9160.0,3847735871.5,-6.877729257641918,0.3275109170305601,2.8384279475982543,-10.043668122270743,29.366812227074245,-6.877729257641918,0.3275109170305601,2.8384279475982543,-10.043668122270743,29.366812227074245,False,False,False,False,False,12.445414847161572,-8.296943231441045,-2.1199138784013734,1.133642238283287,1.0897110239761532,OK
00257732,한국정밀기계,Q1,690731340.0,-1024197359.0,-16793748691.0,58901087445.0,68020352.0,-240138466.0,101680,True,MATCHED_COMMON_CANDIDATE,KOSDAQ,Q1,20190515,20190515000269,분기보고서 (2019.03),20253640000.0,2019-05-14,2019-08-30,3550.0,0.0,-17.04225352112676,-18.16901408450704,-22.253521126760567,-19.718309859154925,-29.154929577464785,-17.04225352112676,-18.16901408450704,-22.253521126760567,-19.718309859154925,-29.154929577464785,False,False,False,False,False,9.014084507042263,-23.098591549295776,0.3358426040948689,-1.1856558426040948,82.91718768083169,OK
00257732,한국정밀기계,Q2,1217578658.0,-4072850623.0,-10712706433.0,59777610300.0,-3790491160.0,-317137278.0,101680,True,MATCHED_COMMON_CANDIDATE,KOSDAQ,H1,20190814,20190814000470,반기보고서 (2019.06),20253640000.0,2019-08-13,2019-08-30,3550.0,0.0,-17.04225352112676,-18.16901408450704,-22.253521126760567,-19.718309859154925,-29.154929577464785,-17.04225352112676,-18.16901408450704,-22.253521126760567,-19.718309859154925,-29.154929577464785,False,False,False,False,False,9.014084507042263,-23.098591549295776,-18.715110765274783,-1.5658285522997348,52.8927463557168,OK
00258102,지엔코,Q2,3865499613.0,-6018546270.0,-46637648704.0,165807790250.0,-4435731893.0,-49030670590.0,065060,True,MATCHED_COMMON_CANDIDATE,KOSDAQ,H1,20190814,20190814001539,반기보고서 (2019.06),108298888620.0,2019-08-13,2019-08-16,1065.0,866440251.15,9.38967136150235,-3.7558685446009377,6.572769953051649,8.450704225352123,33.33333333333333,9.38967136150235,-3.7558685446009377,6.572769953051649,8.450704225352123,33.33333333333333,False,False,False,False,False,12.676056338028175,-4.694835680751175,-4.095824019546619,-45.27347530041532,43.063829461484644,OK
00258102,지엔코,Q4,2275203942.0,-17675574598.0,-21604307314.0,147481839371.0,3012143816.0,10717786428.0,065060,True,MATCHED_COMMON_CANDIDATE,KOSDAQ,FY,20200330,20200330002290,사업보고서 (2019.12),108788928840.0,2020-03-27,2020-03-31,1245.0,6538007938.65,17.269076305220878,14.457831325301207,16.465863453815267,-4.016064257028118,-4.417670682730924,17.269076305220878,14.457831325301207,16.465863453815267,-4.016064257028118,-4.417670682730924,False,False,False,False,False,29.31726907630523,-1.2048192771084376,2.768796281127167,9.851909143956233,19.85892088870024,OK
00261054,EG,Q3,85889185.0,-958210794.0,-14378170538.0,33398102951.0,-100525424.0,-1595433523.0,037370,True,MATCHED_COMMON_CANDIDATE,KOSDAQ,Q3,20191114,20191114001240,분기보고서 (2019.09),69600000000.0,2019-11-13,2019-11-15,9380.0,144365888.5,-3.518123667377404,-3.731343283582089,-9.808102345415781,-0.5330490405117239,-16.737739872068236,-3.518123667377404,-3.731343283582089,-9.808102345415781,-0.5330490405117239,-16.737739872068236,False,False,False,False,False,0.0,-12.579957356076754,-0.1444330804597701,-2.29228954454023,20.658291002873565,OK
00261054,EG,Q4,1777437660.0,-6463175956.0,-649697322.0,33567620683.0,-5801568987.0,-776350557.0,037370,True,MATCHED_COMMON_CANDIDATE,KOSDAQ,FY,20200330,20200330000492,사업보고서 (2019.12),44850000000.0,2020-03-27,2020-03-31,6600.0,475458910.5,1.6666666666666607,2.7272727272727337,10.45454545454545,18.939393939393945,26.363636363636367,1.6666666666666607,2.7272727272727337,10.45454545454545,18.939393939393945,26.363636363636367,False,False,False,False,False,23.636363636363633,-3.4848484848484795,-12.93549383946488,-1.7309934381270904,1.4486004949832776,OK
00261656,잉크테크,Q2,509917043.0,-837557989.0,-3395931285.0,39447495405.0,,,049550,True,MATCHED_COMMON_CANDIDATE,KOSDAQ,H1,20190814,20190814000842,반기보고서 (2019.06),62317535480.0,2019-08-13,2019-08-16,3885.0,1326969474.0,2.7027027027026973,-0.9009009009009028,-0.7722007722007707,11.454311454311462,-13.256113256113256,2.7027027027026973,-0.9009009009009028,-0.7722007722007707,11.454311454311462,-13.256113256113256,False,False,False,False,False,6.821106821106815,-4.761904761904767,,,5.449399208172922,OK
00261656,잉크테크,Q3,715929542.0,-551127642.0,-1805193673.0,39929637133.0,,,049550,True,MATCHED_COMMON_CANDIDATE,KOSDAQ,Q3,20191114,20191114000064,분기보고서 (2019.09),69366305560.0,2019-11-13,2019-11-15,4140.0,192866682.75,-5.31400966183575,-2.657004830917875,-8.09178743961353,-21.135265700483096,-13.647342995169087,-5.31400966183575,-2.657004830917875,-8.09178743961353,-21.135265700483096,-13.647342995169087,False,False,False,False,False,3.0193236714975757,-11.231884057971019,,,2.6024071174419916,OK
00261957,한국정보공학,Q1,803712291.0,-889389855.0,-8156737584.0,39562249172.0,,,039740,True,MATCHED_COMMON_CANDIDATE,KOSDAQ,Q1,20190515,20190515001405,분기보고서 (2019.03),28064389500.0,2019-05-14,2019-05-16,3580.0,184678564.0,0.27932960893854997,-4.469273743016755,2.0949720670391025,-12.011173184357538,-14.245810055865926,0.27932960893854997,-4.469273743016755,2.0949720670391025,-12.011173184357538,-14.245810055865926,False,False,False,False,False,3.2122905027933024,-7.2625698324022325,,,29.064368508711013,OK
00264714,SG&G,Q2,1603493302.0,-533450610.0,-12710097201.0,615163439887.0,26597490472.0,51834981533.0,040610,True,MATCHED_COMMON_CANDIDATE,KOSDAQ,H1,20190814,20190814002697,반기보고서 (2019.06),64083928480.0,2019-08-13,2019-08-16,1880.0,598176550.0,2.92553191489362,-1.3297872340425565,10.106382978723394,7.180851063829796,-2.393617021276595,2.92553191489362,-1.3297872340425565,10.106382978723394,7.180851063829796,-2.393617021276595,False,False,False,False,False,10.106382978723394,-4.255319148936165,41.504151045142045,80.88608604757621,19.833517548735646,OK
00266934,파루,Q1,484270779.0,-2231016669.0,-23060398922.0,34312514025.0,,,043200,True,MATCHED_COMMON_CANDIDATE,KOSDAQ,Q1,20190503,20190503000015,분기보고서 (2019.03),75652295850.0,2019-05-02,2019-05-07,2490.0,1179629775.75,-2.008032128514059,-1.2048192771084376,3.4136546184738936,-7.630522088353409,-3.4136546184738936,-2.008032128514059,-1.2048192771084376,3.4136546184738936,-7.630522088353409,-3.4136546184738936,False,False,False,False,False,8.835341365461847,-5.421686746987953,,,30.48208737474819,OK
00266934,파루,Q2,654737725.0,-1583867875.0,-20562240591.0,44784013709.0,,,043200,True,MATCHED_COMMON_CANDIDATE,KOSDAQ,H1,20190814,20190814000296,반기보고서 (2019.06),74541716655.0,2019-08-13,2019-08-16,2150.0,351494780.25,2.7906976744185963,-2.3255813953488413,9.302325581395344,18.13953488372093,27.209302325581387,2.7906976744185963,-2.3255813953488413,9.302325581395344,18.13953488372093,27.209302325581387,False,False,False,False,False,20.93023255813953,-3.2558139534883734,,,27.584876648558854,OK
00266934,파루,Q3,593788607.0,-9251122022.0,-10873411617.0,47163469378.0,,,043200,True,MATCHED_COMMON_CANDIDATE,KOSDAQ,Q3,20191114,20191114000137,분기보고서 (2019.09),91450340340.0,2019-11-13,2019-11-15,2425.0,1002763960.25,-6.804123711340204,-5.97938144329897,-8.865979381443301,12.783505154639174,14.84536082474226,-6.804123711340204,-5.97938144329897,-8.865979381443301,12.783505154639174,14.84536082474226,False,False,False,False,False,1.2371134020618513,-9.896907216494844,,,11.889962986003251,OK
00267906,베뉴지,Q3,713749573.0,-735186876.0,-728664392.0,284481228914.0,,,019010,True,MATCHED_COMMON_CANDIDATE,KOSDAQ,Q3,20191112,20191112000045,분기보고서 (2019.09),90134000000.0,2019-11-11,2019-11-13,1820.0,58792837.25,-2.472527472527475,-6.868131868131866,-9.065934065934067,-0.5494505494505475,-15.659340659340659,-2.472527472527475,-6.868131868131866,-9.065934065934067,-0.5494505494505475,-15.659340659340659,False,False,False,False,False,4.395604395604402,-10.71428571428571,,,0.8084234495306988,OK
00270113,멕아이씨에스,Q1,216544424.0,-474958571.0,-2166147003.0,5498453539.0,-541107512.0,,058110,True,MATCHED_COMMON_CANDIDATE,KOSDAQ,Q1,20190515,20190515000450,분기보고서 (2019.03),25386702500.0,2019-05-14,2019-05-16,4640.0,135165028.0,4.956896551724133,2.37068965517242,1.93965517241379,-19.07327586206896,-13.900862068965514,4.956896551724133,2.37068965517242,1.93965517241379,-19.07327586206896,-13.900862068965514,False,False,False,False,False,10.344827586206895,-5.1724137931034475,-2.1314604053047064,,8.532604827271285,OK
00270113,멕아이씨에스,Q2,75066555.0,-473339453.0,-1677635801.0,5422503982.0,-14967719.0,,058110,True,MATCHED_COMMON_CANDIDATE,KOSDAQ,H1,20190814,20190814000235,반기보고서 (2019.06),19301400000.0,2019-08-13,2019-08-16,3510.0,49359881.5,-1.851851851851849,-2.4216524216524205,0.8547008547008517,10.96866096866096,19.658119658119656,-1.851851851851849,-2.4216524216524205,0.8547008547008517,10.96866096866096,19.658119658119656,False,False,False,False,False,10.113960113960108,-8.119658119658125,-0.07754732299211456,,8.691782984653964,OK
00271501,코아시아,Q3,5288410876.0,-340125480.0,-8421245534.0,140780355273.0,-8639525486.0,-1004283682.0,045970,True,MATCHED_COMMON_CANDIDATE,KOSDAQ,Q3,20191113,20191113000214,분기보고서 (2019.09),146558541200.0,2019-11-12,2019-11-14,5990.0,256718532.5,-4.6744574290484175,-2.170283806343909,1.8363939899832982,21.368948247078468,60.10016694490818,-4.6744574290484175,-2.170283806343909,1.8363939899832982,21.368948247078468,60.10016694490818,False,False,False,False,False,20.03338898163607,-11.352253756260433,-5.894931414614817,-0.685244049085827,5.745994375386155,OK
00273110,에스티큐브,Q4,4767279015.0,-2065756610.0,-12047484082.0,28815524783.0,,,052020,True,MATCHED_COMMON_CANDIDATE,KOSDAQ,FY,20200330,20200330002645,사업보고서 (2019.12),265127153190.0,2020-03-27,2020-03-31,10300.0,13609860252.5,0.4854368932038833,2.4271844660194164,3.398058252427183,9.708737864077666,-16.990291262135926,0.4854368932038833,2.4271844660194164,3.398058252427183,9.708737864077666,-16.990291262135926,False,False,False,False,False,14.563106796116498,-7.7669902912621325,,,4.544040071733551,OK
00288495,HC홈센타,Q3,120769485.0,-2256799563.0,-29659537207.0,140355418891.0,2541692139.0,5551246751.0,060560,True,MATCHED_COMMON_CANDIDATE,KOSDAQ,Q3,20191114,20191114000609,분기보고서 (2019.09),122988309565.0,2019-11-13,2019-11-15,1445.0,433922307.0,2.076124567474058,-2.768166089965396,-10.034602076124566,-8.650519031141869,-17.993079584775085,2.076124567474058,-2.768166089965396,-10.034602076124566,-8.650519031141869,-17.993079584775085,False,False,False,False,False,5.882352941176472,-13.494809688581311,2.0666127927034412,4.51363773567937,24.115736944351422,OK
00296005,우리로,Q1,166238772.0,-942477967.0,-4903292768.0,35155888550.0,,,046970,True,MATCHED_COMMON_CANDIDATE,KOSDAQ,Q1,20190515,20190515001811,분기보고서 (2019.03),60862197145.0,2019-05-14,2019-05-16,2745.0,1160743773.25,-4.553734061930781,11.111111111111116,11.839708561020036,-17.30418943533698,-2.003642987249543,-4.553734061930781,11.111111111111116,11.839708561020036,-17.30418943533698,-2.003642987249543,False,False,False,False,False,24.77231329690346,-7.285974499089254,,,8.05638474785628,OK
00296324,큐로홀딩스,Q1,556097289.0,-34107477.0,-12071824763.0,23785099298.0,,,051780,True,MATCHED_COMMON_CANDIDATE,KOSDAQ,Q1,20190515,20190515001122,분기보고서 (2019.03),41727868154.0,2019-05-14,2019-05-16,673.0,1134360240.45,-10.995542347696885,-14.71025260029718,8.915304606240703,-21.842496285289748,-24.07132243684993,-10.995542347696885,-14.71025260029718,8.915304606240703,-21.842496285289748,-24.07132243684993,False,False,False,False,False,15.750371471025272,-16.196136701337295,,,28.929886181695107,OK
00296324,큐로홀딩스,Q3,44432919.0,-1919279184.0,-10368321098.0,24334213658.0,-1687526928.0,-3484040796.0,051780,True,MATCHED_COMMON_CANDIDATE,KOSDAQ,Q3,20191114,20191114001572,분기보고서 (2019.09),32849598334.0,2019-11-13,2019-11-15,525.0,50075269.0,41.142857142857146,34.47619047619048,28.761904761904766,124.76190476190476,68.38095238095238,41.142857142857146,34.47619047619048,28.761904761904766,124.76190476190476,68.38095238095238,False,False,False,False,False,61.904761904761905,-1.904761904761909,-5.1371310870896565,-10.606037737739847,31.563007232476803,OK
00299464,초록뱀미디어,Q1,334743895.0,-996531653.0,-31771616639.0,99451815914.0,12158167054.0,14812551790.0,047820,True,MATCHED_COMMON_CANDIDATE,KOSDAQ,Q1,20190515,20190515000476,분기보고서 (2019.03),113447810520.0,2019-05-14,2019-05-16,1520.0,1995293581.5,-7.565789473684214,-8.552631578947366,-2.960526315789469,-10.197368421052634,-6.25,-7.565789473684214,-8.552631578947366,-2.960526315789469,-10.197368421052634,-6.25,False,False,False,False,False,3.289473684210531,-13.815789473684214,10.716969325605985,13.056710149014872,28.005491241630352,OK
00299464,초록뱀미디어,Q3,1108344371.0,-53824014.0,-24499304826.0,126696898019.0,-7760916785.0,5475178339.0,047820,True,MATCHED_COMMON_CANDIDATE,KOSDAQ,Q3,20191114,20191114002353,분기보고서 (2019.09),121449658250.0,2019-11-13,2019-11-15,1460.0,2401183705.75,-8.21917808219178,-11.64383561643836,-12.328767123287676,-11.301369863013699,27.054794520547954,-8.21917808219178,-11.64383561643836,-12.328767123287676,-11.301369863013699,27.054794520547954,False,False,False,False,False,3.767123287671237,-16.43835616438356,-6.390233531184103,4.508187522215609,20.172395031008662,OK
00301112,삼화네트웍스,Q3,207942331.0,-809753589.0,-3319448408.0,32796609630.0,,,046390,True,MATCHED_COMMON_CANDIDATE,KOSDAQ,Q3,20191114,20191114001224,분기보고서 (2019.09),67370015145.0,2019-11-13,2019-11-15,1575.0,342764140.25,-9.206349206349207,-6.0317460317460325,-9.84126984126984,0.31746031746031633,-5.0793650793650835,-9.206349206349207,-6.0317460317460325,-9.84126984126984,0.31746031746031633,-5.0793650793650835,False,False,False,False,False,3.492063492063502,-12.063492063492065,,,4.927189641943192,OK
00308559,코디,Q1,657541665.0,-1225248262.0,-11475840973.0,30689902772.0,-951036421.0,522797422.0,080530,True,MATCHED_COMMON_CANDIDATE,KOSDAQ,Q1,20190515,20190515000065,분기보고서 (2019.03),42585046700.0,2019-05-14,2020-05-25,2995.0,0.0,,,,,,-21.869782971619365,-16.86143572621035,-30.38397328881469,-36.22704507512521,-26.878130217028385,True,True,True,True,True,,,-2.233263773783768,1.2276549223556446,26.948053042759724,OK
00308559,코디,Q3,822324213.0,-1107323606.0,-9561137861.0,28478006257.0,1668017588.0,,080530,True,MATCHED_COMMON_CANDIDATE,KOSDAQ,Q3,20191114,20191114000234,분기보고서 (2019.09),42585046700.0,2019-11-13,2020-05-25,2995.0,0.0,,,,,,-21.869782971619365,-16.86143572621035,-30.38397328881469,-36.22704507512521,-26.878130217028385,True,True,True,True,True,,,3.9169091436032173,,22.45186656329298,OK
00308896,셀피글로벌,Q3,121050003.0,-1298502708.0,-1458777134.0,14129186339.0,,,068940,True,MATCHED_COMMON_CANDIDATE,KOSDAQ,Q3,20191114,20191114002337,분기보고서 (2019.09),58306080140.0,2019-11-13,2019-11-15,1840.0,589597310.25,-5.434782608695654,-2.717391304347827,-0.5434782608695676,-14.130434782608692,24.184782608695656,-5.434782608695654,-2.717391304347827,-0.5434782608695676,-14.130434782608692,24.184782608695656,False,False,False,False,False,1.6304347826086918,-9.239130434782606,,,2.5019296966925206,OK
00309831,알에프텍,Q2,2092445540.0,-266671760.0,-13746684355.0,121230260499.0,-974341949.0,,061040,True,MATCHED_COMMON_CANDIDATE,KOSDAQ,H1,20190813,20190813000479,반기보고서 (2019.06),158951009700.0,2019-08-12,2019-08-14,7650.0,5174643516.5,0.13071895424836555,-7.973856209150332,-9.150326797385622,0.5228758169934622,9.019607843137244,0.13071895424836555,-7.973856209150332,-9.150326797385622,0.5228758169934622,9.019607843137244,False,False,False,False,False,8.104575163398685,-12.549019607843137,-0.6129825477918937,,8.64837812665999,OK
00317210,성호전자,Q2,251299682.0,-523638097.0,-613494243.0,46701218083.0,,,043260,True,MATCHED_COMMON_CANDIDATE,KOSDAQ,H1,20190814,20190814002067,반기보고서 (2019.06),28371640271.0,2019-08-13,2019-08-16,807.0,102412188.5,2.6022304832713727,0.24783147459728205,5.3283767038413865,8.798017348203224,-0.9913258983890949,2.6022304832713727,0.24783147459728205,5.3283767038413865,8.798017348203224,-0.9913258983890949,False,False,False,False,False,7.063197026022294,-3.0978934324659257,,,2.162350280561965,OK
00317487,티에스넥스젠,Q1,1234045156.0,-1911577973.0,-18820122724.0,19149576613.0,,,043220,True,MATCHED_COMMON_CANDIDATE,KOSDAQ,Q1,20190515,20190515000158,분기보고서 (2019.03),69327706920.0,2019-05-14,2019-05-16,1155.0,466615948.25,-13.41991341991342,-13.506493506493511,-13.41991341991342,-38.26839826839827,115.15151515151514,-13.41991341991342,-13.506493506493511,-13.41991341991342,-38.26839826839827,115.15151515151514,False,False,False,False,False,1.298701298701288,-17.748917748917748,,,27.146610727681054,OK
00317487,티에스넥스젠,Q2,1119685735.0,-5347129325.0,-9950753115.0,21201913733.0,,,043220,True,MATCHED_COMMON_CANDIDATE,KOSDAQ,H1,20190814,20190814000962,반기보고서 (2019.06),44118002494.0,2019-08-13,2019-08-16,729.0,173484312.2,4.389574759945125,5.7613168724279795,11.934156378600825,193.55281207133058,109.19067215363513,4.389574759945125,5.7613168724279795,11.934156378600825,193.55281207133058,109.19067215363513,False,False,False,False,False,15.089163237311375,-1.2345679012345734,,,22.554858680089364,OK
00317487,티에스넥스젠,Q3,731656078.0,-2242744650.0,-5699230107.0,22033712944.0,,,043220,True,MATCHED_COMMON_CANDIDATE,KOSDAQ,Q3,20191114,20191114000905,분기보고서 (2019.09),161643778640.0,2019-11-13,2019-11-15,2215.0,92635044028.25,-14.89841986455982,-23.927765237020317,-30.925507900677196,-34.31151241534989,-35.440180586907445,-14.89841986455982,-23.927765237020317,-30.925507900677196,-34.31151241534989,-35.440180586907445,False,False,False,False,False,7.44920993227991,-34.5372460496614,,,3.525796139480794,OK
00317681,메타바이오메드,Q3,1024706334.0,-12786006.0,-1955628599.0,53515368476.0,-2356534587.0,23760897377.0,059210,True,MATCHED_COMMON_CANDIDATE,KOSDAQ,Q3,20191114,20191114000510,분기보고서 (2019.09),66218024025.0,2019-11-13,2019-11-15,2700.0,2741091480.5,-7.4074074074074066,-4.444444444444439,-0.92592592592593,8.888888888888879,-2.592592592592591,-7.4074074074074066,-4.444444444444439,-0.92592592592593,8.888888888888879,-2.592592592592591,False,False,False,False,False,3.703703703703698,-12.037037037037035,-3.558750992192567,35.88282454340422,2.9533176620638373,OK
00328191,케이에스피,Q1,627081195.0,-444816772.0,-8721236766.0,21749661197.0,,,073010,True,MATCHED_COMMON_CANDIDATE,KOSDAQ,Q1,20190515,20190515001502,분기보고서 (2019.03),91566410210.0,2019-05-14,2019-05-16,2900.0,1058447904.5,-27.586206896551722,-36.206896551724135,-34.6551724137931,-44.13793103448276,-38.793103448275865,-27.586206896551722,-36.206896551724135,-34.6551724137931,-44.13793103448276,-38.793103448275865,False,False,False,False,False,0.6896551724137945,-47.06896551724138,,,9.524493475280469,OK
00328191,케이에스피,Q2,620406686.0,-408899109.0,-7524504496.0,22328884584.0,,,073010,True,MATCHED_COMMON_CANDIDATE,KOSDAQ,H1,20190814,20190814000713,반기보고서 (2019.06),62793565895.0,2019-08-13,2019-08-16,1730.0,54366072.5,3.1791907514450823,-4.046242774566478,3.1791907514450823,0.8670520231213841,11.271676300578036,3.1791907514450823,-4.046242774566478,3.1791907514450823,0.8670520231213841,11.271676300578036,False,False,False,False,False,14.45086705202312,-5.780346820809246,,,11.982922754509703,OK
00328191,케이에스피,Q3,341655941.0,-244285642.0,-6602445634.0,22654283946.0,,,073010,True,MATCHED_COMMON_CANDIDATE,KOSDAQ,Q3,20191114,20191114001251,분기보고서 (2019.09),63155488465.0,2019-11-13,2019-11-15,1845.0,64716636.0,-5.9620596205962055,1.3550135501354976,-5.691056910569103,3.7940379403794022,-23.577235772357717,-5.9620596205962055,1.3550135501354976,-5.691056910569103,3.7940379403794022,-23.577235772357717,False,False,False,False,False,3.5230352303523116,-7.859078590785906,,,10.454270554267021,OK
00335076,오픈베이스,Q2,1747923091.0,-616401428.0,-1544324782.0,69549327689.0,-16799798148.0,-19849605594.0,049480,True,MATCHED_COMMON_CANDIDATE,KOSDAQ,H1,20190814,20190814001177,반기보고서 (2019.06),79655740905.0,2019-08-13,2019-08-16,2505.0,5260162942.75,5.389221556886237,2.9940119760478945,21.9560878243513,34.730538922155695,37.32534930139722,5.389221556886237,2.9940119760478945,21.9560878243513,34.730538922155695,37.32534930139722,False,False,False,False,False,36.52694610778444,-0.9980039920159722,-21.09050516275529,-24.919240431990055,1.9387488766714398,OK
00335076,오픈베이스,Q3,764520234.0,-607589164.0,-2095052491.0,68468200964.0,5852483029.0,3309446984.0,049480,True,MATCHED_COMMON_CANDIDATE,KOSDAQ,Q3,20191114,20191114001816,분기보고서 (2019.09),106050542625.0,2019-11-13,2019-11-15,3370.0,8355737862.25,-10.830860534124632,-5.341246290801182,-6.083086053412467,0.14836795252226587,13.946587537091993,-10.830860534124632,-5.341246290801182,-6.083086053412467,0.14836795252226587,13.946587537091993,False,False,False,False,False,7.270029673590495,-13.056379821958453,5.518579051212092,3.120631825244279,1.9755226509384396,OK
00346610,시지메드텍,Q2,119999592.0,-834271045.0,-13809585166.0,39233604503.0,-765896160.0,,056090,True,MATCHED_COMMON_CANDIDATE,KOSDAQ,H1,20190814,20190814001684,반기보고서 (2019.06),48452938560.0,2019-08-13,2019-08-16,6320.0,122425110.5,0.7911392405063333,-2.689873417721522,7.911392405063289,3.9556962025316444,-7.120253164556967,0.7911392405063333,-2.689873417721522,7.911392405063289,3.9556962025316444,-7.120253164556967,False,False,False,False,False,17.405063291139243,-3.797468354430378,-1.5807011561364424,,28.50102713357495,OK
00346610,시지메드텍,Q3,219059548.0,-1736930467.0,-11371685424.0,39765555308.0,,,056090,True,MATCHED_COMMON_CANDIDATE,KOSDAQ,Q3,20191113,20191113000143,분기보고서 (2019.09),51481247220.0,2019-11-12,2019-11-14,6620.0,82281488.5,-3.0211480362537735,-8.761329305135956,-18.277945619335345,-11.329305135951662,-32.3262839879154,-3.0211480362537735,-8.761329305135956,-18.277945619335345,-11.329305135951662,-32.3262839879154,False,False,False,False,False,2.4169184290030232,-20.694864048338367,,,22.08898586975609,OK
00348292,한빛소프트,Q1,1330501737.0,-328740189.0,-6948843919.0,13245867462.0,,,047080,True,MATCHED_COMMON_CANDIDATE,KOSDAQ,Q1,20190515,20190515001046,분기보고서 (2019.03),68887944080.0,2019-05-14,2019-05-16,2950.0,167383247.75,-2.5423728813559365,-2.3728813559321993,16.94915254237288,-0.6779661016949157,25.762711864406775,-2.5423728813559365,-2.3728813559321993,16.94915254237288,-0.6779661016949157,25.762711864406775,False,False,False,False,False,19.661016949152543,-7.2881355932203356,,,10.087169840531551,OK
00349732,코나아이,Q1,76966242.0,-8195587480.0,-38699719480.0,98726818578.0,-3567487907.0,1961852722.0,052400,True,MATCHED_COMMON_CANDIDATE,KOSDAQ,Q1,20190515,20190515002660,분기보고서 (2019.03),199934666300.0,2019-05-14,2019-05-16,13650.0,1390095800.0,10.62271062271063,17.216117216117222,52.01465201465201,12.454212454212454,16.117216117216127,10.62271062271063,17.216117216117222,52.01465201465201,12.454212454212454,16.117216117216127,False,False,False,False,False,54.578754578754584,-6.593406593406592,-1.7843268368713103,0.981246903454081,19.356182795199434,OK
00349732,코나아이,Q3,2125065484.0,-8593599791.0,-21606210207.0,102730926500.0,86810968730.0,87939981570.0,052400,True,MATCHED_COMMON_CANDIDATE,KOSDAQ,Q3,20191114,20191114002732,분기보고서 (2019.09),242722240800.0,2019-11-13,2019-11-15,15450.0,3427364547.5,-8.090614886731395,-2.588996763754048,-2.9126213592232997,0.0,-15.533980582524276,-8.090614886731395,-2.588996763754048,-2.9126213592232997,0.0,-15.533980582524276,False,False,False,False,False,1.2944983818770295,-10.679611650485432,35.76556002609218,36.230706044964954,8.901619454314135,OK
00350020,파인디앤씨,Q4,1032418750.0,-2021964584.0,-3722369883.0,45275863269.0,588105215.0,2572620401.0,049120,True,MATCHED_COMMON_CANDIDATE,KOSDAQ,FY,20200330,20200330003572,사업보고서 (2019.12),30577535040.0,2020-03-27,2020-03-31,1200.0,305220839.7,10.83333333333334,15.416666666666657,31.666666666666664,41.66666666666667,62.5,10.83333333333334,15.416666666666657,31.666666666666664,41.66666666666667,62.5,False,False,False,False,False,36.25000000000001,-1.6666666666666718,1.923324474097308,8.413432925952424,12.173544656659152,OK
00351375,뉴보텍,Q3,440983282.0,-128967689.0,-2492816805.0,22776859284.0,-2481899256.0,,060260,True,MATCHED_COMMON_CANDIDATE,KOSDAQ,Q3,20191114,20191114002730,분기보고서 (2019.09),38941233890.0,2019-11-13,2019-11-15,1360.0,333120395.0,-4.411764705882348,1.8382352941176405,-15.073529411764708,-5.147058823529416,-14.338235294117652,-4.411764705882348,1.8382352941176405,-15.073529411764708,-5.147058823529416,-14.338235294117652,False,False,False,False,False,9.191176470588225,-15.073529411764708,-6.373447906172651,,6.401483866796907,OK
00353762,키이스트,Q2,720704983.0,-232015554.0,-8786826896.0,79094695694.0,2411511815.0,405713908.0,054780,True,MATCHED_COMMON_CANDIDATE,KOSDAQ,H1,20190814,20190814001159,반기보고서 (2019.06),210383793750.0,2019-08-13,2019-08-16,2425.0,3555362712.5,1.2371134020618513,-5.154639175257736,2.680412371134011,16.49484536082475,37.7319587628866,1.2371134020618513,-5.154639175257736,2.680412371134011,16.49484536082475,37.7319587628866,False,False,False,False,False,5.7731958762886615,-9.690721649484535,1.1462440960949731,0.19284465821645544,4.176570228808321,OK
00361008,한화엔진,Q3,577201643.0,-13036966004.0,-30388490229.0,207166529144.0,,,082740,True,MATCHED_COMMON_CANDIDATE,KOSPI,Q3,20191114,20191114001661,분기보고서 (2019.09),148262139000.0,2019-11-13,2019-11-15,4455.0,3201520397.75,3.5914702581369307,-3.5914702581369196,0.22446689113355678,-5.72390572390572,-30.415263748597077,3.5914702581369307,-3.5914702581369196,0.22446689113355678,-5.72390572390572,-30.415263748597077,False,False,False,False,False,12.008978675645343,-8.529741863075191,,,20.49646014415049,OK
00362858,예스24,Q1,6283272679.0,-248996660.0,-1765934852.0,70912952651.0,6151235626.0,5010979261.0,053280,True,MATCHED_COMMON_CANDIDATE,KOSDAQ,Q1,20190515,20190515001206,분기보고서 (2019.03),81098000000.0,2019-05-14,2019-05-16,5900.0,95223862.0,1.5254237288135686,11.525423728813555,15.593220338983048,9.49152542372882,13.389830508474576,1.5254237288135686,11.525423728813555,15.593220338983048,9.49152542372882,13.389830508474576,False,False,False,False,False,20.508474576271183,-4.576271186440673,7.584941214333275,6.178918420922834,2.177531939135367,OK
00363486,로체시스템즈,Q1,576133211.0,-753891473.0,-451160794.0,64932542134.0,-2482125122.0,3781991254.0,071280,True,MATCHED_COMMON_CANDIDATE,KOSDAQ,Q1,20190515,20190515000766,분기보고서 (2019.03),54149974620.0,2019-05-14,2019-05-16,3685.0,295831875.0,4.884667571234735,3.1207598371777445,19.402985074626855,4.613297150610585,27.54409769335142,4.884667571234735,3.1207598371777445,19.402985074626855,4.613297150610585,27.54409769335142,False,False,False,False,False,20.75983717774763,-8.819538670284944,-4.583797387567455,6.984289984511169,0.8331689851491938,OK
00363510,제이케이시냅스,Q4,218830491.0,-1917695371.0,-1000321492.0,55035326227.0,638870885.0,73605916.0,060230,True,MATCHED_COMMON_CANDIDATE,KOSDAQ,FY,20200330,20200330001719,사업보고서 (2019.12),105247319520.0,2020-03-27,2020-03-31,1660.0,1078401116.5,0.0,0.9036144578313143,15.662650602409634,9.036144578313255,6.024096385542177,0.0,0.9036144578313143,15.662650602409634,9.036144578313255,6.024096385542177,False,False,False,False,False,30.42168674698795,-8.13253012048193,0.6070186755479281,0.0699361431110013,0.9504484262042515,OK
00365624,아이윈,Q1,772339504.0,-553611930.0,-1531119670.0,37416355101.0,347017610.0,5308261901.0,090150,True,MATCHED_COMMON_CANDIDATE,KOSDAQ,Q1,20190515,20190515001027,분기보고서 (2019.03),37812608595.0,2019-05-14,2019-05-16,4180.0,812629341.5,-5.502392344497609,-8.3732057416268,1.1961722488038173,-37.32057416267942,-25.358851674641148,-5.502392344497609,-8.3732057416268,1.1961722488038173,-37.32057416267942,-25.358851674641148,False,False,False,False,False,10.765550239234445,-11.244019138755979,0.9177298866544914,14.038338263977684,4.049230473357137,OK
00365989,모나용평,Q4,176456792.0,-3458448457.0,-13791548187.0,395782277739.0,-20312485969.0,-4900305412.0,070960,True,MATCHED_COMMON_CANDIDATE,KOSPI,FY,20200330,20200330001158,사업보고서 (2019.12),152823332275.0,2020-03-27,2020-03-31,3350.0,1354335187.5,11.044776119402977,20.298507462686576,39.99999999999999,21.194029850746276,22.238805970149244,11.044776119402977,20.298507462686576,39.99999999999999,21.194029850746276,22.238805970149244,False,False,False,False,False,58.805970149253724,-1.1940298507462699,-13.29148217527964,-3.2065165305923835,9.024504296361378,OK
00367482,빛과전자,Q1,7192660525.0,-1942162763.0,-41167275599.0,60315940593.0,-92956809.0,-504293755.0,069540,True,MATCHED_COMMON_CANDIDATE,KOSDAQ,Q1,20190515,20190515000877,분기보고서 (2019.03),76790652140.0,2019-05-14,,,,,,,,,,,,,,,,,,,,,,,,NO_ENTRY
00367482,빛과전자,Q2,13668762757.0,-2105967047.0,-23828404017.0,73426955506.0,-3402036024.0,5777182667.0,069540,True,MATCHED_COMMON_CANDIDATE,KOSDAQ,H1,20190814,20190814001249,반기보고서 (2019.06),76790652140.0,2019-08-13,,,,,,,,,,,,,,,,,,,,,,,,NO_ENTRY
00367482,빛과전자,Q3,6035714960.0,-2445592880.0,-13198359602.0,77089290149.0,12155833529.0,8489419193.0,069540,True,MATCHED_COMMON_CANDIDATE,KOSDAQ,Q3,20191114,20191114000900,분기보고서 (2019.09),76790652140.0,2019-11-13,,,,,,,,,,,,,,,,,,,,,,,,NO_ENTRY
00367604,SM Life Design,Q3,951397.0,-345444355.0,-1228191744.0,52271981282.0,1617623638.0,510312833.0,063440,True,MATCHED_COMMON_CANDIDATE,KOSDAQ,Q3,20191114,20191114001149,분기보고서 (2019.09),149496791280.0,2019-11-13,2019-11-15,2745.0,50652650787.75,-16.57559198542805,-23.132969034608376,-28.415300546448087,-22.404371584699454,-38.97996357012751,-16.57559198542805,-23.132969034608376,-28.415300546448087,-22.404371584699454,-38.97996357012751,False,False,False,False,False,6.375227686703089,-30.965391621129324,1.0820457242926853,0.34135370306658264,0.8215505720786063,OK
00367604,SM Life Design,Q4,633979231.0,-668916991.0,-3025656762.0,48809342871.0,417442317.0,825849050.0,063440,True,MATCHED_COMMON_CANDIDATE,KOSDAQ,FY,20200330,20200330003844,사업보고서 (2019.12),47280611700.0,2020-03-27,2020-03-31,1160.0,1170929332.2,9.913793103448265,24.56896551724137,38.793103448275865,34.91379310344826,91.37931034482759,9.913793103448265,24.56896551724137,38.793103448275865,34.91379310344826,91.37931034482759,False,False,False,False,False,51.293103448275865,-3.4482758620689613,0.8829037992332067,1.746697050452924,6.3993604422846335,OK
00369107,우리바이오,Q1,2458361347.0,-11786087163.0,-14535998619.0,137812772505.0,1481495788.0,3181304223.0,082850,True,MATCHED_COMMON_CANDIDATE,KOSDAQ,Q1,20190515,20190515000470,분기보고서 (2019.03),52936241775.0,2019-05-14,2019-05-16,1270.0,642529144.5,-9.055118110236215,-1.1811023622047223,-1.9685039370078705,-36.22047244094488,-31.417322834645667,-9.055118110236215,-1.1811023622047223,-1.9685039370078705,-36.22047244094488,-31.417322834645667,False,False,False,False,False,29.133858267716526,-11.023622047244096,2.7986417968561956,6.00969036774806,27.45944580044755,OK
00369107,우리바이오,Q2,2931907391.0,-11094736334.0,-7456673215.0,131184930057.0,54929600067.0,54242530948.0,082850,True,MATCHED_COMMON_CANDIDATE,KOSDAQ,H1,20190814,20190814000668,반기보고서 (2019.06),39392979006.0,2019-08-13,2019-08-16,831.0,133245498.9,15.764139590854388,9.265944645006009,12.154031287605305,11.55234657039712,45.60770156438026,15.764139590854388,9.265944645006009,12.154031287605305,11.55234657039712,45.60770156438026,False,False,False,False,False,30.565583634175695,-0.9626955475330878,139.44007651371984,137.69593546032212,18.92893963125831,OK
00369569,비케이홀딩스,Q4,1443485079.0,-1166702691.0,-1963153306.0,27289085209.0,,,050090,True,MATCHED_COMMON_CANDIDATE,KOSDAQ,FY,20200327,20200327000146,사업보고서 (2019.12),38224108986.0,2020-03-26,2020-03-30,479.0,669476323.35,3.757828810020869,10.438413361169108,19.41544885177453,8.350730688935283,26.304801670146126,3.757828810020869,10.438413361169108,19.41544885177453,8.350730688935283,26.304801670146126,False,False,False,False,False,26.72233820459291,-3.9665970772442605,,,5.135903381604072,OK
00369833,유니온머티리얼,Q1,631254066.0,-295854332.0,-8348371448.0,77552591822.0,,,047400,True,MATCHED_COMMON_CANDIDATE,KOSPI,Q1,20190515,20190515001358,분기보고서 (2019.03),109830000000.0,2019-05-14,2019-05-16,2620.0,9672447710.5,-6.106870229007633,25.0,29.389312977099237,14.312977099236646,1.3358778625954137,-6.106870229007633,25.0,29.389312977099237,14.312977099236646,1.3358778625954137,False,False,False,False,False,56.10687022900764,-13.931297709923662,,,7.601175860875899,OK
00370006,iMBC,Q1,33820681.0,-54400400.0,-1602337310.0,51951456368.0,5453137616.0,5913080916.0,052220,True,MATCHED_COMMON_CANDIDATE,KOSDAQ,Q1,20190515,20190515001123,분기보고서 (2019.03),56350000000.0,2019-05-14,2019-05-16,2515.0,53792974.0,-3.7773359840954313,-6.759443339960236,0.3976143141153132,-20.27833001988072,-5.964214711729621,-3.7773359840954313,-6.759443339960236,0.3976143141153132,-20.27833001988072,-5.964214711729621,False,False,False,False,False,18.290258449304165,-9.542743538767395,9.677262850044366,10.493488759538598,2.8435444720496896,OK
00378220,버킷스튜디오,Q2,96966195.0,-386051793.0,-9110965703.0,33745116996.0,-370334769.0,-1879508765.0,066410,True,MATCHED_COMMON_CANDIDATE,KOSDAQ,H1,20190814,20190814001189,반기보고서 (2019.06),56155998495.0,2019-08-13,2019-08-16,2350.0,390176377.75,-6.382978723404253,-8.297872340425528,-11.063829787234047,-0.42553191489361764,,-6.382978723404253,-8.297872340425528,-11.063829787234047,-0.42553191489361764,-23.404255319148938,False,False,False,False,True,4.893617021276597,-17.446808510638302,-0.659474996305112,-3.346942117265259,16.224385545938105,OK
00378628,KH바텍,Q2,4145877371.0,-7615417372.0,-15756639066.0,183154430460.0,-3698786154.0,,060720,True,MATCHED_COMMON_CANDIDATE,KOSDAQ,H1,20190814,20190814001812,반기보고서 (2019.06),172045265480.0,2019-08-13,2019-08-16,8470.0,1516801692.5,2.4793388429751984,1.298701298701288,6.493506493506485,143.801652892562,147.34356552538372,2.4793388429751984,1.298701298701288,6.493506493506485,143.801652892562,147.34356552538372,False,False,False,False,False,14.994096812278634,-3.54191263282172,-2.1498912763920135,,9.158426430416178,OK
00378628,KH바텍,Q3,2833504747.0,-1887439599.0,-5681763559.0,188529452806.0,,,060720,True,MATCHED_COMMON_CANDIDATE,KOSDAQ,Q3,20191114,20191114002325,분기보고서 (2019.09),447464519600.0,2019-11-13,2019-11-15,20350.0,26943222915.0,-6.142506142506143,-6.8796068796068806,2.4570024570024662,8.845208845208852,4.668304668304679,-6.142506142506143,-6.8796068796068806,2.4570024570024662,8.845208845208852,4.668304668304679,False,False,False,False,False,6.87960687960687,-12.039312039312044,,,1.2697685090382305,OK
00378628,KH바텍,Q4,3717802556.0,-4686711869.0,-11583401436.0,184506427674.0,,,060720,True,MATCHED_COMMON_CANDIDATE,KOSDAQ,FY,20200330,20200330004626,사업보고서 (2019.12),395511798500.0,2020-03-27,2020-03-31,17300.0,28768833620.0,5.202312138728327,0.28901734104045396,5.780346820809257,38.72832369942196,19.075144508670515,5.202312138728327,0.28901734104045396,5.780346820809257,38.72832369942196,19.075144508670515,False,False,False,False,False,11.849710982658967,-6.936416184971095,,,2.928711982785515,OK
00389998,한성크린텍,Q1,1920432224.0,-1878120330.0,-23089231435.0,142210080263.0,-3634484204.0,-650942587.0,066980,True,MATCHED_COMMON_CANDIDATE,KOSDAQ,Q1,20190515,20190515001048,분기보고서 (2019.03),174260109100.0,2019-05-14,2019-05-16,1100.0,6524536926.55,-17.454545454545457,-22.818181818181817,-17.181818181818187,-38.54545454545455,-40.90909090909091,-17.454545454545457,-22.818181818181817,-17.181818181818187,-38.54545454545455,-40.90909090909091,False,False,False,False,False,0.9090909090909038,-25.181818181818183,-2.0856662048308108,-0.3735465278668301,13.249866279924188,OK
00389998,한성크린텍,Q2,1345743750.0,-921676849.0,-21102233097.0,143480079170.0,-815283038.0,5559479163.0,066980,True,MATCHED_COMMON_CANDIDATE,KOSDAQ,H1,20190813,20190813000211,반기보고서 (2019.06),109308613890.0,2019-08-12,2019-08-14,731.0,916646305.6,-0.9575923392612817,-6.703146374829005,-3.69357045143639,-7.660738714090288,-10.94391244870041,-0.9575923392612817,-6.703146374829005,-3.69357045143639,-7.660738714090288,-10.94391244870041,False,False,False,False,False,1.0943912448700521,-9.71272229822161,-0.745854337536875,5.086039393560185,19.305187712137403,OK
00390860,대산F&B,Q4,194154324.0,-5776772007.0,-2797548083.0,35443772887.0,4693858688.0,7363016136.0,065150,True,MATCHED_COMMON_CANDIDATE,KOSDAQ,FY,20200330,20200330004795,사업보고서 (2019.12),106263055205.0,2020-03-27,2020-12-07,2130.0,0.0,-35.91549295774647,-38.96713615023474,,,,-35.91549295774647,-38.96713615023474,,,,False,False,,,,,,4.417206600115841,6.929046150419311,2.632662949134147,OK
00397191,팬엔터테인먼트,Q3,347316341.0,-521904491.0,-623232314.0,46918002447.0,-3705468214.0,-2609823349.0,068050,True,MATCHED_COMMON_CANDIDATE,KOSDAQ,Q3,20191114,20191114002250,분기보고서 (2019.09),68165265120.0,2019-11-13,2019-11-15,5000.0,1729948920.25,-10.299999999999997,-4.0000000000000036,-7.799999999999995,-5.400000000000005,-19.099999999999994,-10.299999999999997,-4.0000000000000036,-7.799999999999995,-5.400000000000005,-19.099999999999994,False,False,False,False,False,3.400000000000003,-11.399999999999999,-5.436006457947156,-3.828670429735138,0.914296031714752,OK
00397252,조이시티,Q4,3328334002.0,-2191497373.0,-1895237610.0,25021994596.0,969684799.0,,067000,True,MATCHED_COMMON_CANDIDATE,KOSDAQ,FY,20200330,20200330003140,사업보고서 (2019.12),146025747000.0,2020-03-27,2020-03-31,11500.0,2964663953.0,-16.34782608695652,-6.086956521739129,6.08695652173914,43.04347826086956,87.82608695652175,-16.34782608695652,-6.086956521739129,6.08695652173914,43.04347826086956,87.82608695652175,False,False,False,False,False,22.173913043478265,-19.999999999999996,0.6640505656855158,,1.297879071969411,OK
00400857,에이블씨엔씨,Q2,2444188104.0,-5271318318.0,-7443509083.0,273502784324.0,7114196545.0,19215182487.0,078520,True,MATCHED_COMMON_CANDIDATE,KOSPI,H1,20190814,20190814000499,반기보고서 (2019.06),283851319500.0,2019-08-13,2019-08-16,10200.0,1937153744.5,1.9607843137254832,-1.9607843137254943,13.725490196078427,5.392156862745101,16.666666666666675,1.9607843137254832,-1.9607843137254943,13.725490196078427,5.392156862745101,16.666666666666675,False,False,False,False,False,17.156862745098046,-3.4313725490196068,2.5063108945667594,6.769453290140509,2.6223267505367365,OK
00406329,루멘스,Q3,1483293936.0,-4928908027.0,-19997165414.0,191164642347.0,-16318505855.0,,038060,True,MATCHED_COMMON_CANDIDATE,KOSDAQ,Q3,20191114,20191114000194,분기보고서 (2019.09),104718076560.0,2019-11-13,2019-11-15,2140.0,452542801.25,-3.5046728971962593,1.6355140186915973,-7.242990654205606,28.504672897196272,-14.719626168224298,-3.5046728971962593,1.6355140186915973,-7.242990654205606,28.504672897196272,-14.719626168224298,False,False,False,False,False,7.476635514018692,-11.91588785046729,-15.583275009496603,,19.096192434877548,OK
00406727,세진티에스,Q1,372795343.0,-641463407.0,-1393531594.0,39945271873.0,,,067770,True,MATCHED_COMMON_CANDIDATE,KOSDAQ,Q1,20190514,20190514000416,분기보고서 (2019.03),23426494470.0,2019-05-13,2019-05-15,2800.0,87785769.75,-1.6071428571428625,0.17857142857142794,5.714285714285716,-10.535714285714281,-6.785714285714284,-1.6071428571428625,0.17857142857142794,5.714285714285716,-10.535714285714281,-6.785714285714284,False,False,False,False,False,11.428571428571432,-3.9285714285714257,,,5.948528047098803,OK
00406727,세진티에스,Q3,204873711.0,-1945597.0,-1319812268.0,40608313863.0,886877234.0,1022655180.0,067770,True,MATCHED_COMMON_CANDIDATE,KOSDAQ,Q3,20191113,20191113000096,분기보고서 (2019.09),21747175870.0,2019-11-12,2019-11-14,2600.0,62641033.75,-0.19230769230769162,0.0,-0.38461538461538325,20.192307692307686,-5.961538461538463,-0.19230769230769162,0.0,-0.38461538461538325,20.192307692307686,-5.961538461538463,False,False,False,False,False,3.26923076923078,-3.8461538461538436,4.078126002666111,4.702473489492225,6.068890397031585,OK
00407771,듀오백,Q1,232720067.0,-219880375.0,-2712104906.0,30633538537.0,,,073190,True,MATCHED_COMMON_CANDIDATE,KOSDAQ,Q1,20190515,20190515001278,분기보고서 (2019.03),29920100000.0,2019-05-14,2019-05-16,2505.0,1546398493.75,-1.9960079840319334,-5.389221556886225,-7.784431137724546,-3.1936127744510934,-2.39520958083832,-1.9960079840319334,-5.389221556886225,-7.784431137724546,-3.1936127744510934,-2.39520958083832,False,False,False,False,False,2.39520958083832,-14.970059880239518,,,9.064491448892216,OK
00409788,비에이치아이,Q4,558376971.0,-13516947529.0,-14779295786.0,69859585853.0,13733052518.0,,083650,True,MATCHED_COMMON_CANDIDATE,KOSDAQ,FY,20200330,20200330003701,사업보고서 (2019.12),37700000000.0,2020-03-27,2020-03-31,1470.0,139331135.5,6.4625850340136015,18.36734693877551,24.82993197278911,58.163265306122454,45.91836734693877,6.4625850340136015,18.36734693877551,24.82993197278911,58.163265306122454,45.91836734693877,False,False,False,False,False,37.0748299319728,-4.081632653061229,36.42719500795756,,39.20237609018567,OK
00410997,누리플랜,Q4,1383267613.0,-352767697.0,-3243838204.0,27359578925.0,-608837358.0,,069140,True,MATCHED_COMMON_CANDIDATE,KOSDAQ,FY,20200330,20200330003052,사업보고서 (2019.12),18402761110.0,2020-03-27,2020-03-31,3400.0,414583002.25,13.235294117647056,16.02941176470589,26.323529411764703,47.352941176470594,79.41176470588236,13.235294117647056,16.02941176470589,26.323529411764703,47.352941176470594,79.41176470588236,False,False,False,False,False,46.17647058823528,-8.088235294117652,-3.308402224865919,,17.62691035660572,OK
00415594,동국S&C,Q2,4229929241.0,-822283875.0,-2330013863.0,269226752922.0,,,100130,True,MATCHED_COMMON_CANDIDATE,KOSDAQ,H1,20190813,20190813000487,반기보고서 (2019.06),102857400000.0,2019-08-12,2019-08-14,2055.0,600117033.5,-1.4598540145985384,-4.622871046228716,-0.7299270072992692,4.1362530413625365,30.41362530413625,-1.4598540145985384,-4.622871046228716,-0.7299270072992692,4.1362530413625365,30.41362530413625,False,False,False,False,False,5.109489051094895,-11.192214111922139,,,2.2652855924804634,OK
00415594,동국S&C,Q3,7057436038.0,-1238995215.0,-280261528.0,275342007990.0,-30709706082.0,-22534905893.0,100130,True,MATCHED_COMMON_CANDIDATE,KOSDAQ,Q3,20191113,20191113000310,분기보고서 (2019.09),122286020000.0,2019-11-12,2019-11-14,2270.0,289082603.0,3.083700440528636,3.524229074889873,-2.2026431718061623,17.84140969162995,8.590308370044042,3.083700440528636,3.524229074889873,-2.2026431718061623,17.84140969162995,8.590308370044042,False,False,False,False,False,14.317180616740078,-3.524229074889873,-25.113014620968123,-18.42803117887065,0.22918525600882259,OK
00416654,유엔젤,Q3,43721488.0,-1124313011.0,-1124111370.0,37319733296.0,-327963282.0,2282426891.0,072130,True,MATCHED_COMMON_CANDIDATE,KOSPI,Q3,20191114,20191114001217,분기보고서 (2019.09),73234769700.0,2019-11-13,2019-11-15,5680.0,4888209699.75,10.035211267605625,4.401408450704225,-6.690140845070425,-11.267605633802813,-35.2112676056338,10.035211267605625,4.401408450704225,-6.690140845070425,-11.267605633802813,-35.2112676056338,False,False,False,False,False,28.3450704225352,-13.820422535211263,-0.4478245556632098,3.11658915614778,1.5349421792474074,OK
00435312,하이스틸,Q2,4347486699.0,-781138691.0,-1446447405.0,130575743406.0,11718996389.0,24308344632.0,071090,True,MATCHED_COMMON_CANDIDATE,KOSPI,H1,20190814,20190814001460,반기보고서 (2019.06),36398980800.0,2019-08-13,2019-08-16,18150.0,120888622.5,9.090909090909083,10.743801652892571,23.96694214876034,14.600550964187331,3.8567493112947604,9.090909090909083,10.743801652892571,23.96694214876034,14.600550964187331,3.8567493112947604,False,False,False,False,False,27.27272727272727,-0.27548209366391463,32.19594651122759,66.78303649645048,3.9738678754433696,OK
00440712,리튬포어스,Q2,714724903.0,-1388579459.0,-14486188712.0,31483099163.0,-1904720417.0,-1099962627.0,073570,True,MATCHED_COMMON_CANDIDATE,KOSDAQ,H1,20190814,20190814002940,반기보고서 (2019.06),108521982600.0,2019-08-13,2019-08-16,7730.0,657409336.5,4.010349288486426,5.433376455368699,7.503234152651994,55.23932729624838,25.097024579560156,4.010349288486426,5.433376455368699,7.503234152651994,55.23932729624838,25.097024579560156,False,False,False,False,False,20.051746442432083,-2.3285899094437235,-1.7551470875910813,-1.0135850826226982,13.348621509611085,OK
00442154,제이엔케이글로벌,Q1,1474472517.0,-291130258.0,-5191560574.0,61874084955.0,,,126880,True,MATCHED_COMMON_CANDIDATE,KOSDAQ,Q1,20190515,20190515000022,분기보고서 (2019.03),99179879760.0,2019-05-14,2019-05-16,5620.0,3756450732.5,-3.558718861209964,-2.6690391459074703,-3.0249110320284656,-16.45907473309609,-1.9572953736654797,-3.558718861209964,-2.6690391459074703,-3.0249110320284656,-16.45907473309609,-1.9572953736654797,False,False,False,False,False,12.099644128113884,-11.83274021352313,,,5.234489683353897,OK
00442154,제이엔케이글로벌,Q2,699160930.0,-450669488.0,-9420847285.0,74205957747.0,,,126880,True,MATCHED_COMMON_CANDIDATE,KOSDAQ,H1,20190814,20190814000375,반기보고서 (2019.06),110715853200.0,2019-08-13,2019-08-16,4980.0,5455025672.0,3.0120481927710774,1.8072289156626509,15.060240963855431,4.417670682730934,-8.634538152610439,3.0120481927710774,1.8072289156626509,15.060240963855431,4.417670682730934,-8.634538152610439,False,False,False,False,False,19.076305220883526,-4.216867469879515,,,8.509031916126714,OK
00442561,에프알텍,Q3,594755145.0,-443122088.0,-1946791903.0,32368448418.0,462235360.0,240888141.0,073540,True,MATCHED_COMMON_CANDIDATE,KOSDAQ,Q3,20191114,20191114000542,분기보고서 (2019.09),62928000000.0,2019-11-13,2019-11-15,5660.0,1947954057.5,-6.183745583038869,-5.653710247349819,-3.180212014134276,-8.657243816254411,-20.671378091872793,-6.183745583038869,-5.653710247349819,-3.180212014134276,-8.657243816254411,-20.671378091872793,False,False,False,False,False,3.0035335689045928,-10.424028268551233,0.7345464022374778,0.3827996138443936,3.093681513793542,OK
00442835,메타랩스,Q1,492283576.0,-5319419652.0,-9272932720.0,67288112268.0,-385024239.0,898713551.0,090370,True,MATCHED_COMMON_CANDIDATE,KOSPI,Q1,20190515,20190515001921,분기보고서 (2019.03),104896442880.0,2019-05-14,2019-05-16,2285.0,3705378529.75,-7.877461706783373,8.315098468271342,-14.223194748358859,-43.98249452954048,-40.70021881838074,-7.877461706783373,8.315098468271342,-14.223194748358859,-43.98249452954048,-40.70021881838074,False,False,False,False,False,11.378555798687096,-16.411378555798684,-0.36705175926743494,0.8567626568882942,8.840083100442309,OK
00444329,위메이드,Q3,222765482.0,-4417590050.0,-54849822989.0,257941269258.0,,,112040,True,MATCHED_COMMON_CANDIDATE,KOSDAQ,Q3,20191113,20191113000411,분기보고서 (2019.09),476280000000.0,2019-11-12,2019-11-14,28050.0,3410237625.0,-5.704099821746878,2.317290552584672,12.655971479500883,16.934046345811062,2.8520499108734443,-5.704099821746878,2.317290552584672,12.655971479500883,16.934046345811062,2.8520499108734443,False,False,False,False,False,17.112299465240643,-9.625668449197866,,,11.516297763710423,OK
00475976,인콘,Q4,226510190.0,-147246083.0,-19706708334.0,56434979935.0,2160466302.0,488108914.0,083640,True,MATCHED_COMMON_CANDIDATE,KOSDAQ,FY,20200330,20200330003276,사업보고서 (2019.12),70141773832.0,2020-03-27,2020-03-31,945.0,1482088872.7,16.93121693121693,20.105820105820115,23.28042328042328,-8.253968253968258,-2.010582010582007,16.93121693121693,20.105820105820115,23.28042328042328,-8.253968253968258,-2.010582010582007,False,False,False,False,False,42.32804232804233,-3.703703703703709,3.080142095029759,0.6958890363524218,28.09553744848327,OK
00479705,케스피온,Q1,3061524278.0,-1017292983.0,-10275608332.0,29397749859.0,2462315648.0,7146419503.0,079190,True,MATCHED_COMMON_CANDIDATE,KOSDAQ,Q1,20190515,20190515002274,분기보고서 (2019.03),88360067660.0,2019-05-14,,,,,,,,,,,,,,,,,,,,,,,,NO_ENTRY
00479787,인텍플러스,Q1,571992433.0,-2207663238.0,-3851587556.0,16985351396.0,-6327046530.0,-4564990188.0,064290,True,MATCHED_COMMON_CANDIDATE,KOSDAQ,Q1,20190515,20190515000931,분기보고서 (2019.03),63610462080.0,2019-05-14,2019-05-16,5990.0,413906349.5,-4.006677796327207,4.841402337228717,3.6727879799666185,-23.539232053422367,-17.779632721202,-4.006677796327207,4.841402337228717,3.6727879799666185,-23.539232053422367,-17.779632721202,False,False,False,False,False,10.851419031719534,-9.015025041736225,-9.946550179187128,-7.176477011374038,6.054959247357821,OK
00480367,SK오션플랜트,Q3,2405981341.0,-10660580543.0,-38928663546.0,218122469184.0,6056809950.0,21434890455.0,100090,True,MATCHED_COMMON_CANDIDATE,KOSDAQ,Q3,20191108,20191108000057,분기보고서 (2019.09),127034405000.0,2019-11-07,2019-11-11,4700.0,344445630.5,2.2340425531914843,-0.7446808510638281,-2.2340425531914843,-14.787234042553187,-36.59574468085106,2.2340425531914843,-0.7446808510638281,-2.2340425531914843,-14.787234042553187,-36.59574468085106,False,False,False,False,False,5.000000000000004,-4.255319148936165,4.767850056053712,16.87329543126525,30.644189301315656,OK
00481454,금호타이어,Q2,23997668763.0,-12682759697.0,-137706652367.0,1383907390909.0,627021811.0,99185938656.0,073240,True,MATCHED_COMMON_CANDIDATE,KOSPI,H1,20190814,20190814002882,반기보고서 (2019.06),1199311698225.0,2019-08-13,2019-08-16,4255.0,1549006445.5,-0.9400705052878933,-4.112808460634543,4.700352526439477,-1.762632197414804,-7.050528789659227,-0.9400705052878933,-4.112808460634543,4.700352526439477,-1.762632197414804,-7.050528789659227,False,False,False,False,False,5.052878965922436,-5.875440658049358,0.05228180563301451,8.270238571240215,11.482140345233686,OK
00481454,금호타이어,Q3,15898803178.0,-38046484809.0,-84658254115.0,1372024483492.0,15167544369.0,,073240,True,MATCHED_COMMON_CANDIDATE,KOSPI,Q3,20191114,20191114002707,분기보고서 (2019.09),1200747999660.0,2019-11-13,2019-11-15,4370.0,1061763799.5,-5.263157894736848,-2.8604118993134975,-6.521739130434778,-9.038901601830663,-30.663615560640732,-5.263157894736848,-2.8604118993134975,-6.521739130434778,-9.038901601830663,-30.663615560640732,False,False,False,False,False,0.0,-8.466819221967958,1.2631746522413356,,7.050459725019036,OK
00481454,금호타이어,Q4,32303565408.0,-30357368440.0,-43403023052.0,1292634167173.0,130650655425.0,23943452274.0,073240,True,MATCHED_COMMON_CANDIDATE,KOSPI,FY,20200330,20200330004636,사업보고서 (2019.12),858908258130.0,2020-03-27,2020-03-31,3030.0,2788360986.75,3.7953795379537913,4.290429042904287,1.650165016501659,0.0,32.343234323432334,3.7953795379537913,4.290429042904287,1.650165016501659,0.0,32.343234323432334,False,False,False,False,False,9.24092409240924,-1.980198019801982,15.211246857662111,2.787661202155544,5.0532781168615495,OK
00482426,인화정공,Q1,30724210.0,-1656879850.0,-5287998329.0,137404331053.0,,,101930,True,MATCHED_COMMON_CANDIDATE,KOSDAQ,Q1,20190515,20190515001356,분기보고서 (2019.03),49924621750.0,2019-05-14,2019-05-16,5490.0,45090032.0,-3.2786885245901676,-8.014571948998183,-5.828779599271405,-19.034608378870676,1.6393442622950838,-3.2786885245901676,-8.014571948998183,-5.828779599271405,-19.034608378870676,1.6393442622950838,False,False,False,False,False,2.0036429872495543,-12.750455373406188,,,10.591964733313178,OK
00482426,인화정공,Q3,1392571762.0,-800310409.0,-6138535375.0,135294813918.0,,,101930,True,MATCHED_COMMON_CANDIDATE,KOSDAQ,Q3,20191114,20191114001083,분기보고서 (2019.09),53470669650.0,2019-11-13,2019-11-15,5700.0,43871177.0,-3.508771929824561,-4.035087719298247,-2.9824561403508754,-10.701754385964913,-36.929824561403514,-3.508771929824561,-4.035087719298247,-2.9824561403508754,-10.701754385964913,-36.929824561403514,False,False,False,False,False,2.807017543859658,-7.8947368421052655,,,11.480191692343992,OK
00482426,인화정공,Q4,473586875.0,-72197597.0,-8467080367.0,132781551353.0,,,101930,True,MATCHED_COMMON_CANDIDATE,KOSDAQ,FY,20200327,20200327001360,사업보고서 (2019.12),27388554175.0,2020-03-26,2020-03-30,2785.0,94528375.0,13.28545780969479,24.955116696588874,22.441651705565533,57.27109515260322,50.08976660682227,13.28545780969479,24.955116696588874,22.441651705565533,57.27109515260322,50.08976660682227,False,False,False,False,False,26.032315978456012,0.0,,,30.914667174102483,OK
00483735,해성옵틱스,Q1,3556018821.0,-467542299.0,-4665598392.0,52380128068.0,,,076610,True,MATCHED_COMMON_CANDIDATE,KOSDAQ,Q1,20190515,20190515002074,분기보고서 (2019.03),68034000000.0,2019-05-14,2019-05-16,2440.0,1873696709.5,12.5,18.032786885245898,30.737704918032783,-8.811475409836067,-19.262295081967217,12.5,18.032786885245898,30.737704918032783,-8.811475409836067,-19.262295081967217,False,False,False,False,False,37.704918032786885,-11.270491803278693,,,6.85774523326572,OK
00486370,성창오토텍,Q1,63582875.0,-124948306.0,-2529463746.0,43024780705.0,,,080470,True,MATCHED_COMMON_CANDIDATE,KOSDAQ,Q1,20190515,20190515000234,분기보고서 (2019.03),67087000000.0,2019-05-14,2019-05-16,9580.0,848904079.5,-1.8789144050104345,-7.828810020876831,-1.4613778705636737,-34.34237995824635,-15.03131524008351,-1.8789144050104345,-7.828810020876831,-1.4613778705636737,-34.34237995824635,-15.03131524008351,False,False,False,False,False,17.432150313152395,-14.613778705636749,,,3.7704231013460134,OK
00526696,웨이브일렉트로,Q4,782028111.0,-5525772424.0,-20902748113.0,1260511997.0,-608039286.0,,095270,True,MATCHED_COMMON_CANDIDATE,KOSDAQ,FY,20200330,20200330002190,사업보고서 (2019.12),136494413600.0,2020-03-27,2020-03-31,12800.0,3363681010.0,-1.171875,-2.34375,-17.1875,-38.20312500000001,-30.078125,-1.171875,-2.34375,-17.1875,-38.20312500000001,-30.078125,False,False,False,False,False,9.375,-20.3125,-0.44546825761080083,,15.313995321637105,OK
00530556,예스티,Q2,107617565.0,-1743028030.0,-8520679582.0,69978116351.0,-11069153442.0,4114320922.0,122640,True,MATCHED_COMMON_CANDIDATE,KOSDAQ,H1,20190814,20190814001058,반기보고서 (2019.06),134011848960.0,2019-08-13,2019-08-16,9890.0,2208265736.5,7.178968655207285,-0.10111223458038054,12.740141557128414,4.145601617795758,3.134479271991908,7.178968655207285,-0.10111223458038054,12.740141557128414,4.145601617795758,3.134479271991908,False,False,False,False,False,25.88473205257835,-5.257836198179977,-8.25983189389763,3.0701172724122676,6.358153885738314,OK
00532059,그린생명과학,Q2,262767239.0,-327649606.0,-814526976.0,59900745589.0,,,114450,True,MATCHED_COMMON_CANDIDATE,KOSDAQ,H1,20190814,20190814001155,반기보고서 (2019.06),58275000000.0,2019-08-13,2019-08-16,3965.0,4227133011.75,5.80075662042876,4.161412358133676,8.070617906683486,90.41614123581337,79.82345523329131,5.80075662042876,4.161412358133676,8.070617906683486,90.41614123581337,79.82345523329131,False,False,False,False,False,16.897856242118547,-2.90037831021438,,,1.3977296885456885,OK
00535375,키네마스터,Q3,641374590.0,-304772443.0,-547458870.0,12548596194.0,305423786.0,1403559768.0,139670,True,MATCHED_COMMON_CANDIDATE,KOSDAQ,Q3,20191114,20191114001278,분기보고서 (2019.09),85957159750.0,2019-11-13,2019-11-15,12000.0,474199495.0,-4.583333333333329,-10.833333333333329,-9.583333333333332,-28.000000000000004,,-4.583333333333329,-10.833333333333329,-9.583333333333332,-28.000000000000004,-21.583333333333332,False,False,False,False,True,1.6666666666666607,-16.249999999999996,0.3553209376488269,1.6328596385480267,0.6368973469949955,OK
00536888,케이알엠,Q1,546100570.0,-1022957582.0,-1644783332.0,9376190236.0,-839898579.0,-359748009.0,093640,True,MATCHED_COMMON_CANDIDATE,KOSDAQ,Q1,20190514,20190514000897,분기보고서 (2019.03),32814791100.0,2019-05-13,2019-05-15,3705.0,1943299128.75,2.429149797570851,0.809716599190291,3.9136302294197067,-26.99055330634278,-1.0796221322537103,2.429149797570851,0.809716599190291,3.9136302294197067,-26.99055330634278,-1.0796221322537103,False,False,False,False,False,10.526315789473696,-4.723346828609987,-2.559512192049274,-1.0962983366363712,5.012323031366182,OK
00536888,케이알엠,Q3,143029714.0,-206037827.0,-538344067.0,20623967283.0,1726112005.0,2351120891.0,093640,True,MATCHED_COMMON_CANDIDATE,KOSDAQ,Q3,20191114,20191114001116,분기보고서 (2019.09),44381982960.0,2019-11-13,2019-11-15,3945.0,332607562.75,-3.168567807351075,-6.970849176172367,-17.11026615969582,0.7604562737642651,-24.96831432192649,-3.168567807351075,-6.970849176172367,-17.11026615969582,0.7604562737642651,-24.96831432192649,False,False,False,False,False,3.675538656527255,-19.89860583016476,3.889217853460237,5.297466976901386,1.2129788510918755,OK
00541349,셀트리온제약,Q2,3641893247.0,-1485892733.0,-2584467161.0,272770257243.0,-8730121889.0,,068760,True,MATCHED_COMMON_CANDIDATE,KOSDAQ,H1,20190814,20190814001877,반기보고서 (2019.06),1052944104900.0,2019-08-13,2019-08-16,30900.0,6299426707.5,2.7508090614886793,6.6343042071197456,13.754045307443374,22.815533980582515,41.58576051779934,2.7508090614886793,6.6343042071197456,13.754045307443374,22.815533980582515,41.58576051779934,False,False,False,False,False,14.077669902912614,-6.148867313915862,-0.8291154153742202,,0.24545150582760056,OK
00541437,코렌텍,Q1,194367452.0,-966886962.0,-28646846960.0,30326988043.0,945610061.0,5020087663.0,104540,True,MATCHED_COMMON_CANDIDATE,KOSDAQ,Q1,20190515,20190515001926,분기보고서 (2019.03),55946171390.0,2019-05-14,2020-04-06,6700.0,0.0,-4.626865671641789,-5.970149253731338,37.910447761194035,7.313432835820888,34.17910447761194,-4.626865671641789,-5.970149253731338,37.910447761194035,7.313432835820888,34.17910447761194,False,False,False,False,False,43.13432835820896,-13.134328358208958,1.6902140709650446,8.973067393664952,51.2043027221706,OK
00541437,코렌텍,Q2,1036987267.0,-1384752581.0,-26702784341.0,28744111781.0,263512289.0,457056540.0,104540,True,MATCHED_COMMON_CANDIDATE,KOSDAQ,H1,20190814,20190814002805,반기보고서 (2019.06),55946171390.0,2019-08-13,2020-04-06,6700.0,0.0,-4.626865671641789,-5.970149253731338,37.910447761194035,7.313432835820888,34.17910447761194,-4.626865671641789,-5.970149253731338,37.910447761194035,7.313432835820888,34.17910447761194,False,False,False,False,False,43.13432835820896,-13.134328358208958,0.47101040599017835,0.8169576731423945,47.72942218843762,OK
00543204,아이오케이이엔엠,Q4,421914298.0,-2623618919.0,-8380600819.0,110774875248.0,,,078860,True,MATCHED_COMMON_CANDIDATE,KOSDAQ,FY,20200330,20200330000272,사업보고서 (2019.12),49837032244.0,2020-03-27,2020-03-31,1020.0,423271904.4,22.058823529411775,37.254901960784316,47.058823529411775,49.50980392156863,74.50980392156863,22.058823529411775,37.254901960784316,47.058823529411775,49.50980392156863,74.50980392156863,False,False,False,False,False,58.823529411764696,-0.9803921568627416,,,16.81601098951666,OK
00545114,랩지노믹스,Q2,160141887.0,-1087817643.0,-2274179738.0,30802333963.0,,,084650,True,MATCHED_COMMON_CANDIDATE,KOSDAQ,H1,20190814,20190814000398,반기보고서 (2019.06),42603420600.0,2019-08-13,2019-08-16,4780.0,230277340.25,2.4058577405857706,-8.263598326359833,-6.589958158995812,11.924686192468625,45.18828451882846,2.4058577405857706,-8.263598326359833,-6.589958158995812,11.924686192468625,45.18828451882846,False,False,False,False,False,5.857740585774063,-9.937238493723854,,,5.338021468632967,OK
00545114,랩지노믹스,Q3,225565111.0,-256725871.0,-1794275226.0,30400286471.0,,,084650,True,MATCHED_COMMON_CANDIDATE,KOSDAQ,Q3,20191113,20191113000129,분기보고서 (2019.09),56528917260.0,2019-11-12,2019-11-14,5350.0,6058976435.75,-0.9345794392523366,1.869158878504673,-6.355140186915886,29.719626168224302,364.4859813084112,-0.9345794392523366,1.869158878504673,-6.355140186915886,29.719626168224302,364.4859813084112,False,False,False,False,False,8.037383177570101,-12.803738317757007,,,3.17408383703403,OK
00545734,아미코젠,Q4,1363246775.0,-1286244425.0,-237003485.0,158407861068.0,,,092040,True,MATCHED_COMMON_CANDIDATE,KOSDAQ,FY,20200330,20200330001209,사업보고서 (2019.12),295787954000.0,2020-03-27,2020-03-31,17400.0,4825138645.0,16.09195402298851,28.160919540229877,60.63218390804597,87.64367816091954,172.1264367816092,16.09195402298851,28.160919540229877,60.63218390804597,87.64367816091954,172.1264367816092,False,False,False,False,False,81.89655172413792,-5.1724137931034475,,,0.08012614502888106,OK
00560122,한울소재과학,Q2,804630532.0,-5915844841.0,-4662496751.0,21047476936.0,-1875233809.0,295775497.0,091440,True,MATCHED_COMMON_CANDIDATE,KOSDAQ,H1,20190814,20190814001144,반기보고서 (2019.06),24198145020.0,2019-08-13,2019-08-16,2725.0,166782795.5,8.25688073394495,5.871559633027523,26.97247706422019,20.55045871559633,60.73394495412845,8.25688073394495,5.871559633027523,26.97247706422019,20.55045871559633,60.73394495412845,False,False,False,False,False,35.779816513761475,0.0,-7.7494940519205135,1.2223064898385338,19.26799243142977,OK
00560122,한울소재과학,Q3,1734822434.0,-1721801106.0,-618846192.0,22411626321.0,1123722036.0,,091440,True,MATCHED_COMMON_CANDIDATE,KOSDAQ,Q3,20191114,20191114000647,분기보고서 (2019.09),29883799395.0,2019-11-13,2019-11-15,3440.0,462070290.25,-4.651162790697672,-5.959302325581395,-0.5813953488372103,24.273255813953497,30.813953488372103,-4.651162790697672,-5.959302325581395,-0.5813953488372103,24.273255813953497,30.813953488372103,False,False,False,False,False,0.5813953488372103,-8.139534883720934,3.760305110962615,,2.0708417421097467,OK
00563837,제로투세븐,Q1,2115352600.0,-1647337556.0,-2928971326.0,65427935238.0,-5621854905.0,-835007602.0,159580,True,MATCHED_COMMON_CANDIDATE,KOSDAQ,Q1,20190515,20190515001719,분기보고서 (2019.03),157256192600.0,2019-05-14,2019-05-16,8750.0,829585405.0,29.14285714285714,28.57142857142858,42.85714285714286,17.714285714285705,39.99999999999999,29.14285714285714,28.57142857142858,42.85714285714286,17.714285714285705,39.99999999999999,False,False,False,False,False,45.71428571428571,-4.0000000000000036,-3.5749656735616533,-0.5309855136350288,1.862547526792913,OK
00568188,마이크로컨텍솔,Q2,58686886.0,-940357868.0,-4617098271.0,31313049420.0,-1930515526.0,-938323592.0,098120,True,MATCHED_COMMON_CANDIDATE,KOSDAQ,H1,20190814,20190814001550,반기보고서 (2019.06),21613191600.0,2019-08-13,2019-08-16,2725.0,816774926.0,4.587155963302747,1.6513761467889854,11.192660550458712,15.229357798165143,76.1467889908257,4.587155963302747,1.6513761467889854,11.192660550458712,15.229357798165143,76.1467889908257,False,False,False,False,False,12.66055045871559,-8.073394495412845,-8.932116837385554,-4.341439290252717,21.362408460766154,OK
00568188,마이크로컨텍솔,Q3,985086509.0,-834900037.0,-3089301224.0,32188808353.0,969536284.0,494980476.0,098120,True,MATCHED_COMMON_CANDIDATE,KOSDAQ,Q3,20191114,20191114001216,분기보고서 (2019.09),26102085240.0,2019-11-13,2019-11-15,3290.0,737465707.5,-6.838905775075988,-0.3039513677811523,5.4711246200607855,44.37689969604863,12.158054711246201,-6.838905775075988,-0.3039513677811523,5.4711246200607855,44.37689969604863,12.158054711246201,False,False,False,False,False,6.990881458966558,-8.662613981762924,3.7144016467858263,1.8963254140380703,11.835457572047988,OK
00569646,영우디에스피,Q2,244863417.0,-6682048773.0,-9690138356.0,18491905033.0,1067210005.0,-929286881.0,143540,True,MATCHED_COMMON_CANDIDATE,KOSDAQ,H1,20190814,20190814000593,반기보고서 (2019.06),43025747475.0,2019-08-13,2019-08-16,1405.0,1806781638.0,2.8469750889679624,-4.270462633451954,10.320284697508896,16.725978647686834,61.565836298932375,2.8469750889679624,-4.270462633451954,10.320284697508896,16.725978647686834,61.565836298932375,False,False,False,False,False,20.9964412811388,-8.896797153024917,2.48039852327981,-2.159839016254069,22.52171995763799,OK
00569646,영우디에스피,Q3,1424070683.0,-1098420378.0,-5267554253.0,21105555520.0,-14284892125.0,-21099966837.0,143540,True,MATCHED_COMMON_CANDIDATE,KOSDAQ,Q3,20191113,20191113000088,분기보고서 (2019.09),49819286550.0,2019-11-12,2019-11-14,1660.0,564930902.0,8.43373493975903,7.2289156626506035,9.036144578313255,36.74698795180722,4.518072289156616,8.43373493975903,7.2289156626506035,9.036144578313255,36.74698795180722,4.518072289156616,False,False,False,False,False,16.56626506024097,-2.409638554216864,-28.673417694698,-42.35300884091043,10.573323340777549,OK
00569646,영우디에스피,Q4,13118773638.0,-4231084824.0,-1626735255.0,18899063013.0,23047485733.0,2797427086.0,143540,True,MATCHED_COMMON_CANDIDATE,KOSDAQ,FY,20200330,20200330001762,사업보고서 (2019.12),36685111005.0,2020-03-27,2020-03-31,1250.0,819839566.4,6.400000000000006,6.800000000000006,28.800000000000004,34.400000000000006,30.800000000000004,6.400000000000006,6.800000000000006,28.800000000000004,34.400000000000006,30.800000000000004,False,False,False,False,False,35.60000000000001,-2.400000000000002,62.82517648606471,7.625510757262598,4.4343201108980805,OK
00573579,평화산업,Q4,5855828369.0,-2871643982.0,-7210043920.0,33473565766.0,720897384.0,15089673727.0,090080,True,MATCHED_COMMON_CANDIDATE,KOSPI,FY,20200330,20200330004391,사업보고서 (2019.12),47929672107.0,2020-03-27,2020-03-31,898.0,440233039.05,9.465478841870834,16.92650334075725,43.0957683741648,39.19821826280623,30.846325167037868,9.465478841870834,16.92650334075725,43.0957683741648,39.19821826280623,30.846325167037868,False,False,False,False,False,58.68596881959911,-0.7795100222717122,1.5040732646587724,31.48294796032246,15.042965251053724,OK
00576789,디젠스,Q3,1182986026.0,-910027651.0,-12160096223.0,19390382666.0,,,113810,True,MATCHED_COMMON_CANDIDATE,KOSDAQ,Q3,20191114,20191114001154,분기보고서 (2019.09),20000995263.0,2019-11-13,2019-11-15,615.0,298636415.65,-5.203252032520322,-3.7398373983739797,-1.788617886178867,0.1626016260162677,-20.8130081300813,-5.203252032520322,-3.7398373983739797,-1.788617886178867,0.1626016260162677,-20.8130081300813,False,False,False,False,False,10.08130081300813,-10.569105691056912,,,60.797455642095265,OK
00576789,디젠스,Q4,637005924.0,-2021213317.0,-2953429662.0,19483513249.0,,,113810,True,MATCHED_COMMON_CANDIDATE,KOSDAQ,FY,20200327,20200327001633,사업보고서 (2019.12),14682622950.0,2020-03-26,2020-03-30,448.0,124321866.1,9.15178571428572,18.30357142857142,8.482142857142861,-5.803571428571431,14.955357142857139,9.15178571428572,18.30357142857142,8.482142857142861,-5.803571428571431,14.955357142857139,False,False,False,False,False,20.535714285714278,-1.5625,,,20.115136594173727,OK
00585538,에스에너지,Q4,1235422013.0,-3768280729.0,-7226106761.0,118814805509.0,,,095910,True,MATCHED_COMMON_CANDIDATE,KOSDAQ,FY,20200330,20200330002375,[첨부추가]사업보고서 (2019.12),30337008670.0,2020-03-27,2020-03-31,2330.0,188899210.75,7.296137339055786,16.309012875536478,42.27467811158798,161.80257510729615,261.80257510729615,7.296137339055786,16.309012875536478,42.27467811158798,161.80257510729615,261.80257510729615,False,False,False,False,False,67.16738197424891,-3.0042918454935674,,,23.819443899707334,OK
00605124,알파칩스,Q4,813361842.0,-1867586557.0,-11705370590.0,61491102230.0,-16612306789.0,-10535540986.0,117670,True,MATCHED_COMMON_CANDIDATE,KOSDAQ,FY,20200323,20200323000761,사업보고서 (2019.12),68847501700.0,2020-03-20,2020-03-24,3850.0,1089501559.25,14.805194805194798,34.28571428571428,55.064935064935064,22.72727272727273,35.58441558441559,14.805194805194798,34.28571428571428,55.064935064935064,22.72727272727273,35.58441558441559,False,False,False,False,False,80.25974025974025,-2.207792207792203,-24.129135231932462,-15.302720833514282,17.00188140595957,OK
00608802,텔콘RF제약,Q1,1534332282.0,-3141025727.0,-13095595392.0,159110325416.0,717599106.0,6682457399.0,200230,True,MATCHED_COMMON_CANDIDATE,KOSDAQ,Q1,20190515,20190515001833,분기보고서 (2019.03),551850827520.0,2019-05-14,2019-05-16,6870.0,4375861874.5,1.1644832605531397,5.676855895196509,-5.9679767103347885,-36.8995633187773,32.45997088791847,1.1644832605531397,5.676855895196509,-5.9679767103347885,-36.8995633187773,32.45997088791847,False,False,False,False,False,19.94177583697234,-11.062590975254727,0.1300349786961211,1.210917346818297,2.3730317576674094,OK
00608839,에이루트,Q3,188605495.0,-787389903.0,-6139237589.0,90699715278.0,,,096690,True,MATCHED_COMMON_CANDIDATE,KOSDAQ,Q3,20191111,20191111000137,분기보고서 (2019.09),75001672640.0,2019-11-08,2019-11-12,1960.0,307760703.75,2.0408163265306145,-3.826530612244894,-13.520408163265307,-27.806122448979586,-42.85714285714286,2.0408163265306145,-3.826530612244894,-13.520408163265307,-27.806122448979586,-42.85714285714286,False,False,False,False,False,9.693877551020403,-14.28571428571429,,,8.185467567460373,OK
00624518,다산솔루에타,Q1,3788188616.0,-772617998.0,-15419527292.0,72323177869.0,1563565966.0,79874085.0,154040,True,MATCHED_COMMON_CANDIDATE,KOSDAQ,Q1,20190515,20190515000509,분기보고서 (2019.03),55719161460.0,2019-05-14,2019-05-16,4700.0,14785233131.75,-6.489361702127661,-15.531914893617015,-7.87234042553191,-33.19148936170213,-31.914893617021278,-6.489361702127661,-15.531914893617015,-7.87234042553191,-33.19148936170213,-31.914893617021278,False,False,False,False,False,2.659574468085113,-17.12765957446809,2.8061548756839456,0.14335119715924025,27.673652811644452,OK
00654175,피엠티,Q1,167714192.0,-1467931962.0,-510634553.0,45903495124.0,-1861817667.0,,147760,True,MATCHED_COMMON_CANDIDATE,KOSDAQ,Q1,20190514,20190514000851,분기보고서 (2019.03),45984430500.0,2019-05-13,2019-05-15,4335.0,1379574673.5,8.650519031141869,-0.9227220299884653,5.767012687427919,3.806228373702414,28.489042675893895,8.650519031141869,-0.9227220299884653,5.767012687427919,3.806228373702414,28.489042675893895,False,False,False,False,False,14.18685121107266,-6.805074971164937,-4.048800097676539,,1.1104509666592477,OK
00660033,씨엔플러스,Q2,466981185.0,-417837907.0,-8902802772.0,10917194399.0,,,115530,True,MATCHED_COMMON_CANDIDATE,KOSDAQ,H1,20190814,20190814002864,반기보고서 (2019.06),35809930359.0,2019-08-13,,,,,,,,,,,,,,,,,,,,,,,,NO_ENTRY
00660033,씨엔플러스,Q3,24269054.0,-1867586646.0,-6343343463.0,11407477477.0,,,115530,True,MATCHED_COMMON_CANDIDATE,KOSDAQ,Q3,20191114,20191114001500,분기보고서 (2019.09),50419474275.0,2019-11-13,,,,,,,,,,,,,,,,,,,,,,,,NO_ENTRY
00660121,디에이테크놀로지,Q4,3602544453.0,-3578693553.0,-21742032221.0,65671883216.0,20481222320.0,15237705380.0,196490,True,MATCHED_COMMON_CANDIDATE,KOSDAQ,FY,20200330,20200330003423,사업보고서 (2019.12),49945780696.0,2020-03-27,2020-03-31,851.0,1512057524.75,9.165687426556989,16.921269095182147,14.571092831962407,51.586368977673324,89.77673325499413,9.165687426556989,16.921269095182147,14.571092831962407,51.586368977673324,89.77673325499413,False,False,False,False,False,33.37250293772034,-9.753231492361925,41.00691196451811,30.508493745939862,43.531269144304815,OK
00663669,폴라리스우노,Q4,969953599.0,-44795858.0,-473522336.0,67014957746.0,,,114630,True,MATCHED_COMMON_CANDIDATE,KOSDAQ,FY,20200330,20200330003661,사업보고서 (2019.12),40586155350.0,2020-03-27,2020-03-31,3560.0,2733712638.5,-3.3707865168539297,2.528089887640439,-15.44943820224719,-12.64044943820225,13.061797752808978,-3.3707865168539297,2.528089887640439,-15.44943820224719,-12.64044943820225,13.061797752808978,False,False,False,False,False,16.29213483146068,-17.13483146067416,,,1.1667090216270017,OK
00666064,셀바스AI,Q4,585398580.0,-8517085950.0,-8592018360.0,43804207066.0,,,108860,True,MATCHED_COMMON_CANDIDATE,KOSDAQ,FY,20200330,20200330002302,사업보고서 (2019.12),83371472100.0,2020-03-27,2020-05-18,4300.0,0.0,-21.976744186046517,-20.69767441860465,-19.76744186046512,-32.325581395348834,-35.116279069767444,-21.976744186046517,-20.69767441860465,-19.76744186046512,-32.325581395348834,-35.116279069767444,False,False,False,False,False,6.976744186046502,-26.046511627906977,,,10.305705469245277,OK
00666204,제너셈,Q1,574682850.0,-2323381936.0,-4901522781.0,18828195778.0,,,217190,True,MATCHED_COMMON_CANDIDATE,KOSDAQ,Q1,20190508,20190508000102,분기보고서 (2019.03),25211375250.0,2019-05-07,2019-05-09,2850.0,546066998.0,-1.9298245614035037,-9.824561403508769,-4.210526315789476,-29.824561403508774,-0.17543859649122862,-1.9298245614035037,-9.824561403508769,-4.210526315789476,-29.824561403508774,-0.17543859649122862,False,False,False,False,False,4.210526315789465,-17.719298245614034,,,19.441711260872214,OK
00666204,제너셈,Q2,426998759.0,-1039790987.0,-3174526610.0,19437320718.0,,,217190,True,MATCHED_COMMON_CANDIDATE,KOSDAQ,H1,20190812,20190812000116,반기보고서 (2019.06),18590648880.0,2019-08-09,2019-08-13,2135.0,89805573.75,-1.4051522248243575,5.62060889929743,12.41217798594847,46.13583138173303,80.79625292740047,-1.4051522248243575,5.62060889929743,12.41217798594847,46.13583138173303,80.79625292740047,False,False,False,False,False,13.817330210772827,-5.6206088992974195,,,17.07593226299479,OK
00666204,제너셈,Q3,782524481.0,-83705223.0,-2002807928.0,20329911484.0,,,217190,True,MATCHED_COMMON_CANDIDATE,KOSDAQ,Q3,20191113,20191113000094,분기보고서 (2019.09),27359822880.0,2019-11-12,2019-11-14,3045.0,315791428.0,2.9556650246305383,8.70279146141215,1.4778325123152802,24.79474548440066,-4.761904761904767,2.9556650246305383,8.70279146141215,1.4778325123152802,24.79474548440066,-4.761904761904767,False,False,False,False,False,16.58456486042692,-5.25451559934319,,,7.3202518042032,OK
00674498,골프존홀딩스,Q3,688451980.0,-3110489914.0,-56697883431.0,469309990753.0,-1199256585.0,1632817779.0,121440,True,MATCHED_COMMON_CANDIDATE,KOSDAQ,Q3,20191114,20191114002493,분기보고서 (2019.09),163422460670.0,2019-11-13,2019-11-15,3820.0,117616366.25,-5.104712041884818,-4.057591623036649,-4.712041884816753,-5.628272251308896,-0.7853403141361293,-5.104712041884818,-4.057591623036649,-4.712041884816753,-5.628272251308896,-0.7853403141361293,False,False,False,False,False,0.0,-7.7225130890052345,-0.7338382864162512,0.9991391466667237,34.69405808635472,OK
00683007,퀀텀레일,Q2,596652000.0,-342313000.0,-2646120000.0,24154679000.0,,,070300,True,MATCHED_COMMON_CANDIDATE,KOSDAQ,H1,20190812,20190812000289,반기보고서 (2019.06),38966531460.0,2019-08-09,2019-08-13,5400.0,213065112.25,13.33333333333333,30.185185185185183,15.555555555555545,24.444444444444446,31.481481481481488,13.33333333333333,30.185185185185183,15.555555555555545,24.444444444444446,31.481481481481488,False,False,False,False,False,37.962962962962955,-4.629629629629628,,,6.790750679762966,OK
00695969,동운아나텍,Q2,1332507550.0,-452974150.0,-4543928231.0,18636615373.0,-4067648617.0,379804665.0,094170,True,MATCHED_COMMON_CANDIDATE,KOSDAQ,H1,20190814,20190814001918,반기보고서 (2019.06),76399504500.0,2019-08-13,2019-08-16,5670.0,819395493.5,8.112874779541457,-3.880070546737213,10.229276895943574,-3.527336860670194,47.4426807760141,8.112874779541457,-3.880070546737213,10.229276895943574,-3.527336860670194,47.4426807760141,False,False,False,False,False,14.63844797178131,-5.291005291005291,-5.324181934975769,0.4971297490548515,5.947588614269089,OK
00695969,동운아나텍,Q3,2248082976.0,-991008264.0,-788473872.0,20999333591.0,-7858429784.0,-3946364501.0,094170,True,MATCHED_COMMON_CANDIDATE,KOSDAQ,Q3,20191111,20191111000315,분기보고서 (2019.09),78382479360.0,2019-11-08,2019-11-12,5390.0,679174225.0,20.037105751391458,24.30426716141001,41.00185528756957,55.28756957328387,19.66604823747682,20.037105751391458,24.30426716141001,41.00185528756957,55.28756957328387,19.66604823747682,False,False,False,False,False,45.64007421150278,-2.226345083487946,-10.025747907140456,-5.0347533443984185,1.005931272445016,OK
00728638,한세실업,Q1,5114407311.0,-14006310714.0,-38891626913.0,475269619159.0,53364537244.0,24994544529.0,105630,True,MATCHED_COMMON_CANDIDATE,KOSPI,Q1,20190515,20190515002376,분기보고서 (2019.03),1166000000000.0,2019-05-14,2019-05-16,26100.0,5100918042.5,-10.15325670498084,-8.23754789272031,-10.344827586206895,-29.31034482758621,-27.969348659003835,-10.15325670498084,-8.23754789272031,-10.344827586206895,-29.31034482758621,-27.969348659003835,False,False,False,False,False,2.6819923371647514,-20.306513409961692,4.576718460034305,2.1436144536020585,3.3354740062607204,OK
00755739,파인테크닉스,Q3,1727512386.0,-536879217.0,-4164284167.0,86326397129.0,-8914020489.0,-4387066253.0,106240,True,MATCHED_COMMON_CANDIDATE,KOSDAQ,Q3,20191113,20191113000363,분기보고서 (2019.09),130102716040.0,2019-11-12,2019-11-14,3095.0,4355384838.25,-5.977382875605819,-8.239095315024237,8.562197092084013,24.23263327948304,32.47172859450727,-5.977382875605819,-8.239095315024237,8.562197092084013,24.23263327948304,32.47172859450727,False,False,False,False,False,14.701130856219713,-13.247172859450728,-6.851525287342494,-3.37200205078824,3.200766512606619,OK
00767628,나이벡,Q4,636151020.0,-1418476034.0,-2726635631.0,27404041440.0,-2382942532.0,-268362187.0,138610,True,MATCHED_COMMON_CANDIDATE,KOSDAQ,FY,20200330,20200330002445,사업보고서 (2019.12),91899645120.0,2020-03-27,2020-03-31,9740.0,3616920664.0,-1.5400410677618104,1.7453798767967044,-1.642710472279263,18.069815195071868,230.08213552361397,-1.5400410677618104,1.7453798767967044,-1.642710472279263,18.069815195071868,230.08213552361397,False,False,False,False,False,11.396303901437378,-11.190965092402461,-2.5929833884433613,-0.29201656507985435,2.9669707945440216,OK
00781202,파이온엑스,Q4,781844.0,-1202643.0,-41875547.0,17959511.0,,,900100,True,MATCHED_COMMON_CANDIDATE,KOSDAQ,FY,,,,,,,,,,,,,,,,,,,,,,,,,,,,,NO_SIGNAL_OR_MARKET
00787057,휴맥스,Q2,6959179940.0,-12868533375.0,-38073360454.0,413312734151.0,-3801910410.0,-44142681582.0,115160,True,MATCHED_COMMON_CANDIDATE,KOSDAQ,H1,20190814,20190814000963,반기보고서 (2019.06),120276343940.0,2019-08-13,2019-08-16,5300.0,487214107.0,1.8867924528301883,0.37735849056603765,4.339622641509444,-3.5849056603773577,-2.6415094339622636,1.8867924528301883,0.37735849056603765,4.339622641509444,-3.5849056603773577,-2.6415094339622636,False,False,False,False,False,13.962264150943394,-6.320754716981137,-3.1609793625724003,-36.70105037780383,31.65490337234805,OK
00787057,휴맥스,Q3,1888542984.0,-8439206442.0,-16948379560.0,415207539856.0,45799063426.0,71518177850.0,115160,True,MATCHED_COMMON_CANDIDATE,KOSDAQ,Q3,20191114,20191114001111,분기보고서 (2019.09),122189287780.0,2019-11-13,2019-11-15,5040.0,275150322.75,-8.531746031746035,-6.547619047619047,-6.547619047619047,2.57936507936507,-32.14285714285714,-8.531746031746035,-6.547619047619047,-6.547619047619047,2.57936507936507,-32.14285714285714,False,False,False,False,False,2.57936507936507,-12.400793650793652,37.48206103669295,58.53064466564975,13.870593623980612,OK
00791209,메타케어,Q4,1736390010.0,-2637496609.0,-4806226997.0,35935017373.0,,,118000,True,MATCHED_COMMON_CANDIDATE,KOSPI,FY,20200330,20200330004337,사업보고서 (2019.12),72883705090.0,2020-03-27,2020-03-31,2185.0,5421832134.75,26.315789473684205,12.35697940503433,24.485125858123567,50.57208237986271,,26.315789473684205,12.35697940503433,24.485125858123567,50.57208237986271,136.15560640732264,False,False,False,False,True,42.791762013729986,-5.263157894736848,,,6.594377976620508,OK
00800145,서진오토모티브,Q2,5476343444.0,-1547290622.0,-17983962051.0,175394688884.0,,,122690,True,MATCHED_COMMON_CANDIDATE,KOSDAQ,H1,20190814,20190814001820,반기보고서 (2019.06),45335690720.0,2019-08-13,2019-08-16,2400.0,623145870.25,-3.541666666666665,-4.1666666666666625,-4.791666666666671,-6.458333333333332,-16.45833333333333,-3.541666666666665,-4.1666666666666625,-4.791666666666671,-6.458333333333332,-16.45833333333333,False,False,False,False,False,3.125,-12.5,,,39.66844171862658,OK
00807397,코이즈,Q2,187484622.0,-1633299053.0,-5486978477.0,14744475265.0,,,121850,True,MATCHED_COMMON_CANDIDATE,KOSDAQ,H1,20190814,20190814000789,반기보고서 (2019.06),14219334000.0,2019-08-13,2019-08-16,1390.0,540319206.5,-8.992805755395683,,,,,-8.992805755395683,-17.266187050359715,-8.273381294964032,5.035971223021574,-3.597122302158273,False,True,True,True,True,,,,,38.58815382633251,OK
00808068,앤로보틱스,Q2,18046805.0,-380706543.0,-31117748292.0,70720783396.0,,,138360,True,MATCHED_COMMON_CANDIDATE,KOSDAQ,H1,20190814,20190814001765,반기보고서 (2019.06),122161688320.0,2019-08-13,,,,,,,,,,,,,,,,,,,,,,,,NO_ENTRY
00808068,앤로보틱스,Q3,292598831.0,-845284696.0,-28523014608.0,71071714222.0,1156705527.0,,138360,True,MATCHED_COMMON_CANDIDATE,KOSDAQ,Q3,20191114,20191114001634,분기보고서 (2019.09),122161688320.0,2019-11-13,,,,,,,,,,,,,,,,,,,,,,,,NO_ENTRY
00808068,앤로보틱스,Q4,537765178.0,-4541263329.0,-88214558.0,43308360565.0,,,138360,True,MATCHED_COMMON_CANDIDATE,KOSDAQ,FY,20200320,20200320001213,사업보고서제출기한연장신고서 (2019.12),122161688320.0,2020-03-19,,,,,,,,,,,,,,,,,,,,,,,,NO_ENTRY
00816544,토니모리,Q2,1291338023.0,-462750329.0,-11808788918.0,102468041447.0,-3834668797.0,9256381341.0,214420,True,MATCHED_COMMON_CANDIDATE,KOSPI,H1,20190814,20190814000229,반기보고서 (2019.06),168462000000.0,2019-08-13,2019-08-16,9420.0,2912495105.5,-1.3800424628450103,-5.62632696390658,4.458598726114649,6.687898089171984,25.265392781316343,-1.3800424628450103,-5.62632696390658,4.458598726114649,6.687898089171984,25.265392781316343,False,False,False,False,False,4.883227176220806,-8.067940552016983,-2.2762811773575047,5.494640536738255,7.00976417114839,OK
00816544,토니모리,Q4,1971979877.0,-3367163108.0,-5699436292.0,98577758369.0,,,214420,True,MATCHED_COMMON_CANDIDATE,KOSPI,FY,20200330,20200330002507,사업보고서 (2019.12),140238000000.0,2020-03-27,2020-03-31,8190.0,1125211563.0,5.860805860805862,35.53113553113554,44.07814407814408,13.55311355311355,20.75702075702075,5.860805860805862,35.53113553113554,44.07814407814408,13.55311355311355,20.75702075702075,False,False,False,False,False,52.625152625152616,-3.7851037851037828,,,4.064116924086196,OK
00820352,파인텍,Q2,1147890681.0,-1820529570.0,-10445666314.0,60718553933.0,-8866788221.0,,131760,True,MATCHED_COMMON_CANDIDATE,KOSDAQ,H1,20190812,20190812000010,반기보고서 (2019.06),44209001830.0,2019-08-09,2019-08-13,1050.0,432721830.7,1.904761904761898,-0.952380952380949,7.619047619047614,29.047619047619055,125.71428571428571,1.904761904761898,-0.952380952380949,7.619047619047614,29.047619047619055,125.71428571428571,False,False,False,False,False,17.619047619047624,-4.857142857142859,-20.056522097232794,,23.62791712458802,OK
00838500,엘브이엠씨,Q4,5229599.0,-8681056.0,-47698788.0,281507281.0,17063340.0,,900140,True,MATCHED_COMMON_CANDIDATE,KOSPI,FY,20200427,20200427000570,사업보고서 (2019.12),253046173050.0,2020-04-24,2020-04-28,4945.0,1639562236.75,-9.100101112234583,-8.998988877654202,6.774519716885741,-25.075834175935285,,-9.100101112234583,-8.998988877654202,6.774519716885741,-25.075834175935285,-32.45702730030333,False,False,False,False,True,7.583417593528807,-16.986855409504553,0.006743172518411654,,0.01884983575332518,OK
00842585,네이블,Q2,57295187.0,-260251835.0,-1966512094.0,23302197619.0,,,153460,True,MATCHED_COMMON_CANDIDATE,KOSDAQ,H1,20190814,20190814000980,반기보고서 (2019.06),25760905230.0,2019-08-13,2019-08-16,4130.0,199307911.75,14.164648910411625,16.94915254237288,22.51815980629539,23.486682808716708,37.772397094430985,14.164648910411625,16.94915254237288,22.51815980629539,23.486682808716708,37.772397094430985,False,False,False,False,False,40.43583535108959,-2.5423728813559365,,,7.633707264719439,OK
00842619,리가켐바이오,Q3,16106475405.0,-6714887198.0,-1728675583.0,118994961611.0,,,141080,True,MATCHED_COMMON_CANDIDATE,KOSDAQ,Q3,20191106,20191106000043,분기보고서 (2019.09),540577662000.0,2019-11-05,2019-11-07,53900.0,2469390532.5,-5.0092764378478645,-6.307977736549164,0.18552875695732052,-20.408163265306122,-8.62708719851577,-5.0092764378478645,-6.307977736549164,0.18552875695732052,-20.408163265306122,-8.62708719851577,False,False,False,False,False,2.226345083487935,-12.987012987012992,,,0.3197830218519092,OK
00843900,육일씨엔에쓰,Q2,1514357010.0,-25603564.0,-1454026132.0,44914585081.0,,,191410,True,MATCHED_COMMON_CANDIDATE,KOSDAQ,H1,20190814,20190814000908,반기보고서 (2019.06),27246394020.0,2019-08-13,2019-08-16,2790.0,63227851.5,-8.602150537634412,-13.261648745519716,-5.555555555555558,-5.017921146953408,-6.810035842293905,-8.602150537634412,-13.261648745519716,-5.555555555555558,-5.017921146953408,-6.810035842293905,False,False,False,False,False,1.9713261648745428,-15.77060931899642,,,5.33658190119648,OK
00857727,하림,Q1,774872275.0,-8366857347.0,-11114259202.0,287903771063.0,,,136480,True,MATCHED_COMMON_CANDIDATE,KOSDAQ,Q1,20190514,20190514000438,분기보고서 (2019.03),286921595400.0,2019-05-13,2019-05-15,3380.0,16390263744.75,-5.177514792899407,-10.50295857988166,2.071005917159763,-28.106508875739642,-13.609467455621305,-5.177514792899407,-10.50295857988166,2.071005917159763,-28.106508875739642,-13.609467455621305,False,False,False,False,False,5.9171597633136175,-11.538461538461542,,,3.8736224042339895,OK
00876908,모트렉스,Q3,686618802.0,-2665637094.0,-15518779355.0,115748793643.0,-1416960927.0,6440205270.0,118990,True,MATCHED_COMMON_CANDIDATE,KOSDAQ,Q3,20191114,20191114000266,분기보고서 (2019.09),89518040325.0,2019-11-13,2019-11-15,3210.0,210977301.25,-7.320872274143298,-6.230529595015577,-10.436137071651086,-13.395638629283491,17.133956386292827,-7.320872274143298,-6.230529595015577,-10.436137071651086,-13.395638629283491,17.133956386292827,False,False,False,False,False,3.1152647975077885,-14.485981308411212,-1.582877509221212,7.194309936431241,17.33592390836333,OK
00877819,데이타솔루션,Q3,110204028.0,-893854490.0,-4943169648.0,22447896057.0,,,263800,True,MATCHED_COMMON_CANDIDATE,KOSDAQ,Q3,20191114,20191114001281,분기보고서 (2019.09),64099277700.0,2019-11-13,2019-11-15,4170.0,1298630051.75,-12.110311750599523,-8.51318944844125,11.51079136690647,17.266187050359715,54.43645083932853,-12.110311750599523,-8.51318944844125,11.51079136690647,17.266187050359715,54.43645083932853,False,False,False,False,False,30.69544364508394,-15.827338129496404,,,7.711740015441702,OK
00877819,데이타솔루션,Q4,1772367762.0,-1075571518.0,-670175396.0,25588702783.0,17495629119.0,12177725773.0,263800,True,MATCHED_COMMON_CANDIDATE,KOSDAQ,FY,20200330,20200330002249,사업보고서 (2019.12),36819634300.0,2020-03-27,2020-03-31,2760.0,595891578.25,12.13768115942029,10.869565217391308,107.60869565217392,107.97101449275361,207.97101449275362,12.13768115942029,10.869565217391308,107.60869565217392,107.97101449275361,207.97101449275362,False,False,False,False,False,107.60869565217392,-5.797101449275366,47.51711811271303,33.07399979526684,1.8201576651726823,OK
00925295,에프엔씨엔터,Q2,834548659.0,-2551817416.0,-8669399259.0,64980520545.0,202742617.0,3506441868.0,173940,True,MATCHED_COMMON_CANDIDATE,KOSDAQ,H1,20190814,20190814002850,반기보고서 (2019.06),95526452000.0,2019-08-13,2019-08-16,6500.0,80268073.0,6.615384615384623,7.692307692307687,8.923076923076923,14.923076923076927,19.999999999999996,6.615384615384623,7.692307692307687,8.923076923076923,14.923076923076927,19.999999999999996,False,False,False,False,False,10.769230769230775,-0.7692307692307665,0.2122371476750754,3.6706501650453847,9.075391242417336,OK
00925295,에프엔씨엔터,Q3,423835487.0,-770960141.0,-7901102329.0,63329136318.0,1962965371.0,13614926328.0,173940,True,MATCHED_COMMON_CANDIDATE,KOSDAQ,Q3,20191114,20191114002334,분기보고서 (2019.09),107305653600.0,2019-11-13,2019-11-15,7500.0,61677721.5,-4.533333333333333,5.333333333333323,6.133333333333324,4.933333333333323,-24.0,-4.533333333333333,5.333333333333323,6.133333333333324,4.933333333333323,-24.0,False,False,False,False,False,10.26666666666667,-4.666666666666663,1.8293214804107956,12.687986020524086,7.3631743192699775,OK
00974927,NEW,Q4,1935472614.0,-7329148443.0,-11086370881.0,121871227133.0,12983036982.0,-8434205786.0,160550,True,MATCHED_COMMON_CANDIDATE,KOSDAQ,FY,20200330,20200330004443,사업보고서 (2019.12),65439818570.0,2020-03-27,2020-03-31,2490.0,744416644.75,18.07228915662651,43.37349397590362,59.839357429718866,95.18072289156628,65.06024096385543,18.07228915662651,43.37349397590362,59.839357429718866,95.18072289156628,65.06024096385543,False,False,False,False,False,73.49397590361446,-2.6104417670682722,19.839659194825302,-12.888492007321284,16.94132276534519,OK
00983916,HLB제넥스,Q1,39468963.0,-345732516.0,-3028184366.0,61950725449.0,,,187420,True,MATCHED_COMMON_CANDIDATE,KOSDAQ,Q1,20190515,20190515001209,분기보고서 (2019.03),147089944290.0,2019-05-14,2019-05-16,7100.0,487666920.5,0.9859154929577452,-1.4084507042253502,13.66197183098592,-25.633802816901408,-5.211267605633807,0.9859154929577452,-1.4084507042253502,13.66197183098592,-25.633802816901408,-5.211267605633807,False,False,False,False,False,21.690140845070417,-3.9436619718309807,,,2.0587296980884595,OK
00989619,알테오젠,Q4,6604962164.0,-1271761610.0,-1738267459.0,70204153009.0,9714257623.0,12846802149.0,196170,True,MATCHED_COMMON_CANDIDATE,KOSDAQ,FY,20200330,20200330003371,사업보고서 (2019.12),1004735025000.0,2020-03-27,2020-03-31,79300.0,68284973420.0,5.044136191677184,8.196721311475418,16.645649432534682,258.13366960907945,,5.044136191677184,8.196721311475418,16.645649432534682,258.13366960907945,142.37074401008826,False,False,False,False,True,24.716267339218167,-4.6658259773013855,0.9668477142020604,1.2786258893482887,0.1730075508216706,OK
01014055,에스트래픽,Q4,8853439584.0,-312568213.0,-9372757761.0,31383569349.0,,,234300,True,MATCHED_COMMON_CANDIDATE,KOSDAQ,FY,20200330,20200330004861,사업보고서 (2019.12),42141371300.0,2020-03-27,2020-03-31,3770.0,282324190.5,17.904509283819635,32.89124668435013,55.96816976127321,31.564986737400535,39.522546419098134,17.904509283819635,32.89124668435013,55.96816976127321,31.564986737400535,39.522546419098134,False,False,False,False,False,67.90450928381964,0.0,,,22.241226310070267,OK
01031502,코아시아씨엠,Q1,218863482.0,-423449167.0,-8002315591.0,67834450685.0,-12222549713.0,,196450,True,MATCHED_COMMON_CANDIDATE,KOSDAQ,Q1,20190515,20190515001168,분기보고서 (2019.03),86839459700.0,2019-05-14,2019-05-16,771.0,1303320229.3,-8.949416342412453,-11.284046692607008,-4.150453955901423,-33.85214007782101,-5.188067444876787,-8.949416342412453,-11.284046692607008,-4.150453955901423,-33.85214007782101,-5.188067444876787,False,False,False,False,False,7.522697795071331,-13.229571984435795,-14.074879962662873,,9.215068378644,OK
01035678,링크드,Q3,1305974308.0,-1430263165.0,-9204032779.0,66719041809.0,2173877174.0,3136442955.0,193250,True,MATCHED_COMMON_CANDIDATE,KOSDAQ,Q3,20191114,20191114000108,분기보고서 (2019.09),84199517775.0,2019-11-13,2019-11-15,1800.0,4811546939.75,-8.333333333333337,-5.000000000000004,-6.111111111111112,7.777777777777772,-8.611111111111114,-8.333333333333337,-5.000000000000004,-6.111111111111112,7.777777777777772,-8.611111111111114,False,False,False,False,False,3.8888888888888973,-10.277777777777775,2.581816655778347,3.725012966679072,10.93121792406845,OK
01035678,링크드,Q4,2317802441.0,-591088852.0,-5652546705.0,72586984143.0,1133086653.0,4536529237.0,193250,True,MATCHED_COMMON_CANDIDATE,KOSDAQ,FY,20200330,20200330002932,사업보고서 (2019.12),54959443525.0,2020-03-27,2020-03-31,1095.0,1388759069.9,22.831050228310513,31.05022831050228,47.03196347031964,26.027397260273965,46.11872146118721,22.831050228310513,31.05022831050228,47.03196347031964,26.027397260273965,46.11872146118721,False,False,False,False,False,50.68493150684932,-1.82648401826484,2.0616778124483384,8.25432163434555,10.284941663262593,OK
01036446,서연이화,Q3,2806110109.0,-5645748044.0,-9751165654.0,678342508686.0,-64266240748.0,-28093584955.0,200880,True,MATCHED_COMMON_CANDIDATE,KOSPI,Q3,20191114,20191114001981,분기보고서 (2019.09),155143228380.0,2019-11-13,2019-11-15,5720.0,255366748.0,-14.597902097902093,-13.548951048951052,-13.199300699300698,-11.363636363636365,-38.02447552447552,-14.597902097902093,-13.548951048951052,-13.199300699300698,-11.363636363636365,-38.02447552447552,False,False,False,False,False,0.0,-21.5034965034965,-41.42381296242561,-18.108160599951542,6.285266689253098,OK
01042359,지엘팜텍,Q1,388777634.0,-1556802031.0,-3339695083.0,8100631161.0,635641461.0,1509467551.0,204840,True,MATCHED_COMMON_CANDIDATE,KOSDAQ,Q1,20190508,20190508000176,분기보고서 (2019.03),108784341920.0,2019-05-07,2019-05-09,3190.0,661168141.5,-11.442006269592476,-16.457680250783703,-24.608150470219435,-36.677115987460816,-57.210031347962385,-11.442006269592476,-16.457680250783703,-24.608150470219435,-36.677115987460816,-57.210031347962385,False,False,False,False,False,1.2539184952978122,-26.959247648902817,0.5843133761543097,1.3875779587011359,3.0700145113310624,OK
01042979,휴마시스,Q3,331707926.0,-462726132.0,-2281581833.0,13330891630.0,,,205470,True,MATCHED_COMMON_CANDIDATE,KOSDAQ,Q3,20191114,20191114001014,분기보고서 (2019.09),41642383365.0,2019-11-13,2019-11-15,1460.0,1384119492.5,-5.136986301369861,-4.109589041095896,-5.47945205479452,-9.931506849315063,151.027397260274,-5.136986301369861,-4.109589041095896,-5.47945205479452,-9.931506849315063,151.027397260274,False,False,False,False,False,2.7397260273972712,-10.273972602739722,,,5.478989550145793,OK
01043853,베노티앤알,Q1,982349393.0,-5158911036.0,-7206291070.0,21262413520.0,,,206400,True,MATCHED_COMMON_CANDIDATE,KOSDAQ,Q1,20190515,20190515000362,분기보고서 (2019.03),75982928880.0,2019-05-14,2019-05-16,940.0,151286282.55,-13.08510638297873,-15.638297872340424,-11.91489361702127,-27.6595744680851,-23.936170212765962,-13.08510638297873,-15.638297872340424,-11.91489361702127,-27.6595744680851,-23.936170212765962,False,False,False,False,False,0.0,-23.723404255319146,,,9.484092251011948,OK
01047451,셀바스헬스케어,Q4,891920016.0,-7620325067.0,-3328422480.0,24137487900.0,,,208370,True,MATCHED_COMMON_CANDIDATE,KOSDAQ,FY,20200330,20200330002423,사업보고서 (2019.12),42900935220.0,2020-03-27,2020-03-31,2195.0,472079434.0,6.605922551252852,14.806378132118446,19.589977220956722,2.733485193621865,13.439635535307515,6.605922551252852,14.806378132118446,19.589977220956722,2.733485193621865,13.439635535307515,False,False,False,False,False,48.29157175398633,-6.150341685649208,,,7.758391426507462,OK
01064069,토박스코리아,Q3,116197044.0,-389573974.0,-2567805789.0,23029621894.0,1635039566.0,1113873772.0,215480,True,MATCHED_COMMON_CANDIDATE,KOSDAQ,Q3,20191107,20191107000037,분기보고서 (2019.09),63950189665.0,2019-11-06,2019-11-08,1600.0,37221161583.5,-11.250000000000004,-16.562500000000004,-19.374999999999996,-16.249999999999996,-25.937500000000004,-11.250000000000004,-16.562500000000004,-19.374999999999996,-16.249999999999996,-25.937500000000004,False,False,False,False,False,12.187499999999996,-19.999999999999996,2.5567391974364364,1.7417833752096348,4.01532161585654,OK
01065013,콜마바이오텍,Q1,671777852.0,-298773830.0,-2450544572.0,21942666454.0,-5642677981.0,-8347605097.0,215380,True,MATCHED_COMMON_CANDIDATE,KOSDAQ,Q1,20190515,20190515000071,분기보고서 (2019.03),71939322015.0,2019-05-14,2019-05-16,2835.0,4567118392.75,-3.3509700176366897,-13.932980599647271,1.4109347442680775,,,-3.3509700176366897,-13.932980599647271,1.4109347442680775,103.52733686067022,94.00352733686066,False,False,False,True,True,10.405643738977076,-14.462081128747794,-7.8436629967453,-11.60367496271295,3.406404874776328,OK
01065013,콜마바이오텍,Q2,248762253.0,-1019519519.0,-3648072301.0,19493235309.0,1632431865.0,3852100568.0,215380,True,MATCHED_COMMON_CANDIDATE,KOSDAQ,H1,20190814,20190814000152,반기보고서 (2019.06),28122875200.0,2019-08-13,2019-08-16,5000.0,397336620.0,3.0000000000000027,3.400000000000003,9.200000000000008,30.600000000000005,6.2000000000000055,3.0000000000000027,3.400000000000003,9.200000000000008,30.600000000000005,6.2000000000000055,False,False,False,False,False,19.599999999999994,-1.5000000000000013,5.804640718243489,13.697392391799257,12.971903744038235,OK
01073678,얼라인드,Q3,36669027.0,-426017712.0,-277015373.0,20895412392.0,,,238120,True,MATCHED_COMMON_CANDIDATE,KOSDAQ,Q3,20191114,20191114001370,분기보고서 (2019.09),43496160400.0,2019-11-13,2019-11-15,12150.0,646338190.0,-2.8806584362139898,14.403292181069949,9.876543209876543,27.572016460905346,26.337448559670772,-2.8806584362139898,14.403292181069949,9.876543209876543,27.572016460905346,26.337448559670772,False,False,False,False,False,31.275720164609044,-4.526748971193417,,,0.6368731640965716,OK
01075126,사토시홀딩스,Q2,408644723.0,-1259351606.0,-25910898533.0,26422793698.0,,,223310,True,MATCHED_COMMON_CANDIDATE,KOSDAQ,H1,20190814,20190814002355,반기보고서 (2019.06),24479227805.0,2019-08-13,2019-08-16,194.0,292939602.8,10.824742268041243,3.092783505154628,3.092783505154628,17.525773195876294,-30.927835051546392,10.824742268041243,3.092783505154628,3.092783505154628,17.525773195876294,-30.927835051546392,False,False,False,False,False,21.649484536082465,-2.577319587628868,,,105.84851262223056,OK
01075126,사토시홀딩스,Q3,96006639.0,-4657359750.0,-17091359305.0,33251583185.0,,,223310,True,MATCHED_COMMON_CANDIDATE,KOSDAQ,Q3,20191114,20191114002528,분기보고서 (2019.09),28046552460.0,2019-11-13,2019-11-15,213.0,1452548950.55,-12.20657276995305,-12.20657276995305,-16.901408450704224,-34.27230046948356,,-12.20657276995305,-12.20657276995305,-16.901408450704224,-34.27230046948356,-22.065727699530512,False,False,False,False,True,3.7558685446009488,-22.065727699530512,,,60.939252085887205,OK
01075126,사토시홀딩스,Q4,553482780.0,-3438439548.0,-2899961780.0,31605553364.0,,,223310,True,MATCHED_COMMON_CANDIDATE,KOSDAQ,FY,20200330,20200330003470,사업보고서 (2019.12),36854688285.0,2020-03-27,2020-03-31,238.0,8247265763.95,-8.403361344537819,-23.529411764705888,-30.252100840336137,,,-8.403361344537819,-23.529411764705888,-30.252100840336137,-30.252100840336137,1294.9579831932774,False,False,False,True,True,4.621848739495804,-100.0,,,7.868637383592512,OK
01082348,오스테오닉,Q3,221330169.0,-165432955.0,-3181405564.0,27581696032.0,-996889954.0,789618765.0,226400,True,MATCHED_COMMON_CANDIDATE,KOSDAQ,Q3,20191114,20191114001452,분기보고서 (2019.09),25967490620.0,2019-11-13,2019-11-15,3080.0,53070500.25,15.422077922077925,9.090909090909083,3.8961038961038863,24.025974025974016,8.116883116883123,15.422077922077925,9.090909090909083,3.8961038961038863,24.025974025974016,8.116883116883123,False,False,False,False,False,18.993506493506484,-5.844155844155841,-3.8389922560796133,3.040797343705751,12.251494033657998,OK
01096341,넥슨게임즈,Q4,5025893046.0,-5609527954.0,-17072539330.0,38150772575.0,-9010279738.0,-3778180875.0,225570,True,MATCHED_COMMON_CANDIDATE,KOSDAQ,FY,20200330,20200330002091,사업보고서 (2019.12),170149108800.0,2020-03-27,2020-03-31,5820.0,714869977.5,13.745704467353947,13.4020618556701,38.487972508591064,37.628865979381445,50.171821305841924,13.745704467353947,13.4020618556701,38.487972508591064,37.628865979381445,50.171821305841924,False,False,False,False,False,54.12371134020619,-2.0618556701030966,-5.295519795282055,-2.2205117039084956,10.033869381042566,OK
01165739,잉글우드랩,Q1,390883.0,-807535.0,-4831855.0,50429457.0,,,950140,True,MATCHED_COMMON_CANDIDATE,KOSDAQ,Q1,20190514,20190514000023,분기보고서 (2019.03),84736448490.0,2019-05-13,2019-05-15,4675.0,271326220.25,-0.3208556149732589,-1.6042780748663055,18.50267379679145,-8.128342245989305,4.17112299465241,-0.3208556149732589,-1.6042780748663055,18.50267379679145,-8.128342245989305,4.17112299465241,False,False,False,False,False,18.50267379679145,-7.593582887700534,,,0.005702215618076348,OK
01165739,잉글우드랩,Q2,2385819.0,-2471968.0,-620261.0,51745958.0,,,950140,True,MATCHED_COMMON_CANDIDATE,KOSDAQ,H1,20190814,20190814000074,반기보고서 (2019.06),98842633350.0,2019-08-13,2019-08-16,5170.0,154255832.5,-3.675048355899424,-3.0947775628626717,5.029013539651839,-7.833655705996135,-7.350096711798837,-3.675048355899424,-3.0947775628626717,5.029013539651839,-7.833655705996135,-7.350096711798837,False,False,False,False,False,5.415860735009681,-11.121856866537716,,,0.0006275237506103939,OK
01185566,휴엠앤씨,Q4,330408071.0,-320100438.0,-5069758445.0,62441129738.0,-4696256222.0,-4895400400.0,263920,True,MATCHED_COMMON_CANDIDATE,KOSDAQ,FY,20200330,20200330002314,사업보고서 (2019.12),51489493965.0,2020-03-27,2020-03-31,4340.0,487098356.5,-4.8387096774193505,8.064516129032251,-33.525345622119815,4.953917050691237,4.953917050691237,-4.8387096774193505,8.064516129032251,-33.525345622119815,4.953917050691237,4.953917050691237,False,False,False,False,False,18.894009216589858,-42.85714285714286,-9.12080477076019,-9.507571395686371,9.846199786787903,OK
