Date,Code,Name,Market,prev_date,prev_close,Open,Close,prev_stocks,Stocks,stocks_ratio,open_ratio,prev_marcap,Marcap,marcap_ratio,share_price_product,split_like
2015-04-21,000040,KR모터스,KOSPI,2015-04-20,1365.0,1350.0,1400.0,119341379.0,175307764,1.4689604349217382,0.989010989010989,162900982335.0,245430869600.0,1.5066260870992187,1.452818012559961,False
2018-01-12,000040,KR모터스,KOSPI,2018-01-11,325.0,489.0,635.0,188265520.0,119759667,0.6361210857941486,1.5046153846153847,61186294000.0,76047388545.0,1.2428827368593365,0.9571175721641191,True
2019-01-09,000040,KR모터스,KOSPI,2019-01-08,507.0,506.0,512.0,128982090.0,189444075,1.468762639836275,0.9980276134122288,65393919630.0,96995366400.0,1.4832474784934375,1.4658656721048424,False
2020-02-19,000040,KR모터스,KOSPI,2020-02-18,250.0,1015.0,925.0,189444075.0,47361018,0.249999996041048,4.06,47361018750.0,43808941650.0,0.9249999853518776,1.0149999839266548,True
2020-05-26,000040,KR모터스,KOSPI,2020-05-25,777.0,752.0,776.0,47361018.0,91661018,1.9353684078327877,0.9678249678249679,36799510986.0,71128949968.0,1.9328775862010852,1.873097867040227,False
2016-10-28,000050,경방,KOSPI,2016-10-27,208500.0,19800.0,19150.0,2741527.0,27415270,10.0,0.09496402877697842,571608379500.0,525002420500.0,0.9184652278177458,0.9496402877697842,True
2020-04-08,000100,유한양행,KOSPI,2020-04-07,224500.0,51000.0,46550.0,13371362.0,66856810,5.0,0.22717149220489977,3001870769000.0,3112184505500.0,1.0367483296213809,1.135857461024499,True
2020-04-08,000105,유한양행우,KOSPI,2020-04-07,212000.0,54900.0,44800.0,236188.0,1180940,5.0,0.2589622641509434,50071856000.0,52906112000.0,1.0566037735849056,1.2948113207547172,False
2015-12-30,000180,성창기업지주,KOSPI,2015-12-29,32700.0,32600.0,31900.0,5775160.0,6975160,1.2077864509381557,0.9969418960244648,188847732000.0,222507604000.0,1.178238158560464,1.2040929143909442,False
2016-05-11,000180,성창기업지주,KOSPI,2016-05-10,36150.0,3615.0,3605.0,6975160.0,69751600,10.0,0.1,252152034000.0,251454518000.0,0.9972337482710927,1.0,True
2016-08-31,000230,일동홀딩스,KOSPI,2016-08-30,28500.0,33900.0,37650.0,25068065.0,7222812,0.2881280226455452,1.1894736842105262,714439852500.0,271938871800.0,0.38063228254753606,0.3427207006204906,False
2017-04-14,000230,일동홀딩스,KOSPI,2017-04-13,20450.0,20450.0,20750.0,7222812.0,10490296,1.4523839191716468,1.0,147706505400.0,217673642000.0,1.473690284734067,1.4523839191716468,False
2017-11-23,000370,한화손해보험,KOSPI,2017-11-22,8150.0,8170.0,8900.0,90738915.0,116738915,1.2865363774737664,1.0024539877300613,739522157250.0,1038976343500.0,1.404929295646199,1.2896935219583645,False
2015-06-25,000400,롯데손해보험,KOSPI,2015-06-24,2760.0,2725.0,2705.0,67280000.0,134280000,1.9958382877526755,0.9873188405797102,185692800000.0,363227400000.0,1.9560661479605026,1.9705287442485655,False
2019-10-25,000400,롯데손해보험,KOSPI,2019-10-24,2240.0,2235.0,2230.0,134280000.0,310336320,2.3111134941912423,0.9977678571428571,300787200000.0,692049993600.0,2.3007960232350313,2.3059547587131366,False
2018-12-06,000440,중앙에너비스,KOSDAQ,2018-12-05,44200.0,9000.0,7190.0,1245426.0,6227130,5.0,0.20361990950226244,55047829200.0,44773064700.0,0.8133484162895928,1.0180995475113122,True
2016-10-20,000640,동아쏘시오홀딩스,KOSPI,2016-10-19,165000.0,165000.0,161000.0,4841991.0,5853087,1.2088182320041487,1.0,798928515000.0,942347007000.0,1.179513547591927,1.2088182320041487,False
2016-04-01,001000,신라섬유,KOSDAQ,2016-03-31,24500.0,5830.0,4165.0,4855508.0,24277540,5.0,0.23795918367346938,118959946000.0,101115954100.0,0.85,1.189795918367347,True
2016-11-17,001020,페이퍼코리아,KOSPI,2016-11-16,573.0,568.0,580.0,163366895.0,224366895,1.3733926631830764,0.9912739965095986,93609230835.0,130132799100.0,1.3901705840247545,1.361408434010449,False
2017-09-27,001020,페이퍼코리아,KOSPI,2017-09-26,302.0,2630.0,2345.0,224367057.0,22436706,0.10000000133709469,8.708609271523178,67758851214.0,52614075570.0,0.776490076607573,0.870860938796553,True
2017-10-23,001020,페이퍼코리아,KOSPI,2017-10-20,2075.0,2080.0,2025.0,22436706.0,32216657,1.4358906784266816,1.002409638554217,46556164950.0,65238730425.0,1.4012909030429062,1.4393506559650593,False
2017-12-28,001020,페이퍼코리아,KOSPI,2017-12-27,1220.0,1220.0,1230.0,32216657.0,54216657,1.6828765628910536,1.0,39304321540.0,66686488110.0,1.6966706330786852,1.6828765628910536,False
2019-01-11,001020,페이퍼코리아,KOSPI,2019-01-10,918.0,919.0,930.0,54216966.0,73374054,1.3533412031945866,1.0010893246187365,49771174788.0,68237870220.0,1.371031937876869,1.3548154310847769,False
2019-04-12,001020,페이퍼코리아,KOSPI,2019-04-11,937.0,950.0,947.0,73374054.0,89922517,1.2255356232599606,1.0138740661686232,68751488598.0,85156623599.0,1.2386149788977403,1.2425387855890742,False
2020-03-24,001020,페이퍼코리아,KOSPI,2020-03-23,434.0,1190.0,1010.0,105498840.0,35166280,0.3333333333333333,2.7419354838709675,45786496560.0,35517942800.0,0.7757296466973886,0.9139784946236558,True
2018-01-18,001070,대한방직,KOSPI,2018-01-17,78000.0,14300.0,14650.0,1060000.0,5300000,5.0,0.18333333333333332,82680000000.0,77645000000.0,0.9391025641025641,0.9166666666666666,True
2017-07-06,001140,국보,KOSPI,2017-07-05,10750.0,10650.0,10500.0,1027304.0,1682304,1.6375912096127339,0.9906976744186047,11043518000.0,17664192000.0,1.5995076931101122,1.6223578030116852,False
2019-05-03,001140,국보,KOSPI,2019-05-02,23550.0,2305.0,2205.0,1682304.0,16823040,10.0,0.09787685774946922,39618259200.0,37094803200.0,0.9363057324840764,0.9787685774946921,True
2020-05-13,001140,국보,KOSPI,2020-05-12,1655.0,1650.0,1680.0,24410271.0,33347235,1.3661149030258615,0.9969788519637462,40398998505.0,56023354800.0,1.3867510798087295,1.361987667669288,False
2019-04-16,001210,금호전기,KOSPI,2019-04-15,5090.0,4820.0,4375.0,6976579.0,9937180,1.4243628574979228,0.9469548133595285,35510787110.0,43475162500.0,1.2242804521715938,1.34880726387819,False
2016-06-24,001250,GS글로벌,KOSPI,2016-06-23,2490.0,2500.0,2245.0,22533764.0,82533764,3.6626710033885153,1.0040160642570282,56109072360.0,185288300180.0,3.3022877118904486,3.6773805254904772,False
2016-02-05,001260,남광토건,KOSPI,2016-02-04,4330.0,15000.0,12500.0,7247071.0,9796455,1.3517812920557837,3.464203233256351,31379817430.0,122455687500.0,3.9023709354959113,4.682845122595094,False
2018-02-20,001290,골든브릿지증권,KOSPI,2018-02-19,1380.0,1720.0,2235.0,63737067.0,50693589,0.7953549070590273,1.2463768115942029,87957152460.0,113300171415.0,1.2881291429542943,0.9913119131460341,True
2019-04-09,001290,골든브릿지증권,KOSPI,2019-04-08,2770.0,2860.0,2735.0,50693589.0,96108437,1.895869653261283,1.032490974729242,140421241530.0,262856575195.0,1.8719146215413753,1.957468306255332,False
2015-06-17,001340,백광산업,KOSPI,2015-06-16,2100.0,2075.0,2100.0,31211241.0,44918407,1.4391740142597982,0.9880952380952381,65543606100.0,94328654700.0,1.4391740142597982,1.422040990280515,False
2016-09-09,001360,삼성제약,KOSPI,2016-09-08,5740.0,5650.0,5580.0,30713570.0,39713570,1.2930300840963782,0.9843205574912892,176295891800.0,221601720600.0,1.2569874336686047,1.2727560932307556,False
2018-07-02,001360,삼성제약,KOSPI,2018-06-29,2815.0,2760.0,2725.0,44135743.0,58135743,1.3172032246064147,0.9804618117229129,124242116545.0,158419899675.0,1.27509015525843,1.2914674600048683,False
2015-02-17,001440,대한전선,KOSPI,2015-02-16,1200.0,0.0,6000.0,163536685.0,32707337,0.2,0.0,196244022000.0,196244022000.0,1.0,0.0,False
2015-10-21,001440,대한전선,KOSPI,2015-10-20,6000.0,0.0,6000.0,34769231.0,839089231,24.133097191594487,0.0,208615386000.0,5034535386000.0,24.133097191594487,0.0,False
2016-05-13,001470,삼부토건,KOSPI,2016-05-12,1810.0,45250.0,31700.0,8802687.0,6228585,0.7075776975825677,25.0,15932863470.0,197446144500.0,12.392382880313479,17.689442439564193,False
2016-12-23,001470,삼부토건,KOSPI,2016-12-22,5160.0,4200.0,4730.0,6228585.0,9758395,1.5667113798719934,0.813953488372093,32139498600.0,46157208350.0,1.4361520982159939,1.2752301929190644,False
2017-10-31,001470,삼부토건,KOSPI,2017-10-30,9330.0,9330.0,9090.0,9786266.0,18431799,1.883435316391359,1.0,91305861780.0,167545052910.0,1.8349868195066938,1.883435316391359,False
2018-09-18,001470,삼부토건,KOSPI,2018-09-17,5740.0,5850.0,5880.0,18873841.0,24503841,1.2982964622834323,1.019163763066202,108335847340.0,144082585080.0,1.329962229656199,1.3231767080763204,False
2019-05-02,001470,삼부토건,KOSPI,2019-04-30,4685.0,910.0,976.0,24803131.0,124015655,5.0,0.19423692636072573,116202668735.0,121039279280.0,1.0416221985058698,0.9711846318036287,True
2018-12-24,001510,SK증권,KOSPI,2018-12-21,647.0,643.0,630.0,356480171.0,472590171,1.3257123662005874,0.9938176197836167,230642670637.0,297731807730.0,1.290879120102581,1.3175163082951742,False
2017-12-22,001620,동국실업,KOSPI,2017-12-21,1025.0,1020.0,1030.0,29412072.0,53312072,1.812591510043903,0.9951219512195122,30147373800.0,54911434160.0,1.8214334198489952,1.8037496002388107,False
2019-02-26,001620,동국실업,KOSPI,2019-02-25,918.0,915.0,940.0,53312072.0,66042072,1.2387826907196553,0.9967320261437909,48940482096.0,62079547680.0,1.2684702933294947,1.234734381272859,False
2015-05-29,001630,종근당홀딩스,KOSPI,2015-05-28,97000.0,97100.0,93500.0,3640950.0,4477766,1.2298345212101238,1.0010309278350515,353172150000.0,418671121000.0,1.1854590487953254,1.2311023918505466,False
2015-01-22,001795,대한제당우,KOSPI,2015-01-21,11950.0,11800.0,11800.0,540230.0,648276,1.2,0.9874476987447699,6455748500.0,7649656800.0,1.1849372384937238,1.1849372384937238,True
2015-01-22,001799,대한제당3우B,KOSPI,2015-01-21,23200.0,22700.0,22950.0,108046.0,129656,1.2000074042537439,0.978448275862069,2506667200.0,2975605200.0,1.1870762899837681,1.1741451757137924,True
2017-07-07,001800,오리온홀딩스,KOSPI,2017-07-06,798000.0,39200.0,32900.0,6008435.0,20550849,3.4203330817425837,0.04912280701754386,4794731130000.0,676122932100.0,0.1410137323174574,0.168016361910162,False
2017-12-07,001800,오리온홀딩스,KOSPI,2017-12-06,28550.0,28600.0,28400.0,20550849.0,62644053,3.0482464739048005,1.001751313485114,586726738950.0,1779091105200.0,3.0322311684377,3.053584909060501,False
2020-07-21,001880,대림건설,KOSPI,2020-07-20,30900.0,30900.0,29750.0,15179766.0,22053284,1.4528079023089024,1.0,469054769400.0,656085199000.0,1.398738999795788,1.4528079023089024,False
2018-05-04,001940,KISCO홀딩스,KOSPI,2018-05-03,71100.0,14500.0,14400.0,3695276.0,18476380,5.0,0.2039381153305204,262734123600.0,266059872000.0,1.0126582278481013,1.0196905766526019,True
2020-02-06,002070,남영비비안,KOSPI,2020-02-05,16350.0,1705.0,1535.0,6867945.0,68679450,10.0,0.10428134556574924,112290900750.0,105422955750.0,0.9388379204892966,1.0428134556574924,True
2020-08-21,002070,비비안,KOSPI,2020-08-20,991.0,4000.0,4280.0,68679450.0,13735890,0.2,4.036326942482341,68061334950.0,58789609200.0,0.863773965691221,0.8072653884964682,True
2020-10-12,002070,비비안,KOSPI,2020-10-08,3615.0,3560.0,3575.0,13735890.0,26735890,1.9464257503518156,0.9847856154910097,49655242350.0,95580806750.0,1.9248885359634138,1.9168120805677633,False
2019-04-24,002220,한일철강,KOSPI,2019-04-23,22300.0,2205.0,2295.0,2232233.0,22322330,10.0,0.09887892376681615,49778795900.0,51229747350.0,1.0291479820627802,0.9887892376681615,True
2015-01-30,002240,고려제강,KOSPI,2015-01-29,40500.0,40650.0,40650.0,15000000.0,18000000,1.2,1.0037037037037038,607500000000.0,731700000000.0,1.2044444444444444,1.2044444444444444,False
2020-11-18,002320,한진,KOSPI,2020-11-17,48900.0,49000.0,49250.0,11974656.0,14947628,1.2482720171669233,1.0020449897750512,585560678400.0,736170679000.0,1.257206479457484,1.2508247206785121,False
2015-07-09,002410,범양건영,KOSPI,2015-07-08,14100.0,13250.0,14500.0,2663795.0,3514859,1.3194930540826153,0.9397163120567376,37559509500.0,50965455500.0,1.3569254811487887,1.2399491465669965,False
2015-12-30,002410,범양건영,KOSPI,2015-12-29,12950.0,12850.0,13200.0,3514859.0,4752587,1.3521415795057496,0.9922779922779923,45517424050.0,62734148400.0,1.3782446988012276,1.3417003317875587,False
2017-12-06,002410,범양건영,KOSPI,2017-12-05,12000.0,2220.0,2285.0,4753919.0,23769595,5.0,0.185,57047028000.0,54313524575.0,0.9520833333333333,0.925,True
2017-07-17,002620,제일파마홀딩스,KOSPI,2017-07-14,68600.0,47500.0,61700.0,14850000.0,4345507,0.292626734006734,0.6924198250728864,1018710000000.0,268117781900.0,0.26319343277282053,0.2026205519725928,False
2018-11-30,002620,제일파마홀딩스,KOSPI,2018-11-29,28900.0,28900.0,31200.0,4345507.0,15973355,3.675832302191666,1.0,125585152300.0,498368676000.0,3.9683725892173003,3.675832302191666,False
2015-07-07,002630,오리엔트바이오,KOSPI,2015-07-06,992.0,977.0,899.0,100299535.0,155299535,1.5483574774299802,0.9848790322580645,99497138720.0,139614281965.0,1.4031989639209195,1.5249448139607769,False
2019-02-19,002630,오리엔트바이오,KOSPI,2019-02-18,529.0,527.0,527.0,168535104.0,228535104,1.3560089178809893,0.996219281663516,89155070016.0,120437999808.0,1.350882230100721,1.3508822301007208,False
2020-02-21,002630,오리엔트바이오,KOSPI,2020-02-20,306.0,750.0,676.0,228535104.0,101798996,0.4454413970468187,2.450980392156863,69931741824.0,68816121296.0,0.9840470078550635,1.0917681300167126,True
2017-05-11,002760,보락,KOSPI,2017-05-10,6590.0,1370.0,1250.0,11980000.0,59900000,5.0,0.2078907435508346,78948200000.0,74875000000.0,0.9484066767830045,1.039453717754173,True
2015-01-20,002780,진흥기업,KOSPI,2015-01-19,1410.0,1420.0,1415.0,93498189.0,123498189,1.3208618297408947,1.0070921985815602,131832446490.0,174749937435.0,1.3255457369385575,1.33022964413622,False
2015-01-28,002780,진흥기업,KOSPI,2015-01-27,1360.0,1375.0,1410.0,123498189.0,152562189,1.2353394833992262,1.0110294117647058,167957537040.0,215112686490.0,1.2807563761712566,1.2489645512308352,False
2015-05-08,002790,아모레G,KOSPI,2015-05-07,1630000.0,163000.0,154000.0,7979098.0,79790980,10.0,0.1,13005929740000.0,12287810920000.0,0.9447852760736196,1.0,True
2015-05-08,002795,아모레G우,KOSPI,2015-05-07,729000.0,72900.0,70400.0,644377.0,6443770,10.0,0.1,469750833000.0,453641408000.0,0.9657064471879286,1.0,True
2019-04-18,002840,미원상사,KOSPI,2019-04-17,45350.0,43700.0,43800.0,774940.0,5034823,6.497048803778357,0.9636163175303197,35143529000.0,220525247400.0,6.274988701333893,6.260662243111669,False
2017-05-11,002870,신풍제지,KOSPI,2017-05-10,14700.0,1500.0,1285.0,3495870.0,34958700,10.0,0.10204081632653061,51389289000.0,44921929500.0,0.8741496598639455,1.0204081632653061,True
2016-05-02,002900,동양물산,KOSPI,2016-04-29,14950.0,1440.0,1385.0,6538890.0,65388900,10.0,0.09632107023411371,97756405500.0,90563626500.0,0.9264214046822743,0.9632107023411371,True
2019-11-13,002900,동양물산,KOSPI,2019-11-12,849.0,847.0,924.0,65388900.0,115388900,1.7646557749098088,0.9976442873969376,55515176100.0,106619343600.0,1.920544094248131,1.760498753060787,False
2019-04-01,003000,부광약품,KOSPI,2019-03-29,19100.0,19050.0,18850.0,48870283.0,63531367,1.2999999815839003,0.9973821989528796,933422405300.0,1197566267950.0,1.2829842750186662,1.2965968402708534,False
2018-10-05,003030,세아제강지주,KOSPI,2018-10-04,68500.0,58400.0,56000.0,6000000.0,3163700,0.5272833333333333,0.8525547445255475,411000000000.0,177167200000.0,0.4310637469586375,0.4495379075425791,False
2019-01-16,003030,세아제강지주,KOSPI,2019-01-15,49700.0,50200.0,51600.0,3163700.0,4141657,1.3091181211872176,1.0100603621730382,157235890000.0,213709501200.0,1.3591648904076543,1.3222883236136482,False
2015-08-17,003060,슈넬생명과학,KOSPI,2015-08-13,2550.0,7560.0,7890.0,160779894.0,80389947,0.5,2.9647058823529413,409988729700.0,634276681830.0,1.5470588235294118,1.4823529411764707,False
2018-06-28,003060,에이프로젠제약,KOSPI,2018-06-27,3880.0,3860.0,3840.0,86829562.0,107882194,1.2424592675015451,0.9948453608247423,336898700560.0,414267624960.0,1.2296504090736942,1.2360548382876198,False
2019-08-14,003060,에이프로젠제약,KOSPI,2019-08-13,785.0,791.0,792.0,107982194.0,214884566,1.989999999444353,1.0076433121019108,84766022290.0,170188576272.0,2.0077452223693344,2.0052101905229085,False
2020-07-21,003060,에이프로젠제약,KOSPI,2020-07-20,1520.0,1525.0,1525.0,241658348.0,398575766,1.6493358052749745,1.0032894736842106,367320688960.0,607828043150.0,1.6547612520028525,1.6547612520028527,False
2017-08-01,003070,코오롱글로벌,KOSPI,2017-07-31,12700.0,12700.0,12700.0,16570088.0,25210438,1.5214426139438728,1.0,210440117600.0,320172562600.0,1.5214426139438728,1.5214426139438728,False
2016-05-13,003080,성보화학,KOSPI,2016-05-12,67000.0,6390.0,6400.0,2002000.0,20020000,10.0,0.09537313432835821,134134000000.0,128128000000.0,0.9552238805970149,0.9537313432835821,True
2017-05-18,003090,대웅,KOSPI,2017-05-17,64300.0,13400.0,12500.0,11628396.0,58141980,5.0,0.208398133748056,747705862800.0,726774750000.0,0.9720062208398134,1.04199066874028,True
2016-05-11,003280,흥아해운,KOSPI,2016-05-10,1285.0,1275.0,1540.0,84713430.0,102713430,1.212481067051588,0.9922178988326849,108856757550.0,158178682200.0,1.4530901503964555,1.2030454167243383,False
2017-01-13,003280,흥아해운,KOSPI,2017-01-12,1865.0,1835.0,2000.0,102713430.0,127713430,1.2433956299580298,0.9839142091152815,191560546950.0,255426860000.0,1.3334001393651795,1.223394627867552,False
2018-02-07,003280,흥아해운,KOSPI,2018-02-06,775.0,776.0,752.0,127713430.0,168713430,1.3210312337551344,1.001290322580645,98977908250.0,126872499360.0,1.2818264358501434,1.3227357901857861,False
2019-06-24,003280,흥아해운,KOSPI,2019-06-21,354.0,692.0,636.0,175663430.0,82385733,0.4689976337135168,1.9548022598870056,62184854220.0,52397326188.0,0.8426059181971658,0.9167976342648407,True
2018-08-06,003300,한일홀딩스,KOSPI,2018-08-03,143500.0,90100.0,105500.0,7545313.0,3400343,0.45065632134810046,0.6278745644599303,1082752415500.0,358736186500.0,0.33131875890051987,0.282955641487553,False
2018-11-15,003300,한일홀딩스,KOSPI,2018-11-14,64700.0,64100.0,63100.0,3400343.0,6269978,1.8439251569621065,0.990726429675425,220002192100.0,395635611800.0,1.7983257713185303,1.8268253873457654,False
2020-12-14,003300,한일홀딩스,KOSPI,2020-12-11,57500.0,11300.0,10800.0,5763156.0,28815780,5.0,0.19652173913043477,331381470000.0,311210424000.0,0.9391304347826087,0.9826086956521739,True
2018-07-16,003380,하림지주,KOSDAQ,2018-07-13,13750.0,13600.0,13350.0,70718000.0,93584198,1.3233433920642552,0.9890909090909091,972372500000.0,1249349043300.0,1.2848461297496587,1.3089069186962816,False
2018-07-11,003410,쌍용양회,KOSPI,2018-07-10,26750.0,5100.0,5700.0,100771919.0,503859595,5.0,0.19065420560747665,2695648833250.0,2871999691500.0,1.0654205607476634,0.9532710280373833,True
2018-07-11,003415,쌍용양회우,KOSPI,2018-07-10,36400.0,6990.0,6850.0,308737.0,1543685,5.0,0.19203296703296704,11238026800.0,10574242250.0,0.9409340659340659,0.9601648351648352,True
2015-01-13,003450,현대증권,KOSPI,2015-01-12,7500.0,7450.0,7360.0,170000000.0,236612530,1.3918384117647058,0.9933333333333333,1275000000000.0,1741468220800.0,1.3658574280784315,1.3825594890196078,False
2020-04-14,003460,유화증권,KOSPI,2020-04-13,11000.0,2180.0,2270.0,11340483.0,56702415,5.0,0.19818181818181818,124745313000.0,128714482050.0,1.0318181818181817,0.990909090909091,True
2020-04-14,003465,유화증권우,KOSPI,2020-04-13,12350.0,2475.0,2520.0,3495285.0,17476425,5.0,0.20040485829959515,43166769750.0,44040591000.0,1.0202429149797572,1.0020242914979758,True
2015-04-01,003490,대한항공,KOSPI,2015-03-31,48550.0,48750.0,50700.0,58675438.0,72839744,1.2414009419069014,1.004119464469619,2848692514900.0,3692975020800.0,1.296375442938824,1.2465148489796385,False
2017-03-28,003490,대한항공,KOSPI,2017-03-27,31500.0,31100.0,31550.0,72839744.0,94844634,1.3021000458211385,0.9873015873015873,2294451936000.0,2992348202700.0,1.304166871290696,1.2855654420646796,False
2020-07-29,003490,대한항공,KOSPI,2020-07-28,17900.0,17450.0,17500.0,94844634.0,174209713,1.836790397651806,0.9748603351955307,1697718948600.0,3048669977500.0,1.7957448021735534,1.7906141027387719,False
2016-10-07,003530,한화투자증권,KOSPI,2016-10-06,2330.0,2330.0,2325.0,83355651.0,172442511,2.0687560942928753,1.0,194218666830.0,400928838075.0,2.0643167035325902,2.0687560942928753,False
2019-08-12,003530,한화투자증권,KOSPI,2019-08-09,2085.0,2080.0,2070.0,172442511.0,214547775,1.2441698613400498,0.9976019184652278,359542635435.0,444113894250.0,1.2352189990282507,1.2411862405694503,False
2015-03-31,003560,IHQ,KOSPI,2015-03-30,3160.0,3250.0,3175.0,44454859.0,143170804,3.2205884175675825,1.0284810126582278,140477354440.0,454567302700.0,3.23587602081553,3.3123140370552666,False
2016-05-11,003580,동원,KOSPI,2016-05-10,8850.0,8850.0,8840.0,4714788.0,6393588,1.3560711531462284,1.0,41725873800.0,56519317920.0,1.3545388693573626,1.3560711531462284,False
2016-10-19,003580,동원,KOSPI,2016-10-18,10600.0,48200.0,47000.0,6393588.0,1278717,0.19999990615598,4.547169811320755,67772032800.0,60099699000.0,0.8867920367293454,0.9094335355394563,True
2017-05-18,003580,동원,KOSPI,2017-05-17,40350.0,41000.0,39800.0,1278717.0,1703518,1.3322087686329345,1.016109045848823,51596230950.0,67800016400.0,1.31404978913484,1.3536693807670463,False
2017-09-08,003580,동원,KOSPI,2017-09-07,47500.0,4605.0,4480.0,1918110.0,19181100,10.0,0.09694736842105263,91110225000.0,85931328000.0,0.9431578947368421,0.9694736842105263,True
2019-01-29,003610,방림,KOSPI,2019-01-28,26150.0,2520.0,2405.0,4231409.0,42314090,10.0,0.09636711281070745,110651345350.0,101765386450.0,0.9196940726577438,0.9636711281070744,True
2015-05-04,003670,포스코켐텍,KOSDAQ,2015-04-30,136900.0,13700.0,12950.0,5907000.0,59070000,10.0,0.10007304601899196,808668300000.0,764956500000.0,0.9459459459459459,1.0007304601899196,True
2018-10-22,003800,에이스침대,KOSDAQ,2018-10-19,144500.0,27300.0,27000.0,2218000.0,11090000,5.0,0.18892733564013842,320501000000.0,299430000000.0,0.9342560553633218,0.9446366782006921,True
2018-04-30,003850,보령제약,KOSPI,2018-04-27,60100.0,12100.0,12100.0,8840000.0,44200000,5.0,0.20133111480865223,531284000000.0,534820000000.0,1.0066555740432612,1.0066555740432612,True
2019-06-26,003960,사조대림,KOSPI,2019-06-25,21950.0,20600.0,20750.0,5960575.0,9164467,1.5375139143455119,0.9384965831435079,130834621250.0,190162690250.0,1.4534584839484908,1.442951555148863,False
2015-05-18,004100,태양금속,KOSPI,2015-05-15,15950.0,1510.0,1785.0,3670000.0,36700000,10.0,0.09467084639498433,58536500000.0,65509500000.0,1.1191222570532915,0.9467084639498433,True
2015-05-18,004105,태양금속우,KOSPI,2015-05-15,9220.0,959.0,1000.0,330000.0,3300000,10.0,0.10401301518438177,3042600000.0,3300000000.0,1.0845986984815619,1.0401301518438177,True
2016-11-22,004140,동방,KOSPI,2016-11-21,1985.0,1960.0,1995.0,21523970.0,32523970,1.5110581365798224,0.9874055415617129,42725080450.0,64885320150.0,1.5186705201394184,1.4920271776808323,False
2015-01-26,004150,한솔홀딩스,KOSPI,2015-01-23,10650.0,6520.0,7170.0,43624470.0,27087961,0.6209350165171061,0.612206572769953,464600605500.0,194220680370.0,0.418037940697432,0.38014049837479175,False
2015-07-24,004150,한솔홀딩스,KOSPI,2015-07-23,11150.0,10550.0,10450.0,27087961.0,38596735,1.424866751690908,0.9461883408071748,302030765150.0,403335880750.0,1.3354132336475326,1.348192307653729,False
2016-03-10,004200,고려개발,KOSPI,2016-03-09,4500.0,0.0,9000.0,20000000.0,8215000,0.41075,0.0,90000000000.0,73935000000.0,0.8215,0.0,False
2016-03-21,004200,고려개발,KOSPI,2016-03-18,9000.0,0.0,9000.0,8215000.0,21550000,2.6232501521606815,0.0,73935000000.0,193950000000.0,2.6232501521606815,0.0,False
2018-06-26,004200,고려개발,KOSPI,2018-06-25,6250.0,6500.0,6260.0,21550000.0,30438889,1.4124774477958237,1.04,134687500000.0,190547445140.0,1.414737411712297,1.4689765457076567,False
2019-09-11,004200,고려개발,KOSPI,2019-09-10,4200.0,8300.0,8400.0,30438889.0,15219444,0.4999999835736449,1.9761904761904763,127843333800.0,127843329600.0,0.9999999671472898,0.9880952056336316,True
2015-05-22,004270,남성,KOSPI,2015-05-21,15700.0,1500.0,1450.0,3621216.0,36212160,10.0,0.09554140127388536,56853091200.0,52507632000.0,0.9235668789808917,0.9554140127388535,True
2017-10-25,004410,서울식품,KOSPI,2017-10-24,6990.0,290.0,353.0,13496400.0,337410000,25.0,0.04148783977110158,94339836000.0,119105730000.0,1.2625178826895564,1.0371959942775395,True
2017-10-25,004415,서울식품우,KOSPI,2017-10-24,120500.0,5200.0,6260.0,88980.0,2224500,25.0,0.043153526970954356,10722090000.0,13925370000.0,1.2987551867219918,1.0788381742738589,True
2018-04-27,004590,한국가구,KOSDAQ,2018-04-26,44700.0,21650.0,21050.0,1500000.0,3000000,2.0,0.4843400447427293,67050000000.0,63150000000.0,0.941834451901566,0.9686800894854586,True
2019-04-26,004590,한국가구,KOSDAQ,2019-04-25,25600.0,5100.0,4830.0,3000000.0,15000000,5.0,0.19921875,76800000000.0,72450000000.0,0.943359375,0.99609375,True
2019-07-19,004710,한솔테크닉스,KOSPI,2019-07-18,6370.0,6300.0,6410.0,22109878.0,32109878,1.4522865300296999,0.989010989010989,140839922860.0,205824317980.0,1.4614060686798078,1.436327337392011,False
2015-07-31,004740,보루네오,KOSPI,2015-07-30,1270.0,1205.0,1240.0,23486091.0,39986091,1.7025434756256372,0.9488188976377953,29827335570.0,49582752840.0,1.6623259132092836,1.6154054237235376,False
2017-04-12,004740,보루네오,KOSPI,2017-04-11,1615.0,0.0,969.0,39986091.0,71925448,1.7987616744032318,0.0,64577536965.0,69695759112.0,1.0792570046419392,0.0,False
2018-07-13,004800,효성,KOSPI,2018-07-12,134000.0,79300.0,56500.0,35117455.0,13795151,0.39282889377946095,0.5917910447761194,4705738970000.0,779426031500.0,0.16563307834731003,0.23247262146799444,False
2019-01-04,004800,효성,KOSPI,2019-01-03,48450.0,47850.0,47300.0,13795151.0,21071025,1.527422570437975,0.9876160990712074,668375065950.0,996659482500.0,1.4911679583429558,1.5085071206492693,False
2017-03-23,004870,티웨이홀딩스,KOSPI,2017-03-22,2645.0,2620.0,2550.0,16274138.0,65095025,3.99990617014554,0.9905482041587902,43045095010.0,165992313750.0,3.856242243429538,3.962099873641329,False
2020-03-20,004920,씨아이테크,KOSPI,2020-03-19,295.0,636.0,623.0,54212316.0,18070772,0.3333333333333333,2.1559322033898307,15992633220.0,11258090956.0,0.703954802259887,0.7186440677966102,False
2020-04-23,004920,씨아이테크,KOSPI,2020-04-22,1110.0,1110.0,1140.0,18070772.0,24070772,1.33202787351863,1.0,20058556920.0,27440680080.0,1.3680286268569712,1.33202787351863,False
2016-05-17,004990,롯데제과,KOSPI,2016-05-16,2498000.0,288500.0,260000.0,1421400.0,14214000,10.0,0.11549239391513211,3550657200000.0,3695640000000.0,1.0408326661329064,1.154923939151321,True
2017-10-30,004990,롯데지주,KOSPI,2017-10-27,166000.0,64000.0,70400.0,14214000.0,73683000,5.183832840861123,0.3855421686746988,2359524000000.0,5187283200000.0,2.1984447710639943,1.9985861555127222,False
2018-04-13,004990,롯데지주,KOSPI,2018-04-12,62900.0,63000.0,63700.0,73683000.0,113635914,1.5422270265868654,1.0015898251192368,4634660700000.0,7238607721800.0,1.561841996718336,1.544678897853299,False
2015-12-29,005030,부산주공,KOSPI,2015-12-28,1390.0,1370.0,1390.0,13949256.0,22600000,1.6201580930194412,0.9856115107913669,19389465840.0,31414000000.0,1.6201580930194412,1.5968464657817514,False
2018-07-12,005030,부산주공,KOSPI,2018-07-11,780.0,777.0,793.0,29349528.0,42349528,1.442937276538144,0.9961538461538462,22892631840.0,33583175704.0,1.4669862311471131,1.4373875177822282,False
2020-12-30,005030,부산주공,KOSPI,2020-12-29,682.0,682.0,719.0,44849517.0,56849517,1.2675614098586614,1.0,30587370594.0,40874802723.0,1.3363294042351577,1.2675614098586614,False
2019-11-13,005070,코스모신소재,KOSPI,2019-11-12,7430.0,7390.0,7240.0,19747965.0,29247965,1.4810622259053021,0.9946164199192463,146727379950.0,211755266600.0,1.4431884946910347,1.4730888088075615,False
2020-11-19,005090,에스지씨에너지,KOSPI,2020-11-18,39850.0,36500.0,36750.0,4854418.0,14677004,3.023432263146684,0.9159347553324969,193448557300.0,539379897000.0,2.7882342702795646,2.7692666902096357,False
2020-10-07,005110,한창,KOSPI,2020-10-06,1145.0,1115.0,1160.0,34790269.0,66790269,1.919797429562847,0.9737991266375546,39834858005.0,77476712040.0,1.9449476142296092,1.8694970602293228,False
2017-10-30,005300,롯데칠성,KOSPI,2017-10-27,1354000.0,1351000.0,1300000.0,1237203.0,799346,0.646091223509804,0.9977843426883308,1675172862000.0,1039149800000.0,0.6203239221290585,0.6446597067664291,False
2019-05-03,005300,롯데칠성,KOSPI,2019-05-02,1731000.0,176000.0,165500.0,799346.0,7993460,10.0,0.10167533217793183,1383667926000.0,1322917630000.0,0.9560947429231658,1.0167533217793183,True
2017-10-30,005305,롯데칠성우,KOSPI,2017-10-27,776000.0,729000.0,627000.0,120000.0,77531,0.6460916666666666,0.9394329896907216,93120000000.0,48611937000.0,0.522035405927835,0.6069598260309278,False
2019-05-03,005305,롯데칠성우,KOSPI,2019-05-02,795000.0,84000.0,78200.0,77531.0,775310,10.0,0.10566037735849057,61637145000.0,60629242000.0,0.9836477987421384,1.0566037735849056,True
2017-06-02,005320,국동,KOSPI,2017-06-01,5380.0,5270.0,5210.0,6180444.0,12144815,1.9650392431352828,0.9795539033457249,33250788720.0,63274486150.0,1.9029469250436475,1.924861860840695,False
2019-07-05,005320,국동,KOSPI,2019-07-04,1770.0,1760.0,1805.0,14047495.0,27547495,1.9610254354957948,0.9943502824858758,24864066150.0,49723228475.0,1.999802774615768,1.949946195747231,False
2015-06-17,005360,모나미,KOSPI,2015-06-16,3245.0,3200.0,3180.0,13897307.0,18897307,1.3597819347302322,0.9861325115562404,45096761215.0,60093436260.0,1.3325443921239255,1.3409251744643276,False
2019-12-24,005420,코스모화학,KOSPI,2019-12-23,5550.0,5410.0,5680.0,16110825.0,26110825,1.6207006779603155,0.9747747747747748,89415078750.0,148309486000.0,1.6586630361828094,1.5798181383360914,False
2019-07-23,005670,푸드웰,KOSDAQ,2019-07-22,7140.0,7040.0,6830.0,8000000.0,10000000,1.25,0.9859943977591037,57120000000.0,68300000000.0,1.1957282913165266,1.2324929971988796,False
2016-05-20,005720,넥센,KOSPI,2016-05-19,80800.0,9500.0,8160.0,5088017.0,50880170,10.0,0.11757425742574257,411111773600.0,415182187200.0,1.00990099009901,1.1757425742574257,True
2016-05-20,005725,넥센우,KOSPI,2016-05-19,49250.0,6400.0,4805.0,360060.0,3600600,10.0,0.1299492385786802,17732955000.0,17300883000.0,0.9756345177664975,1.2994923857868022,False
2016-05-17,005740,크라운제과,KOSPI,2016-05-16,495000.0,64300.0,64300.0,1473524.0,14735240,10.0,0.1298989898989899,729394380000.0,947475932000.0,1.298989898989899,1.2989898989898991,False
2017-04-11,005740,크라운해태홀딩스,KOSPI,2017-04-10,33200.0,17750.0,23050.0,14735240.0,9725700,0.6600299689723411,0.5346385542168675,489209968000.0,224177385000.0,0.45824369833772477,0.35287746835117634,False
2017-11-02,005740,크라운해태홀딩스,KOSPI,2017-11-01,18250.0,18250.0,17750.0,9725700.0,14847347,1.5266096013654544,1.0,177494025000.0,263540409250.0,1.4847846807800995,1.5266096013654544,False
2016-05-17,005745,크라운제우,KOSPI,2016-05-16,245000.0,31850.0,31850.0,91015.0,910150,10.0,0.13,22298675000.0,28988277500.0,1.3,1.3,False
2017-04-11,005745,크라운해태홀딩스우,KOSPI,2017-04-10,22300.0,15500.0,20150.0,910150.0,600726,0.6600296654397627,0.695067264573991,20296345000.0,12104628900.0,0.596394518323373,0.45876501409490233,False
2019-04-16,005850,에스엘,KOSPI,2019-04-15,23750.0,23900.0,24250.0,33865090.0,48203277,1.4233913744212698,1.0063157894736843,804295887500.0,1168929467250.0,1.4533575086196124,1.4323812146807726,False
2016-12-22,005860,한일사료,KOSDAQ,2016-12-21,2995.0,2895.0,3060.0,31930685.0,39403685,1.2340381986794207,0.9666110183639399,95632401575.0,120575276100.0,1.2608203298694582,1.1928349199255168,True
2020-10-12,005880,대한해운,KOSPI,2020-10-08,18100.0,1800.0,1725.0,24427109.0,244271090,10.0,0.09944751381215469,442130672900.0,421367630250.0,0.9530386740331491,0.9944751381215469,True
2018-05-04,005930,삼성전자,KOSPI,2018-05-03,2650000.0,53000.0,51900.0,128386494.0,6419324700,50.0,0.02,340224209100000.0,333162951930000.0,0.9792452830188679,1.0,True
2018-05-04,005935,삼성전자우,KOSPI,2018-05-03,2125000.0,42500.0,41050.0,18072580.0,903629000,50.0,0.02,38404232500000.0,37093970450000.0,0.9658823529411765,1.0,True
2015-01-20,005940,NH투자증권,KOSPI,2015-01-19,11000.0,10850.0,10900.0,199253863.0,281408887,1.4123133311598581,0.9863636363636363,2191792493000.0,3067356868300.0,1.3994741190584048,1.3930545130076781,False
2020-08-14,005950,이수화학,KOSPI,2020-08-13,8570.0,8590.0,8320.0,15278000.0,23076742,1.5104556879172666,1.0023337222870479,130932460000.0,191998493440.0,1.466393386636133,1.5139806720197573,False
2015-09-04,005960,동부건설,KOSPI,2015-09-03,483.0,7250.0,9420.0,50040163.0,8310753,0.16608165325120944,15.010351966873706,24169398729.0,78287293260.0,3.23910801993042,2.4929440705409287,False
2016-11-04,005960,동부건설,KOSPI,2016-11-03,10500.0,14800.0,12800.0,8562574.0,20784485,2.4273641313932,1.4095238095238096,89907027000.0,266041408000.0,2.959072464936473,3.4214275375827965,False
2015-09-04,005965,동부건설우,KOSPI,2015-09-03,469.0,7040.0,9150.0,3342365.0,290886,0.08702999223603645,15.010660980810234,1567569185.0,2661606900.0,1.6979198911721398,1.30637770861769,False
2016-11-04,005965,동부건설우,KOSPI,2016-11-03,22200.0,33500.0,28450.0,290886.0,225732,0.7760153462181061,1.509009009009009,6457669200.0,6422075400.0,0.9944881351308611,1.1710141485723673,True
2016-08-19,005980,성지건설,KOSPI,2016-08-18,25900.0,3010.0,2700.0,9748164.0,97481640,10.0,0.11621621621621622,252477447600.0,263200428000.0,1.0424710424710424,1.1621621621621623,True
2017-10-20,005980,성지건설,KOSPI,2017-10-19,711.0,718.0,708.0,97481640.0,129127209,1.324631068988991,1.009845288326301,69309446040.0,91422063972.0,1.3190419083603455,1.3376724437891638,False
2018-01-24,005980,성지건설,KOSPI,2018-01-23,820.0,10000.0,8420.0,129127209.0,12912720,0.09999999303012892,12.195121951219512,105884311380.0,108725102400.0,1.0268291967240066,1.2195121101235236,False
2017-06-05,005990,매일홀딩스,KOSDAQ,2017-06-02,54000.0,26750.0,29150.0,13638144.0,6453176,0.47317112944400647,0.49537037037037035,736459776000.0,188110080400.0,0.2554247856165331,0.23439495764124393,False
2017-10-24,005990,매일홀딩스,KOSDAQ,2017-10-23,18600.0,18500.0,18700.0,6509517.0,13718304,2.107422716616302,0.9946236559139785,121077016200.0,256532284800.0,2.1187529462755292,2.0960924869570747,False
2015-07-02,006090,사조오양,KOSPI,2015-07-01,14200.0,14250.0,13700.0,4360000.0,9422739,2.161178669724771,1.0035211267605635,61912000000.0,129091524300.0,2.085080829241504,2.1687884537730975,False
2018-01-05,006120,SK디스커버리,KOSPI,2018-01-04,84200.0,52000.0,55500.0,22364135.0,10784283,0.48221328479728814,0.6175771971496437,1883060167000.0,598527706500.0,0.3178484240647208,0.2978039288534321,False
2018-04-30,006120,SK디스커버리,KOSPI,2018-04-27,42800.0,42850.0,42650.0,10784283.0,19037855,1.7653334023226208,1.0011682242990654,461567312400.0,811964515750.0,1.7591464861929855,1.7673957076991658,False
2018-01-05,006125,SK디스커버리우,KOSPI,2018-01-04,40500.0,25000.0,26250.0,2817125.0,1358455,0.482213249323335,0.6172839506172839,114093562500.0,35659443750.0,0.3125456245614208,0.2976624995823055,False
2018-10-19,006140,피제이전자,KOSDAQ,2018-10-18,5080.0,4935.0,4845.0,10000000.0,15000000,1.5,0.9714566929133859,50800000000.0,72675000000.0,1.4306102362204725,1.4571850393700787,False
2015-05-14,006200,한국전자홀딩스,KOSPI,2015-05-13,1375.0,1375.0,1320.0,28748702.0,36500195,1.2696293210037797,1.0,39529465250.0,48180257400.0,1.2188441481636283,1.2696293210037797,False
2018-11-27,006220,제주은행,KOSPI,2018-11-26,4935.0,4975.0,4910.0,22128774.0,32128774,1.4519003176588092,1.0081053698074975,109205499690.0,157752280340.0,1.4445451995349046,1.463668506657057,False
2016-10-28,006390,현대시멘트,KOSPI,2016-10-27,30200.0,29650.0,29900.0,10485141.0,14243268,1.3584240784172574,0.9817880794701986,316651258200.0,425873713200.0,1.3449297994925826,1.3336845670553537,False
2015-08-25,006490,인스코비,KOSPI,2015-08-24,1285.0,1285.0,1275.0,62238505.0,75367969,1.2109540388221085,1.0,79976478925.0,96094160475.0,1.201530271983026,1.2109540388221085,False
2017-05-26,006580,대양제지,KOSDAQ,2017-05-25,24700.0,2395.0,2315.0,2685000.0,26850000,10.0,0.09696356275303644,66319500000.0,62157750000.0,0.937246963562753,0.9696356275303644,True
2017-12-19,006730,서부T&D,KOSDAQ,2017-12-18,14600.0,14200.0,14050.0,37765492.0,47169454,1.2490093866644183,0.9726027397260274,551376183200.0,662730828700.0,1.2019576631941835,1.2147899514133385,False
2015-02-25,006740,영풍제지,KOSPI,2015-02-24,22800.0,2175.0,2150.0,2220000.0,22200000,10.0,0.09539473684210527,50616000000.0,47730000000.0,0.9429824561403509,0.9539473684210527,True
2017-01-20,006800,미래에셋대우,KOSPI,2017-01-19,8710.0,8500.0,8690.0,326700891.0,666316408,2.039530427849369,0.9758897818599311,2845564760610.0,5790289585520.0,2.034847235133297,1.9903569043306126,False
2016-08-29,006910,보성파워텍,KOSDAQ,2016-08-26,9600.0,9450.0,10700.0,37854719.0,45854719,1.2113342856936806,0.984375,363405302400.0,490645493300.0,1.3501330059294148,1.1924071874797169,False
2017-10-13,007120,미래아이앤지,KOSPI,2017-10-12,499.0,498.0,491.0,63587319.0,103587319,1.6290562431166504,0.9979959919839679,31730072181.0,50861373629.0,1.6029391089584675,1.6257916013468776,False
2019-05-17,007120,미래아이앤지,KOSPI,2019-05-16,455.0,362.0,346.0,103587319.0,129484148,1.2499999927597316,0.7956043956043956,47132230145.0,44801515208.0,0.950549445043664,0.9945054887451051,True
2015-05-22,007280,한국특수형강,KOSPI,2015-05-21,29850.0,2895.0,2685.0,1000000.0,10000000,10.0,0.09698492462311557,29850000000.0,26850000000.0,0.8994974874371859,0.9698492462311558,True
2016-10-31,007280,한국특수형강,KOSPI,2016-10-28,1520.0,0.0,1520.0,10000000.0,18020878,1.8020878,0.0,15200000000.0,27391734560.0,1.8020878,0.0,False
2019-01-08,007280,한국특수형강,KOSPI,2019-01-07,2395.0,2420.0,2360.0,18020878.0,32353490,1.7953337234734068,1.010438413361169,43160002810.0,76354236400.0,1.7690971137357996,1.814074159000269,False
2020-10-16,007280,한국특수형강,KOSPI,2020-10-15,1910.0,1900.0,1830.0,32353490.0,53242476,1.6456486147244085,0.9947643979057592,61795165900.0,97433731080.0,1.5767209240553233,1.6370326533907729,False
2017-11-29,007340,디티알오토모티브,KOSPI,2017-11-28,24400.0,39500.0,36800.0,23727020.0,9994005,0.42120776228957535,1.6188524590163935,578939288000.0,367779384000.0,0.6352641660760808,0.6818732217392716,False
2016-01-08,007460,나라케이아이씨,KOSPI,2016-01-07,2825.0,2765.0,2820.0,13022966.0,15967028,1.2260669343681,0.9787610619469026,36789878950.0,45027018960.0,1.2238969043957673,1.200026574700105,False
2017-12-08,007460,나라케이아이씨,KOSPI,2017-12-07,11550.0,11650.0,11700.0,18767034.0,49774786,2.6522457411224383,1.0086580086580086,216759242700.0,582364996200.0,2.6866904910071456,2.6752089077122427,False
2019-01-08,007460,에이프로젠 KIC,KOSPI,2019-01-07,3350.0,3190.0,3435.0,49774786.0,91901849,1.846353473021461,0.9522388059701492,166745533100.0,315682851315.0,1.8932012477100653,1.7581694265487942,False
2018-05-21,007530,영신금속,KOSDAQ,2018-05-18,2550.0,2520.0,2530.0,6292968.0,12832968,2.0392552449019288,0.9882352941176471,16047068400.0,32467409040.0,2.023261086118384,2.015264006726612,False
2016-08-09,007540,샘표,KOSPI,2016-08-08,64800.0,39150.0,50800.0,4444000.0,2159857,0.48601642664266426,0.6041666666666666,287971200000.0,109720735600.0,0.38101287767665654,0.293634924429943,False
2017-02-02,007540,샘표,KOSPI,2017-02-01,38000.0,37650.0,37050.0,2159857.0,2875800,1.3314770376001746,0.9907894736842106,82074566000.0,106548390000.0,1.2981901116601702,1.3192134333064887,False
2016-08-05,007630,아이카이스트랩,KOSPI,2016-08-04,6430.0,6750.0,7990.0,12525198.0,15549976,1.2414954238647564,1.0497667185069985,80537023140.0,124244308240.0,1.5426980461398763,1.3032805771519607,False
2018-01-18,007630,암니스,KOSPI,2018-01-17,24000.0,23000.0,24300.0,18955681.0,24274822,1.2806093328960326,0.9583333333333334,454936344000.0,589878174600.0,1.296616949557233,1.2272506106920313,False
2018-02-08,007630,암니스,KOSPI,2018-02-07,14500.0,14100.0,15400.0,24274822.0,31469066,1.2963664985885375,0.9724137931034482,351984919000.0,484623616400.0,1.3768306260871364,1.2606046641447157,False
2015-06-30,007820,신흥기계,KOSDAQ,2015-06-29,9150.0,9050.0,8870.0,7665429.0,15329745,1.9998548026470535,0.9890710382513661,70138675350.0,135974838150.0,1.9386570600523896,1.977998466006102,False
2017-01-24,007820,에스엠코어,KOSDAQ,2017-01-23,13900.0,13900.0,14500.0,15329745.0,20000000,1.3046531432845099,1.0,213083455500.0,290000000000.0,1.3609691063039853,1.3046531432845099,False
2015-01-05,007860,서연,KOSPI,2015-01-02,12300.0,12300.0,12100.0,12387416.0,22485004,1.8151488575179844,1.0,152365216800.0,272068548400.0,1.7856342419485862,1.8151488575179844,False
2017-09-19,008040,사조동아원,KOSPI,2017-09-18,1680.0,1675.0,1670.0,65180349.0,141144600,2.1654471349946287,0.9970238095238095,109502986320.0,235711482000.0,2.1525575687148986,2.1590023518547636,False
2018-12-19,008060,대덕전자,KOSPI,2018-12-18,9720.0,9600.0,9380.0,48796300.0,78006972,1.5986247317931892,0.9876543209876543,474300036000.0,731705397360.0,1.5427057596934275,1.5788886239932731,False
2020-05-21,008060,대덕,KOSPI,2020-05-20,8210.0,8250.0,7940.0,78006972.0,28590047,0.3665063040775381,1.004872107186358,640437240120.0,227004973180.0,0.3544531125914315,0.36829196207547976,False
2020-05-21,00806K,대덕1우,KOSPI,2020-05-20,6500.0,7000.0,6340.0,3307876.0,1212357,0.3665061810055758,1.0769230769230769,21501194000.0,7686343380.0,0.3574844903962078,0.39469896415985084,False
2015-06-18,008560,메리츠종금증권,KOSPI,2015-06-17,6510.0,6470.0,6350.0,311782377.0,378594328,1.214290338161095,0.9938556067588326,2029703274270.0,2404073982800.0,1.1844460287746472,1.206829260814483,False
2015-09-07,008560,메리츠종금증권,KOSPI,2015-09-04,4300.0,4300.0,4130.0,378644328.0,496638534,1.3116228008042419,1.0,1628170610400.0,2051117145420.0,1.2597679458887252,1.3116228008042419,False
2017-05-12,008560,메리츠종금증권,KOSPI,2017-05-11,4465.0,4430.0,4430.0,496638534.0,605641072,1.219480629346413,0.9921612541993281,2217491054310.0,2682989948960.0,1.2099214306841233,1.2099214306841233,False
2016-03-04,008800,행남자기,KOSDAQ,2016-03-03,11600.0,1360.0,1505.0,6230778.0,62307780,10.0,0.11724137931034483,72277024800.0,93773208900.0,1.2974137931034482,1.1724137931034482,True
2018-04-20,008800,행남사,KOSDAQ,2018-04-19,247.0,2730.0,3545.0,113863050.0,11386305,0.1,11.052631578947368,28124173350.0,40364451225.0,1.4352226720647774,1.105263157894737,False
2018-09-19,008800,행남사,KOSDAQ,2018-09-18,3310.0,3345.0,3325.0,11386305.0,25351084,2.2264539725573838,1.0105740181268883,37688669550.0,84292354300.0,2.2365436431278853,2.249996537221888,False
2018-12-07,008800,행남사,KOSDAQ,2018-12-06,2935.0,2890.0,2900.0,25351084.0,31881850,1.2576128894527745,0.9846678023850085,74405431540.0,92457365000.0,1.2426158021850242,1.2383309201085242,False
2019-11-13,008800,행남사,KOSDAQ,2019-11-12,1770.0,0.0,1770.0,32244023.0,45628344,1.4150946362989507,0.0,57071920710.0,80762168880.0,1.4150946362989507,0.0,False
2019-04-30,008830,대동기어,KOSDAQ,2019-04-29,38700.0,3700.0,3525.0,898752.0,8987520,10.0,0.09560723514211886,34781702400.0,31681008000.0,0.9108527131782945,0.9560723514211886,True
2015-02-24,008900,티이씨앤코,KOSPI,2015-02-23,1305.0,1260.0,1305.0,5242217.0,16242217,3.0983488474437437,0.9655172413793104,6841093185.0,21196093185.0,3.0983488474437437,2.9915092320146495,False
2018-12-27,008970,동양철관,KOSPI,2018-12-26,1415.0,1415.0,1545.0,88885290.0,118885290,1.3375136650845152,1.0,125772685350.0,183677773050.0,1.4603947791912197,1.3375136650845152,False
2018-07-17,009160,SIMPAC,KOSPI,2018-07-16,3655.0,3595.0,3515.0,29084925.0,65429516,2.249602362736022,0.9835841313269493,106305400875.0,229984748740.0,2.163434283178418,2.212673185782763,False
2015-07-24,009180,한솔로지스틱스,KOSPI,2015-07-23,3880.0,4310.0,5600.0,48003452.0,16477425,0.3432550017444579,1.1108247422680413,186253393760.0,92273580000.0,0.4954195901466402,0.3812961488450035,False
2018-11-21,009180,한솔로지스틱스,KOSPI,2018-11-20,1415.0,1380.0,1415.0,16477425.0,27477425,1.6675800375362049,0.9752650176678446,23315556375.0,38880556375.0,1.6675800375362049,1.6263324747702919,False
2016-01-06,009190,대양금속,KOSPI,2016-01-05,585.0,3300.0,2900.0,61589669.0,12317933,0.1999999870108086,5.641025641025641,36029956365.0,35722005700.0,0.9914529270621281,1.1282050549327665,True
2020-01-22,009190,대양금속,KOSPI,2020-01-21,4250.0,4280.0,4400.0,12317933.0,21039932,1.7080732619669226,1.0070588235294118,52351215250.0,92575700800.0,1.7683582006245786,1.7201302496984539,False
2020-05-12,009190,대양금속,KOSPI,2020-05-11,2710.0,2730.0,2600.0,22239932.0,29565939,1.3294077967504576,1.007380073800738,60270215720.0,76871441400.0,1.2754465946683358,1.3392189244017523,False
2016-02-24,009310,참엔지니어링,KOSPI,2016-02-23,1430.0,0.0,1430.0,40409849.0,49189958,1.2172764614883862,0.0,57786084070.0,70341639940.0,1.2172764614883862,0.0,False
2020-09-22,009410,태영건설,KOSPI,2020-09-21,21600.0,10800.0,9520.0,76400000.0,38899098,0.509150497382199,0.5,1650240000000.0,370319412960.0,0.22440336736474695,0.2545752486910995,False
2020-09-22,009415,태영건설우,KOSPI,2020-09-21,32500.0,16250.0,11400.0,2557480.0,1302142,0.5091504136884746,0.5,83118100000.0,14844418800.0,0.17859429895534185,0.2545752068442373,False
2015-08-18,009420,한올바이오파마,KOSPI,2015-08-17,10850.0,10850.0,10500.0,42034756.0,51534756,1.2260034529521238,1.0,456077102600.0,541114938000.0,1.186454954469797,1.2260034529521238,False
2017-05-10,009540,현대중공업,KOSPI,2017-05-08,165000.0,157000.0,180500.0,76000000.0,56665426,0.7455977105263157,0.9515151515151515,12540000000000.0,10228109393000.0,0.8156387075757576,0.7094475185007975,False
2018-03-27,009540,현대중공업,KOSPI,2018-03-26,147500.0,147000.0,146500.0,56665426.0,69165426,1.2205930649846346,0.9966101694915255,8358150335000.0,10132734909000.0,1.2123178577643998,1.2164554613745173,False
2017-12-28,009620,삼보산업,KOSDAQ,2017-12-27,8490.0,8350.0,8160.0,1400000.0,2750000,1.9642857142857142,0.983510011778563,11886000000.0,22440000000.0,1.8879353861686017,1.9318946659936058,False
2018-01-08,009620,삼보산업,KOSDAQ,2018-01-05,7690.0,7600.0,8100.0,2750000.0,4125000,1.5,0.988296488946684,21147500000.0,33412500000.0,1.5799739921976592,1.482444733420026,False
2019-05-20,009620,삼보산업,KOSDAQ,2019-05-17,7640.0,1525.0,1835.0,4125000.0,20625000,5.0,0.19960732984293195,31515000000.0,37846875000.0,1.2009162303664922,0.9980366492146597,True
2019-07-22,009620,삼보산업,KOSDAQ,2019-07-19,1850.0,1865.0,1975.0,20625000.0,25119378,1.2179092363636363,1.008108108108108,38156250000.0,49610771550.0,1.300200400982801,1.227784176117936,False
2019-12-27,009620,삼보산업,KOSDAQ,2019-12-26,644.0,649.0,644.0,25810821.0,37810821,1.4649212824342162,1.0077639751552796,16622168724.0,24350168724.0,1.4649212824342162,1.4762948948754757,False
2019-02-20,009730,코센,KOSDAQ,2019-02-19,2355.0,2385.0,2320.0,41732387.0,56732387,1.3594330705310482,1.0127388535031847,98279771385.0,131619137840.0,1.3392291820093554,1.3767506892639279,False
2020-09-24,009730,코센,KOSDAQ,2020-09-23,181.0,0.0,905.0,120066527.0,24013305,0.19999999666851362,0.0,21732041387.0,21732041025.0,0.9999999833425681,0.0,False
2020-11-04,009730,코센,KOSDAQ,2020-11-03,905.0,0.0,905.0,24013305.0,29170165,1.2147501145719009,0.0,21732041025.0,26398999325.0,1.2147501145719009,0.0,False
2016-05-18,009780,엠에스씨,KOSDAQ,2016-05-17,106500.0,13000.0,13800.0,880000.0,8800000,10.0,0.12206572769953052,93720000000.0,121440000000.0,1.295774647887324,1.2206572769953052,False
2018-05-09,009780,엠에스씨,KOSDAQ,2018-05-08,6190.0,5900.0,6140.0,8800000.0,17600000,2.0,0.9531502423263328,54472000000.0,108064000000.0,1.9838449111470113,1.9063004846526657,False
2016-10-11,009810,고려포리머,KOSPI,2016-10-10,1115.0,1085.0,1130.0,35857536.0,66257536,1.8477994695452582,0.9730941704035875,39981152640.0,74871015680.0,1.8726577583732213,1.7980828918893321,False
2020-11-24,009810,엔케이물산,KOSPI,2020-11-23,397.0,740.0,696.0,83578428.0,41789210,0.49999995214076054,1.8639798488664987,33180635916.0,29085290160.0,0.8765742234004266,0.9319898352245914,True
2018-01-04,010050,우리종금,KOSPI,2018-01-03,506.0,506.0,521.0,474203406.0,674203406,1.4217599398685044,1.0,239946923436.0,351259974526.0,1.4639069736590729,1.4217599398685044,False
2020-11-17,010050,우리종금,KOSPI,2020-11-16,530.0,532.0,530.0,674203406.0,874203406,1.296646380335848,1.0037735849056604,357327805180.0,463327805180.0,1.296646380335848,1.3015393855446624,False
2018-05-04,010100,한국프랜지,KOSPI,2018-05-03,11000.0,2115.0,2200.0,6090084.0,30450420,5.0,0.19227272727272726,66990924000.0,66990924000.0,1.0,0.9613636363636363,True
2016-11-28,010140,삼성중공업,KOSPI,2016-11-25,8570.0,8450.0,8760.0,230875386.0,390000000,1.6892229473089002,0.9859976662777129,1978602058020.0,3416400000000.0,1.7266736310882107,1.6655698838693356,False
2018-05-04,010140,삼성중공업,KOSPI,2018-05-03,7260.0,7190.0,7420.0,390000000.0,630000000,1.6153846153846154,0.990358126721763,2831400000000.0,4674600000000.0,1.6509853782581054,1.5998092816274634,False
2017-11-03,010170,대한광통신,KOSDAQ,2017-11-02,3550.0,3560.0,3720.0,46962073.0,59741625,1.2721249549609959,1.0028169014084507,166715359150.0,222238845000.0,1.3330436147760294,1.2757084055383507,False
2018-06-21,010170,대한광통신,KOSDAQ,2018-06-20,6450.0,6400.0,6470.0,59741625.0,73741625,1.2343424705973431,0.9922480620155039,385333481250.0,477108313750.0,1.2381698891108233,1.2247739243136428,False
2018-05-25,010240,흥국,KOSDAQ,2018-05-24,7140.0,6020.0,6170.0,6161348.0,12322696,2.0,0.8431372549019608,43992024720.0,76031034320.0,1.7282913165266107,1.6862745098039216,False
2016-09-23,010420,한솔PNS,KOSPI,2016-09-22,1690.0,1900.0,1750.0,27590997.0,20493012,0.7427427142266733,1.1242603550295858,46628784930.0,35862771000.0,0.7691122780453717,0.8350361875921178,True
2016-11-11,010580,지코,KOSPI,2016-11-10,735.0,722.0,755.0,27712680.0,41712680,1.505183908593467,0.9823129251700681,20368819800.0,31493073400.0,1.5461412938613164,1.478561608169365,False
2018-08-03,010600,웰바이오텍,KOSPI,2018-08-02,8180.0,8370.0,9500.0,15249884.0,23165374,1.5190524727925798,1.0232273838630808,124744051120.0,220071053000.0,1.7641807446857591,1.554336087686295,False
2019-01-11,010600,웰바이오텍,KOSPI,2019-01-10,5390.0,5600.0,5290.0,28866830.0,36936513,1.2795486376578238,1.0389610389610389,155592213700.0,195394153770.0,1.255809330836714,1.3294011819821545,False
2018-12-26,010620,현대미포조선,KOSPI,2018-12-24,61300.0,58500.0,58200.0,20000000.0,39942149,1.99710745,0.9543230016313213,1226000000000.0,2324633071800.0,1.8961118040783034,1.905885576264274,False
2019-05-15,010660,화천기계,KOSPI,2019-05-14,22500.0,2060.0,2020.0,2200000.0,22000000,10.0,0.09155555555555556,49500000000.0,44440000000.0,0.8977777777777778,0.9155555555555556,True
2015-02-12,011000,진원생명과학,KOSPI,2015-02-11,1585.0,8500.0,9100.0,77925486.0,15834530,0.20320091426827933,5.3627760252365935,123511895310.0,144094223000.0,1.16664247308602,1.0897209913440848,True
2017-11-28,011000,진원생명과학,KOSPI,2017-11-27,6480.0,6410.0,6320.0,16174063.0,21174063,1.309136918781632,0.9891975308641975,104807928240.0,133820078160.0,1.2768125504166534,1.2949950076219539,False
2020-02-07,011000,진원생명과학,KOSPI,2020-02-06,3245.0,3170.0,3315.0,21926157.0,32926157,1.5016839020171204,0.9768875192604006,71150379465.0,109150210455.0,1.5340776995953018,1.4669762617547832,False
2020-07-16,011000,진원생명과학,KOSPI,2020-07-15,9330.0,9080.0,8700.0,33118808.0,44618808,1.3472347193171927,0.9732047159699893,308998478640.0,388183629600.0,1.256263886180019,1.3111351823579969,False
2018-05-15,011040,경동제약,KOSDAQ,2018-05-14,24950.0,11550.0,11750.0,13275000.0,26550000,2.0,0.46292585170340683,331211250000.0,311962500000.0,0.9418837675350702,0.9258517034068137,True
2019-05-24,011160,두산건설,KOSPI,2019-05-23,1160.0,1160.0,1145.0,73326089.0,324657148,4.427580311831441,1.0,85058263240.0,371732434460.0,4.370327118143965,4.427580311831441,False
2015-03-25,011200,현대상선,KOSPI,2015-03-24,9390.0,9330.0,9580.0,169273229.0,204273229,1.2067663044343533,0.9936102236421726,1589475620310.0,1956937533820.0,1.2311843659724286,1.1990553376328559,True
2016-05-09,011200,현대상선,KOSPI,2016-05-04,2000.0,14450.0,13900.0,229492265.0,32784609,0.14285714161215848,7.225,458984530000.0,455706065100.0,0.9928571342045014,1.032142848147845,True
2016-08-05,011200,현대상선,KOSPI,2016-08-04,7100.0,7200.0,7380.0,32784609.0,184077336,5.614748554725786,1.0140845070422535,232770723900.0,1358490739680.0,5.836175258292437,5.693829520285304,False
2017-12-27,011200,현대상선,KOSPI,2017-12-26,4760.0,4800.0,4970.0,191805827.0,311805827,1.6256327134420165,1.0084033613445378,912995736520.0,1549674960190.0,1.697351803740929,1.6392934925465712,False
2017-12-19,011230,삼화전자,KOSPI,2017-12-18,2065.0,5800.0,4940.0,14273820.0,4757940,0.3333333333333333,2.8087167070217918,29475438300.0,23504223600.0,0.7974172719935432,0.9362389023405973,True
2018-02-01,011230,삼화전자,KOSPI,2018-01-31,6950.0,6760.0,7020.0,4757940.0,10457940,2.1979974526791004,0.9726618705035971,33067683000.0,73414738800.0,2.220135556519034,2.1379083136849952,False
2015-05-26,011330,유니켐,KOSPI,2015-05-22,896.0,910.0,942.0,46338186.0,63317872,1.3664296655894126,1.015625,41519014656.0,59645435424.0,1.4365811885995834,1.387780129114247,False
2015-06-16,011330,유니켐,KOSPI,2015-06-15,714.0,770.0,777.0,63317872.0,81171396,1.2819665828314635,1.0784313725490196,45208960608.0,63070174692.0,1.3950812813165925,1.3825129814849115,False
2015-07-21,011330,유니켐,KOSPI,2015-07-20,890.0,0.0,1780.0,82517006.0,41258503,0.5,0.0,73440135340.0,73440135340.0,1.0,0.0,False
2015-10-02,011420,IB월드와이드,KOSPI,2015-10-01,3400.0,3420.0,3415.0,19622424.0,27469644,1.3999108367039668,1.0058823529411764,66716241600.0,93808834260.0,1.4060869139247196,1.408145606331637,False
2016-10-06,011690,유양디앤유,KOSPI,2016-10-05,3615.0,3640.0,3710.0,37372340.0,46144269,1.234717146424334,1.0069156293222683,135101009100.0,171195237990.0,1.2671647616139086,1.2432559925268536,False
2015-10-23,011760,현대상사,KOSPI,2015-10-22,36950.0,32500.0,32750.0,22329802.0,13228966,0.592435436731593,0.8795669824086604,825086183900.0,433248636500.0,0.5250950081991792,0.5210866493579641,False
2015-01-12,011810,STX,KOSPI,2015-01-09,375.0,4110.0,4725.0,268607348.0,29845260,0.11111110780186102,10.96,100727755500.0,141018853500.0,1.399999958303449,1.2177777415083968,False
2016-12-16,011810,STX,KOSPI,2016-12-15,2060.0,2020.0,1890.0,29879710.0,47331670,1.5840739418153658,0.9805825242718447,61552202600.0,89456856300.0,1.453349393218952,1.5533152244985626,False
2017-04-03,011810,STX,KOSPI,2017-03-31,2385.0,0.0,2385.0,47334308.0,178624308,3.7736752800949365,0.0,112892324580.0,426018974580.0,3.7736752800949365,0.0,False
2017-12-15,011810,STX,KOSPI,2017-12-14,2385.0,0.0,23850.0,178624308.0,17862430,0.09999999552132624,0.0,426018974580.0,426018955500.0,0.9999999552132625,0.0,False
2015-01-07,011930,신성솔라에너지,KOSPI,2015-01-06,1030.0,1020.0,1055.0,56318310.0,71822185,1.2752901321080126,0.9902912621359223,58007859300.0,75772405175.0,1.3062437760912167,1.2629086745147309,False
2016-05-31,011930,신성솔라에너지,KOSPI,2016-05-30,1615.0,1605.0,1610.0,75525800.0,100525800,1.3310127135363015,0.9938080495356038,121974167000.0,161846538000.0,1.3268919311414522,1.322771148746603,False
2017-01-02,011930,신성솔라에너지,KOSPI,2016-12-29,2210.0,2160.0,2140.0,100525800.0,172993713,1.7208886972299648,0.9773755656108597,222162018000.0,370206545820.0,1.6663809104398755,1.6819545638084723,False
2016-05-18,012030,동부,KOSPI,2016-05-17,8050.0,884.0,888.0,18212632.0,182126320,10.0,0.10981366459627329,146611687600.0,161728172160.0,1.1031055900621118,1.0981366459627329,True
2016-04-21,012160,영흥철강,KOSPI,2016-04-20,2610.0,2575.0,2595.0,78389202.0,94826509,1.209688408360121,0.9865900383141762,204595817220.0,246074790855.0,1.202736176128166,1.1934665331522265,True
2020-09-29,012170,키위미디어그룹,KOSPI,2020-09-28,150.0,0.0,600.0,197284650.0,76356919,0.38703933124041834,0.0,29592697500.0,45814151400.0,1.5481573249616734,0.0,False
2020-11-05,012170,키위미디어그룹,KOSPI,2020-11-04,600.0,0.0,1485.0,66180931.0,37011498,0.559247164413568,0.0,39708558600.0,54962074530.0,1.3841367319235809,0.0,False
2017-05-12,012320,경동인베스트,KOSPI,2017-05-11,72200.0,75700.0,59600.0,3484800.0,1912032,0.5486776859504132,1.048476454293629,251602560000.0,113957107200.0,0.45292507039674,0.5752756347153225,False
2017-08-25,012320,경동인베스트,KOSPI,2017-08-24,54700.0,55500.0,54500.0,1912032.0,2365023,1.2369160139579254,1.0146252285191957,104588150400.0,128893753500.0,1.2323934691171285,1.2550061933211127,False
2016-08-11,012340,뉴인텍,KOSDAQ,2016-08-10,1430.0,1425.0,1440.0,38125160.0,49125160,1.2885233793117197,0.9965034965034965,54518978800.0,70740230400.0,1.2975340323138995,1.2840180528106298,False
2019-10-08,012340,뉴인텍,KOSDAQ,2019-10-07,490.0,1400.0,1515.0,54133507.0,18044502,0.3333333271757176,2.857142857142857,26525418430.0,27337420530.0,1.0306122258596166,0.9523809347877646,True
2019-11-21,012340,뉴인텍,KOSDAQ,2019-11-20,1485.0,1400.0,1500.0,18044502.0,30044502,1.6650225093493851,0.9427609427609428,26796085470.0,45066753000.0,1.6818409185347325,1.569718190632417,False
2018-06-12,012630,HDC,KOSPI,2018-06-11,46400.0,34500.0,32850.0,75384180.0,31445960,0.41714269492617684,0.7435344827586207,3497825952000.0,1032999786000.0,0.29532623983458856,0.310159977908472,False
2018-10-11,012630,HDC,KOSPI,2018-10-10,19650.0,18950.0,18700.0,31445960.0,59741721,1.8998218213086833,0.9643765903307888,617913114000.0,1117170182700.0,1.807972929184345,1.832143690269697,False
2020-01-21,012790,신일제약,KOSDAQ,2020-01-20,8330.0,8220.0,7850.0,7900000.0,10902000,1.38,0.9867947178871549,65807000000.0,85580700000.0,1.3004801920768307,1.3617767106842738,False
2020-01-13,012860,모베이스전자,KOSDAQ,2020-01-10,1175.0,1145.0,1160.0,27000000.0,52000000,1.9259259259259258,0.9744680851063829,31725000000.0,60320000000.0,1.9013396375098504,1.8767533490937744,False
2019-06-07,013000,세우글로벌,KOSPI,2019-06-05,1905.0,1915.0,1940.0,23690705.0,28705031,1.2116579477056508,1.005249343832021,45130793025.0,55687760140.0,1.2339193798157284,1.2180183568799585,False
2015-12-01,013120,동원개발,KOSDAQ,2015-11-30,44400.0,4390.0,4050.0,9080810.0,90808100,10.0,0.09887387387387388,403187964000.0,367772805000.0,0.9121621621621622,0.9887387387387387,True
2018-04-04,013310,아진산업,KOSDAQ,2018-04-03,3810.0,3370.0,3390.0,13221397.0,22871397,1.7298774857150119,0.884514435695538,50373522570.0,77534035830.0,1.53918232980942,1.53010160809963,False
2018-04-11,013310,아진산업,KOSDAQ,2018-04-10,3135.0,3140.0,3260.0,22871397.0,29732585,1.2999898956762457,1.0015948963317385,71701829595.0,96928227100.0,1.3518236235740226,1.3020632447921567,False
2017-05-18,013360,일성건설,KOSPI,2017-05-17,15950.0,1750.0,1370.0,5340364.0,53403640,10.0,0.109717868338558,85178805800.0,73162986800.0,0.8589341692789969,1.09717868338558,True
2017-05-18,013367,일성건설2우B,KOSPI,2017-05-17,104000.0,12000.0,9580.0,62124.0,621240,10.0,0.11538461538461539,6460896000.0,5951479200.0,0.9211538461538461,1.153846153846154,True
2017-05-18,013520,화승알앤에이,KOSPI,2017-05-17,41050.0,3820.0,3730.0,6456121.0,64561210,10.0,0.0930572472594397,265023767050.0,240813313300.0,0.9086479902557856,0.930572472594397,True
2015-01-15,013570,디와이,KOSPI,2015-01-14,7560.0,6580.0,5650.0,31665308.0,20623600,0.6512995231248027,0.8703703703703703,239389728480.0,116523340000.0,0.48675162773216074,0.5668718071641801,False
2015-10-23,013570,디와이,KOSPI,2015-10-22,6000.0,6000.0,6180.0,20623600.0,26319633,1.276190044415136,1.0,123741600000.0,162655331940.0,1.3144757457475902,1.276190044415136,False
2018-05-08,013700,까뮤이앤씨,KOSPI,2018-05-04,16200.0,1595.0,1465.0,4515228.0,45152280,10.0,0.09845679012345679,73146693600.0,66148090200.0,0.904320987654321,0.9845679012345678,True
2018-04-30,014130,한익스프레스,KOSPI,2018-04-27,66000.0,6350.0,6010.0,1200000.0,12000000,10.0,0.09621212121212121,79200000000.0,72120000000.0,0.9106060606060606,0.962121212121212,True
2017-11-10,014190,원익큐브,KOSDAQ,2017-11-09,1935.0,1905.0,1905.0,27399906.0,35399906,1.291971804574804,0.9844961240310077,53018818110.0,67436820930.0,1.2719412339612413,1.2719412339612413,False
2016-04-22,014200,광림,KOSDAQ,2016-04-21,10850.0,10900.0,10900.0,19119243.0,24249243,1.268316062513563,1.0046082949308757,207443786550.0,264316748700.0,1.2741608369951922,1.2741608369951924,False
2016-05-18,014200,광림,KOSDAQ,2016-05-17,10800.0,7020.0,7020.0,24249243.0,48498486,2.0,0.65,261891824400.0,340459371720.0,1.3,1.3,False
2019-05-07,014280,금강공업,KOSPI,2019-05-03,24350.0,4620.0,4625.0,4855964.0,24279820,5.0,0.18973305954825462,118242723400.0,112294167500.0,0.9496919917864476,0.9486652977412731,True
2019-05-07,014285,금강공업우,KOSPI,2019-05-03,76500.0,13500.0,12850.0,117975.0,589875,5.0,0.17647058823529413,9025087500.0,7579893750.0,0.8398692810457516,0.8823529411764707,True
2015-09-04,014470,부방,KOSDAQ,2015-09-03,16750.0,8450.0,6240.0,35038960.0,24352683,0.6950172893259389,0.5044776119402985,586902580000.0,151960741920.0,0.25891987375485725,0.35062066237636913,False
2015-12-23,014470,부방,KOSDAQ,2015-12-22,4400.0,4410.0,4355.0,24352683.0,36227481,1.4876176477146277,1.0022727272727272,107151805200.0,157770679755.0,1.4724033763175461,1.490998596913979,False
2016-08-18,014470,부방,KOSDAQ,2016-08-17,5330.0,5330.0,5240.0,36227481.0,47293490,1.3054589691179466,1.0,193092473730.0,247817887600.0,1.2834155718908145,1.3054589691179466,False
2019-09-16,014470,부방,KOSDAQ,2019-09-11,3230.0,3210.0,3230.0,47293490.0,60052260,1.269778567832486,0.9938080495356038,152757972700.0,193968799800.0,1.269778567832486,1.2619161618397152,False
2016-05-16,014530,극동유화,KOSPI,2016-05-13,42000.0,4250.0,3950.0,3486942.0,34869420,10.0,0.10119047619047619,146451564000.0,137734209000.0,0.9404761904761905,1.0119047619047619,True
2015-05-13,014580,백광소재,KOSPI,2015-05-12,29100.0,2850.0,2790.0,2758310.0,27583100,10.0,0.0979381443298969,80266821000.0,76956849000.0,0.9587628865979382,0.979381443298969,True
2015-08-18,014830,유니드,KOSPI,2015-08-17,56100.0,56100.0,55700.0,6585069.0,8889843,1.3499999772211955,1.0,369422370900.0,495164255100.0,1.3403743089344133,1.3499999772211955,False
2015-05-07,014940,오리엔탈정공,KOSDAQ,2015-05-06,510.0,2490.0,2120.0,180664016.0,36132803,0.19999999889297268,4.882352941176471,92138648160.0,76601542360.0,0.8313725444178472,0.9764705828303961,True
2019-10-11,015230,대창단조,KOSPI,2019-10-10,26100.0,25900.0,26400.0,2000000.0,2857223,1.4286115,0.9923371647509579,52200000000.0,75430687200.0,1.4450323218390804,1.417664285440613,False
2020-12-07,015230,대창단조,KOSPI,2020-12-04,35950.0,7190.0,6740.0,2857223.0,14286115,5.0,0.2,102717166850.0,96288415100.0,0.9374130737134909,1.0,True
2018-03-08,015260,에이엔피,KOSPI,2018-03-07,755.0,746.0,777.0,48684868.0,82784868,1.7004229733148295,0.9880794701986755,36757075340.0,64323842436.0,1.7499717222061226,1.6801530305865733,False
2020-10-22,015260,에이엔피,KOSPI,2020-10-21,165.0,1280.0,1150.0,82784868.0,11826409,0.14285713422892696,7.757575757575758,13659503220.0,13600370350.0,0.9956709355349455,1.1082250412910697,True
2020-12-24,015260,에이엔피,KOSPI,2020-12-23,1415.0,1380.0,1540.0,11826409.0,21826409,1.8455652091856454,0.9752650176678446,16734368735.0,33612669860.0,2.0086010050501018,1.7999151863435976,False
2015-02-13,015540,핫텍,KOSPI,2015-02-12,2880.0,2925.0,2910.0,20625512.0,25119124,1.217866688594203,1.015625,59401474560.0,73096650840.0,1.230552799933726,1.2368958556034875,False
2016-10-06,015540,핫텍,KOSPI,2016-10-05,855.0,9090.0,8730.0,30491965.0,3049196,0.09999998360223751,10.631578947368421,26070630075.0,26619481080.0,1.0210524641491618,1.0631577204027356,True
2016-03-22,015590,대경기계,KOSPI,2016-03-21,888.0,890.0,894.0,54739890.0,70739890,1.2922914167346702,1.0022522522522523,48609022320.0,63241461660.0,1.301023115496391,1.2952019829885772,False
2017-03-24,015590,대경기계,KOSPI,2017-03-23,668.0,665.0,679.0,70739890.0,90739890,1.2827259132011655,0.9955089820359282,47254246520.0,61612385310.0,1.3038486453047775,1.2769651680819987,False
2017-12-15,015590,대경기계,KOSPI,2017-12-14,660.0,660.0,658.0,90739890.0,112739890,1.2424512526960303,1.0,59888327400.0,74182847620.0,1.238686248899982,1.2424512526960303,False
2020-07-28,015590,큐로,KOSPI,2020-07-27,717.0,701.0,692.0,162294028.0,227211638,1.3999999926060125,0.9776847977684798,116364818076.0,157230453496.0,1.351185487982372,1.3687587096468825,False
2018-07-09,015750,성우하이텍,KOSDAQ,2018-07-06,4320.0,4320.0,4305.0,60000000.0,80000000,1.3333333333333333,1.0,259200000000.0,344400000000.0,1.3287037037037037,1.3333333333333333,False
2020-12-08,016250,SGC이테크건설,KOSDAQ,2020-12-07,106100.0,58900.0,57900.0,2800000.0,1581383,0.5647796428571429,0.5551366635249765,297080000000.0,91562075700.0,0.3082067985054531,0.3135298865625421,False
2015-03-04,016380,동부제철,KOSPI,2015-03-03,1680.0,7310.0,6670.0,60649364.0,20000488,0.3297724276218296,4.351190476190476,101890931520.0,133403254960.0,1.3092750549033356,1.434902646378318,False
2016-05-25,016380,동부제철,KOSPI,2016-05-24,4635.0,27000.0,18900.0,20000488.0,25000122,1.2499756005953455,5.825242718446602,92702261880.0,472502305800.0,5.0969878859227675,7.281411265603954,False
2019-09-19,016380,동부제철,KOSPI,2019-09-18,6000.0,20000.0,16600.0,27233424.0,100008897,3.672285093493936,3.3333333333333335,163400544000.0,1660147690200.0,10.159988758666556,12.240950311646454,False
2015-03-04,016385,동부제철우,KOSPI,2015-03-03,1840.0,9980.0,8490.0,2565350.0,641337,0.24999980509482136,5.423913043478261,4720244000.0,5444951130.0,1.1535317093777355,1.3559772037208246,False
2016-05-25,016385,동부제철우,KOSPI,2016-05-24,8250.0,43900.0,31300.0,641337.0,160334,0.24999961018933883,5.321212121212121,5291030250.0,5018454200.0,0.9484833695668249,1.3303009560378152,False
2019-09-19,016385,동부제철우,KOSPI,2019-09-18,27200.0,92500.0,90200.0,160156.0,53385,0.33333125202927144,3.400735294117647,4356243200.0,4815327000.0,1.1053852548911869,1.133571353408368,True
2017-07-31,016600,큐캐피탈,KOSDAQ,2017-07-28,976.0,984.0,1005.0,94296053.0,134101053,1.4221279548148213,1.0081967213114753,92032947728.0,134771558265.0,1.4643838059312453,1.4337847413296967,False
2020-07-28,016670,포비스티앤씨,KOSDAQ,2020-07-27,955.0,949.0,979.0,43259394.0,86559394,2.000938663172212,0.993717277486911,41312721270.0,84741646726.0,2.0512240327179008,1.9883673207857895,False
2018-09-13,016740,두올,KOSPI,2018-09-12,3925.0,3865.0,3770.0,18235986.0,27066680,1.4842454913049397,0.9847133757961783,71576245050.0,102041383600.0,1.425631975087802,1.4615563882531444,False
2017-01-06,016880,웅진,KOSPI,2017-01-05,2780.0,2780.0,2780.0,60070918.0,72677207,1.2098567729562582,1.0,166997152040.0,202042635460.0,1.2098567729562582,1.2098567729562582,False
2017-11-10,016920,카스,KOSDAQ,2017-11-09,1465.0,1430.0,1495.0,16174112.0,21474112,1.3276841411757259,0.9761092150170648,23695074080.0,32103797440.0,1.354872212326082,1.2959647248336437,False
2015-05-26,017000,신원종합개발,KOSDAQ,2015-05-22,385.0,4425.0,4425.0,100680278.0,10068027,0.09999999205405452,11.493506493506494,38761907030.0,44551019475.0,1.1493505580238734,1.1493505580238734,True
2016-07-29,017180,명문제약,KOSPI,2016-07-28,6180.0,6100.0,6330.0,18730000.0,23220000,1.2397223705285638,0.9870550161812298,115751400000.0,146982600000.0,1.2698127193278008,1.2236741845023043,False
2020-07-08,017180,명문제약,KOSPI,2020-07-07,5640.0,5710.0,5360.0,25921079.0,33001079,1.2731367779867497,1.0124113475177305,146194885560.0,176885783440.0,1.2099314060299606,1.288938120975947,False
2016-08-03,017650,대림제지,KOSDAQ,2016-08-02,8100.0,1570.0,1345.0,9000000.0,45000000,5.0,0.19382716049382717,72900000000.0,60525000000.0,0.8302469135802469,0.9691358024691359,True
2020-07-08,017650,대림제지,KOSDAQ,2020-07-07,1600.0,8450.0,7630.0,45000000.0,9000000,0.2,5.28125,72000000000.0,68670000000.0,0.95375,1.0562500000000001,True
2015-01-30,017680,데코앤이,KOSDAQ,2015-01-29,1050.0,1055.0,1080.0,37444310.0,49925740,1.3333331552911512,1.0047619047619047,39316525500.0,53919799200.0,1.3714283882994696,1.3396823607925377,False
2018-01-10,017680,데코앤이,KOSDAQ,2018-01-09,579.0,571.0,575.0,74583126.0,91826074,1.231191006930978,0.9861830742659758,43183629954.0,52799992550.0,1.222685369577396,1.2141797322238141,False
2019-07-09,017680,데코앤이,KOSDAQ,2019-07-08,182.0,0.0,1460.0,116684922.0,14585615,0.1249999978574781,0.0,21236655804.0,21294997900.0,1.0027472355599891,0.0,False
2015-08-03,017800,현대엘리베이,KOSPI,2015-07-31,79700.0,80100.0,79900.0,19632513.0,24632513,1.2546795715861745,1.0050188205771644,1564711286100.0,1968137788700.0,1.2578280774119868,1.260976583237799,False
2020-07-22,017800,현대엘리베이,KOSPI,2020-07-21,50000.0,48800.0,48100.0,25567334.0,38351001,1.5,0.976,1278366700000.0,1844683148100.0,1.443,1.464,False
2019-05-07,017810,풀무원,KOSPI,2019-05-03,129000.0,12800.0,13150.0,3809095.0,38090950,10.0,0.09922480620155039,491373255000.0,500895992500.0,1.0193798449612403,0.9922480620155039,True
2015-12-28,018000,유니슨,KOSDAQ,2015-12-24,1535.0,1505.0,1490.0,41854738.0,57854738,1.382274522898698,0.9804560260586319,64247022830.0,86203559620.0,1.3417518170156741,1.3552593856433488,False
2016-01-08,018290,지엠피,KOSDAQ,2016-01-07,325.0,1190.0,1545.0,61397542.0,20132514,0.32790423434215005,3.6615384615384614,19954201150.0,31104734130.0,1.558806283257298,1.2006339657451033,False
2016-01-15,018290,지엠피,KOSDAQ,2016-01-14,1510.0,1520.0,1325.0,20132514.0,41144514,2.043684857241376,1.0066225165562914,30400096140.0,54516481050.0,1.7932996263873,2.057219194044299,False
2016-03-23,018290,지엠피,KOSDAQ,2016-03-22,1070.0,7980.0,7160.0,41144514.0,8228902,0.19999998055633858,7.457943925233645,44024629980.0,58918938320.0,1.338317626900359,1.4915886400369924,False
2016-09-13,018290,지엠피,KOSDAQ,2016-09-12,4010.0,3950.0,3985.0,9228902.0,17431721,1.8888185181725843,0.9850374064837906,37007897020.0,69465408185.0,1.8770428416253737,1.860556894459279,False
2019-11-08,018290,브이티지엠피,KOSDAQ,2019-11-07,9500.0,9630.0,9900.0,27199868.0,37597086,1.3822525168136846,1.0136842105263157,258398746000.0,372211151400.0,1.4404526227847871,1.4011675512542927,False
2016-08-24,018310,삼목에스폼,KOSDAQ,2016-08-23,16600.0,16500.0,16600.0,9800000.0,14700000,1.5,0.9939759036144579,162680000000.0,244020000000.0,1.5,1.4909638554216869,False
2018-03-30,018500,동원금속,KOSPI,2018-03-29,1445.0,1435.0,1445.0,35954933.0,46754933,1.3003760290695021,0.9930795847750865,51954878185.0,67560878185.0,1.3003760290695021,1.291376886999817,False
2019-03-08,018620,우진비앤지,KOSDAQ,2019-03-07,1860.0,1835.0,1770.0,16217013.0,25967013,1.6012204590327455,0.9865591397849462,30163644180.0,45961613010.0,1.5237420497247094,1.579698678669402,False
2015-08-19,018700,바른손,KOSDAQ,2015-08-18,827.0,2920.0,2575.0,33366570.0,11122190,0.3333333333333333,3.5308343409915355,27594153390.0,28639639250.0,1.0378879484079,1.1769447803305118,True
2020-04-16,018700,바른손,KOSDAQ,2020-04-14,3500.0,3595.0,3610.0,16908765.0,29471487,1.7429709975861631,1.0271428571428571,59180677500.0,106392068070.0,1.7977500860817284,1.7902802103777875,False
2016-02-16,018880,한온시스템,KOSPI,2016-02-15,52500.0,10600.0,10200.0,106760000.0,533800000,5.0,0.2019047619047619,5604900000000.0,5444760000000.0,0.9714285714285714,1.0095238095238095,True
2019-05-15,019010,베뉴지,KOSDAQ,2019-05-14,20900.0,2070.0,1985.0,4820000.0,48200000,10.0,0.09904306220095693,100738000000.0,95677000000.0,0.9497607655502392,0.9904306220095693,True
2016-04-19,019570,제미니투자,KOSDAQ,2016-04-18,1425.0,1450.0,1390.0,24413570.0,39033451,1.5988424060880895,1.0175438596491229,34789337250.0,54256496890.0,1.5595725926052242,1.626892272861565,False
2019-02-28,019570,제미니투자,KOSDAQ,2019-02-27,820.0,820.0,814.0,42763818.0,52864828,1.2362045877194594,1.0,35066330760.0,43031969992.0,1.227159188297122,1.2362045877194594,False
2019-01-08,019590,엠벤처투자,KOSDAQ,2019-01-07,587.0,0.0,1160.0,118480095.0,60142180,0.5076142114842159,0.0,69547815765.0,69764928800.0,1.0031217807865256,0.0,False
2016-01-07,019660,베리타스,KOSDAQ,2016-01-06,5340.0,5350.0,5090.0,18663047.0,28001047,1.5003470226485525,1.0018726591760299,99660670980.0,142525329230.0,1.4301060571687514,1.5031566612677443,False
2016-07-11,019990,에너토크,KOSDAQ,2016-07-08,4040.0,4050.0,4130.0,7804870.0,9756088,1.2500000640625661,1.0024752475247525,31531674800.0,40292643440.0,1.2778466001431679,1.2530941236270774,False
2019-05-08,020400,대동금속,KOSDAQ,2019-05-07,57800.0,10900.0,10700.0,480000.0,2400000,5.0,0.18858131487889274,27744000000.0,25680000000.0,0.9256055363321799,0.9429065743944637,True
2017-05-17,021040,대호피앤씨,KOSDAQ,2017-05-16,970.0,969.0,969.0,50112826.0,73112826,1.4589643377924846,0.9989690721649485,48609441220.0,70846328394.0,1.4574602508463066,1.4574602508463068,False
2016-06-21,021050,서원,KOSPI,2016-06-20,1735.0,1730.0,1690.0,27974590.0,47474590,1.6970611544262133,0.9971181556195965,48535913650.0,80232057100.0,1.6530451590664554,1.692170488275129,False
2018-01-04,021650,한국큐빅,KOSDAQ,2018-01-03,2450.0,2430.0,2570.0,9890000.0,14590000,1.4752275025278059,0.9918367346938776,24230500000.0,37496300000.0,1.5474835434679433,1.463184829037783,False
2015-11-05,021880,씨엑스씨종합캐피탈,KOSDAQ,2015-11-04,1180.0,1165.0,1100.0,20634874.0,27634874,1.3392315358940403,0.9872881355932204,24349151320.0,30398361400.0,1.2484361775283428,1.322207406200472,False
2015-12-14,021880,씨엑스씨종합캐피탈,KOSDAQ,2015-12-11,1915.0,1040.0,670.0,28633874.0,57267748,2.0,0.5430809399477807,54833868710.0,38369391160.0,0.6997389033942559,1.0861618798955615,False
2016-05-04,021880,씨엑스씨종합캐피탈,KOSDAQ,2016-05-03,585.0,595.0,615.0,57267748.0,73267748,1.2793893693881588,1.017094017094017,33501632580.0,45059665020.0,1.3449990806388337,1.3012592731383836,False
2015-07-17,023430,인테그레이티드에너지,KOSDAQ,2015-07-16,444.0,441.0,450.0,108333884.0,135769576,1.2532512542428553,0.9932432432432432,48100244496.0,61096309200.0,1.270187082002894,1.2447833403628359,False
2016-09-23,023430,아이이,KOSDAQ,2016-09-22,1040.0,1030.0,984.0,139256447.0,199102071,1.4297511913398164,0.9903846153846154,144826704880.0,195916437864.0,1.3527645887292108,1.4160035837307798,False
2016-10-25,023430,아이이,KOSDAQ,2016-10-24,834.0,834.0,798.0,199102071.0,280368949,1.4081669145470617,1.0,166051127214.0,223734421302.0,1.347382731185318,1.4081669145470617,False
2017-11-23,023430,아이이,KOSDAQ,2017-11-22,332.0,0.0,3320.0,290713647.0,29071364,0.09999999759213231,0.0,96516930804.0,96516928480.0,0.9999999759213231,0.0,False
2015-08-19,023440,제일제강,KOSDAQ,2015-08-18,1845.0,1760.0,1785.0,14014055.0,22014055,1.5708554733087603,0.9539295392953929,25855931475.0,39295088175.0,1.519770742469451,1.498485437953072,False
2016-08-17,023450,동남합성,KOSPI,2016-08-16,69900.0,69100.0,70500.0,1273345.0,1546666,1.2146480333295375,0.9885550786838341,89006815500.0,109039953000.0,1.2250741967057568,1.2007464821612452,False
2019-03-29,023450,동남합성,KOSPI,2019-03-28,26300.0,25000.0,24300.0,1320922.0,3621788,2.741863637671263,0.9505703422053232,34740248600.0,88009448400.0,2.5333568971639426,2.606334256341505,False
2015-07-29,023760,한국캐피탈,KOSDAQ,2015-07-28,758.0,753.0,741.0,121998856.0,168209576,1.3787799452807983,0.9934036939313984,92475132848.0,124643295816.0,1.347857439911704,1.3696850907604763,False
2019-11-28,023760,한국캐피탈,KOSDAQ,2019-11-27,522.0,521.0,524.0,168209576.0,315609576,1.8762878042091968,0.9980842911877394,87805398672.0,165379417824.0,1.8834766463709178,1.8726933831283363,False
2020-06-08,023770,플레이위드,KOSDAQ,2020-06-05,13800.0,13350.0,12900.0,4263337.0,8516949,1.9977189229938894,0.967391304347826,58834050600.0,109868642100.0,1.8674329062768968,1.932575914635393,False
2016-12-09,023900,풍국주정,KOSDAQ,2016-12-08,7860.0,7710.0,7620.0,8400000.0,12600000,1.5,0.9809160305343512,66024000000.0,96012000000.0,1.4541984732824427,1.4713740458015268,False
2018-04-11,023960,에쓰씨엔지니어링,KOSPI,2018-04-10,2945.0,2860.0,2810.0,11255382.0,22510762,1.9999998223072304,0.9711375212224108,33147099990.0,63255241220.0,1.908319015512162,1.9422748698807057,False
2018-03-16,024740,한일단조,KOSDAQ,2018-03-15,1875.0,1875.0,1855.0,17891328.0,29891328,1.6707160027472527,1.0,33546240000.0,55448413440.0,1.652895032051282,1.6707160027472527,False
2015-02-10,024810,이화전기,KOSDAQ,2015-02-09,330.0,312.0,323.0,146248980.0,191248980,1.307694453663882,0.9454545454545454,48262163400.0,61773420540.0,1.2799554804043451,1.2363656652822157,False
2017-05-17,024810,이화전기,KOSDAQ,2017-05-16,434.0,440.0,455.0,245324860.0,368136860,1.500609681383289,1.0138248847926268,106470989240.0,167502271300.0,1.573219827256674,1.5213554373471134,False
2018-05-28,024810,이화전기,KOSDAQ,2018-05-25,388.0,443.0,486.0,368136860.0,498136860,1.3531295399216476,1.1417525773195876,142837101680.0,242094513960.0,1.6948993721698988,1.544939139652809,False
2018-07-03,024810,이화전기,KOSDAQ,2018-07-02,343.0,343.0,348.0,498136860.0,602032963,1.2085693939613302,1.0,170860942980.0,209507471124.0,1.2261870236109123,1.2085693939613302,False
2017-01-11,024840,갑을메탈,KOSDAQ,2017-01-10,730.0,3410.0,3660.0,106207480.0,21241496,0.2,4.671232876712328,77531460400.0,77743875360.0,1.0027397260273974,0.9342465753424657,True
2017-02-20,024840,갑을메탈,KOSDAQ,2017-02-17,2480.0,2460.0,2495.0,21241496.0,31241496,1.4707766345647217,0.9919354838709677,52678910080.0,77947532520.0,1.47967246098346,1.4589155326730707,False
2018-09-19,024910,경창산업,KOSDAQ,2018-09-18,2060.0,1990.0,2025.0,17560000.0,24029003,1.3683942482915719,0.9660194174757282,36173600000.0,48658731075.0,1.3451448314516663,1.3218954146117612,False
2018-10-04,024910,경창산업,KOSDAQ,2018-10-02,2040.0,1995.0,1985.0,24029003.0,35819005,1.49065714461811,0.9779411764705882,49019166120.0,71100724925.0,1.4504678588563473,1.4577750017221223,False
2015-05-22,025270,부산방직,KOSDAQ,2015-05-21,91400.0,10100.0,10500.0,800000.0,8000000,10.0,0.11050328227571116,73120000000.0,84000000000.0,1.148796498905908,1.1050328227571116,True
2016-09-23,025440,대성엘텍,KOSDAQ,2016-09-22,1045.0,1050.0,1045.0,68755006.0,99112148,1.441526279555557,1.0047846889952152,71848981270.0,103572194660.0,1.441526279555557,1.44842353448166,False
2019-12-27,025560,미래산업,KOSPI,2019-12-26,128.0,128.0,130.0,634818400.0,843218400,1.3282828601061343,1.0,81256755200.0,109618392000.0,1.3490372797952925,1.3282828601061343,False
2020-07-02,025560,미래산업,KOSPI,2020-07-01,79.0,3750.0,3700.0,843218400.0,16864368,0.02,47.46835443037975,66614253600.0,62398161600.0,0.9367088607594937,0.949367088607595,True
2016-05-23,025620,SWH,KOSPI,2016-05-20,570.0,2565.0,3330.0,71614065.0,23871355,0.3333333333333333,4.5,40820017050.0,79491612150.0,1.9473684210526316,1.5,False
2016-07-29,025620,제이준,KOSPI,2016-07-28,7110.0,7260.0,6980.0,23871355.0,46371350,1.9425520671113978,1.021097046413502,169725334050.0,323672023000.0,1.9070342374736367,1.9835341782318914,False
2017-12-19,025620,제이준코스메틱,KOSPI,2017-12-18,7580.0,19200.0,17100.0,66965622.0,26481470,0.3954487274082215,2.532981530343008,507599414760.0,452833137000.0,0.8921072874248797,1.001664322722672,True
2015-11-17,025850,한화화인케미칼,KOSPI,2015-11-16,9900.0,9960.0,9650.0,3800000.0,7500000,1.9736842105263157,1.006060606060606,37620000000.0,72375000000.0,1.9238437001594897,1.985645933014354,False
2016-08-12,025880,케이씨피드,KOSDAQ,2016-08-11,3460.0,3460.0,3465.0,12423613.0,16150696,1.2999999275573055,1.0,42985700980.0,55962161640.0,1.3018785401693826,1.2999999275573055,False
2019-04-19,025900,동화기업,KOSDAQ,2019-04-18,19100.0,18700.0,18500.0,14356756.0,20198382,1.4068903866583788,0.9790575916230366,274214039600.0,373670067000.0,1.3626948771298433,1.3774267136393552,False
2015-12-30,025980,에머슨퍼시픽,KOSDAQ,2015-12-29,43100.0,42500.0,43450.0,10991011.0,16464183,1.4979680213221513,0.9860788863109049,473712574100.0,715368751350.0,1.5101324948131665,1.477114638194697,False
2018-05-17,025980,아난티,KOSDAQ,2018-05-16,37700.0,9320.0,9400.0,16464183.0,82320915,5.0,0.24721485411140584,620699699100.0,773816601000.0,1.246684350132626,1.2360742705570291,False
2018-11-02,026150,특수건설,KOSDAQ,2018-11-01,4810.0,4815.0,5190.0,9994814.0,14994814,1.5002594345427538,1.001039501039501,48075055340.0,77823084660.0,1.6187830489141148,1.501818955784482,False
2017-04-28,026260,보타바이오,KOSDAQ,2017-04-27,1200.0,1285.0,1300.0,35934362.0,45663627,1.2707510154208388,1.0708333333333333,43121234400.0,59362715100.0,1.3766469333725753,1.360762545679815,False
2017-11-15,026260,카테아,KOSDAQ,2017-11-14,539.0,545.0,551.0,58336371.0,71952171,1.2334015600661892,1.0111317254174397,31443303969.0,39645646221.0,1.2608613350583864,1.2471314475622877,False
2018-07-19,026260,위너지스,KOSDAQ,2018-07-18,309.0,0.0,6180.0,89900189.0,4495009,0.049999994994448786,0.0,27779158401.0,27779155620.0,0.9999998998889758,0.0,False
2018-07-20,026260,위너지스,KOSDAQ,2018-07-19,6180.0,0.0,6180.0,4495009.0,6095008,1.355950121568166,0.0,27779155620.0,37667149440.0,1.355950121568166,0.0,False
2016-12-14,027410,BGF리테일,KOSPI,2016-12-13,86200.0,85300.0,88000.0,24773964.0,49547625,1.999987769417926,0.9895591647331786,2135515696800.0,4360191000000.0,2.041750855090226,1.9791062265817758,False
2017-12-08,027410,BGF,KOSPI,2017-12-07,79100.0,40750.0,28550.0,49547625.0,32263719,0.6511658025990146,0.5151706700379267,3919217137500.0,921129177450.0,0.2350288705967366,0.3354615228307187,False
2018-03-26,027410,BGF,KOSPI,2018-03-23,15250.0,15100.0,13550.0,32263719.0,95369179,2.9559264076159355,0.9901639344262295,492021714750.0,1292252375450.0,2.6264132998817,2.9268517216393852,False
2015-03-17,027580,상보,KOSDAQ,2015-03-16,6250.0,6160.0,6150.0,14431725.0,21647587,1.499999965354107,0.9856,90198281250.0,133132660050.0,1.4759999659084413,1.4783999658530078,False
2016-07-29,027580,상보,KOSDAQ,2016-07-28,4350.0,4310.0,4245.0,21647587.0,27147587,1.254069887789341,0.9908045977011494,94167003450.0,115241506815.0,1.2237992353254605,1.2425382106602436,False
2019-08-30,027580,상보,KOSDAQ,2019-08-29,1045.0,1055.0,1075.0,31681121.0,46681121,1.47346809476849,1.0095693779904307,33106771445.0,50182205075.0,1.515768614235528,1.4875682679241693,False
2019-12-13,027710,팜스토리,KOSDAQ,2019-12-12,1090.0,1085.0,1090.0,88347431.0,111416600,1.2611187302095972,0.9954128440366973,96298699790.0,121444094000.0,1.2611187302095972,1.2553337819058834,False
2016-11-07,027740,마니커,KOSPI,2016-11-04,713.0,709.0,702.0,83375477.0,116725477,1.3999977115573203,0.9943899018232819,59446715101.0,81941284854.0,1.378398868882523,1.3921435869483032,False
2020-10-12,027740,마니커,KOSPI,2020-10-08,680.0,740.0,719.0,158472594.0,198472594,1.2524095743646375,1.088235294117647,107761363920.0,142701795086.0,1.324238947012021,1.3629163015144583,False
2015-01-29,027970,세하,KOSPI,2015-01-28,407.0,2310.0,2030.0,63511730.0,12382950,0.19497107069827888,5.675675675675675,25849274110.0,25137388500.0,0.9724601314926441,1.1065925634226639,True
2015-04-03,027970,세하,KOSPI,2015-04-02,2570.0,2700.0,2600.0,12382950.0,19682220,1.589461315760784,1.0505836575875487,31824181500.0,51173772000.0,1.6080153389019605,1.669862082705882,False
2018-01-16,027970,세하,KOSPI,2018-01-15,1420.0,1430.0,1420.0,23499013.0,29562997,1.2580527105542687,1.0070422535211268,33368598460.0,41979455740.0,1.2580527105542687,1.2669122366849326,False
2020-08-14,027970,세하,KOSPI,2020-08-13,1385.0,1375.0,1350.0,29562997.0,57562997,1.947129954381824,0.9927797833935018,40944750845.0,77710045950.0,1.897924504271092,1.9330712543501862,False
2015-12-15,028040,파캔OPC,KOSDAQ,2015-12-14,885.0,2300.0,1890.0,38220798.0,12740266,0.3333333333333333,2.598870056497175,33825406230.0,24079102740.0,0.711864406779661,0.8662900188323917,True
2018-05-31,028040,미래SCI,KOSDAQ,2018-05-30,6440.0,6440.0,6360.0,23169387.0,27943337,1.2060455893805044,1.0,149210852280.0,177719623320.0,1.1910636565931692,1.2060455893805044,False
2016-02-26,028050,삼성엔지니어링,KOSPI,2016-02-25,9980.0,10300.0,9990.0,40000000.0,196000000,4.9,1.032064128256513,399200000000.0,1958040000000.0,4.904909819639278,5.057114228456914,False
2015-09-15,028260,삼성물산,KOSPI,2015-09-14,158500.0,154000.0,163000.0,135000000.0,189690043,1.4051114296296296,0.9716088328075709,21397500000000.0,30919477009000.0,1.4450041831522373,1.3652186761070217,False
2015-07-27,028670,팬오션,KOSPI,2015-07-24,3000.0,4500.0,4290.0,228560885.0,182401146,0.7980418259231014,1.5,685682655000.0,782500916340.0,1.141199811070035,1.197062738884652,True
2015-07-30,028670,팬오션,KOSPI,2015-07-29,4210.0,4210.0,4210.0,182401146.0,522919935,2.8668675963252994,1.0,767908824660.0,2201492926350.0,2.8668675963252994,2.8668675963252994,False
2017-12-05,029460,케이씨,KOSPI,2017-12-04,24000.0,20000.0,23200.0,33393384.0,13554044,0.4058901008654888,0.8333333333333334,801441216000.0,314453820800.0,0.3923604308366392,0.3382417507212407,False
2019-07-12,029480,바른테크놀로지,KOSDAQ,2019-07-11,1025.0,1030.0,1120.0,33935285.0,43935285,1.294678532978285,1.0048780487804878,34783667125.0,49207519200.0,1.4146731287177359,1.3009940380172036,False
2020-11-20,029480,릭스솔루션,KOSDAQ,2020-11-19,691.0,691.0,678.0,61935285.0,79488472,1.283411741788223,1.0,42797281935.0,53893184016.0,1.2592665136503838,1.283411741788223,False
2015-10-21,030270,가희,KOSDAQ,2015-10-20,20700.0,2520.0,2690.0,1240300.0,12403000,10.0,0.12173913043478261,25674210000.0,33364070000.0,1.2995169082125604,1.2173913043478262,False
2016-01-11,030270,가희,KOSDAQ,2016-01-08,1745.0,1685.0,1815.0,12403000.0,24803000,1.9997581230347496,0.9656160458452722,21643235000.0,45017445000.0,2.079977646594883,1.9309985314117781,False
2017-05-15,030270,에스마크,KOSDAQ,2017-05-12,2285.0,2230.0,2500.0,43960258.0,75355930,1.7141830696262064,0.975929978118162,100449189530.0,188389825000.0,1.8754738179717796,1.6729226456308273,False
2019-01-11,030270,에스마크,KOSDAQ,2019-01-10,76.0,1650.0,1620.0,151254026.0,7562701,0.04999999801658172,21.710526315789473,11495305976.0,12251575620.0,1.065789431406084,1.085526272728419,True
2016-05-02,030530,원익홀딩스,KOSDAQ,2016-04-29,11100.0,6770.0,8060.0,80500626.0,39227190,0.4872904963496806,0.6099099099099099,893556948600.0,316171151400.0,0.35383436041247074,0.29720330272858897,False
2016-08-10,030530,원익홀딩스,KOSDAQ,2016-08-09,8210.0,8180.0,8280.0,39227190.0,77237981,1.9689909218580275,0.9963459196102314,322055229900.0,639530482680.0,1.9857789077934798,1.9617960707428337,False
2020-07-09,030610,교보증권,KOSPI,2020-07-08,6690.0,6600.0,6590.0,36000000.0,64653296,1.7959248888888888,0.9865470852017937,240840000000.0,426065220640.0,1.7690799727619997,1.7717644643746884,False
2016-01-07,030790,동양네트웍스,KOSPI,2016-01-06,1250.0,1210.0,1230.0,31636187.0,52636187,1.6637968096471296,0.968,39545233750.0,64742510010.0,1.6371760606927757,1.6105553117384215,False
2017-07-14,030790,동양네트웍스,KOSPI,2017-07-13,2470.0,2430.0,2510.0,52734346.0,66918743,1.2689783428811272,0.9838056680161943,130253834620.0,167966044930.0,1.2895285994460037,1.2484280863162507,False
2020-01-10,030790,동양네트웍스,KOSPI,2020-01-09,281.0,285.0,300.0,105168111.0,148320079,1.410314187349053,1.0142348754448398,29552239191.0,44496023700.0,1.5056735096253235,1.4303898341440573,False
2020-03-02,030790,동양네트웍스,KOSPI,2020-02-28,317.0,6120.0,5700.0,148320079.0,5932803,0.039999998921251924,19.305993690851736,47017465043.0,33816977100.0,0.7192428828111544,0.7722397268077659,False
2020-05-15,030790,비케이탑스,KOSPI,2020-05-14,6000.0,5940.0,5950.0,5932803.0,10603880,1.7873305417355,0.99,35596818000.0,63093086000.0,1.7724361205543708,1.769457236318145,False
2016-08-19,031330,에스에이엠티,KOSDAQ,2016-08-18,1735.0,1725.0,1765.0,79996594.0,99995067,1.249991555890492,0.9942363112391931,138794090590.0,176491293255.0,1.2716052427358608,1.2427869936087024,False
2018-04-09,031820,콤텍시스템,KOSPI,2018-04-06,1045.0,1040.0,1050.0,31851466.0,47851466,1.502331666617794,0.9952153110047847,33284781970.0,50244039300.0,1.5095198564102237,1.4951434768253642,False
2019-10-29,031820,콤텍시스템,KOSPI,2019-10-28,1335.0,1320.0,1350.0,47851466.0,67851466,1.4179600265538364,0.9887640449438202,63881707110.0,91599479100.0,1.4338921616836549,1.4020278914240178,False
2020-04-27,031860,엔에스엔,KOSDAQ,2020-04-24,2010.0,1995.0,2140.0,26412885.0,32765970,1.2405297641662394,0.9925373134328358,53089898850.0,70119175800.0,1.3207630324953992,1.2312720793590286,False
2019-05-10,031980,피에스케이홀딩스,KOSDAQ,2019-05-09,16400.0,13900.0,11650.0,20331604.0,5566584,0.2737897118200807,0.8475609756097561,333438305600.0,64850703600.0,0.19449086235999635,0.23205347526214157,False
2020-02-21,031980,피에스케이홀딩스,KOSDAQ,2020-02-20,9100.0,8880.0,8660.0,5566584.0,21562395,3.8735416549898467,0.9758241758241758,50655914400.0,186730340700.0,3.6862495310123156,3.779895593001081,False
2015-03-26,032040,C&S자산관리,KOSDAQ,2015-03-25,7520.0,7700.0,7890.0,19132702.0,23665937,1.236936476614751,1.023936170212766,143877919040.0,186724242930.0,1.2977963830439343,1.266543998661381,False
2017-12-15,032040,C&S자산관리,KOSDAQ,2017-12-14,875.0,0.0,4375.0,32554841.0,6510968,0.19999999385652045,0.0,28485485875.0,28485485000.0,0.9999999692826023,0.0,False
2018-09-21,032040,C&S자산관리,KOSDAQ,2018-09-20,4375.0,0.0,6610.0,7348534.0,10913968,1.4851898351426285,0.0,32149836250.0,72141328480.0,2.2439096709240625,0.0,False
2015-11-18,032350,롯데관광개발,KOSPI,2015-11-17,15100.0,15450.0,15200.0,24613632.0,30263349,1.2295360960950419,1.0231788079470199,371665843200.0,460002904800.0,1.2376787192479892,1.2580352771303573,False
2016-09-08,032350,롯데관광개발,KOSPI,2016-09-07,9870.0,9400.0,9400.0,30263349.0,45395023,1.4999999834783653,0.9523809523809523,298699254630.0,426713216200.0,1.4285714128365383,1.4285714128365383,False
2018-11-01,032350,롯데관광개발,KOSPI,2018-10-31,11600.0,11450.0,11400.0,45696227.0,64300878,1.407137573962069,0.9870689655172413,530076233200.0,733030009200.0,1.3828765813075508,1.3889418294711802,False
2019-05-31,032500,케이엠더블유,KOSDAQ,2019-05-30,39600.0,38000.0,38400.0,18810000.0,37620000,2.0,0.9595959595959596,744876000000.0,1444608000000.0,1.9393939393939394,1.9191919191919191,False
2018-05-11,032620,유비케어,KOSDAQ,2018-05-10,5090.0,5130.0,5130.0,40286470.0,52197139,1.2956493582088477,1.0078585461689586,205058132300.0,267771323070.0,1.3058312785091137,1.3058312785091135,False
2015-01-09,032790,지아이블루,KOSDAQ,2015-01-08,705.0,4000.0,3760.0,39882737.0,7976547,0.19999998997059806,5.673758865248227,28117329585.0,29991816720.0,1.066666613176523,1.1347517161452372,True
2015-09-15,032790,엠젠,KOSDAQ,2015-09-14,4755.0,4835.0,5040.0,8368697.0,10502030,1.2549181790187887,1.0168243953732912,39793154235.0,52930231200.0,1.3301340951113976,1.2760314186237314,False
2017-09-01,032800,판타지오,KOSDAQ,2017-08-31,1420.0,1420.0,1425.0,49928143.0,72703943,1.4561715824279706,1.0,70897963060.0,103603118775.0,1.4612989471548297,1.4561715824279706,False
2015-08-24,032860,스틸앤리소시즈,KOSDAQ,2015-08-21,190.0,0.0,2280.0,75148335.0,16825074,0.22389150737671035,0.0,14278183650.0,38361168720.0,2.686698088520524,0.0,False
2016-04-29,032860,GMR 머티리얼즈,KOSDAQ,2016-04-28,2280.0,0.0,1480.0,17069859.0,59628259,3.4931898968819834,0.0,38919278520.0,88249823320.0,2.267509231309358,0.0,False
2020-10-23,032860,글로스퍼랩스,KOSDAQ,2020-10-22,407.0,4205.0,4400.0,73558840.0,7355884,0.1,10.331695331695332,29938447880.0,32365889600.0,1.0810810810810811,1.0331695331695332,True
2018-05-02,032940,원익,KOSDAQ,2018-04-30,4695.0,4655.0,4880.0,12634432.0,17934432,1.4194885848449696,0.9914802981895634,59318658240.0,87520028160.0,1.4754215748761346,1.4073949653787718,False
2019-03-20,032960,동일기연,KOSDAQ,2019-03-19,14650.0,14600.0,14500.0,6149683.0,3149683,0.5121699768914918,0.9965870307167235,90092855950.0,45670403500.0,0.5069259156946506,0.5104219564925447,False
2015-12-16,033250,체시스,KOSPI,2015-12-15,3380.0,3240.0,3605.0,16590525.0,24000000,1.4466088324510527,0.9585798816568047,56075974500.0,86520000000.0,1.542906757688179,1.3866901234146185,False
2015-04-16,033290,코웰패션,KOSDAQ,2015-04-15,1900.0,1900.0,1785.0,28886224.0,93064397,3.221757090854104,1.0,54883825600.0,166119948645.0,3.0267560037760926,3.221757090854104,False
2020-04-10,033340,좋은사람들,KOSDAQ,2020-04-09,2200.0,2210.0,2160.0,29908224.0,49908224,1.6687123916150957,1.0045454545454546,65798092800.0,107801763840.0,1.6383721663130029,1.676297447940619,False
2016-07-15,033430,코리드,KOSDAQ,2016-07-14,433.0,1030.0,1150.0,145515050.0,72757525,0.5,2.3787528868360277,63008016650.0,83671153750.0,1.327944572748268,1.1893764434180139,False
2016-07-20,033430,코리드,KOSDAQ,2016-07-19,999.0,973.0,924.0,72757525.0,92481390,1.2710903786240668,0.973973973973974,72684767475.0,85452804360.0,1.1756631730216593,1.2380089473485656,False
2017-04-11,033430,코리드,KOSDAQ,2017-04-10,503.0,0.0,5030.0,92481390.0,9248139,0.1,0.0,46518139170.0,46518139170.0,1.0,0.0,False
2018-07-16,033430,디에스티,KOSDAQ,2018-07-13,6760.0,1390.0,1385.0,9799973.0,48999865,5.0,0.20562130177514792,66247817480.0,67864813025.0,1.0244082840236686,1.0281065088757395,True
2017-09-28,033540,파라텍,KOSDAQ,2017-09-27,5050.0,4900.0,4945.0,11288163.0,16671620,1.476911699450123,0.9702970297029703,57005223150.0,82441160900.0,1.4462036344120512,1.4330430351100203,False
2018-10-12,033600,에이코넬,KOSDAQ,2018-10-11,6400.0,6290.0,4480.0,11887296.0,14454690,1.2159779650477283,0.9828125,76078694400.0,64757011200.0,0.8511845755334098,1.1950783437734704,True
2019-07-25,033600,럭슬,KOSDAQ,2019-07-24,723.0,723.0,656.0,21506084.0,26959869,1.2535926577800032,1.0,15548898732.0,17685674064.0,1.137422937072866,1.2535926577800032,False
2017-07-05,033790,서화정보통신,KOSDAQ,2017-07-04,5760.0,5810.0,6040.0,11411400.0,17117100,1.5,1.0086805555555556,65729664000.0,103387284000.0,1.5729166666666667,1.5130208333333335,False
2017-05-10,033830,티비씨,KOSDAQ,2017-05-08,9510.0,1075.0,876.0,10000000.0,100000000,10.0,0.11303890641430074,95100000000.0,87600000000.0,0.9211356466876972,1.1303890641430074,True
2019-05-29,034020,두산중공업,KOSPI,2019-05-28,6240.0,6200.0,5980.0,117146875.0,202146875,1.7255848694213993,0.9935897435897436,730996500000.0,1208838312500.0,1.6536854998621744,1.7145234279507493,False
2020-02-18,034020,두산중공업,KOSPI,2020-02-17,6020.0,6010.0,5800.0,202146875.0,246249720,1.2181722819113578,0.9983388704318937,1216924187500.0,1428248376000.0,1.1736543579876868,1.2161487399148274,False
2020-12-24,034020,두산중공업,KOSPI,2020-12-23,13100.0,12950.0,13350.0,253141480.0,374636810,1.4799503028899097,0.9885496183206107,3316153388000.0,5001401413500.0,1.5081936292809384,1.4630043070552925,False
2015-08-17,034730,SK,KOSPI,2015-08-13,310500.0,298500.0,298500.0,44000000.0,70360297,1.5990976590909092,0.961352657004831,13662000000000.0,21002548654500.0,1.5372967833772508,1.5372967833772508,False
2020-07-13,034810,해성산업,KOSDAQ,2020-07-10,13200.0,12700.0,12350.0,9780000.0,18118975,1.8526559304703476,0.9621212121212122,129096000000.0,223769341250.0,1.7333561167658176,1.782479569467683,False
2020-07-16,035080,인터파크,KOSDAQ,2020-07-15,2625.0,2510.0,2400.0,58500000.0,81189163,1.3878489401709402,0.9561904761904761,153562500000.0,194853991200.0,1.2688904595848596,1.327047938982499,False
2019-12-19,035290,더블유에프엠,KOSDAQ,2019-12-18,1175.0,0.0,11750.0,25701374.0,2570137,0.09999998443662973,0.0,30199114450.0,30199109750.0,0.9999998443662973,0.0,False
2018-10-12,035420,NAVER,KOSPI,2018-10-11,704000.0,138000.0,142000.0,32962679.0,164813395,5.0,0.19602272727272727,23205726016000.0,23403502090000.0,1.0085227272727273,0.9801136363636364,True
2019-10-22,035480,제이테크놀로지,KOSDAQ,2019-10-21,1475.0,0.0,7380.0,45529070.0,9105814,0.2,0.0,67155378250.0,67200907320.0,1.000677966101695,0.0,False
2018-07-18,035760,CJ ENM,KOSDAQ,2018-07-17,274700.0,265000.0,259600.0,6029198.0,21926384,3.636699939195893,0.9646887513651256,1656220690600.0,5692089286400.0,3.4367939723889838,3.5082835234325143,False
2015-01-09,036090,위지트,KOSDAQ,2015-01-08,880.0,880.0,875.0,39739513.0,61739513,1.553605173772512,1.0,34970771440.0,54022073875.0,1.5447778716488045,1.553605173772512,False
2015-09-14,036170,씨티엘,KOSDAQ,2015-09-11,2565.0,2535.0,2465.0,31992050.0,45068965,1.4087551438560517,0.9883040935672515,82059608250.0,111094998725.0,1.3538329160254063,1.3922784755068582,False
2017-05-24,036170,씨티엘,KOSDAQ,2017-05-23,1470.0,3200.0,2920.0,52509650.0,26254825,0.5,2.17687074829932,77189185500.0,76664089000.0,0.9931972789115646,1.08843537414966,True
2020-11-23,036180,에이프런티어,KOSDAQ,2020-11-20,1205.0,0.0,1205.0,22208634.0,27922908,1.2572996610237261,0.0,26761403970.0,33647104140.0,1.2572996610237261,0.0,False
2017-01-11,036200,유니셈,KOSDAQ,2017-01-10,6060.0,5980.0,6030.0,15770863.0,30664223,1.9443592275197623,0.9867986798679867,95571429780.0,184905264690.0,1.9347336867894664,1.91869111890564,False
2016-03-09,036220,인포피아,KOSDAQ,2016-03-08,5450.0,0.0,5450.0,8797060.0,10694594,1.2157009273552755,0.0,47943977000.0,58285537300.0,1.2157009273552755,0.0,False
2017-01-13,036260,이매진아시아,KOSDAQ,2017-01-12,2870.0,2920.0,2895.0,19813435.0,24910047,1.2572301067432274,1.0174216027874565,56864558450.0,72114586065.0,1.2681815885092835,1.2791330702753396,False
2017-06-16,036260,이매진아시아,KOSDAQ,2017-06-15,1840.0,1885.0,1880.0,24910047.0,33512198,1.3453285736474123,1.0244565217391304,45834486480.0,63002932240.0,1.3745748469875734,1.3782306311550936,False
2015-08-11,036420,제이콘텐트리,KOSDAQ,2015-08-10,5980.0,5900.0,6190.0,69330457.0,112330457,1.6202180377954238,0.9866220735785953,414596132860.0,695325528830.0,1.6771153267481058,1.598542880099164,False
2018-09-28,036420,제이콘텐트리,KOSDAQ,2018-09-27,6140.0,6220.0,6510.0,114068982.0,144068982,1.2629987528073143,1.013029315960912,700383549480.0,937889072820.0,1.3391077981719246,1.2794547626158788,False
2019-08-02,036420,제이콘텐트리,KOSDAQ,2019-08-01,4620.0,43500.0,42250.0,144068982.0,14406898,0.09999999861177612,9.415584415584416,665598696840.0,608691440500.0,0.9145021518068271,0.9415584284875025,True
2018-05-16,036480,대성미생물,KOSDAQ,2018-05-15,239300.0,22300.0,20000.0,380000.0,3800000,10.0,0.0931884663602173,90934000000.0,76000000000.0,0.8357709987463435,0.9318846636021729,True
2015-10-06,036540,STS반도체,KOSDAQ,2015-10-05,3090.0,3110.0,3090.0,70081952.0,99980586,1.4266238760016274,1.006472491909385,216553231680.0,308940010740.0,1.4266238760016274,1.4358576874967834,False
2016-01-04,036540,STS반도체,KOSDAQ,2015-12-30,2440.0,2440.0,2400.0,99980586.0,128688719,1.2871370747917001,1.0,243952629840.0,308852925600.0,1.2660364670082296,1.2871370747917001,False
2017-05-26,036620,버추얼텍,KOSDAQ,2017-05-25,1505.0,1480.0,1500.0,17461640.0,25461640,1.4581471156202968,0.9833887043189369,26279768200.0,38192460000.0,1.4533027730434853,1.4339254027362387,False
2018-12-21,036620,버추얼텍,KOSDAQ,2018-12-20,620.0,620.0,622.0,29610189.0,37610189,1.270177269047489,1.0,18358317180.0,23393537558.0,1.2742746150766744,1.270177269047489,False
2016-04-12,036630,세종텔레콤,KOSDAQ,2016-04-11,1305.0,1295.0,1200.0,200326126.0,300326126,1.4991860123127425,0.9923371647509579,261425594430.0,360391351200.0,1.3785618504025219,1.4876979968927215,False
2017-08-24,036630,세종텔레콤,KOSDAQ,2017-08-23,653.0,651.0,651.0,300326126.0,600326126,1.9989140938074765,0.996937212863706,196112960278.0,390812308026.0,1.992791845434406,1.9927918454344062,False
2015-08-07,036710,심텍홀딩스,KOSDAQ,2015-08-06,9460.0,4480.0,3900.0,33474236.0,15402829,0.4601398221605416,0.47357293868921774,316666272560.0,60071033100.0,0.1896982353515975,0.2179097677885017,False
2015-11-23,036710,심텍홀딩스,KOSDAQ,2015-11-20,2780.0,2690.0,2675.0,15402829.0,34895833,2.2655469978924003,0.9676258992805755,42819864620.0,93346353275.0,2.179977776748982,2.192201951198042,False
2020-08-06,036830,솔브레인홀딩스,KOSDAQ,2020-08-05,95900.0,46000.0,59800.0,17398271.0,9619705,0.5529115508086981,0.4796663190823775,1668494188900.0,575258359000.0,0.3447769628608983,0.2652130483545372,False
2020-12-30,036830,솔브레인홀딩스,KOSDAQ,2020-12-29,45600.0,45500.0,45100.0,9619705.0,20964056,2.1792826287292595,0.9978070175438597,438658548000.0,945478925600.0,2.155386985870386,2.174503500157485,False
2015-02-17,037270,YG PLUS,KOSPI,2015-02-16,8590.0,4900.0,4350.0,28081138.0,56162276,2.0,0.570430733410943,241216975420.0,244305900600.0,1.0128055878928988,1.140861466821886,True
2015-11-19,037620,미래에셋증권,KOSPI,2015-11-18,19050.0,19100.0,19100.0,43958609.0,87910706,1.999851860644635,1.0026246719160106,837411501450.0,1679094484600.0,2.0051008156594503,2.0051008156594503,False
2015-11-30,037620,미래에셋증권,KOSPI,2015-11-27,20450.0,20200.0,19850.0,87910706.0,114285871,1.3000222179992502,0.9877750611246944,1797773937700.0,2268574539350.0,1.261879756835458,1.2841295258476702,False
2015-02-24,038010,제일테크노스,KOSDAQ,2015-02-23,55700.0,5600.0,5240.0,900000.0,9000000,10.0,0.10053859964093358,50130000000.0,47160000000.0,0.940754039497307,1.0053859964093357,True
2015-04-13,038290,마크로젠,KOSDAQ,2015-04-10,39700.0,39000.0,39700.0,5897837.0,8846736,1.4999966937031322,0.982367758186398,234144128900.0,351215419200.0,1.4999966937031322,1.473548389280155,False
2017-03-22,038340,리젠,KOSDAQ,2017-03-21,720.0,0.0,3600.0,55282280.0,11056456,0.2,0.0,39803241600.0,39803241600.0,1.0,0.0,False
2019-07-24,038340,UCI,KOSDAQ,2019-07-23,4985.0,4930.0,4600.0,15134018.0,32991155,2.1799336435307533,0.9889669007021064,75443079730.0,151759313000.0,2.0115736730674953,2.1558822191788596,False
2017-05-16,038530,골드퍼시픽,KOSDAQ,2017-05-15,430.0,5700.0,5290.0,58513516.0,5851351,0.09999998974595886,13.255813953488373,25160811880.0,30953646790.0,1.2302324319909823,1.3255812594231757,False
2018-05-31,038530,골드퍼시픽,KOSDAQ,2018-05-30,7090.0,6910.0,6690.0,6655713.0,8530059,1.281614606879834,0.9746121297602257,47189005170.0,57066094710.0,1.209309128353468,1.2490771415429693,False
2018-11-22,038530,골드퍼시픽,KOSDAQ,2018-11-21,1505.0,1480.0,1755.0,9136344.0,17136344,1.8756237724849238,0.9833887043189369,13750197720.0,30074283720.0,2.1871891831967054,1.8444672314137458,False
2019-04-12,038530,골드퍼시픽,KOSDAQ,2019-04-11,3135.0,3160.0,3150.0,17199755.0,26357435,1.5324308398578934,1.0079744816586922,53921231925.0,83025920250.0,1.53976304483329,1.5446511814835544,False
2020-06-12,038530,골드퍼시픽,KOSDAQ,2020-06-11,1870.0,1750.0,1945.0,35517333.0,44638392,1.25680585307461,0.9358288770053476,66417412710.0,86821672440.0,1.3072125049358911,1.1761552100965602,False
2016-05-20,038540,텍셀네트컴,KOSDAQ,2016-05-19,2300.0,4850.0,4505.0,93583753.0,46791876,0.49999999465719225,2.108695652173913,215242631900.0,210797401380.0,0.9793478156220222,1.0543478148206011,True
2019-07-25,038540,상상인,KOSDAQ,2019-07-24,19600.0,19050.0,19300.0,46409473.0,55848313,1.2033817535484619,0.9719387755102041,909625670800.0,1077872440900.0,1.1849626450757815,1.1696133880152142,True
2016-08-03,038870,에코바이오,KOSDAQ,2016-08-02,15850.0,15800.0,16000.0,8916941.0,10716941,1.2018629482913479,0.9968454258675079,141333514850.0,171471056000.0,1.2132370455937898,1.1980715825238673,True
2019-05-02,038880,아이에이,KOSDAQ,2019-04-30,3455.0,699.0,701.0,41288060.0,206440300,5.0,0.20231548480463096,142650247300.0,144714650300.0,1.0144717800289436,1.0115774240231548,True
2018-09-12,039020,이건홀딩스,KOSDAQ,2018-09-11,3165.0,3165.0,3140.0,14327078.0,22584709,1.576365327249562,1.0,45345201870.0,70915986260.0,1.5639137843802922,1.576365327249562,False
2018-05-02,039240,경남스틸,KOSDAQ,2018-04-30,10800.0,2620.0,2315.0,5000000.0,25000000,5.0,0.24259259259259258,54000000000.0,57875000000.0,1.0717592592592593,1.2129629629629628,False
2018-04-20,039440,에스티아이,KOSDAQ,2018-04-19,21300.0,20900.0,22000.0,12746670.0,15830000,1.2418929806765218,0.9812206572769953,271504071000.0,348260000000.0,1.2827063650180037,1.2185710467671034,False
2017-12-04,039570,아이콘트롤스,KOSPI,2017-12-01,16100.0,15850.0,16300.0,8230000.0,16460000,2.0,0.984472049689441,132503000000.0,268298000000.0,2.0248447204968945,1.968944099378882,False
2019-02-18,039610,화성밸브,KOSDAQ,2019-02-15,12850.0,12800.0,12400.0,8008000.0,10410400,1.3,0.9961089494163424,102902800000.0,129088960000.0,1.2544747081712062,1.2949416342412452,False
2015-10-20,039670,스포츠서울,KOSDAQ,2015-10-19,1010.0,2910.0,2430.0,20293265.0,11279636,0.5558315037033222,2.881188118811881,20496197650.0,27409515480.0,1.337297578216904,1.6014551245313542,False
2016-03-31,039670,스포츠서울,KOSDAQ,2016-03-30,2945.0,2945.0,2890.0,12091234.0,14775989,1.2220414392774137,1.0,35608684130.0,42702608210.0,1.1992189336202803,1.2220414392774137,False
2017-11-10,039670,스포츠서울,KOSDAQ,2017-11-09,1500.0,1475.0,1505.0,21009096.0,29472296,1.4028350386899084,0.9833333333333333,31513644000.0,44355805480.0,1.4075111554855415,1.3794544547117433,False
2019-03-07,039670,한류타임즈,KOSDAQ,2019-03-06,1535.0,1530.0,1445.0,46401077.0,58234889,1.2550331320973434,0.996742671009772,71225653195.0,84149414605.0,1.1814481276095512,1.250945076292466,False
2020-08-31,039670,한류타임즈,KOSDAQ,2020-08-28,917.0,0.0,3680.0,59922652.0,18421544,0.30742204133421863,0.0,54949071884.0,67791281920.0,1.2337111364339417,0.0,False
2015-09-04,039840,디오,KOSDAQ,2015-09-03,22200.0,22300.0,20400.0,11921403.0,15171403,1.2726189190987,1.0045045045045045,264655146600.0,309496621200.0,1.1694336013339406,1.2783514367522977,False
2015-03-17,039850,태창파로스,KOSDAQ,2015-03-16,657.0,0.0,657.0,24584271.0,29584271,1.2033820730336076,0.0,16151866047.0,19436866047.0,1.2033820730336076,0.0,False
2017-05-15,041020,인프라웨어,KOSDAQ,2017-05-12,2115.0,2080.0,2200.0,18618160.0,31618160,1.6982430057535223,0.983451536643026,39377408400.0,69559952000.0,1.7664939066939713,1.6701396936015727,False
2017-06-29,042040,케이피엠테크,KOSDAQ,2017-06-28,13650.0,3000.0,2765.0,11251420.0,56257100,5.0,0.21978021978021978,153581883000.0,155550881500.0,1.0128205128205128,1.098901098901099,True
2016-09-13,042370,비츠로테크,KOSDAQ,2016-09-12,4620.0,4665.0,4640.0,13481317.0,22353873,1.6581371834814063,1.0097402597402598,62283684540.0,103721970720.0,1.6653152665267803,1.674287870333498,False
2016-01-11,042660,대우조선해양,KOSPI,2016-01-08,5200.0,5110.0,4940.0,191390758.0,273415368,1.4285714255857642,0.9826923076923076,995231941600.0,1350671917920.0,1.357142854306476,1.4038461509121645,False
2017-01-16,042660,대우조선해양,KOSPI,2017-01-13,4480.0,0.0,44800.0,273415368.0,21319818,0.07797593147726795,0.0,1224900848640.0,955127846400.0,0.7797593147726795,0.0,False
2017-01-18,042660,대우조선해양,KOSPI,2017-01-17,44800.0,0.0,44800.0,21319818.0,65576960,3.075868658916319,0.0,955127846400.0,2937847808000.0,3.075868658916319,0.0,False
2017-07-20,042660,대우조선해양,KOSPI,2017-07-19,44800.0,0.0,44800.0,65576960.0,85223996,1.2996027263233916,0.0,2937847808000.0,3818035020800.0,1.2996027263233916,0.0,False
2017-08-31,042660,대우조선해양,KOSPI,2017-08-30,44800.0,0.0,44800.0,85223996.0,105028809,1.2323854070395854,0.0,3818035020800.0,4705290643200.0,1.2323854070395854,0.0,False
2017-05-11,042700,한미반도체,KOSPI,2017-05-10,18700.0,8700.0,7780.0,25432841.0,63582100,2.499999901701898,0.46524064171123,475594126700.0,494668738000.0,1.040106910975442,1.1631015585458029,True
2015-09-18,042940,르네코,KOSDAQ,2015-09-17,640.0,1390.0,1510.0,24104242.0,12052121,0.5,2.171875,15426714880.0,18198702710.0,1.1796875,1.0859375,True
2017-07-12,042940,르네코,KOSDAQ,2017-07-11,2450.0,2450.0,2385.0,14653838.0,20633903,1.4080886522698013,1.0,35901903100.0,49211858655.0,1.3707311982299901,1.4080886522698013,False
2017-08-03,042940,르네코,KOSDAQ,2017-08-02,1805.0,1805.0,1780.0,20633903.0,28446394,1.378624005356621,1.0,37244194915.0,50634581320.0,1.3595294900469725,1.378624005356621,False
2015-09-24,043100,솔고바이오,KOSDAQ,2015-09-23,1120.0,1100.0,1105.0,64403337.0,82418711,1.2797273377309626,0.9821428571428571,72131737440.0,91072675655.0,1.2625881323149228,1.2568750638429096,False
2017-01-20,043100,솔고바이오,KOSDAQ,2017-01-19,933.0,929.0,911.0,86725785.0,119725785,1.3805096719505048,0.9957127545551983,80915157405.0,109070190135.0,1.347957461036345,1.3745910881479302,False
2018-08-10,043100,솔고바이오,KOSDAQ,2018-08-09,524.0,520.0,523.0,119725785.0,161725785,1.3508016255646182,0.9923664122137404,62736311340.0,84582585555.0,1.348223759866976,1.3404901627740486,False
2020-05-19,043100,솔고바이오,KOSDAQ,2020-05-18,140.0,0.0,392.0,161725785.0,57759208,0.35714285140121593,0.0,22641609900.0,22641609536.0,0.9999999839234047,0.0,False
2016-06-20,043200,파루,KOSDAQ,2016-06-17,3885.0,3865.0,3935.0,17637269.0,27637269,1.5669812032690549,0.9948519948519948,68520790065.0,108752653515.0,1.5871482715221958,1.5589143759677984,False
2015-07-22,043220,바이오싸인,KOSDAQ,2015-07-21,2755.0,2880.0,2770.0,15190453.0,23830406,1.5687752037414553,1.0453720508166968,41849698015.0,66010224620.0,1.577316629533151,1.6399537520055865,False
2020-04-10,043290,케이맥,KOSDAQ,2020-04-09,7690.0,1670.0,1600.0,7298030.0,36490150,5.0,0.21716514954486346,56121850700.0,58384240000.0,1.0403120936280885,1.0858257477243174,True
2015-01-14,043340,에쎈테크,KOSDAQ,2015-01-13,876.0,503.0,430.0,36000000.0,72000000,2.0,0.5742009132420092,31536000000.0,30960000000.0,0.9817351598173516,1.1484018264840183,True
2016-01-26,043580,에임하이,KOSDAQ,2016-01-25,5200.0,5090.0,5260.0,17390454.0,23710156,1.3634006334739737,0.9788461538461538,90430360800.0,124715420560.0,1.3791321792448272,1.3345594662274087,False
2017-09-08,043580,에임하이,KOSDAQ,2017-09-07,3190.0,0.0,3190.0,29276253.0,65262623,2.229199993592076,0.0,93391247070.0,208187767370.0,2.229199993592076,0.0,False
2018-10-01,043590,크로바하이텍,KOSDAQ,2018-09-28,2835.0,2835.0,2910.0,13000000.0,23300000,1.7923076923076924,1.0,36855000000.0,67803000000.0,1.8397232397232397,1.7923076923076924,False
2015-08-24,043910,자연과환경,KOSDAQ,2015-08-21,974.0,956.0,1030.0,11875357.0,19875357,1.6736639580603767,0.9815195071868583,11566597718.0,20471617710.0,1.7698910439447515,1.6427338233118276,False
2017-07-05,043910,자연과환경,KOSDAQ,2017-07-04,2020.0,1990.0,2045.0,21949357.0,33949357,1.5467130540543852,0.9851485148514851,44337701140.0,69426435065.0,1.5658555423471376,1.5237420681030824,False
2019-08-26,043910,자연과환경,KOSDAQ,2019-08-23,1020.0,921.0,898.0,33949357.0,53149357,1.5655482664958869,0.9029411764705882,34628344140.0,47728122586.0,1.3782964150130455,1.4135979935712861,False
2020-12-09,044060,조광ILI,KOSDAQ,2020-12-08,7950.0,7950.0,8700.0,9885656.0,12452079,1.2596107936590146,1.0,78590965200.0,108333087300.0,1.3784420006079783,1.2596107936590146,False
2016-10-10,044180,KD건설,KOSDAQ,2016-10-07,230.0,226.0,230.0,152486194.0,252486194,1.6557970749797848,0.9826086956521739,35071824620.0,58071824620.0,1.6557970749797848,1.6270006041105711,False
2017-10-11,044180,KD건설,KOSDAQ,2017-10-10,159.0,160.0,162.0,257181029.0,355691714,1.383040247498193,1.0062893081761006,40891783611.0,57622057668.0,1.409135346507593,1.3917386138346597,False
2019-08-07,044180,KD,KOSDAQ,2019-08-06,99.0,0.0,495.0,391766520.0,78353304,0.2,0.0,38784885480.0,38784885480.0,1.0,0.0,False
2020-10-07,044180,KD,KOSDAQ,2020-10-06,495.0,2115.0,1825.0,78353304.0,15670660,0.19999998978983707,4.2727272727272725,38784885480.0,28598954500.0,0.7373736997302074,0.8545454109202129,True
2016-06-17,044380,주연테크,KOSPI,2016-06-16,1330.0,1370.0,1360.0,42900000.0,57185711,1.3330002564102563,1.0300751879699248,57057000000.0,77772566960.0,1.3630679313668788,1.3730904896857528,False
2018-01-03,044380,주연테크,KOSPI,2018-01-02,541.0,541.0,545.0,63773270.0,98773270,1.5488192780454884,1.0,34501339070.0,53831432150.0,1.5602708069034956,1.5488192780454884,False
2020-05-07,044380,주연테크,KOSPI,2020-05-06,537.0,1240.0,1170.0,106751992.0,53375996,0.5,2.3091247672253257,57325819704.0,62449915320.0,1.089385474860335,1.1545623836126628,True
2016-10-21,044450,KSS해운,KOSPI,2016-10-20,8350.0,8110.0,8310.0,11592940.0,23185880,2.0,0.9712574850299401,96801049000.0,192674662800.0,1.9904191616766467,1.9425149700598803,False
2018-03-27,044480,바이오제네틱스,KOSDAQ,2018-03-26,16350.0,15750.0,16350.0,8600000.0,10954777,1.2738112790697675,0.963302752293578,140610000000.0,179110603950.0,1.2738112790697675,1.22706591103051,False
2018-10-08,045060,오공,KOSDAQ,2018-10-05,3275.0,3215.0,3290.0,11521974.0,16941974,1.4704055051677776,0.981679389312977,37734464850.0,55739094460.0,1.4771401868708363,1.4434667783555435,False
2015-08-25,045660,에이텍,KOSDAQ,2015-08-24,6130.0,4160.0,3815.0,13600000.0,8260000,0.6073529411764705,0.6786296900489397,83368000000.0,31511900000.0,0.3779855580078687,0.4121677382209001,False
2019-07-31,045890,GV,KOSDAQ,2019-07-30,2330.0,2570.0,2000.0,28846117.0,37167981,1.288491653833339,1.1030042918454936,67211452610.0,74335962000.0,1.1060014195994328,1.4212118241852711,False
2016-09-21,045970,코아시아홀딩스,KOSDAQ,2016-09-20,6620.0,6700.0,6670.0,13222429.0,16022501,1.2117668395118628,1.012084592145015,87532479980.0,106870081670.0,1.2209191570308344,1.2264105475422176,False
2019-08-23,045970,코아시아,KOSDAQ,2019-08-22,8630.0,8200.0,8140.0,20028422.0,25172874,1.2568575796934975,0.9501738122827347,172845281860.0,204907194360.0,1.1854948665938667,1.1942331579938215,True
2016-06-08,046070,코다코,KOSDAQ,2016-06-07,4125.0,4100.0,4090.0,29129659.0,35478864,1.2179635882452315,0.9939393939393939,120159843375.0,145108553760.0,1.2076293517389083,1.210581990740715,False
2017-06-30,046120,오르비텍,KOSDAQ,2017-06-29,4340.0,4265.0,4245.0,12874279.0,20874279,1.6213940213661673,0.9827188940092166,55874370860.0,88611314355.0,1.5859026775805025,1.593374539430116,False
2016-11-04,046310,백금T&A,KOSDAQ,2016-11-03,4255.0,4110.0,4505.0,11451000.0,14313750,1.25,0.9659224441833137,48724005000.0,64483443750.0,1.323443008225617,1.2074030552291422,False
2017-03-31,046440,KG모빌리언스,KOSDAQ,2017-03-30,7050.0,7000.0,7040.0,20711421.0,29711421,1.4345428543990295,0.9929078014184397,146015518050.0,209168403840.0,1.4325080418395981,1.4243687916018732,False
2020-03-17,046440,KG모빌리언스,KOSDAQ,2020-03-16,4155.0,3880.0,4150.0,29906957.0,38825568,1.2982119177153328,0.9338146811070999,124263406335.0,161126107200.0,1.2966496891741592,1.2122893479507801,False
2015-12-18,046970,우리로,KOSDAQ,2015-12-17,4155.0,4200.0,4220.0,6940000.0,9428935,1.358636167146974,1.0108303249097472,28835700000.0,39790105700.0,1.3798904032154586,1.3733506382713094,False
2015-12-29,046970,우리로,KOSDAQ,2015-12-28,4180.0,4020.0,4055.0,9982032.0,16922032,1.6952492238053334,0.9617224880382775,41724893760.0,68618839760.0,1.6445539718972793,1.630359301363024,False
2017-02-21,047440,레이젠,KOSDAQ,2017-02-20,1980.0,1880.0,1960.0,16618129.0,27918129,1.6799802793683933,0.9494949494949495,32903895420.0,54719532840.0,1.6630107815969954,1.5951327905114039,False
2015-05-27,047560,이스트소프트,KOSDAQ,2015-05-26,24950.0,23900.0,22350.0,4949700.0,9899400,2.0,0.9579158316633266,123495015000.0,221251590000.0,1.7915831663326653,1.9158316633266532,False
2015-12-24,047770,코데즈컴바인,KOSDAQ,2015-12-23,509.0,40000.0,28000.0,50734463.0,37842602,0.7458953887025472,78.58546168958743,25823841667.0,1059592856000.0,41.031573445326764,58.61653349332395,False
2015-01-16,047820,초록뱀,KOSDAQ,2015-01-15,2305.0,2325.0,2230.0,25612180.0,32391841,1.2647045663430445,1.0086767895878526,59036074900.0,72233805430.0,1.223553658544464,1.2756781417559995,False
2015-11-13,047820,초록뱀,KOSDAQ,2015-11-12,4995.0,4910.0,4910.0,32411841.0,48943122,1.5100383221058007,0.982982982982983,161897145795.0,240310729020.0,1.4843419742821786,1.4843419742821786,False
2020-08-21,047820,초록뱀,KOSDAQ,2020-08-20,1445.0,1430.0,1475.0,90843392.0,126431392,1.391751113828951,0.9896193771626297,131268701440.0,186486303200.0,1.4206456006212473,1.3773038704328024,False
2016-05-11,047920,씨트리,KOSDAQ,2016-05-10,9650.0,9330.0,9630.0,7553345.0,11330017,1.4999999338041623,0.966839378238342,72889779250.0,109108063710.0,1.4968911256512003,1.4502590033567704,False
2020-09-29,047920,메디포럼제약,KOSDAQ,2020-09-28,16950.0,17400.0,17500.0,14042872.0,18197383,1.295844824335079,1.0265486725663717,238026680400.0,318454202500.0,1.337892886481645,1.3302477842731786,False
2019-02-01,048530,인트론바이오,KOSDAQ,2019-01-31,19350.0,19250.0,18750.0,15038462.0,30010745,1.99559935051869,0.9948320413436692,290994239700.0,562701468750.0,1.9337203008902035,1.9852861755806088,False
2017-11-01,048550,SM C&C,KOSDAQ,2017-10-31,3010.0,3040.0,2955.0,69532552.0,94041026,1.3524748235905393,1.0099667774086378,209292981520.0,277891231830.0,1.3277618284750976,1.3659546391080528,False
2017-11-08,048830,엔피케이,KOSDAQ,2017-11-07,1925.0,1925.0,1940.0,12923923.0,18723923,1.4487801420667703,1.0,24878551775.0,36324410620.0,1.4600693379789789,1.4487801420667703,False
2016-04-26,048870,코아로직,KOSDAQ,2016-04-25,2705.0,4605.0,5980.0,17133773.0,44385288,2.5905145352398447,1.7024029574861368,46346855965.0,265424022240.0,5.726904591768677,4.410099606203136,False
2016-12-06,049070,인탑스,KOSDAQ,2016-12-05,10300.0,10100.0,10200.0,8600000.0,17200000,2.0,0.9805825242718447,88580000000.0,175440000000.0,1.9805825242718447,1.9611650485436893,False
2017-11-01,049080,기가레인,KOSDAQ,2017-10-31,3150.0,3100.0,3045.0,23960268.0,47920536,2.0,0.9841269841269841,75474844200.0,145918032120.0,1.9333333333333333,1.9682539682539681,False
2016-03-04,049180,셀루메드,KOSDAQ,2016-03-03,4115.0,1065.0,1065.0,31030045.0,155150225,5.0,0.25880923450789795,127688635175.0,165234989625.0,1.2940461725394896,1.2940461725394896,False
2017-05-25,049180,셀루메드,KOSDAQ,2017-05-24,545.0,6250.0,6460.0,181553846.0,18155384,0.09999999669519533,11.46788990825688,98946846070.0,117283780640.0,1.185321061744884,1.1467889529265518,True
2020-06-19,049180,셀루메드,KOSDAQ,2020-06-18,5980.0,0.0,5980.0,24335499.0,29701057,1.2204827605959507,0.0,145526284020.0,177612320860.0,1.2204827605959507,0.0,False
2019-05-20,049470,SGA,KOSDAQ,2019-05-17,532.0,1080.0,997.0,96724499.0,48362249,0.4999999948306788,2.030075187969925,51457433468.0,48217162253.0,0.9370300655003512,1.0150375834908518,True
2017-08-23,049520,유아이엘,KOSDAQ,2017-08-22,7400.0,7320.0,7220.0,10892468.0,21784936,2.0,0.9891891891891892,80604263200.0,157287237920.0,1.9513513513513514,1.9783783783783784,False
2018-01-05,049550,잉크테크,KOSDAQ,2018-01-04,3630.0,3600.0,3600.0,10319932.0,16019932,1.5523292207739354,0.9917355371900827,37461353160.0,57671755200.0,1.5395000536601011,1.5395000536601013,False
2019-01-07,049630,재영솔루텍,KOSDAQ,2019-01-04,1135.0,1145.0,1185.0,45695556.0,68010230,1.4883335701178468,1.0088105726872247,51864456060.0,80592122550.0,1.5538989256296463,1.5014466412202068,False
2017-05-16,050120,라이브플렉스,KOSDAQ,2017-05-15,1235.0,1145.0,1135.0,41621527.0,83243054,2.0,0.9271255060728745,51402585845.0,94480866290.0,1.8380566801619433,1.854251012145749,False
2020-07-24,050120,라이브플렉스,KOSDAQ,2020-07-23,700.0,690.0,688.0,83295939.0,109922256,1.3196592453324765,0.9857142857142858,58307157300.0,75626512128.0,1.2970365154124912,1.3008069703991554,False
2020-07-30,050120,라이브플렉스,KOSDAQ,2020-07-29,723.0,723.0,717.0,109922256.0,135640864,1.2339708893893153,1.0,79473791088.0,97254499488.0,1.2237304670707319,1.2339708893893153,False
2016-04-22,050320,에스아이티글로벌,KOSDAQ,2016-04-21,32800.0,31000.0,32750.0,7583109.0,9591141,1.264803262092105,0.9451219512195121,248725975200.0,314109867750.0,1.2628752083389159,1.1953933269772943,True
2016-08-30,050320,에스아이티글로벌,KOSDAQ,2016-08-29,14850.0,3510.0,3240.0,9591141.0,50485705,5.263785090845813,0.23636363636363636,142428443850.0,163573684200.0,1.1484622016390864,1.2441673851090103,False
2017-05-29,050320,에스아이티글로벌,KOSDAQ,2017-05-26,644.0,0.0,3220.0,50485705.0,10786796,0.2136604014938486,0.0,32512794020.0,34733483120.0,1.068302007469243,0.0,False
2018-06-28,050320,에이앤티앤,KOSDAQ,2018-06-27,3220.0,0.0,3220.0,14661761.0,22661761,1.5456370486464757,0.0,47210870420.0,72970870420.0,1.5456370486464757,0.0,False
2020-01-30,050320,에이앤티앤,KOSDAQ,2020-01-29,3220.0,0.0,1385.0,22661761.0,31661760,1.397144732044434,0.0,72970870420.0,43851537600.0,0.6009457931309133,0.0,False
2020-06-19,050320,에이앤티앤,KOSDAQ,2020-06-18,1385.0,0.0,1010.0,31661760.0,44661760,1.4105899356194982,0.0,43851537600.0,45108377600.0,1.0286612526900312,0.0,False
2017-04-04,050540,엠피씨,KOSDAQ,2017-04-03,2905.0,2880.0,2860.0,20768807.0,26312841,1.2669404169435443,0.9913941480206541,60333384335.0,75254725260.0,1.2473148338927837,1.2560373152486775,False
2020-08-31,050540,한국코퍼레이션,KOSDAQ,2020-08-28,282.0,0.0,282.0,38785593.0,50785593,1.3093932326882305,0.0,10937537226.0,14321537226.0,1.3093932326882305,0.0,False
2016-12-22,050890,쏠리드,KOSDAQ,2016-12-21,3390.0,3290.0,3280.0,21475406.0,31475406,1.465648938138818,0.9705014749262537,72801626340.0,103239331680.0,1.4180910079927207,1.4224144561878205,False
2015-07-27,051170,썬코어,KOSDAQ,2015-07-24,6000.0,6020.0,5710.0,25661108.0,32427213,1.2636715842511554,1.0033333333333334,153966648000.0,185159386230.0,1.202594124345683,1.267883822865326,False
2015-01-07,051310,포스코플랜텍,KOSPI,2015-01-06,3335.0,3300.0,3260.0,81178596.0,180834946,2.2276185461497757,0.9895052473763118,270730617660.0,589521923960.0,2.1775221770459576,2.204240240567994,False
2016-12-08,051370,인터플렉스,KOSDAQ,2016-12-07,17600.0,17450.0,18650.0,16380672.0,21079212,1.2868343862815885,0.9914772727272727,288299827200.0,393127303800.0,1.363605755917706,1.2758670477621432,False
2019-02-27,051980,중앙리빙테크,KOSDAQ,2019-02-26,872.0,863.0,916.0,24705553.0,32117218,1.299999963570943,0.9896788990825688,21543242216.0,29419371688.0,1.365596292008009,1.2865825327542704,False
2019-05-17,051980,중앙리빙테크,KOSDAQ,2019-05-16,2270.0,2220.0,2000.0,32117218.0,39401297,1.2267966982694454,0.9779735682819384,72906084860.0,78802594000.0,1.080878148255018,1.19977474456307,True
2015-01-09,052020,에스티큐브,KOSDAQ,2015-01-08,1950.0,1925.0,1970.0,14615796.0,21615796,1.4789338876924665,0.9871794871794872,28500802200.0,42583118120.0,1.4941024403867482,1.4599731968246143,False
2017-01-04,052190,이에스에이,KOSDAQ,2017-01-03,6360.0,6400.0,6640.0,6685176.0,8280802,1.2386812254456727,1.0062893081761006,42517719360.0,54984525280.0,1.2932143611571174,1.2464716734044505,False
2018-08-07,052190,이에스에이,KOSDAQ,2018-08-06,2795.0,2800.0,2795.0,15950069.0,19766034,1.2392444195695955,1.0017889087656529,44580442855.0,55246065030.0,1.2392444195695955,1.24146131477455,False
2018-09-11,052190,이에스에이,KOSDAQ,2018-09-10,3635.0,3655.0,3620.0,22164741.0,27707677,1.250078988064873,1.0055020632737277,80568833535.0,100301790740.0,1.2449204777977552,1.2569570017543634,False
2019-11-07,052190,이에스에이,KOSDAQ,2019-11-06,4070.0,4110.0,4185.0,28702637.0,45580271,1.5880168431910977,1.00982800982801,116819732590.0,190753434135.0,1.6328870979741386,1.6036238883330252,False
2017-01-04,052300,W홀딩컴퍼니,KOSDAQ,2017-01-03,934.0,942.0,953.0,86452650.0,105321000,1.2182506840449656,1.0085653104925054,80746775100.0,100370913000.0,1.2430330855405272,1.2286853794115178,False
2015-01-20,052400,코나아이,KOSDAQ,2015-01-19,36350.0,36200.0,35850.0,11996623.0,15559118,1.2969581523066949,0.9958734525447043,436077246050.0,557794380300.0,1.279118287763274,1.2916061929436686,False
2015-01-14,052420,오성엘에스티,KOSDAQ,2015-01-13,833.0,709.0,709.0,69837042.0,123955573,1.774925876728857,0.851140456182473,58174255986.0,87884501257.0,1.5107112204090751,1.5107112204090751,False
2017-02-14,052420,오성엘에스티,KOSDAQ,2017-02-13,1380.0,1385.0,1350.0,143955580.0,203955580,1.4167952364194567,1.0036231884057971,198658700400.0,275340033000.0,1.3859953399755554,1.4219285524934402,False
2018-02-27,052420,오성첨단소재,KOSDAQ,2018-02-26,669.0,5210.0,4505.0,205359736.0,29365449,0.14299516337516133,7.787742899850524,137385663384.0,132291347745.0,0.9629195979149504,1.1136095682878782,True
2018-06-05,052420,오성첨단소재,KOSDAQ,2018-06-04,3170.0,3125.0,3145.0,32222591.0,49717899,1.5429516204950744,0.9858044164037855,102145613470.0,156362792355.0,1.530783232320823,1.5210485217814218,False
2018-11-21,052460,아이크래프트,KOSDAQ,2018-11-20,2595.0,2455.0,2400.0,8053968.0,14607936,1.8137563993301191,0.9460500963391136,20900046960.0,35059046400.0,1.6774625658544453,1.715904416321943,False
2015-09-23,052670,제일바이오,KOSDAQ,2015-09-22,5800.0,5360.0,5970.0,9600000.0,15000000,1.5625,0.9241379310344827,55680000000.0,89550000000.0,1.6082974137931034,1.4439655172413792,False
2020-01-17,052770,와이디온라인,KOSDAQ,2020-01-16,805.0,0.0,4460.0,31423394.0,7291079,0.23202710057354084,0.0,25295832170.0,32518212340.0,1.285516606904338,0.0,False
2016-02-24,052900,비아이이엠티,KOSDAQ,2016-02-23,1995.0,0.0,1995.0,36062951.0,43755258,1.2133022059121008,0.0,71945587245.0,87291739710.0,1.2133022059121008,0.0,False
2017-03-30,053060,세동,KOSDAQ,2017-03-29,1650.0,1675.0,1685.0,13468840.0,19668840,1.4603217500541992,1.0151515151515151,22223586000.0,33141995400.0,1.4912982720250458,1.4824478371762324,False
2020-12-28,053060,세동,KOSDAQ,2020-12-24,744.0,1700.0,1555.0,23190348.0,11595174,0.5,2.28494623655914,17253618912.0,18030495570.0,1.04502688172043,1.14247311827957,True
2017-02-02,053110,소리바다,KOSDAQ,2017-02-01,1620.0,1635.0,1570.0,35740758.0,43251553,1.2101464943748534,1.0092592592592593,57900027960.0,67904938210.0,1.1727962939311851,1.221351554507954,False
2018-10-01,053270,구영테크,KOSDAQ,2018-09-28,1900.0,1860.0,1870.0,19794174.0,26394174,1.3334314430094432,0.9789473684210527,37608930600.0,49357105380.0,1.3123772623303467,1.3053592021039813,False
2015-12-21,053450,세코닉스,KOSDAQ,2015-12-18,14650.0,14500.0,14600.0,8117475.0,10505257,1.2941532927418933,0.9897610921501706,118921008750.0,153376752200.0,1.289736387305914,1.2809025764339557,False
2018-07-02,053590,한국테크놀로지,KOSDAQ,2018-06-29,1440.0,1400.0,1365.0,48209149.0,66979149,1.3893451842512299,0.9722222222222222,69421174560.0,91426538385.0,1.3169834559048117,1.3507522624664734,False
2015-06-26,053660,현진소재,KOSDAQ,2015-06-25,2550.0,2515.0,2520.0,15943118.0,22143118,1.388882525990211,0.9862745098039216,40654950900.0,55800657360.0,1.3725427315667966,1.3698194324962276,False
2018-01-04,053660,현진소재,KOSDAQ,2018-01-03,1360.0,6180.0,5180.0,35268653.0,9890124,0.28042250436953176,4.544117647058823,47965368080.0,51230842320.0,1.068079832819246,1.2742728507380192,False
2018-11-19,053660,현진소재,KOSDAQ,2018-11-16,3095.0,3130.0,3525.0,13421764.0,21199764,1.5795065387828306,1.011308562197092,41540359580.0,74729168100.0,1.7989533276928846,1.5973684867173699,False
2015-12-29,053810,아이팩토리,KOSDAQ,2015-12-28,1060.0,0.0,10100.0,54790821.0,5767454,0.10526314252527809,0.0,58078270260.0,58251285400.0,1.00297899953331,0.0,False
2019-06-11,053950,경남제약,KOSDAQ,2019-06-10,17200.0,0.0,17200.0,13865977.0,16829751,1.2137443326207737,0.0,238494804400.0,289471717200.0,1.2137443326207737,0.0,False
2016-07-07,054210,이랜텍,KOSDAQ,2016-07-06,6130.0,6110.0,6260.0,16478206.0,20478206,1.2427448716201266,0.9967373572593801,101011402780.0,128193569560.0,1.2690999830900478,1.2386902390862926,False
2020-07-15,054220,비츠로시스,KOSDAQ,2020-07-14,485.0,0.0,3875.0,52295547.0,31309978,0.5987121236154199,0.0,25363340295.0,121326164750.0,4.783524698989179,0.0,False
2020-11-12,054220,비츠로시스,KOSDAQ,2020-11-11,3875.0,0.0,3875.0,31309978.0,18309978,0.5847968976535212,0.0,121326164750.0,70951164750.0,0.5847968976535212,0.0,False
2016-01-19,054300,팬스타엔터프라이즈,KOSDAQ,2016-01-18,2760.0,2830.0,2730.0,19620377.0,27213417,1.386997660646378,1.0253623188405796,54152240520.0,74292628410.0,1.371921599117613,1.4221751375468294,False
2017-12-07,054300,팬스타엔터프라이즈,KOSDAQ,2017-12-06,722.0,712.0,820.0,27524943.0,41124943,1.494097299311392,0.9861495844875346,19873008846.0,33722453260.0,1.69689720974424,1.473403430899877,False
2016-11-15,054340,엔알케이,KOSDAQ,2016-11-14,1860.0,1860.0,1825.0,17566100.0,22074298,1.2566419410113798,1.0,32672946000.0,40285593850.0,1.232995452874069,1.2566419410113798,False
2019-04-23,054340,피앤텔,KOSDAQ,2019-04-22,668.0,0.0,6680.0,30786591.0,3078659,0.09999999675183265,0.0,20565442788.0,20565442120.0,0.9999999675183264,0.0,False
2019-06-17,054340,피앤텔,KOSDAQ,2019-06-14,6680.0,0.0,6680.0,3078659.0,4031039,1.3093489730431334,0.0,20565442120.0,26927340520.0,1.3093489730431334,0.0,False
2018-04-10,054450,텔레칩스,KOSDAQ,2018-04-09,12200.0,11850.0,12700.0,10630978.0,13505911,1.2704297760751644,0.9713114754098361,129697931600.0,171525069700.0,1.3224965701766056,1.2339830202041555,False
2017-04-07,054620,APS홀딩스,KOSDAQ,2017-04-06,27850.0,20750.0,16400.0,25609961.0,11930928,0.465870604020053,0.7450628366247756,713237413850.0,195667219200.0,0.27433672911773316,0.34710287373127824,False
2018-01-26,054620,APS홀딩스,KOSDAQ,2018-01-25,8040.0,8050.0,8000.0,11930928.0,20394221,1.7093574783118295,1.0012437810945274,95924661120.0,163153768000.0,1.7008532122505766,1.7114835448271428,False
2017-11-24,054630,에이디칩스,KOSDAQ,2017-11-23,2130.0,2080.0,2210.0,12692169.0,24692169,1.9454648768071083,0.9765258215962441,27034319970.0,54569693490.0,2.018533980161366,1.8997966872106973,False
2019-11-26,054630,에이디칩스,KOSDAQ,2019-11-25,986.0,980.0,1005.0,27002396.0,44002396,1.6295737607877463,0.9939148073022313,26624362456.0,44222407980.0,1.6609752835615468,1.6196574904381251,False
2020-05-13,054780,키이스트,KOSDAQ,2020-05-12,2665.0,14600.0,14550.0,85356831.0,17071366,0.19999999765689522,5.478424015009381,227475954615.0,248388375300.0,1.0919324449935555,1.0956847901653546,True
2020-01-16,054920,한컴위드,KOSDAQ,2020-01-15,3315.0,3170.0,3115.0,18796541.0,28217081,1.5011847658566542,0.9562594268476622,62310533415.0,87896207315.0,1.4106155492137187,1.435522083790526,False
2016-06-30,056000,신스타임즈,KOSDAQ,2016-06-29,5610.0,5350.0,5450.0,10782000.0,14016600,1.3,0.9536541889483066,60487020000.0,76390470000.0,1.2629233511586453,1.2397504456327986,False
2020-12-24,056000,네스엠,KOSDAQ,2020-12-23,2610.0,2455.0,2680.0,14630183.0,19720225,1.3479137615708567,0.9406130268199234,38184777630.0,52850203000.0,1.3840647053677761,1.267865243163392,False
2018-01-10,056080,유진로봇,KOSDAQ,2018-01-09,5530.0,5540.0,5590.0,23333996.0,37111093,1.590430246066726,1.0018083182640145,129036997880.0,207451009870.0,1.6076862704363468,1.5933062501283295,False
2017-07-11,056190,에스에프에이,KOSDAQ,2017-07-10,39500.0,38950.0,38600.0,17954380.0,35908760,2.0,0.9860759493670886,709198010000.0,1386078136000.0,1.9544303797468354,1.9721518987341773,False
2015-08-11,056730,아큐픽스,KOSDAQ,2015-08-10,1550.0,1575.0,1565.0,30340086.0,40555602,1.3367002980808953,1.0161290322580645,47027133300.0,63469517130.0,1.3496361074171621,1.3582599803080064,False
2017-01-13,056730,포스링크,KOSDAQ,2017-01-12,578.0,4605.0,5000.0,48108297.0,8018049,0.16666665627344904,7.967128027681661,27806595666.0,40090245000.0,1.4417530819502513,1.3278545884761814,False
2017-07-28,056730,포스링크,KOSDAQ,2017-07-27,3185.0,3035.0,3135.0,11514873.0,23027803,1.9998312617082272,0.9529042386185244,36674870505.0,72192162405.0,1.9684367364066853,1.905647685803601,False
2017-11-03,056730,포스링크,KOSDAQ,2017-11-02,2135.0,2140.0,2130.0,24314118.0,36014118,1.481201909113051,1.0023419203747073,51910641930.0,76710071340.0,1.477733052183044,1.4846707660430583,False
2020-10-23,056730,포스링크,KOSDAQ,2020-10-22,1460.0,0.0,1550.0,46163868.0,70703912,1.5315855248524668,0.0,67399247280.0,109591063600.0,1.6259983311789887,0.0,False
2016-11-21,057500,SKC 솔믹스,KOSDAQ,2016-11-18,3030.0,3040.0,3040.0,45365008.0,61494040,1.3555390533602463,1.0033003300330032,137455974240.0,186941881600.0,1.36001277960896,1.3600127796089598,False
2018-11-20,057680,옴니텔,KOSDAQ,2018-11-19,1875.0,1780.0,1800.0,21698640.0,33698640,1.553030051653007,0.9493333333333334,40684950000.0,60657552000.0,1.4909088495868865,1.4743431957025879,False
2019-10-21,057680,옴니텔,KOSDAQ,2019-10-18,1385.0,1385.0,1340.0,33698640.0,40494755,1.2016732722744894,1.0,46672616400.0,54262971700.0,1.1626297363522136,1.2016732722744894,False
2016-11-10,058220,아리온,KOSDAQ,2016-11-09,3430.0,3430.0,3760.0,11495423.0,13941073,1.21274989184826,1.0,39429300890.0,52418434480.0,1.3294284528715619,1.21274989184826,False
2016-11-16,058220,아리온,KOSDAQ,2016-11-15,3725.0,3570.0,3700.0,13941073.0,27882146,2.0,0.9583892617449664,51930496925.0,103163940200.0,1.9865771812080537,1.9167785234899328,False
2017-02-23,058220,아리온,KOSDAQ,2017-02-22,2165.0,948.0,1125.0,27882146.0,69705365,2.5,0.43787528868360276,60364846090.0,78418535625.0,1.2990762124711317,1.0946882217090068,True
2019-11-04,058220,아리온,KOSDAQ,2019-11-01,724.0,1840.0,1810.0,90573059.0,36229223,0.39999999337551356,2.541436464088398,65574894716.0,65574893630.0,0.9999999834387839,1.0165745687996477,True
2015-07-24,058370,금성테크,KOSDAQ,2015-07-23,646.0,0.0,646.0,44078576.0,59502462,1.349917973756684,0.0,28474760096.0,38438590452.0,1.349917973756684,0.0,False
2015-09-14,058370,금성테크,KOSDAQ,2015-09-11,646.0,3800.0,2660.0,59502462.0,14875615,0.24999999159698635,5.882352941176471,38438590452.0,39569135900.0,1.029411730105238,1.4705881858646257,False
2016-04-28,058400,KNN,KOSDAQ,2016-04-27,12100.0,1135.0,1110.0,13242972.0,132429720,10.0,0.09380165289256198,160239961200.0,146996989200.0,0.9173553719008265,0.9380165289256198,True
2015-01-07,058420,제이웨이,KOSDAQ,2015-01-06,963.0,0.0,2890.0,24035252.0,8011750,0.33333330559629665,0.0,23145947676.0,23153957500.0,1.0003460572931435,0.0,False
2018-05-24,058420,제이웨이,KOSDAQ,2018-05-23,1920.0,1900.0,1910.0,11064210.0,15064210,1.3615260375571323,0.9895833333333334,21243283200.0,28772641100.0,1.3544347561115224,1.3473434746659123,False
2018-11-26,058450,일야,KOSDAQ,2018-11-23,1305.0,1280.0,1290.0,9780000.0,15900000,1.6257668711656441,0.9808429118773946,12762900000.0,20511000000.0,1.6070798956350045,1.5946219119479115,False
2020-05-12,058450,일야,KOSDAQ,2020-05-11,894.0,902.0,882.0,15900000.0,31740000,1.9962264150943396,1.0089485458612975,14214600000.0,27994680000.0,1.9694314296568316,2.0140897387193446,False
2018-01-03,058530,크레아플래닛,KOSDAQ,2018-01-02,861.0,860.0,867.0,36940500.0,54677826,1.4801593373127055,0.9988385598141696,31805770500.0,47405675142.0,1.4904740365274283,1.4784402207769185,False
2016-12-16,058610,에스피지,KOSDAQ,2016-12-15,5540.0,5570.0,5540.0,16182026.0,20876975,1.2901335716553664,1.0054151624548737,89648424040.0,115658441500.0,1.2901335716553664,1.2971198545343667,False
2016-05-18,058730,동아에스텍,KOSPI,2016-05-17,4915.0,4890.0,4840.0,12790000.0,15370000,1.2017200938232995,0.9949135300101729,62862850000.0,74390800000.0,1.1833825542430862,1.1956075806298951,True
2016-11-21,058820,CMG제약,KOSDAQ,2016-11-18,2840.0,2810.0,2700.0,88707244.0,108707244,1.225460730129323,0.9894366197183099,251928572960.0,293509558800.0,1.1650506941370324,1.2125157224166894,False
2019-08-12,058820,CMG제약,KOSDAQ,2019-08-09,2560.0,2530.0,2610.0,108892244.0,138892244,1.2755017152553123,0.98828125,278764144640.0,362508756840.0,1.3004138581313927,1.260554429529664,False
2020-10-12,059120,아진엑스텍,KOSDAQ,2020-10-08,6230.0,6080.0,6000.0,6551654.0,9748596,1.4879595289983263,0.9759229534510433,40816804420.0,58491576000.0,1.4330268337062533,1.45213385815567,False
2020-10-29,060150,인선이엔티,KOSDAQ,2020-10-28,9170.0,9010.0,9340.0,38391282.0,46458587,1.2101337746418575,0.9825517993456925,352048055940.0,433923202580.0,1.2325680976177698,1.1890191177233518,True
2015-10-23,060230,이그잭스,KOSDAQ,2015-10-22,2320.0,2275.0,2290.0,9192591.0,18192591,1.97904932352587,0.9806034482758621,21326811120.0,41661033390.0,1.9534581684802768,1.9406625909574802,False
2017-01-02,060230,이그잭스,KOSDAQ,2016-12-29,1225.0,1200.0,1215.0,18192591.0,31192591,1.7145766097858188,0.9795918367346939,22285923975.0,37898998065.0,1.7005800660324653,1.6795852504024347,False
2019-01-24,060230,이그잭스,KOSDAQ,2019-01-23,1380.0,1380.0,1685.0,50722994.0,70623488,1.3923367378510818,1.0,69997731720.0,119000577280.0,1.7000633357094732,1.3923367378510818,False
2015-04-03,060240,아이넷스쿨,KOSDAQ,2015-04-02,11950.0,11400.0,11100.0,8340000.0,18280000,2.1918465227817747,0.9539748953974896,99663000000.0,202908000000.0,2.035941121579724,2.0909665572980947,False
2016-09-01,060300,레드로버,KOSDAQ,2016-08-31,6410.0,6380.0,6480.0,34019128.0,42619128,1.2527989547527496,0.9953198127925117,218062610480.0,276171949440.0,1.2664800665831228,1.246935621111161,False
2020-11-16,060300,레드로버,KOSDAQ,2020-11-13,610.0,0.0,1830.0,79944216.0,26648071,0.333333320824611,0.0,48765971760.0,48765969930.0,0.999999962473833,0.0,False
2016-12-14,060560,홈센타홀딩스,KOSDAQ,2016-12-13,4000.0,3995.0,4040.0,27142566.0,40713754,1.4999964999624575,0.99875,108570264000.0,164483566160.0,1.514996464962082,1.4981215043375045,False
2017-10-27,060560,홈센타홀딩스,KOSDAQ,2017-10-26,2315.0,2260.0,2255.0,42262792.0,83796067,1.982738551679217,0.9762419006479481,97838363480.0,188960131085.0,1.9313500794974663,1.935632452179279,False
2017-09-13,060570,아이리버,KOSDAQ,2017-09-12,6890.0,6890.0,6880.0,31159696.0,43377740,1.3921105006929464,1.0,214690305440.0,298438851200.0,1.3900900210112441,1.3921105006929464,False
2015-04-03,060720,KH바텍,KOSDAQ,2015-04-02,32350.0,31700.0,31850.0,16000000.0,20000000,1.25,0.9799072642967542,517600000000.0,637000000000.0,1.230680061823802,1.2248840803709429,False
2015-07-13,060900,퍼시픽바이오,KOSDAQ,2015-07-10,787.0,0.0,6300.0,47567636.0,5945954,0.12499998948865149,0.0,37435729532.0,37459510200.0,1.0006352398710348,0.0,False
2016-03-07,060900,퍼시픽바이오,KOSDAQ,2016-03-04,6300.0,0.0,1260.0,6699854.0,33499270,5.0,0.0,42209080200.0,42209080200.0,1.0,0.0,False
2019-12-18,060900,케이알피앤이,KOSDAQ,2019-12-17,904.0,910.0,880.0,54437561.0,93352101,1.7148472357165303,1.0066371681415929,49211555144.0,82149848880.0,1.6693203179541447,1.7262289651571268,False
2015-01-13,060910,프리젠,KOSDAQ,2015-01-12,230.0,0.0,920.0,21321876.0,5330469,0.25,0.0,4904031480.0,4904031480.0,1.0,0.0,False
2015-05-06,061040,알에프텍,KOSDAQ,2015-05-04,7100.0,6990.0,6800.0,10562500.0,12700000,1.2023668639053255,0.9845070422535211,74993750000.0,86360000000.0,1.151562630219185,1.1837386448870741,True
2017-01-02,061040,알에프텍,KOSDAQ,2016-12-29,5040.0,4965.0,4965.0,12700000.0,19050000,1.5,0.9851190476190477,64008000000.0,94583250000.0,1.4776785714285714,1.4776785714285716,False
2016-07-01,063440,에프엔씨애드컬쳐,KOSDAQ,2016-06-30,2540.0,2580.0,2670.0,19873375.0,38307875,1.927597853912584,1.015748031496063,50478372500.0,102282026250.0,2.02625443698685,1.9579537256277428,False
2018-02-20,063570,한국전자금융,KOSDAQ,2018-02-19,11650.0,11650.0,11550.0,26015009.0,34645728,1.3317592163815897,1.0,303074854850.0,400158158400.0,1.320327806798915,1.3317592163815897,False
2017-06-28,064090,한양하이타오,KOSDAQ,2017-06-27,2485.0,2510.0,2470.0,33319209.0,47305229,1.4197584642540584,1.0100603621730382,82798234365.0,116843915630.0,1.4111884936448789,1.4340417486026906,False
2015-04-21,064240,홈캐스트,KOSDAQ,2015-04-20,6030.0,6050.0,6250.0,24120618.0,31170893,1.29229246945497,1.0033167495854063,145447326540.0,194818081250.0,1.339440785090143,1.2965786799672585,False
2016-06-28,064260,다날,KOSDAQ,2016-06-27,4715.0,4600.0,4700.0,21678954.0,28278954,1.3044427327997468,0.975609756097561,102216268110.0,132911083800.0,1.3002928619636924,1.2726270563899968,False
2016-07-06,064260,다날,KOSDAQ,2016-07-05,5100.0,4980.0,4895.0,28278954.0,42418431,1.5,0.9764705882352941,144222665400.0,207638219745.0,1.4397058823529412,1.464705882352941,False
2020-08-14,064350,현대로템,KOSPI,2020-08-13,16000.0,15900.0,16150.0,85000000.0,104043612,1.224042494117647,0.99375,1360000000000.0,1680304333800.0,1.2355178925,1.2163922285294118,False
2020-07-24,064510,에코마이스터,KOSDAQ,2020-07-23,1690.0,1670.0,1590.0,13691608.0,26691608,1.9494867220855285,0.9881656804733728,23138817520.0,42439656720.0,1.8341324781751422,1.9264158733034513,False
2019-07-15,064520,바른전자,KOSDAQ,2019-07-12,418.0,0.0,2090.0,66419511.0,13283902,0.1999999969888366,0.0,27763355598.0,27763355180.0,0.9999999849441831,0.0,False
2019-10-15,064520,바른전자,KOSDAQ,2019-10-14,2090.0,0.0,20900.0,13283902.0,1328390,0.09999998494418282,0.0,27763355180.0,27763351000.0,0.9999998494418282,0.0,False
2020-01-13,064520,바른전자,KOSDAQ,2020-01-10,20900.0,0.0,1210.0,1328390.0,51256571,38.58548393167669,0.0,27763351000.0,62020450910.0,2.2338964381497033,0.0,False
2020-06-05,064520,바른전자,KOSDAQ,2020-06-04,1210.0,0.0,1005.0,51256571.0,73686477,1.4376005956387523,0.0,62020450910.0,74054909385.0,1.1940401641462364,0.0,False
2017-07-10,064550,바이오니아,KOSDAQ,2017-07-07,5030.0,4955.0,4920.0,16124568.0,20624568,1.2790772441159355,0.9850894632206759,81106577040.0,101472874560.0,1.2511053759543542,1.2600055158239483,False
2016-05-23,064800,필링크,KOSDAQ,2016-05-20,25150.0,5330.0,5110.0,7101000.0,35505000,5.0,0.21192842942345924,178590150000.0,181430550000.0,1.0159045725646123,1.0596421471172963,True
2017-07-31,065060,지엔코,KOSDAQ,2017-07-28,2060.0,2020.0,2085.0,79827044.0,98008044,1.2277548946945849,0.9805825242718447,164443710640.0,204346771740.0,1.242654832736995,1.2039149938267288,False
2020-12-23,065150,MP그룹,KOSDAQ,2020-12-22,1195.0,1190.0,1115.0,80808407.0,124435974,1.5398889622957175,0.99581589958159,96566046365.0,138746111010.0,1.4368001614725734,1.533445912244271,False
2017-12-21,065160,에프티이앤이,KOSDAQ,2017-12-20,4275.0,4085.0,4150.0,54199785.0,67799785,1.2509235045858578,0.9555555555555556,231704080875.0,281369107750.0,1.2143467939254524,1.195326904382042,True
2018-04-11,065170,넥스트BT,KOSDAQ,2018-04-10,3660.0,3670.0,3480.0,42252224.0,58796137,1.3915512944360042,1.0027322404371584,154643139840.0,204610556760.0,1.3231143455293155,1.3953533471530424,False
2020-08-07,065170,넥스트BT,KOSDAQ,2020-08-06,2150.0,2100.0,2085.0,66253843.0,86778698,1.309791161850038,0.9767441860465116,142445762450.0,180933585330.0,1.2701928243987577,1.27933090227213,False
2016-11-03,065440,이루온,KOSDAQ,2016-11-02,2465.0,2400.0,2465.0,11575020.0,15275020,1.319653875328077,0.973630831643002,28532424300.0,37652924300.0,1.319653875328077,1.2848557001165861,False
2018-10-12,065440,이루온,KOSDAQ,2018-10-11,1510.0,1450.0,1560.0,15275020.0,27275020,1.7855963527379997,0.9602649006622517,23065280200.0,42549031200.0,1.8447220597823044,1.714645504284834,False
2016-06-29,065500,오리엔트정공,KOSDAQ,2016-06-28,1070.0,1060.0,1055.0,22143627.0,52143627,2.3547916066324635,0.9906542056074766,23693680890.0,55011526485.0,2.3217805093432236,2.332784208439637,False
2018-09-18,065500,오리엔트정공,KOSDAQ,2018-09-17,547.0,543.0,538.0,67214562.0,117214562,1.7438864215168135,0.9926873857404022,36766365414.0,63061434356.0,1.7151935919123322,1.7311340528037107,False
2018-05-08,065530,전파기지국,KOSDAQ,2018-05-04,30800.0,3000.0,2820.0,5286000.0,52860000,10.0,0.09740259740259741,162808800000.0,149065200000.0,0.9155844155844156,0.974025974025974,True
2017-05-23,065560,큐브스,KOSDAQ,2017-05-22,1750.0,7300.0,8150.0,31312428.0,7828107,0.25,4.171428571428572,54796749000.0,63799072050.0,1.1642857142857144,1.042857142857143,True
2017-06-28,065560,큐브스,KOSDAQ,2017-06-27,8630.0,8630.0,8610.0,7828107.0,10506709,1.3421774893981393,1.0,67556563410.0,90462764490.0,1.3390669969545748,1.3421774893981393,False
2020-12-28,065620,제낙스,KOSDAQ,2020-12-24,3190.0,0.0,15950.0,24759470.0,4951894,0.2,0.0,78982709300.0,78982709300.0,1.0,0.0,False
2020-04-17,065650,메디프론,KOSDAQ,2020-04-16,2840.0,2860.0,3025.0,29439113.0,36212510,1.2300815585034781,1.0070422535211268,83607080920.0,109542842750.0,1.3102101107299369,1.2387441046901224,False
2015-06-16,066110,백산OPC,KOSDAQ,2015-06-15,1955.0,0.0,1955.0,15300000.0,25817134,1.6873943790849673,0.0,29911500000.0,50472496970.0,1.6873943790849673,0.0,False
2016-03-17,066110,한프,KOSDAQ,2016-03-16,1090.0,3890.0,3500.0,25817134.0,8605711,0.3333333204220112,3.5688073394495414,28140676060.0,30119988500.0,1.0703363499789351,1.1896024004051593,True
2016-06-20,066110,한프,KOSDAQ,2016-06-17,3965.0,3860.0,4045.0,8605711.0,10335711,1.2010292932216757,0.9735182849936949,34121644115.0,41807950995.0,1.2252619145224914,1.1692239777643552,True
2016-09-09,066110,한프,KOSDAQ,2016-09-08,12150.0,11900.0,11300.0,10335711.0,13489456,1.3051309193919993,0.9794238683127572,125578888650.0,152430852800.0,1.2138254641258923,1.2782763737254972,False
2016-10-26,066110,한프,KOSDAQ,2016-10-25,5700.0,5320.0,5620.0,13489456.0,26744499,1.9826225016042158,0.9333333333333333,76889899200.0,150304084380.0,1.9547962208799463,1.8504476681639348,False
2018-08-06,066110,한프,KOSDAQ,2018-08-03,1510.0,1505.0,1500.0,35444407.0,45444407,1.2821319594936376,0.9966887417218543,53521054570.0,68166610500.0,1.2736410193645404,1.2778864894290891,False
2019-01-10,066410,버킷스튜디오,KOSDAQ,2019-01-09,540.0,2900.0,2595.0,67235903.0,13447181,0.20000000594920248,5.37037037037037,36307387620.0,34895434695.0,0.9611111397003341,1.0740741060234948,True
2019-03-26,066410,버킷스튜디오,KOSDAQ,2019-03-25,1800.0,1800.0,1830.0,13447181.0,23447181,1.743650286257023,1.0,24204925800.0,42908341230.0,1.7727111243613067,1.743650286257023,False
2019-11-20,066410,버킷스튜디오,KOSDAQ,2019-11-19,2210.0,2210.0,2140.0,23447181.0,30904808,1.318060708449344,1.0,51818270010.0,66136289120.0,1.276312179222442,1.318060708449344,False
2015-01-05,066430,케이엠알앤씨,KOSDAQ,2015-01-02,389.0,855.0,780.0,25818409.0,12909204,0.4999999806339732,2.197943444730077,10043361101.0,10069179120.0,1.0025706552557818,1.098971679799607,True
2015-07-03,066430,신후,KOSDAQ,2015-07-02,1990.0,1960.0,1780.0,14205194.0,17640029,1.2418013439309594,0.9849246231155779,28268336060.0,31399251620.0,1.1107569810035716,1.2230807206556185,False
2015-09-04,066430,신후,KOSDAQ,2015-09-03,1625.0,1595.0,1485.0,17640029.0,22512134,1.2761959745077516,0.9815384615384616,28665047125.0,33430518990.0,1.166246782857853,1.2526354334399161,False
2017-05-29,066430,와이오엠,KOSDAQ,2017-05-26,1535.0,0.0,4605.0,31378891.0,10459630,0.3333333227104808,0.0,48166597685.0,48166596150.0,0.9999999681314422,0.0,False
2016-08-30,066590,우수AMS,KOSDAQ,2016-08-29,2860.0,2820.0,2960.0,16994599.0,23594599,1.388358677954096,0.986013986013986,48604553140.0,69840013040.0,1.4369026876727706,1.3689410740666261,False
2020-06-29,066790,씨씨에스,KOSDAQ,2020-06-26,423.0,0.0,846.0,91952335.0,45976167,0.4999999945624002,0.0,38895837705.0,38895837282.0,0.9999999891248004,0.0,False
2019-09-24,066910,손오공,KOSDAQ,2019-09-23,1620.0,1610.0,1635.0,21896161.0,26896161,1.228350531401372,0.9938271604938271,35471780820.0,43975223235.0,1.2397241474328664,1.2207681207137093,False
2016-02-19,066970,엘앤에프,KOSDAQ,2016-02-18,7440.0,7410.0,7420.0,14208497.0,20692720,1.4563623443070721,0.9959677419354839,105711217680.0,153539982400.0,1.4524473917686123,1.4504899154993822,False
2017-01-16,066980,브레인콘텐츠,KOSDAQ,2017-01-13,1360.0,1350.0,1335.0,89579291.0,150322233,1.678091345911635,0.9926470588235294,121827835760.0,200680181055.0,1.6472440785235534,1.6657524389564022,False
2020-03-25,067010,이씨에스,KOSDAQ,2020-03-24,2760.0,2750.0,2915.0,6147000.0,12294000,2.0,0.9963768115942029,16965720000.0,35837010000.0,2.11231884057971,1.9927536231884058,False
2019-06-18,067390,아스트,KOSDAQ,2019-06-17,10700.0,10700.0,11100.0,15997582.0,24997582,1.5625850206612475,1.0,171174127400.0,277473160200.0,1.620999413956995,1.5625850206612475,False
2015-11-10,067630,에너지솔루션,KOSDAQ,2015-11-09,4625.0,4625.0,4400.0,14748216.0,22210903,1.5060060823627752,1.0,68210499000.0,97727973200.0,1.4327409215991809,1.5060060823627752,False
2018-11-08,067630,에이치엘비생명과학,KOSDAQ,2018-11-07,18050.0,18600.0,18050.0,27268625.0,36298625,1.3311498104506554,1.0304709141274238,492198681250.0,655190181250.0,1.3311498104506554,1.3717111620156337,False
2019-04-04,067630,에이치엘비생명과학,KOSDAQ,2019-04-03,17900.0,17850.0,18000.0,36298625.0,46145863,1.2712840500156686,0.9972067039106145,649745387500.0,830625534000.0,1.2783861955464824,1.2677329772502617,False
2016-11-24,067900,와이엔텍,KOSDAQ,2016-11-23,3300.0,3300.0,3230.0,14342803.0,17842803,1.2440248255518813,1.0,47331249900.0,57632253690.0,1.217636420161387,1.2440248255518813,False
2018-01-11,068050,팬엔터테인먼트,KOSDAQ,2018-01-10,4300.0,4300.0,4370.0,10130518.0,13742997,1.3565937102130414,1.0,43561227400.0,60056896890.0,1.3786777938676724,1.3565937102130414,False
2020-10-22,068050,팬엔터테인먼트,KOSDAQ,2020-10-21,3690.0,3570.0,3385.0,13742997.0,27247982,1.982681215749374,0.967479674796748,50711658930.0,92234419070.0,1.8188010610600627,1.9182037778388255,False
2016-10-12,068240,다원시스,KOSDAQ,2016-10-11,17150.0,16700.0,16450.0,16056572.0,24037169,1.497029938893557,0.9737609329446064,275370209800.0,395411430050.0,1.4359266760815752,1.4577492699429973,False
2020-01-20,068400,SK렌터카,KOSPI,2020-01-17,11700.0,11700.0,11550.0,22146300.0,35765140,1.614948772481182,1.0,259111710000.0,413087367000.0,1.5942443010391156,1.614948772481182,False
2020-10-19,068400,SK렌터카,KOSPI,2020-10-16,8560.0,8610.0,8720.0,35765140.0,47285840,1.32212092557166,1.0058411214953271,306149598400.0,412332524800.0,1.3468334662365509,1.3298435945294385,False
2015-01-09,068760,셀트리온제약,KOSDAQ,2015-01-08,9070.0,9120.0,9350.0,14395378.0,18889760,1.3122100718716798,1.0055126791620728,130566078460.0,176619256000.0,1.3527193133407065,1.3194438649911489,False
2017-10-23,068940,아이씨케이,KOSDAQ,2017-10-20,5700.0,2200.0,2350.0,12471889.0,31179722,2.499999959909842,0.38596491228070173,71089767300.0,73272346700.0,1.0307017378575665,0.96491226522836,True
2018-04-26,069540,라이트론,KOSDAQ,2018-04-25,8290.0,8090.0,8420.0,8942034.0,10922017,1.221424230773446,0.9758745476477684,74129461860.0,91963383140.0,1.2405780486263467,1.19195681869206,True
2015-04-13,069920,아이에스이커머스,KOSDAQ,2015-04-10,4800.0,4875.0,4875.0,14224850.0,21004510,1.4766067831998229,1.015625,68279280000.0,102396986250.0,1.4996787641873202,1.4996787641873202,False
2015-07-09,069920,아이에스이커머스,KOSDAQ,2015-07-08,7550.0,7300.0,7390.0,21004510.0,25514093,1.2146959391102197,0.9668874172185431,158584050500.0,188549147270.0,1.1889540384138442,1.174474219272133,True
2017-03-28,071280,로체시스템즈,KOSDAQ,2017-03-27,8370.0,8360.0,8600.0,8224402.0,10224402,1.2431787745783827,0.998805256869773,68838244740.0,87929857200.0,1.2773401984915282,1.2416934952778111,False
2017-04-11,071280,로체시스템즈,KOSDAQ,2017-04-10,8770.0,8600.0,8740.0,10224402.0,15296603,1.496087790757836,0.9806157354618016,89668005540.0,133692310220.0,1.4909700446092915,1.4670872292494173,False
2017-09-12,071460,대유위니아,KOSDAQ,2017-09-11,3160.0,3130.0,3065.0,24111530.0,35967295,1.4917052132320097,0.990506329113924,76192434800.0,110239759175.0,1.446859645112693,1.477543454878541,False
2015-03-30,071970,STX중공업,KOSPI,2015-03-27,1410.0,0.0,11300.0,114309017.0,14272777,0.12486133967891615,0.0,161175713970.0,161282380100.0,1.0006618002636543,0.0,False
2015-04-13,071970,STX중공업,KOSPI,2015-04-10,11300.0,0.0,11300.0,14272777.0,22325027,1.5641684165597207,0.0,161282380100.0,252272805100.0,1.5641684165597207,0.0,False
2018-08-10,072020,중앙백신,KOSDAQ,2018-08-09,22400.0,21900.0,22000.0,8300000.0,9960000,1.2,0.9776785714285714,185920000000.0,219120000000.0,1.1785714285714286,1.1732142857142855,True
2015-05-06,072470,우리산업홀딩스,KOSDAQ,2015-05-04,11800.0,7200.0,6120.0,15649351.0,6517188,0.4164510080961185,0.6101694915254238,184662341800.0,39885190560.0,0.21598984487696993,0.25410569985525877,False
2015-08-20,072470,우리산업홀딩스,KOSDAQ,2015-08-19,5340.0,5340.0,4985.0,6517188.0,18887341,2.8980813504229124,1.0,34801783920.0,94153394885.0,2.70541863892476,2.8980813504229124,False
2015-12-30,072520,태양기전,KOSDAQ,2015-12-29,1555.0,1580.0,1570.0,7500000.0,20000000,2.6666666666666665,1.0160771704180065,11662500000.0,31400000000.0,2.692390139335477,2.709539121114684,False
2017-02-02,072520,태양씨앤엘,KOSDAQ,2017-02-01,1215.0,1215.0,1195.0,33490330.0,42103552,1.2571853427541622,1.0,40690750950.0,50313744640.0,1.2364909338199372,1.2571853427541622,False
2016-03-16,072770,네오디안테크놀로지,KOSDAQ,2016-03-15,1380.0,1380.0,1395.0,15949683.0,30309683,1.9003313733570755,1.0,22010562540.0,42282007785.0,1.920987149154435,1.9003313733570755,False
2015-05-04,072870,메가스터디,KOSDAQ,2015-04-30,67600.0,33850.0,38900.0,6340667.0,4016291,0.6334177461140917,0.5007396449704142,428629089200.0,156233719900.0,0.3644963065656534,0.3171773773071303,False
2018-07-09,072870,메가스터디,KOSDAQ,2018-07-06,17000.0,16400.0,16900.0,4016291.0,11920959,2.968151212150713,0.9647058823529412,68276947000.0,201464207100.0,2.950691499138062,2.8633929340748057,False
2019-04-12,072990,에이치시티,KOSDAQ,2019-04-11,9420.0,9180.0,9390.0,4579934.0,6869651,1.499945414060552,0.9745222929936306,43142978280.0,64506022890.0,1.4951685178374292,1.4617302442755697,False
2017-04-11,073010,케이에스피,KOSDAQ,2017-04-10,3760.0,0.0,3760.0,9444037.0,7540914,0.7984841651933384,0.0,35509579120.0,28353836640.0,0.7984841651933384,0.0,False
2018-12-21,073010,케이에스피,KOSDAQ,2018-12-20,3760.0,0.0,1430.0,7542268.0,36192257,4.798590689166707,0.0,28358927680.0,51754927510.0,1.8249959269969125,0.0,False
2017-12-22,073070,넥센테크,KOSDAQ,2017-12-21,17500.0,3290.0,2980.0,14581966.0,72909830,5.0,0.188,255184405000.0,217271293400.0,0.8514285714285714,0.94,True
2018-01-04,073070,넥센테크,KOSDAQ,2018-01-03,3160.0,3115.0,3005.0,72909830.0,87508375,1.200227390462987,0.9857594936708861,230395062800.0,262962666875.0,1.1413554773231886,1.183135544712723,True
2015-05-19,073190,디비케이,KOSDAQ,2015-05-18,4340.0,2120.0,2235.0,5984020.0,11968040,2.0,0.48847926267281105,25970646800.0,26748569400.0,1.0299539170506913,0.9769585253456221,True
2018-07-20,073240,금호타이어,KOSPI,2018-07-19,6050.0,6030.0,6100.0,157993158.0,287260287,1.8181818164556214,0.996694214876033,955858605900.0,1752287750700.0,1.8332081124593869,1.8121712980541151,False
2015-07-17,073570,에이티테크놀러지,KOSDAQ,2015-07-16,872.0,3080.0,2445.0,14064745.0,5625898,0.4,3.532110091743119,12264457640.0,13755320610.0,1.121559633027523,1.4128440366972477,False
2015-10-05,073570,에이티테크놀러지,KOSDAQ,2015-10-02,1770.0,1770.0,1765.0,5625898.0,13354805,2.3738085902019552,1.0,9957839460.0,23571230825.0,2.367102916218334,2.3738085902019552,False
2017-11-15,073570,에이티테크놀러지,KOSDAQ,2017-11-14,944.0,5010.0,5090.0,25363747.0,5072749,0.19999998422945947,5.307203389830509,23943377168.0,25820292410.0,1.078389745474522,1.0614405942686356,True
2017-11-17,073570,에이티테크놀러지,KOSDAQ,2017-11-16,4350.0,4225.0,4585.0,5072749.0,6102160,1.2029296146921522,0.9712643678160919,22066458150.0,27978403600.0,1.2679154674398891,1.1683626717412283,True
2018-01-18,073570,에이티테크놀러지,KOSDAQ,2018-01-17,7830.0,7970.0,8770.0,6102160.0,8496412,1.3923613933426853,1.0178799489144317,47779912800.0,74513533240.0,1.5595158901169028,1.4172567439260795,False
2019-01-18,073570,피엠지파마,KOSDAQ,2019-01-17,6400.0,6500.0,6240.0,11248306.0,13872974,1.2333389578839693,1.015625,71989158400.0,86567357760.0,1.20250548393687,1.2526098791009064,False
2020-04-24,073570,WI,KOSDAQ,2020-04-23,8000.0,1770.0,1605.0,14241730.0,71208650,5.0,0.22125,113933840000.0,114289883250.0,1.003125,1.10625,True
2017-05-24,074600,원익QnC,KOSDAQ,2017-05-23,11050.0,10750.0,11500.0,13144000.0,26288000,2.0,0.9728506787330317,145241200000.0,302312000000.0,2.081447963800905,1.9457013574660633,False
2020-11-23,075580,세진중공업,KOSPI,2020-11-20,7160.0,7000.0,6980.0,38372720.0,56849456,1.4815070706481062,0.9776536312849162,274748675200.0,396809202880.0,1.4442624794865617,1.4484007673933998,False
2019-04-17,076610,해성옵틱스,KOSDAQ,2019-04-16,1920.0,1915.0,1995.0,16675000.0,28347500,1.7,0.9973958333333334,32016000000.0,56553262500.0,1.76640625,1.6955729166666667,False
2015-02-06,077360,덕산하이메탈,KOSDAQ,2015-02-05,11150.0,10500.0,8950.0,29392370.0,17384600,0.5914664247898349,0.9417040358744395,327724925500.0,155592170000.0,0.4747645293156074,0.5569863193088131,False
2015-05-28,077360,덕산하이메탈,KOSDAQ,2015-05-27,9040.0,9070.0,9050.0,17384600.0,22718501,1.3068175856792794,1.0033185840707965,157156784000.0,205602434050.0,1.3082631803537033,1.3111543697025514,False
2015-03-19,077500,유니퀘스트,KOSPI,2015-03-18,5950.0,5830.0,5600.0,13505483.0,26978966,1.9976305919603172,0.9798319327731092,80357623850.0,151082209600.0,1.8801229100802985,1.957342243887168,False
2015-03-30,077970,STX엔진,KOSPI,2015-03-27,3510.0,0.0,28100.0,49198433.0,6149804,0.12499999745926867,0.0,172686499830.0,172809492400.0,1.000712230371923,0.0,False
2015-04-14,077970,STX엔진,KOSPI,2015-04-13,28100.0,0.0,28100.0,6149804.0,23008904,3.741404441507404,0.0,172809492400.0,646550202400.0,3.741404441507404,0.0,False
2019-05-16,078020,이베스트투자증권,KOSDAQ,2019-05-15,5730.0,5750.0,5770.0,40481190.0,55481190,1.370542466760488,1.0034904013961605,231957218700.0,320126466300.0,1.3801099534394443,1.3753262100999661,False
2017-03-31,078070,유비쿼스홀딩스,KOSDAQ,2017-03-30,11450.0,7970.0,7200.0,21200000.0,16076045,0.7583040094339623,0.6960698689956332,242740000000.0,115747524000.0,0.4768374557139326,0.5278325725055615,False
2018-04-04,078070,유비쿼스홀딩스,KOSDAQ,2018-04-03,6130.0,6140.0,6050.0,16076045.0,20696628,1.2874203823141823,1.0016313213703099,98546155850.0,125214599400.0,1.2706188112562484,1.289520578696424,False
2015-06-09,078130,국일제지,KOSDAQ,2015-06-08,13400.0,1540.0,1540.0,2000000.0,20000000,10.0,0.11492537313432835,26800000000.0,30800000000.0,1.1492537313432836,1.1492537313432836,True
2016-12-16,078130,국일제지,KOSDAQ,2016-12-15,3010.0,659.0,620.0,22806690.0,115998080,5.08614270637256,0.21893687707641196,68648136900.0,71918809600.0,1.0476440126083013,1.1135442004981784,True
2019-04-15,078160,메디포스트,KOSDAQ,2019-04-12,38500.0,38000.0,37450.0,7868421.0,15617842,1.9848762540794398,0.987012987012987,302934208500.0,584888182900.0,1.9307432653318188,1.9590986403900965,False
2018-01-09,078520,에이블씨엔씨,KOSPI,2018-01-08,16800.0,16500.0,17200.0,16890782.0,24823163,1.4696278123771889,0.9821428571428571,283765137600.0,426958403600.0,1.504618950767122,1.443384458584739,False
2018-10-31,078590,두올산업,KOSDAQ,2018-10-30,3915.0,4065.0,3990.0,13872770.0,19367275,1.3960640160544722,1.0383141762452108,54311894550.0,77275427250.0,1.422808537434826,1.4495530588151802,False
2019-04-23,078590,두올산업,KOSDAQ,2019-04-22,3520.0,1420.0,1400.0,21115475.0,52788687,2.499999976320684,0.4034090909090909,74326472000.0,73904161800.0,0.9943181724002721,1.008522717720276,True
2016-11-28,078650,코렌,KOSDAQ,2016-11-25,3595.0,3530.0,3495.0,10825348.0,13825348,1.2771273496242337,0.9819193324061196,38917126060.0,48319591260.0,1.2416022494956043,1.2540360345406245,False
2017-10-16,078650,코렌,KOSDAQ,2017-10-13,1550.0,1550.0,1495.0,14071471.0,30071471,2.1370524090907055,1.0,21810780050.0,44956849145.0,2.061221517155229,2.1370524090907055,False
2019-04-26,078650,코렌,KOSDAQ,2019-04-25,1940.0,1960.0,1920.0,30071471.0,36569665,1.216091657105833,1.0103092783505154,58338653740.0,70213756800.0,1.2035546297129893,1.2286286844986765,False
2020-11-18,078650,코렌,KOSDAQ,2020-11-17,799.0,790.0,810.0,44675373.0,68975373,1.5439238302498337,0.9887359198998749,35695623027.0,55870052130.0,1.5651793523183546,1.5265329485574075,False
2015-06-29,078780,아이디에스,KOSDAQ,2015-06-26,443.0,3990.0,5180.0,24048477.0,4008079,0.16666664587532923,9.006772009029346,10653475311.0,20761849220.0,1.9488334664429017,1.5011284809087215,False
2015-07-10,078780,아이디에스,KOSDAQ,2015-07-09,13800.0,13800.0,14500.0,4008079.0,6441414,1.6071075445369216,1.0,55311490200.0,93400503000.0,1.6886274924482148,1.6071075445369216,False
2015-09-04,078860,포인트아이,KOSDAQ,2015-09-03,4695.0,4665.0,4655.0,12213683.0,14875954,1.217974463558617,0.9936102236421726,57343241685.0,69247565870.0,1.2075976843163712,1.2101918791269326,False
2016-05-25,078860,아이오케이,KOSDAQ,2016-05-24,5290.0,1305.0,1375.0,16553475.0,82767375,5.0,0.24669187145557656,87567882750.0,113805140625.0,1.2996219281663517,1.2334593572778827,False
2018-05-25,078860,아이오케이,KOSDAQ,2018-05-24,459.0,2220.0,2430.0,132870070.0,26574014,0.2,4.836601307189542,60987362130.0,64574854020.0,1.0588235294117647,0.9673202614379085,True
2018-08-17,078860,아이오케이,KOSDAQ,2018-08-16,2405.0,2405.0,2380.0,26574014.0,39747667,1.4957344042943606,1.0,63910503670.0,94599447460.0,1.4801862296135462,1.4957344042943606,False
2016-11-29,078940,일경산업개발,KOSDAQ,2016-11-28,2465.0,2415.0,2245.0,17358184.0,28502164,1.642001490478497,0.9797160243407708,42787923560.0,63987358180.0,1.4954536901112478,1.608695172213213,False
2018-03-16,078940,일경산업개발,KOSDAQ,2018-03-15,1540.0,1540.0,1585.0,33987165.0,42155165,1.240326017189136,1.0,52340234100.0,66815936525.0,1.2765693098992081,1.240326017189136,False
2019-10-22,078940,코드네이처,KOSDAQ,2019-10-21,1490.0,0.0,2980.0,59525614.0,29762807,0.5,0.0,88693164860.0,88693164860.0,1.0,0.0,False
2020-08-07,079160,CJ CGV,KOSPI,2020-08-06,18600.0,18450.0,18800.0,21161313.0,35100000,1.6586872468641243,0.9919354838709677,393600421800.0,659880000000.0,1.6765225936045987,1.6453107368087685,False
2015-10-29,079190,EMW,KOSDAQ,2015-10-28,2200.0,2150.0,2215.0,18248363.0,26748363,1.4657952058494232,0.9772727272727273,40146398600.0,59247624045.0,1.4757892640711239,1.4324816784437546,False
2017-01-19,079650,서산,KOSDAQ,2017-01-18,252700.0,4670.0,5940.0,400000.0,20000000,50.0,0.0184804115552038,101080000000.0,118800000000.0,1.1753066877720617,0.9240205777601899,True
2016-05-31,079970,투비소프트,KOSDAQ,2016-05-30,9850.0,9650.0,9630.0,10607725.0,13789871,1.299983832537137,0.9796954314720813,104486091250.0,132796457730.0,1.2709486606429063,1.2735882217242003,False
2017-07-12,079970,투비소프트,KOSDAQ,2017-07-11,7230.0,7160.0,6890.0,14313679.0,17536201,1.225135829858976,0.9903181189488244,103487899170.0,120824424890.0,1.1675222500315832,1.213274210482748,False
2016-03-03,080000,에스엔유,KOSDAQ,2016-03-02,4925.0,4800.0,4930.0,20433470.0,25000000,1.22348284456825,0.9746192893401016,100634839750.0,123250000000.0,1.2247249591312634,1.1924299804929137,True
2016-12-29,080000,에스엔유,KOSDAQ,2016-12-28,5100.0,5060.0,5200.0,25000000.0,31250000,1.25,0.9921568627450981,127500000000.0,162500000000.0,1.2745098039215685,1.2401960784313726,False
2017-07-18,080160,모두투어,KOSDAQ,2017-07-17,29050.0,28550.0,29400.0,12600000.0,18900000,1.5,0.9827882960413081,366030000000.0,555660000000.0,1.5180722891566265,1.4741824440619622,False
2016-07-18,080420,모다이노칩,KOSDAQ,2016-07-15,13650.0,13500.0,13100.0,14907743.0,39860811,2.673832719010517,0.989010989010989,203490691950.0,522176624100.0,2.5660958695265768,2.644449941878533,False
2019-04-16,080420,모다이노칩,KOSDAQ,2019-04-15,4670.0,4585.0,4665.0,39860811.0,79721622,2.0,0.9817987152034261,186149987370.0,371901366630.0,1.9978586723768736,1.9635974304068522,False
2018-09-28,080440,에스제이케이,KOSDAQ,2018-09-27,740.0,3685.0,3330.0,35981654.0,7196330,0.19999997776644732,4.97972972972973,26626423960.0,23963778900.0,0.8999998999490129,0.9959458352288627,True
2019-01-25,080440,에스제이케이,KOSDAQ,2019-01-24,2460.0,2470.0,2505.0,7196330.0,8684424,1.2067851251957595,1.0040650406504066,17702971800.0,21754482120.0,1.2288604628517794,1.2116907557859864,False
2018-07-25,080530,코디,KOSDAQ,2018-07-24,1795.0,0.0,3590.0,19686576.0,9843288,0.5,0.0,35337403920.0,35337403920.0,1.0,0.0,False
2018-10-29,080530,코디,KOSDAQ,2018-10-26,3590.0,0.0,3590.0,9843288.0,11862130,1.2050983370597304,0.0,35337403920.0,42585046700.0,1.2050983370597304,0.0,False
2019-11-15,080530,코디,KOSDAQ,2019-11-14,3590.0,0.0,3590.0,11862130.0,15226867,1.2836536945725598,0.0,42585046700.0,54664452530.0,1.2836536945725598,0.0,False
2020-05-25,080530,코디,KOSDAQ,2020-05-22,3590.0,2995.0,2760.0,15226867.0,22532377,1.479777619388151,0.8342618384401114,54664452530.0,62189360520.0,1.1376563313401942,1.2345219972332904,False
2020-09-23,080720,한국유니온제약,KOSDAQ,2020-09-22,14700.0,14700.0,14600.0,5903728.0,7903728,1.3387689947775372,1.0,86784801600.0,115394428800.0,1.3296617227042207,1.3387689947775372,False
2019-08-26,081000,일진다이아,KOSPI,2019-08-23,33700.0,32550.0,34750.0,11277975.0,14202975,1.259355070391626,0.9658753709198813,380067757500.0,493553381250.0,1.2985931363830567,1.216380045734345,False
2018-05-09,081660,휠라코리아,KOSPI,2018-05-08,129500.0,24800.0,24850.0,12223014.0,61115070,5.0,0.1915057915057915,1582880313000.0,1518709489500.0,0.9594594594594594,0.9575289575289575,True
2018-03-12,081970,넥스지,KOSDAQ,2018-03-09,11200.0,11200.0,11450.0,5760000.0,8070924,1.4012020833333334,1.0,64512000000.0,92412079800.0,1.4324789155505953,1.4012020833333334,False
2015-10-30,082390,피엘에이,KOSDAQ,2015-10-29,1200.0,1280.0,1210.0,48058384.0,60058384,1.2496962860840264,1.0666666666666667,57670060800.0,72670644640.0,1.2601104218013934,1.3330093718229614,False
2017-04-11,082640,동양생명,KOSPI,2017-04-10,10300.0,10300.0,10150.0,107572390.0,161358585,1.5,1.0,1107995617000.0,1637789637750.0,1.4781553398058251,1.5,False
2016-11-16,082660,삼우엠스,KOSDAQ,2016-11-15,2155.0,2130.0,2220.0,11587317.0,20087317,1.7335606680994402,0.988399071925754,24970668135.0,44593843740.0,1.7858490409191448,1.713449755476477,False
2017-08-21,082660,삼우엠스,KOSDAQ,2017-08-18,986.0,982.0,960.0,20087317.0,40087317,1.995653127792029,0.9959432048681541,19806094562.0,38483824320.0,1.9430294144831115,1.9875571718983494,False
2019-08-19,082660,나인컴플렉스,KOSDAQ,2019-08-16,521.0,2800.0,2340.0,48367104.0,9673420,0.19999998345983253,5.3742802303262955,25199261184.0,22635802800.0,0.8982724784952172,1.0748559571737641,True
2019-12-26,082660,나인컴플렉스,KOSDAQ,2019-12-24,1770.0,1795.0,1785.0,10123870.0,17593527,1.73782624628724,1.0141242937853108,17919249900.0,31404445695.0,1.752553587357471,1.7623718147376248,False
2018-06-19,082740,HSD엔진,KOSPI,2018-06-18,7150.0,4985.0,4030.0,69500000.0,32947142,0.47405959712230217,0.6972027972027972,496925000000.0,132776982260.0,0.26719722746893393,0.3305156771545002,False
2019-12-18,082800,루미마이크로,KOSDAQ,2019-12-17,2675.0,2615.0,2435.0,94292663.0,119292664,1.2651319859319277,0.9775700934579439,252232873525.0,290477636840.0,1.151624817100652,1.2367551937241086,False
2019-12-26,083420,그린케미칼,KOSPI,2019-12-24,3510.0,3475.0,3510.0,20000000.0,24000000,1.2,0.99002849002849,70200000000.0,84240000000.0,1.2,1.188034188034188,True
2020-03-09,083470,KJ프리텍,KOSDAQ,2020-03-06,387.0,0.0,1895.0,24704729.0,17424516,0.7053109548378369,0.0,9560730123.0,33019457820.0,3.4536544171000023,0.0,False
2017-12-28,083640,인콘,KOSDAQ,2017-12-27,6300.0,6000.0,6320.0,6394863.0,25255452,3.94933433288563,0.9523809523809523,40287636900.0,159614456640.0,3.9618719021963784,3.7612707932244094,False
2018-10-10,083640,인콘,KOSDAQ,2018-10-08,9890.0,2140.0,2090.0,25255452.0,126277260,5.0,0.21638018200202225,249776420280.0,263919473400.0,1.056622851365015,1.0819009100101113,True
2019-05-23,083640,인콘,KOSDAQ,2019-05-22,1200.0,2770.0,3120.0,133691357.0,66845678,0.49999999626004243,2.308333333333333,160429628400.0,208558515360.0,1.2999999902761104,1.1541666580335979,True
2020-10-05,083640,인콘,KOSDAQ,2020-09-29,926.0,2220.0,2285.0,86698982.0,35161752,0.40556130174631116,2.3974082073434126,80283257332.0,80344603320.0,1.000764119320001,0.9722959933874847,True
2015-05-12,083650,비에이치아이,KOSDAQ,2015-05-11,6270.0,6040.0,5900.0,13080000.0,26000000,1.9877675840978593,0.9633173843700159,82011600000.0,153400000000.0,1.870467104653488,1.9148510698486554,False
2015-11-16,083660,젠트로,KOSDAQ,2015-11-13,7000.0,6620.0,6650.0,9314033.0,13961033,1.498924579717508,0.9457142857142857,65198231000.0,92840869450.0,1.4239783507316326,1.4175543882471289,False
2016-11-09,083660,CSA 코스믹,KOSDAQ,2016-11-08,4435.0,4435.0,3980.0,13961033.0,19205147,1.3756250701506114,1.0,61917181355.0,76436485060.0,1.2344955533707853,1.3756250701506114,False
2020-04-16,083660,CSA 코스믹,KOSDAQ,2020-04-14,4170.0,0.0,4170.0,19747641.0,37072045,1.8772897988169828,0.0,82347662970.0,154590427650.0,1.8772897988169828,0.0,False
2018-07-27,083790,크리스탈,KOSDAQ,2018-07-26,16350.0,16000.0,16500.0,30478320.0,39620994,1.299973030009528,0.9785932721712538,498320532000.0,653746401000.0,1.31189938808301,1.2721448611714035,False
2016-06-03,084110,휴온스글로벌,KOSDAQ,2016-06-02,80900.0,65200.0,65600.0,11396154.0,5500690,0.482679507489983,0.8059332509270705,921948858600.0,360845264000.0,0.39139401349002334,0.38900746462727925,False
2016-08-29,084110,휴온스글로벌,KOSDAQ,2016-08-26,48350.0,48450.0,44950.0,5500690.0,9718472,1.7667732593547354,1.0020682523267839,265958361500.0,436845316400.0,1.6425327405996972,1.7704273922592952,False
2016-07-12,084650,랩지노믹스,KOSDAQ,2016-07-11,17650.0,17300.0,17500.0,4280076.0,8533599,1.9937961381994151,0.9801699716713881,75543341400.0,149337982500.0,1.9768516950985702,1.9542591042974438,False
2019-09-05,084990,헬릭스미스,KOSDAQ,2019-09-04,183900.0,183200.0,193000.0,17056260.0,21320325,1.25,0.9961935834692768,3136646214000.0,4114822725000.0,1.3118542686242523,1.2452419793365959,False
2020-05-15,084990,헬릭스미스,KOSDAQ,2020-05-14,66000.0,65900.0,63000.0,21415088.0,26765714,1.2498530942296384,0.9984848484848485,1413395808000.0,1686239982000.0,1.193041589946473,1.2479593774201996,False
2017-07-27,085310,엔케이,KOSPI,2017-07-26,1140.0,1140.0,1145.0,48983352.0,79983352,1.6328680813840588,1.0,55841021280.0,91580938040.0,1.6400297834953923,1.6328680813840588,False
2017-03-23,085370,루트로닉,KOSDAQ,2017-03-22,14250.0,13950.0,13750.0,10918041.0,21480643,1.9674448007659981,0.9789473684210527,155582084250.0,295358841250.0,1.8984116498619281,1.9260249102235563,False
2017-03-23,08537M,루트로닉3우C,KOSDAQ,2017-03-22,14900.0,14850.0,14500.0,1701067.0,3402134,2.0,0.9966442953020134,25345898300.0,49330943000.0,1.9463087248322148,1.9932885906040267,False
2018-02-19,08537M,루트로닉3우C,KOSDAQ,2018-02-14,17700.0,17750.0,18350.0,2549678.0,2020754,0.7925526282142294,1.002824858757062,45129300600.0,37080835900.0,0.821657668233396,0.7947914774464729,False
2018-03-23,085620,미래에셋생명,KOSPI,2018-03-22,5130.0,5080.0,4980.0,145180000.0,177016189,1.2192877049180328,0.9902534113060428,744773400000.0,881540621220.0,1.1836360176397278,1.2074038091585977,False
2018-07-02,085670,뉴프렉스,KOSDAQ,2018-06-29,3530.0,3480.0,3175.0,14104026.0,21156039,1.5,0.9858356940509915,49787211780.0,67170423825.0,1.3491501416430596,1.4787535410764872,False
2020-02-17,086250,화신테크,KOSDAQ,2020-02-14,3850.0,3895.0,4335.0,13972756.0,17196478,1.2307148281985314,1.0116883116883117,53795110600.0,74546732130.0,1.385752929932632,1.2450998067099428,False
2020-02-24,086250,화신테크,KOSDAQ,2020-02-21,4060.0,4300.0,3950.0,17196478.0,25590669,1.4881343144799766,1.0591133004926108,69817700680.0,101083142550.0,1.4478154044817506,1.5761028453851968,False
2020-09-10,086450,동국제약,KOSDAQ,2020-09-09,151100.0,32900.0,31400.0,8892000.0,44460000,5.0,0.21773659827928524,1343581200000.0,1396044000000.0,1.0390469887491727,1.0886829913964262,True
2015-07-24,086830,신양,KOSDAQ,2015-07-23,1225.0,1190.0,1280.0,19709839.0,32709839,1.6595690609141962,0.9714285714285714,24144552775.0,41868593920.0,1.7340803248736092,1.6121528020309335,False
2016-12-21,086830,신양오라컴,KOSDAQ,2016-12-20,847.0,857.0,845.0,45268684.0,61472389,1.3579451304570727,1.011806375442739,38342575348.0,51944168705.0,1.3547386484489097,1.3739775404978882,False
2015-08-18,086890,이수앱지스,KOSDAQ,2015-08-17,8230.0,8010.0,7700.0,14981052.0,19581052,1.3070545379590166,0.9732685297691372,123294057960.0,150774100400.0,1.2228821315047906,1.272115048487451,False
2017-12-13,086890,이수앱지스,KOSDAQ,2017-12-12,8660.0,8500.0,8600.0,19760263.0,24960263,1.2631543922264596,0.9815242494226328,171123877580.0,214658261800.0,1.254402745167154,1.2398166667349777,False
2018-08-10,087010,펩트론,KOSDAQ,2018-08-09,25850.0,25150.0,24950.0,7663250.0,15326500,2.0,0.9729206963249516,198095012500.0,382396175000.0,1.93036750483559,1.9458413926499032,False
2015-05-14,087220,스틸플라워,KOSDAQ,2015-05-13,2060.0,2055.0,2085.0,14600000.0,21600000,1.4794520547945205,0.9975728155339806,30076000000.0,45036000000.0,1.4974065700226094,1.4758611517489026,False
2015-05-26,087220,스틸플라워,KOSDAQ,2015-05-22,1930.0,1920.0,1925.0,21600000.0,32175555,1.4896090277777778,0.9948186528497409,41688000000.0,61937943375.0,1.4857499370322396,1.4818908462867013,False
2016-05-10,087220,스틸플라워,KOSDAQ,2016-05-09,1145.0,1135.0,1185.0,32175555.0,42175555,1.3107949497685432,0.9912663755458515,36841010475.0,49978032675.0,1.3565869130792347,1.2993469589408704,False
2016-11-23,087220,스틸플라워,KOSDAQ,2016-11-22,775.0,769.0,742.0,42175555.0,72172928,1.7112502253971524,0.9922580645161291,32686055125.0,53552312576.0,1.6383840867673383,1.6980018365553682,False
2020-03-17,087260,모바일어플라이언스,KOSDAQ,2020-03-16,2300.0,2000.0,2265.0,15000000.0,30000000,2.0,0.8695652173913043,34500000000.0,67950000000.0,1.9695652173913043,1.7391304347826086,False
2018-07-04,087730,네패스신소재,KOSDAQ,2018-07-03,32650.0,32700.0,33950.0,2860000.0,3515737,1.2292786713286714,1.001531393568147,93379000000.0,119359271150.0,1.2782239170477303,1.2311611807794043,False
2019-05-03,087730,네패스신소재,KOSDAQ,2019-05-02,52300.0,11350.0,10500.0,3515737.0,17578685,5.0,0.2170172084130019,183873045100.0,184576192500.0,1.0038240917782026,1.0850860420650095,True
2020-01-15,087730,에스모 머티리얼즈,KOSDAQ,2020-01-14,1410.0,1575.0,1435.0,18527193.0,27997084,1.5111346872675209,1.1170212765957446,26123342130.0,40175815540.0,1.537927855481484,1.6879695974796773,False
2020-01-17,087730,에스모 머티리얼즈,KOSDAQ,2020-01-16,1375.0,1375.0,1340.0,27997084.0,48776304,1.7421922940260492,1.0,38495990500.0,65360247360.0,1.6978455810872044,1.7421922940260492,False
2020-05-07,087730,에스모 머티리얼즈,KOSDAQ,2020-05-06,388.0,2520.0,2520.0,48842859.0,9768571,0.19999998362094243,6.494845360824742,18951029292.0,24616798920.0,1.2989689657855024,1.2989689657855024,False
2015-04-24,088130,동아엘텍,KOSDAQ,2015-04-23,18000.0,17800.0,17500.0,8698415.0,10820231,1.2439313369159783,0.9888888888888889,156571470000.0,189354042500.0,1.2093776886683123,1.230109877616912,False
2017-07-10,088390,이녹스,KOSDAQ,2017-07-07,49150.0,28300.0,21100.0,12318242.0,3706343,0.30088246358530707,0.5757884028484231,605441594300.0,78203837300.0,0.12916826005391616,0.1732446331528828,False
2017-11-06,088390,이녹스,KOSDAQ,2017-11-03,15250.0,15000.0,15050.0,3709351.0,9350844,2.5208841115332574,0.9836065573770492,56567602750.0,140730202200.0,2.4878233363000346,2.4795581424917286,False
2016-11-17,089140,넥스턴,KOSDAQ,2016-11-16,23800.0,23800.0,24950.0,6800000.0,8461800,1.2443823529411764,1.0,161840000000.0,211121910000.0,1.3045100716757292,1.2443823529411764,False
2016-11-24,089140,넥스턴,KOSDAQ,2016-11-23,24800.0,24000.0,25550.0,8461800.0,11846520,1.4,0.967741935483871,209852640000.0,302678586000.0,1.4423387096774194,1.3548387096774193,False
2015-01-12,089230,용현BM,KOSDAQ,2015-01-09,976.0,985.0,967.0,22603443.0,41895922,1.8535194837352875,1.0092213114754098,22060960368.0,40513356574.0,1.8364276032500237,1.8706113642205515,False
2015-11-11,089230,용현BM,KOSDAQ,2015-11-10,642.0,6730.0,7500.0,44152732.0,4415273,0.09999999547026897,10.482866043613708,28346053944.0,33114547500.0,1.1682242461480021,1.0482865568768072,True
2016-01-14,089230,용현BM,KOSDAQ,2016-01-13,12450.0,12500.0,13000.0,4579699.0,18372196,4.011660154957782,1.0040160642570282,57017252550.0,238838548000.0,4.18888208951415,4.027771239917452,False
2017-07-11,089230,THE E&M,KOSDAQ,2017-07-10,7980.0,1680.0,1485.0,18372196.0,91860980,5.0,0.21052631578947367,146610124080.0,136413555300.0,0.9304511278195489,1.0526315789473684,True
2020-09-03,089590,제주항공,KOSPI,2020-09-02,12950.0,12900.0,12950.0,26356758.0,38499615,1.4607113287605402,0.9961389961389961,341320016100.0,498570014250.0,1.4607113287605402,1.4550715166803836,False
2018-06-15,089890,코세스,KOSDAQ,2018-06-14,4750.0,4685.0,4750.0,8426114.0,16851962,1.999968431473868,0.9863157894736843,40024041500.0,80046819500.0,1.999968431473868,1.972600442411594,False
2019-08-20,090080,평화산업,KOSPI,2019-08-19,1185.0,1185.0,1190.0,37403844.0,54902259,1.4678239755250824,1.0,44323555140.0,65333688210.0,1.474017325632783,1.4678239755250824,False
2018-07-31,090360,로보스타,KOSDAQ,2018-07-30,34500.0,34600.0,35800.0,7800000.0,9750000,1.25,1.0028985507246377,269100000000.0,349050000000.0,1.2971014492753623,1.2536231884057971,False
2016-12-22,090370,아비스타,KOSPI,2016-12-21,859.0,844.0,837.0,22387316.0,55169808,2.4643332858659788,0.9825378346915018,19230704444.0,46177129296.0,2.4012188128868734,2.4213006906529526,False
2017-09-25,090370,아비스타,KOSPI,2017-09-22,622.0,2700.0,1950.0,69544648.0,13908929,0.19999999137244898,4.340836012861736,43256771056.0,27122411550.0,0.6270096192544622,0.868167165121563,False
2017-12-08,090370,아비스타,KOSPI,2017-12-07,2500.0,2425.0,2450.0,13908929.0,23005352,1.6539988089665278,0.97,34772322500.0,56363112400.0,1.6209188327871973,1.604378844697532,False
2018-01-15,090370,아비스타,KOSPI,2018-01-12,3075.0,3150.0,3350.0,23005352.0,30221846,1.3136876149515122,1.024390243902439,70741457400.0,101243184100.0,1.4311718731992085,1.345728776291793,False
2017-05-22,090410,덕신하우징,KOSDAQ,2017-05-19,6610.0,1270.0,1445.0,8012000.0,40060000,5.0,0.19213313161875945,52959320000.0,57886700000.0,1.0930408472012103,0.9606656580937972,True
2015-05-08,090430,아모레퍼시픽,KOSPI,2015-05-07,3884000.0,386000.0,376500.0,5845849.0,58458490,10.0,0.09938208032955716,22705277516000.0,22009621485000.0,0.969361483007209,0.9938208032955715,True
2015-05-08,090435,아모레퍼시픽우,KOSPI,2015-05-07,1871000.0,187500.0,172500.0,1055783.0,10557830,10.0,0.10021378941742384,1975369993000.0,1821225675000.0,0.9219668626402993,1.0021378941742385,True
2017-07-14,090460,비에이치,KOSDAQ,2017-07-13,19700.0,19300.0,20450.0,15634888.0,31269776,2.0,0.9796954314720813,308007293600.0,639466919200.0,2.0761421319796955,1.9593908629441625,False
2017-01-23,090710,디에스티로봇,KOSDAQ,2017-01-20,4120.0,4000.0,4230.0,9889945.0,19763430,1.9983356833632544,0.970873786407767,40746573400.0,83599308900.0,2.051689305977322,1.9401317314206354,False
2017-03-28,090710,디에스티로봇,KOSDAQ,2017-03-27,3895.0,1750.0,1725.0,19763430.0,49408575,2.5,0.4492939666238768,76978559850.0,85229791875.0,1.107188703465982,1.123234916559692,True
2020-08-31,090850,이지웰,KOSDAQ,2020-08-28,8220.0,8080.0,8110.0,11783188.0,23566376,2.0,0.9829683698296837,96857805360.0,191123309360.0,1.97323600973236,1.9659367396593674,False
2015-11-26,091090,세원셀론텍,KOSPI,2015-11-25,3615.0,3630.0,3650.0,45809880.0,57809880,1.2619522251531765,1.004149377593361,165602716200.0,211006062000.0,1.274170296489376,1.2671885414401192,False
2020-11-27,091810,티웨이항공,KOSPI,2020-11-26,2570.0,2505.0,2595.0,46974812.0,91974812,1.9579601936459055,0.9747081712062257,120725266840.0,238674637140.0,1.977006499031566,1.9084397996431879,False
2016-11-16,091970,나노캠텍,KOSDAQ,2016-11-15,5860.0,5860.0,5890.0,11198251.0,19998251,1.785837002581921,1.0,65621750860.0,117789698390.0,1.7949795128340469,1.785837002581921,False
2018-04-23,092040,아미코젠,KOSDAQ,2018-04-20,37150.0,34850.0,34600.0,9595755.0,19191510,2.0,0.9380888290713324,356482298250.0,664026246000.0,1.8627187079407805,1.8761776581426648,False
2019-08-28,092200,디아이씨,KOSPI,2019-08-27,2340.0,2340.0,2320.0,23985369.0,38888569,1.6213454543892987,1.0,56125763460.0,90221480080.0,1.60748780093298,1.6213454543892987,False
2016-07-29,092220,KEC,KOSPI,2016-07-28,1190.0,1170.0,1180.0,59047384.0,89047384,1.5080665385616405,0.9831932773109243,70266386960.0,105075913120.0,1.4953937105065007,1.4827208824513607,False
2019-08-30,092600,앤씨앤,KOSDAQ,2019-08-29,2185.0,2195.0,2270.0,13447500.0,20947500,1.5577244841048523,1.0045766590389016,29382787500.0,47550825000.0,1.618322461747375,1.564853657945149,False
2017-08-01,093190,빅솔론,KOSDAQ,2017-07-31,6610.0,6400.0,6710.0,10200000.0,19238905,1.8861671568627452,0.9682299546142209,67422000000.0,129093052550.0,1.9147022121859334,1.8262435406840498,False
2015-08-26,093230,이아이디,KOSPI,2015-08-25,985.0,986.0,941.0,43120329.0,64101882,1.486581468337127,1.001015228426396,42473524065.0,60319870962.0,1.4201757986855192,1.4880906881019365,False
2017-03-03,093230,이아이디,KOSPI,2017-03-02,474.0,476.0,457.0,72690174.0,122690174,1.687850877891694,1.0042194092827004,34455142476.0,56069409518.0,1.6273161417647768,1.6949726115536843,False
2018-03-26,093230,이아이디,KOSPI,2018-03-23,361.0,360.0,365.0,122690174.0,152188696,1.2404310063167732,0.997229916897507,44291152814.0,55548874040.0,1.2541753941983995,1.2369949093463666,False
2018-08-07,093230,이아이디,KOSPI,2018-08-06,285.0,285.0,283.0,152188696.0,242188696,1.5913711225963851,1.0,43373778360.0,68539400968.0,1.580203605946586,1.5913711225963851,False
2019-07-04,093230,이아이디,KOSPI,2019-07-03,576.0,582.0,558.0,304688696.0,394688696,1.2953834559060897,1.0104166666666667,175500688896.0,220236292368.0,1.2549027229090246,1.3088770335717783,False
2019-12-17,093230,이아이디,KOSPI,2019-12-16,238.0,238.0,240.0,452188696.0,548342542,1.2126409767660358,1.0,107620909648.0,131602210080.0,1.222831237074994,1.2126409767660358,False
2019-02-21,093240,형지엘리트,KOSPI,2019-02-20,1995.0,2000.0,1970.0,19154798.0,31154798,1.6264748915650271,1.0025062656641603,38213822010.0,61374952060.0,1.606093000693285,1.6305512697393754,False
2019-05-14,093640,다믈멀티미디어,KOSDAQ,2019-05-13,4130.0,3860.0,3615.0,7945470.0,10798536,1.3590808347397951,0.9346246973365617,32814791100.0,39036707640.0,1.1896070744756317,1.2702305138246026,False
2018-07-09,094170,동운아나텍,KOSDAQ,2018-07-06,7350.0,7100.0,6890.0,6541769.0,12482843,1.9081754491789606,0.9659863945578231,48082002150.0,86006788270.0,1.7887522237881686,1.843271522336139,False
2016-07-08,094190,이엘케이,KOSDAQ,2016-07-07,1730.0,1705.0,1735.0,17595366.0,30395366,1.7274642653071268,0.9855491329479769,30439983180.0,52735960010.0,1.7324569365941418,1.7025009088720526,False
2017-07-04,094190,이엘케이,KOSDAQ,2017-07-03,1435.0,1380.0,1360.0,31014510.0,66014510,2.128504045364573,0.9616724738675958,44505821850.0,89779733600.0,2.0172581893350654,2.046923750942934,False
2016-01-19,094360,칩스앤미디어,KOSDAQ,2016-01-18,5270.0,5100.0,5020.0,3444531.0,6889062,2.0,0.967741935483871,18152678370.0,34583091240.0,1.905123339658444,1.935483870967742,False
2020-04-27,094360,칩스앤미디어,KOSDAQ,2020-04-24,8840.0,8740.0,8540.0,7415627.0,9640315,1.2999999865149636,0.9886877828054299,65554142680.0,82328290100.0,1.255882339913777,1.2852941043145683,False
2016-02-05,094840,슈프리마에이치큐,KOSDAQ,2016-02-04,16300.0,10000.0,11100.0,14728000.0,7647727,0.5192644622487779,0.6134969325153374,240066400000.0,84889769700.0,0.3536095417767751,0.31856715475385144,False
2016-07-07,094840,슈프리마에이치큐,KOSDAQ,2016-07-06,11600.0,11550.0,11500.0,7647727.0,10471840,1.3692748185179728,0.9956896551724138,88713633200.0,120426160000.0,1.3574707252548868,1.36337277188643,False
2016-01-22,094940,푸른기술,KOSDAQ,2016-01-21,6000.0,5750.0,5620.0,4085915.0,5641177,1.3806398322040474,0.9583333333333334,24515490000.0,31703414740.0,1.293199309497791,1.3231131725288787,False
2018-01-03,095190,이엠코리아,KOSDAQ,2018-01-02,2810.0,2780.0,2915.0,21413947.0,32113947,1.4996743477510242,0.9893238434163701,60173191070.0,93612155505.0,1.5557120013146746,1.4836635895899812,False
2020-10-15,095270,웨이브일렉트로,KOSDAQ,2020-10-14,7920.0,7850.0,7690.0,11007614.0,14707614,1.3361309726158639,0.9911616161616161,87180302880.0,113101551660.0,1.2973291893202012,1.3243217342215317,False
2015-07-20,095300,엔에스브이,KOSDAQ,2015-07-17,2940.0,3040.0,3045.0,8828619.0,10956275,1.2409953357371069,1.034013605442177,25956139860.0,33361857375.0,1.2853165977277177,1.2832060614424508,False
2017-01-17,095570,AJ네트웍스,KOSPI,2017-01-16,32500.0,6240.0,5880.0,9364459.0,46822295,5.0,0.192,304344917500.0,275315094600.0,0.9046153846153846,0.96,True
2016-05-09,095610,테스,KOSDAQ,2016-05-04,13500.0,13300.0,13000.0,12116490.0,18174030,1.4999418148325134,0.9851851851851852,163572615000.0,236262390000.0,1.4443884142831611,1.4777204546127725,False
2016-03-24,095700,제넥신,KOSDAQ,2016-03-23,60900.0,59600.0,63100.0,8464414.0,17094542,2.019577728594088,0.9786535303776683,515482812600.0,1078665600200.0,2.092534559512101,1.9764668739607167,False
2019-01-31,095720,웅진씽크빅,KOSPI,2019-01-30,3130.0,3130.0,3320.0,34621165.0,76621165,2.21313075397665,1.0,108364246450.0,254382267800.0,2.3474741543777884,2.21313075397665,False
2019-04-08,095720,웅진씽크빅,KOSPI,2019-04-05,2990.0,3000.0,2995.0,76621165.0,134173248,1.7511251362466231,1.0033444816053512,229097283350.0,401848877760.0,1.7540534391500457,1.7569817420534681,False
2015-08-18,096040,이트론,KOSDAQ,2015-08-17,347.0,320.0,281.0,55744968.0,99744968,1.7893089112545548,0.9221902017291066,19343503896.0,28028336008.0,1.4489792624280402,1.650083145825526,False
2017-01-09,096040,이트론,KOSDAQ,2017-01-06,454.0,454.0,459.0,121355876.0,181355876,1.494413636798271,1.0,55095567704.0,83242347084.0,1.5108719367630095,1.494413636798271,False
2018-06-20,096040,이트론,KOSDAQ,2018-06-19,285.0,281.0,298.0,181355876.0,239949626,1.3230871328370966,0.9859649122807017,51686424660.0,71504988548.0,1.3834384757384377,1.3045174888674531,False
2019-08-13,096040,이트론,KOSDAQ,2019-08-12,435.0,424.0,407.0,239949626.0,349598748,1.4569672552854906,0.9747126436781609,104378087310.0,142286690436.0,1.363185454945275,1.4201244051518345,False
2017-08-10,096350,대창솔루션,KOSDAQ,2017-08-09,1590.0,1570.0,1530.0,11200000.0,18200000,1.625,0.9874213836477987,17808000000.0,27846000000.0,1.5636792452830188,1.604559748427673,False
2018-08-24,096350,대창솔루션,KOSDAQ,2018-08-23,3500.0,740.0,725.0,21691063.0,108455315,5.0,0.21142857142857144,75918720500.0,78630103375.0,1.0357142857142858,1.0571428571428572,True
2019-07-30,096350,대창솔루션,KOSDAQ,2019-07-29,470.0,476.0,471.0,108455315.0,142095296,1.310173650779586,1.0127659574468084,50973998050.0,66926884416.0,1.312961254291883,1.3268992718533679,False
2015-01-13,096530,씨젠,KOSDAQ,2015-01-12,33550.0,33000.0,33100.0,16916431.0,25305119,1.4958899427426506,0.9836065573770492,567546260050.0,837599438900.0,1.4758258451499773,1.4713671567960498,False
2020-07-20,096640,멜파스,KOSDAQ,2020-07-17,1275.0,1280.0,1245.0,22674524.0,29094696,1.2831447310646962,1.003921568627451,28910018100.0,36222896520.0,1.2529530903337622,1.2881766711865186,False
2016-06-08,096690,세우테크,KOSDAQ,2016-06-07,9380.0,9400.0,8860.0,10000000.0,15142856,1.5142856,1.0021321961620469,93800000000.0,134165704160.0,1.4303379974413646,1.5175143539445628,False
2016-07-07,096690,세우테크,KOSDAQ,2016-07-06,4300.0,4150.0,4175.0,15142856.0,30285712,2.0,0.9651162790697675,65114280800.0,126442847600.0,1.941860465116279,1.930232558139535,False
2016-08-26,096690,세우테크,KOSDAQ,2016-08-25,4595.0,1030.0,1190.0,30285712.0,151428560,5.0,0.22415669205658323,139162846640.0,180199986400.0,1.2948857453754081,1.120783460282916,True
2017-01-02,096690,제이스테판,KOSDAQ,2016-12-29,805.0,801.0,809.0,151428560.0,230028560,1.519056642947671,0.9950310559006211,121899990800.0,186093105040.0,1.5266047504902682,1.511508535405074,False
2019-05-17,096690,제이스테판,KOSDAQ,2019-05-16,173.0,2245.0,2245.0,292274901.0,29227490,0.09999999965785636,12.976878612716764,50563557873.0,65615715050.0,1.2976878568317198,1.2976878568317198,False
2019-07-09,096690,제이스테판,KOSDAQ,2019-07-08,2505.0,2470.0,2470.0,30169747.0,36230353,1.200883553978759,0.9860279441117764,75575216235.0,89488971910.0,1.1841047418473192,1.1841047418473192,True
2020-05-29,096690,에이루트,KOSDAQ,2020-05-28,1120.0,6130.0,5770.0,38660656.0,7732130,0.19999996896069225,5.473214285714286,43299934720.0,44614390100.0,1.0303569829492805,1.0946426872580746,True
2020-08-31,096690,에이루트,KOSDAQ,2020-08-28,5000.0,5040.0,5140.0,8148798.0,9822476,1.2053895556129874,1.008,40743990000.0,50487526640.0,1.239140463170151,1.2150326720578914,False
2019-05-21,097230,한진중공업,KOSPI,2019-05-20,1645.0,9950.0,8930.0,106052508.0,14533139,0.13703720236394598,6.048632218844984,174456375660.0,129780931270.0,0.7439162414042781,0.8288876373989437,True
2019-05-23,097230,한진중공업,KOSPI,2019-05-22,8240.0,8240.0,8470.0,14533139.0,83274281,5.729958338663106,1.0,119753065360.0,705333160070.0,5.889896496174334,5.729958338663106,False
2015-07-17,097520,엠씨넥스,KOSDAQ,2015-07-16,35900.0,35000.0,34600.0,6019479.0,8998218,1.4948499695737787,0.9749303621169917,216099296100.0,311338342800.0,1.4407189121797421,1.457374622147138,False
2018-11-20,097520,엠씨넥스,KOSDAQ,2018-11-19,14650.0,14200.0,13750.0,9196390.0,13794585,1.5,0.9692832764505119,134727113500.0,189675543750.0,1.4078498293515358,1.4539249146757678,False
2019-05-17,097520,엠씨넥스,KOSDAQ,2019-05-16,21100.0,21000.0,21950.0,14567276.0,17627430,1.2100704345822788,0.995260663507109,307369523600.0,386922088500.0,1.258817347823745,1.2043355036126946,False
2017-04-25,097780,에스맥,KOSDAQ,2017-04-24,5760.0,2340.0,2160.0,24318791.0,60796977,2.4999999794397674,0.40625,140076236160.0,131321470320.0,0.9374999922899128,1.0156249916474054,True
2017-06-27,097780,에스맥,KOSDAQ,2017-06-26,1175.0,1150.0,1100.0,60796977.0,120781889,1.9866430036480267,0.9787234042553191,71436447975.0,132860077900.0,1.859836003415174,1.9443740035704091,False
2018-03-09,097780,에스맥,KOSDAQ,2018-03-08,1345.0,1345.0,1345.0,163044106.0,207096969,1.270189852799708,1.0,219294322570.0,278545423305.0,1.270189852799708,1.270189852799708,False
2017-12-22,097800,윈팩,KOSDAQ,2017-12-21,1160.0,1125.0,1270.0,17091218.0,34091218,1.9946628730614753,0.9698275862068966,19825812880.0,43295846860.0,2.183811938610408,1.934479079477724,False
2018-05-18,097870,효성오앤비,KOSDAQ,2018-05-17,14500.0,14000.0,14650.0,5800000.0,8490000,1.4637931034482758,0.9655172413793104,84100000000.0,124378500000.0,1.4789357907253269,1.413317479191439,False
2019-10-18,098660,에스티오,KOSDAQ,2019-10-17,2310.0,2275.0,2250.0,8455144.0,12500976,1.4785053926934892,0.9848484848484849,19531382640.0,28127196000.0,1.440102655220931,1.456103795834497,False
2015-10-02,099190,아이센스,KOSDAQ,2015-10-01,37300.0,36800.0,37250.0,9099289.0,13648888,1.49999499960931,0.9865951742627346,339403479700.0,508421078000.0,1.497984282451657,1.4798878280327776,False
2019-03-07,099320,쎄트렉아이,KOSDAQ,2019-03-06,16650.0,16200.0,16300.0,3659990.0,7268487,1.9859308358766008,0.972972972972973,60938833500.0,118476338100.0,1.9441845420293449,1.9322570295015575,False
2017-01-10,099410,동방선기,KOSDAQ,2017-01-09,2470.0,2465.0,2450.0,10963002.0,13541002,1.2351545680644773,0.9979757085020243,27078614940.0,33175454900.0,1.225153316501202,1.2326542551736586,False
2020-07-17,099520,ITX엠투엠,KOSDAQ,2020-07-16,2050.0,2050.0,1950.0,16466131.0,27673027,1.680602869004261,1.0,33755568550.0,53962402650.0,1.5986222412479556,1.680602869004261,False
2015-01-30,099660,한솔신텍,KOSDAQ,2015-01-29,1990.0,2000.0,2045.0,26645843.0,34887602,1.3093074968579526,1.0050251256281406,53025227570.0,71345146090.0,1.3454943874746297,1.3158869315155302,False
2015-09-30,099660,한솔신텍,KOSDAQ,2015-09-25,1335.0,1300.0,1365.0,34887602.0,50387602,1.444283903490988,0.9737827715355806,46574948670.0,68779076730.0,1.4767397215469653,1.4064187824256813,False
2016-09-21,099660,한솔신텍,KOSDAQ,2016-09-20,1835.0,1825.0,1860.0,50387602.0,63987602,1.2699076649847318,0.9945504087193461,92461249670.0,119016939720.0,1.2872088593305728,1.2629871872463954,False
2015-08-28,099830,씨그널엔터테인먼트그룹,KOSDAQ,2015-08-27,2220.0,2220.0,2160.0,36407946.0,44360229,1.2184216324645174,1.0,80825640120.0,95818094640.0,1.1854913180735847,1.2184216324645174,False
2015-10-16,099830,씨그널엔터테인먼트그룹,KOSDAQ,2015-10-15,2820.0,2865.0,2975.0,45811017.0,58411017,1.2750430098506653,1.0159574468085106,129187067940.0,173772775575.0,1.3451251611013226,1.2953894408589206,False
2017-11-17,099830,씨그널엔터테인먼트그룹,KOSDAQ,2017-11-16,396.0,4560.0,4200.0,102829353.0,10282935,0.0999999970825451,11.515151515151516,40720423788.0,43188327000.0,1.060606029663357,1.1515151179202163,True
2018-08-08,100090,삼강엠앤티,KOSDAQ,2018-08-07,4285.0,4225.0,4340.0,18966017.0,25966017,1.3690811834661964,0.9859976662777129,81269382845.0,112692513780.0,1.3866539874546773,1.349910851842399,False
2020-01-20,100790,미래에셋벤처투자,KOSDAQ,2020-01-17,3355.0,3320.0,3195.0,30667215.0,46000823,1.5000000163040563,0.9895678092399404,102888506325.0,146972629485.0,1.4284649931718212,1.4843517299938798,False
2016-12-05,101000,디엠씨,KOSDAQ,2016-12-02,2515.0,2360.0,2405.0,12764625.0,25529250,2.0,0.9383697813121272,32103031875.0,61397846250.0,1.9125248508946322,1.8767395626242545,False
2020-01-13,101000,상상인인더스트리,KOSDAQ,2020-01-10,1220.0,1240.0,1295.0,42532866.0,61732866,1.4514156182186264,1.0163934426229508,51890096520.0,79944061470.0,1.5406419881910831,1.475209316877948,False
2015-04-01,101140,아티스,KOSPI,2015-03-31,2340.0,2325.0,2360.0,14216528.0,17381668,1.2226380449572498,0.9935897435897436,33266675520.0,41020736480.0,1.233087942777397,1.2148006215921392,False
2019-01-03,101140,아티스,KOSPI,2019-01-02,5120.0,5120.0,5040.0,23641211.0,28995962,1.2265007067531355,1.0,121043000320.0,146139648480.0,1.2073366332101176,1.2265007067531355,False
2019-08-13,101240,씨큐브,KOSDAQ,2019-08-12,8140.0,8100.0,8100.0,8050441.0,10138184,1.259332749597196,0.995085995085995,65530589740.0,82119290400.0,1.253144382277308,1.253144382277308,False
2015-03-17,101330,모베이스,KOSDAQ,2015-03-16,16800.0,16450.0,17900.0,10800000.0,12960000,1.2,0.9791666666666666,181440000000.0,231984000000.0,1.2785714285714285,1.1749999999999998,True
2016-01-05,101330,모베이스,KOSDAQ,2016-01-04,7770.0,7740.0,7650.0,12960000.0,15552000,1.2,0.9961389961389961,100699200000.0,118972800000.0,1.1814671814671815,1.1953667953667952,True
2017-03-20,101330,모베이스,KOSDAQ,2017-03-17,7430.0,7290.0,7580.0,15552000.0,19992456,1.2855231481481482,0.9811574697173621,115551360000.0,151542816480.0,1.3114758361995913,1.2613006393001347,False
2018-07-18,101390,아이엠,KOSDAQ,2018-07-17,1460.0,1480.0,1515.0,22572009.0,37572009,1.6645398732562973,1.0136986301369864,32955133140.0,56921593635.0,1.7272451424543085,1.6873417893283014,False
2015-09-11,101400,네오피델리티,KOSDAQ,2015-09-10,2480.0,2470.0,2560.0,8404690.0,10904690,1.297452969710959,0.9959677419354839,20843631200.0,27916006400.0,1.3393062913145384,1.2922213045105115,False
2017-09-12,101400,엔시트론,KOSDAQ,2017-09-11,4700.0,1070.0,933.0,14226443.0,71132215,5.0,0.2276595744680851,66864282100.0,66366356595.0,0.9925531914893617,1.1382978723404256,True
2020-06-09,101400,엔시트론,KOSDAQ,2020-06-08,375.0,2145.0,2020.0,138482900.0,27696580,0.2,5.72,51931087500.0,55947091600.0,1.0773333333333333,1.144,True
2016-06-20,101530,해태제과식품,KOSPI,2016-06-17,28250.0,28050.0,28400.0,19209740.0,29116822,1.5157322275054217,0.9929203539823008,542675155000.0,826917744800.0,1.5237803632266895,1.5050013798770647,False
2016-07-29,101670,코리아에스이,KOSDAQ,2016-07-28,5850.0,2520.0,2270.0,7560000.0,18900000,2.5,0.4307692307692308,44226000000.0,42903000000.0,0.9700854700854701,1.076923076923077,True
2018-07-11,102210,해덕파워웨이,KOSDAQ,2018-07-10,17750.0,17550.0,17450.0,11596936.0,14739281,1.2709633820519488,0.9887323943661972,205845614000.0,257200453450.0,1.2494823108060005,1.2566426678879832,False
2018-09-04,102210,해덕파워웨이,KOSDAQ,2018-09-03,9000.0,1800.0,1670.0,14739281.0,73696405,5.0,0.2,132653529000.0,123072996350.0,0.9277777777777778,1.0,True
2015-07-20,102260,동성코퍼레이션,KOSPI,2015-07-17,7980.0,7960.0,7700.0,36214645.0,45444970,1.2548782405571006,0.9974937343358395,288992867100.0,349926269000.0,1.2108474250989567,1.2517331823100903,False
2015-11-06,102280,쌍방울,KOSPI,2015-11-05,3000.0,2985.0,2800.0,92124213.0,129124213,1.4016316535588749,0.995,276372639000.0,361547796400.0,1.3081895433216166,1.3946234952910805,False
2020-08-28,102280,쌍방울,KOSPI,2020-08-27,670.0,657.0,668.0,139359627.0,239359627,1.7175679366593024,0.9805970149253731,93370950090.0,159892230836.0,1.7124408681916625,1.6842419916196443,False
2017-12-20,102460,이연제약,KOSPI,2017-12-19,20900.0,20500.0,20850.0,12900000.0,16770000,1.3,0.9808612440191388,269610000000.0,349654500000.0,1.29688995215311,1.2751196172248804,False
2018-01-25,102940,코오롱생명과학,KOSDAQ,2018-01-24,113600.0,110700.0,109200.0,7610890.0,11412356,1.4994771964908178,0.9744718309859155,864597104000.0,1246229275200.0,1.4413988543732157,1.4611982891860347,False
2016-03-30,103130,웅진에너지,KOSPI,2016-03-29,1525.0,1440.0,1415.0,80200909.0,108075159,1.3475552876838341,0.9442622950819672,122306386225.0,152926349985.0,1.2503545784082788,1.272445648698178,False
2016-08-30,103130,웅진에너지,KOSPI,2016-08-29,1065.0,8320.0,8840.0,108075159.0,10807515,0.09999999167246194,7.812206572769953,115100044335.0,95538432600.0,0.830046879234332,0.7812205922205477,False
2016-10-20,103130,웅진에너지,KOSPI,2016-10-19,6570.0,6570.0,6470.0,10807515.0,22607515,2.091832858894945,1.0,71005373550.0,146270622050.0,2.059993698181171,2.091832858894945,False
2016-11-04,104040,대성파인텍,KOSDAQ,2016-11-03,22800.0,4110.0,3195.0,5338167.0,26690835,5.0,0.18026315789473685,121710207600.0,85277217825.0,0.7006578947368421,0.9013157894736843,True
2018-05-04,104700,한국철강,KOSPI,2018-05-03,38300.0,8230.0,8560.0,9210000.0,46050000,5.0,0.21488250652741514,352743000000.0,394188000000.0,1.1174934725848564,1.0744125326370757,True
2018-10-18,104830,원익머트리얼즈,KOSDAQ,2018-10-17,29450.0,28100.0,29250.0,6304000.0,12608000,2.0,0.9541595925297114,185652800000.0,368784000000.0,1.9864176570458405,1.9083191850594228,False
2020-10-07,105330,케이엔더블유,KOSDAQ,2020-10-06,6270.0,6120.0,7160.0,5661347.0,10261347,1.8125274780012601,0.9760765550239234,35496645690.0,73471244520.0,2.0698080929009604,1.7691655766136702,False
2017-04-07,106080,하이소닉,KOSDAQ,2017-04-06,2035.0,1930.0,1920.0,13784023.0,27467722,1.992721718470725,0.9484029484029484,28050486805.0,52738026240.0,1.8801109088274164,1.8899031531442256,False
2017-05-23,106080,알비케이이엠디,KOSDAQ,2017-05-22,1860.0,800.0,752.0,27482960.0,68707400,2.5,0.43010752688172044,51118305600.0,51667964800.0,1.010752688172043,1.075268817204301,True
2018-11-06,106080,지투하이소닉,KOSDAQ,2018-11-05,550.0,3210.0,2945.0,103228420.0,20645684,0.2,5.836363636363636,56775631000.0,60801539380.0,1.0709090909090908,1.1672727272727272,True
2019-11-25,106080,하이소닉,KOSDAQ,2019-11-22,798.0,0.0,4200.0,20645684.0,10762362,0.5212887109964485,0.0,16475255832.0,45201920400.0,2.7436247947181496,0.0,False
2020-01-08,106080,하이소닉,KOSDAQ,2020-01-07,4200.0,0.0,3330.0,10762362.0,14762358,1.3716652534081273,0.0,45201920400.0,49158652140.0,1.0875345937735867,0.0,False
2015-12-29,106520,디지탈옵틱,KOSDAQ,2015-12-28,9500.0,9200.0,10150.0,7224707.0,17257132,2.3886272481361526,0.968421052631579,68634716500.0,175159889800.0,2.5520596387981,2.3131969139844846,False
2017-10-18,106520,디지탈옵틱,KOSDAQ,2017-10-17,1280.0,1295.0,1340.0,23602873.0,31760373,1.345614705464034,1.01171875,30211677440.0,42558899820.0,1.4086903947826606,1.3613836277936906,False
2020-01-17,106520,디지탈옵틱,KOSDAQ,2020-01-16,760.0,761.0,696.0,75176914.0,91462617,1.2166317042489931,1.0013157894736842,57134454640.0,63657981432.0,1.1141785081017097,1.2182325354387944,False
2017-05-22,107590,미원홀딩스,KOSPI,2017-05-19,668000.0,65000.0,61000.0,704641.0,1867299,2.650000496706834,0.09730538922155689,470700188000.0,113905239000.0,0.2419910633220312,0.25785932976937753,False
2017-07-07,107590,미원홀딩스,KOSPI,2017-07-06,88700.0,90000.0,88500.0,1867299.0,2331774,1.2487416316294284,1.0146561443066517,165629421300.0,206361999000.0,1.2459259796979076,1.267043369184313,False
2016-07-14,108230,톱텍,KOSDAQ,2016-07-13,19750.0,19350.0,19950.0,17512913.0,35025826,2.0,0.979746835443038,345880031750.0,698765228700.0,2.020253164556962,1.959493670886076,False
2015-01-21,109070,KGP,KOSPI,2015-01-20,715.0,707.0,788.0,19877062.0,32911887,1.655772216235981,0.9888111888111888,14212099330.0,25934566956.0,1.8248230858656684,1.6372460935368371,False
2016-11-21,109070,KGP,KOSPI,2016-11-18,959.0,928.0,1020.0,39166272.0,64275865,1.6411024516195976,0.9676746611053181,37560454848.0,65561382300.0,1.7454895731511884,1.5880532587101008,False
2017-09-19,109070,KGP,KOSPI,2017-09-18,500.0,5520.0,4250.0,65814325.0,6581432,0.09999999240286973,11.04,32907162500.0,27971086000.0,0.8499999354243928,1.1039999161276817,True
2018-01-18,109070,KGP,KOSPI,2018-01-17,3420.0,3455.0,3515.0,7468088.0,8991545,1.2039955876256412,1.010233918128655,25540860960.0,31605280675.0,1.2374399095041313,1.2163171798966639,False
2019-06-28,109070,컨버즈,KOSPI,2019-06-27,3260.0,0.0,3260.0,12888520.0,19673513,1.5264369376778715,0.0,42016575200.0,64135652380.0,1.5264369376778715,0.0,False
2019-11-11,109070,컨버즈,KOSPI,2019-11-08,3260.0,0.0,3260.0,19673513.0,30584390,1.554597290275509,0.0,64135652380.0,99705111400.0,1.554597290275509,0.0,False
2020-03-05,109070,컨버즈,KOSPI,2020-03-04,1100.0,13200.0,17150.0,33754177.0,3375417,0.09999997926182588,12.0,37129594700.0,57888401550.0,1.5590905857639217,1.1999997511419105,False
2020-11-10,109070,컨버즈,KOSPI,2020-11-09,4100.0,0.0,4100.0,3641959.0,9083917,2.4942392267458255,0.0,14932031900.0,37244059700.0,2.4942392267458255,0.0,False
2020-11-25,109070,컨버즈,KOSPI,2020-11-24,4100.0,0.0,4100.0,10035805.0,13141388,1.309450313153753,0.0,41146800500.0,53879690800.0,1.309450313153753,0.0,False
2016-08-22,109610,에스와이패널,KOSDAQ,2016-08-19,17300.0,16300.0,16900.0,6200000.0,12150000,1.9596774193548387,0.9421965317919075,107260000000.0,205335000000.0,1.9143669587917211,1.8464012679470447,False
2017-03-02,109610,에스와이패널,KOSDAQ,2017-02-28,11450.0,11350.0,10550.0,12150000.0,16150000,1.3292181069958848,0.9912663755458515,139117500000.0,170382500000.0,1.224738081118479,1.3176092152317287,False
2017-03-09,109610,에스와이패널,KOSDAQ,2017-03-08,10300.0,10300.0,10600.0,16150000.0,24100000,1.4922600619195046,1.0,166345000000.0,255460000000.0,1.535723947218131,1.4922600619195046,False
2020-11-03,109610,에스와이,KOSDAQ,2020-11-02,3555.0,3615.0,3575.0,28021041.0,38021041,1.356874678567438,1.0168776371308017,99614800755.0,135925221575.0,1.3645082913863829,1.3797755170242723,False
2017-02-23,109740,디에스케이,KOSDAQ,2017-02-22,14200.0,14050.0,13650.0,6500000.0,13000000,2.0,0.9894366197183099,92300000000.0,177450000000.0,1.9225352112676057,1.9788732394366197,False
2018-08-14,109820,진매트릭스,KOSDAQ,2018-08-13,4615.0,4455.0,4460.0,10215273.0,15322910,1.5000000489463179,0.9653304442036836,47143484895.0,68340178600.0,1.4496208490358782,1.4479957135548962,False
2015-07-06,109960,이너스텍,KOSDAQ,2015-07-03,28900.0,28900.0,29500.0,3851700.0,5749200,1.4926396136770776,1.0,111314130000.0,169601400000.0,1.5236286714004772,1.4926396136770776,False
2015-09-22,109960,로코조이,KOSDAQ,2015-09-21,8790.0,8090.0,7980.0,5749200.0,16922486,2.9434505670354136,0.9203640500568828,50535468000.0,135041438280.0,2.6722110949877815,2.7090460850189415,False
2017-02-02,109960,에이프로젠 H&G,KOSDAQ,2017-02-01,5500.0,5540.0,5220.0,21686312.0,50368012,2.3225715834024707,1.0072727272727273,119274716000.0,262921022640.0,2.204331575520163,2.339463013099943,False
2018-07-03,109960,에이프로젠 H&G,KOSDAQ,2018-07-02,1305.0,1250.0,1320.0,52006850.0,178695217,3.4359938546556847,0.9578544061302682,67868939250.0,235877686440.0,3.4754880368931063,3.291181853118472,False
2020-12-18,110020,전진바이오팜,KOSDAQ,2020-12-17,7970.0,8000.0,8170.0,4795928.0,6042033,1.259825627073634,1.0037641154328734,38223546160.0,49363409610.0,1.291439820977615,1.2645677561592312,False
2015-11-20,111610,승화프리텍,KOSDAQ,2015-11-19,17400.0,0.0,17400.0,28891753.0,37421698,1.2952380563408528,0.0,502716502200.0,651137545200.0,1.2952380563408528,0.0,False
2016-11-17,111820,처음앤씨,KOSDAQ,2016-11-16,7900.0,7500.0,7500.0,12950957.0,19274529,1.4882706351353032,0.9493670886075949,102312560300.0,144558967500.0,1.412915159938579,1.412915159938579,False
2020-03-17,111820,지와이커머스,KOSDAQ,2020-03-16,2250.0,0.0,2465.0,20557009.0,4469497,0.2174196158594862,0.0,46253270250.0,11017310105.0,0.23819526804161484,0.0,False
2020-04-08,111820,지와이커머스,KOSDAQ,2020-04-07,2465.0,0.0,2465.0,4469497.0,24469497,5.474776468135005,0.0,11017310105.0,60317310105.0,5.474776468135005,0.0,False
2018-09-28,111870,삼본정밀전자,KOSDAQ,2018-09-27,3780.0,3625.0,4000.0,9500000.0,45572000,4.797052631578947,0.958994708994709,35910000000.0,182288000000.0,5.076246170983013,4.6003480924533555,False
2016-12-22,112240,에스에프씨,KOSDAQ,2016-12-21,4150.0,4040.0,4395.0,19741265.0,29027070,1.4703753786801403,0.9734939759036144,81926249750.0,127573972650.0,1.5571806721202932,1.4314015734621124,False
2018-07-10,113810,디젠스,KOSDAQ,2018-07-09,1165.0,1180.0,1185.0,22628051.0,32628051,1.4419293557363821,1.0128755364806867,26361679415.0,38664240435.0,1.4666835077661913,1.460494969758739,False
2017-06-23,114120,크루셜텍,KOSDAQ,2017-06-22,3890.0,3895.0,4045.0,28579850.0,39079850,1.3673917112930964,1.0012853470437018,111175616500.0,158077993250.0,1.421876470997577,1.3691492841867894,False
2017-06-29,114120,크루셜텍,KOSDAQ,2017-06-28,3660.0,3650.0,3765.0,39079850.0,58535785,1.497850810583971,0.9972677595628415,143032251000.0,220387230525.0,1.5408219403958063,1.4937583220304629,False
2018-01-25,114120,크루셜텍,KOSDAQ,2018-01-24,1630.0,1605.0,1655.0,58535785.0,91535785,1.5637577082121645,0.9846625766871165,95413329550.0,151491724175.0,1.587741722141799,1.53977369428253,False
2018-05-21,114120,크루셜텍,KOSDAQ,2018-05-18,1885.0,3800.0,3765.0,91535785.0,45767892,0.4999999945376554,2.0159151193633953,172544954725.0,172316113380.0,0.9986737291428502,1.0079575486700747,True
2019-01-02,114120,크루셜텍,KOSDAQ,2018-12-28,952.0,952.0,975.0,45767892.0,65767892,1.4369875719860552,1.0,43571033184.0,64123694700.0,1.4717047087042057,1.4369875719860552,False
2020-07-03,114120,크루셜텍,KOSDAQ,2020-07-02,370.0,2125.0,1990.0,65767892.0,10961315,0.16666666159833737,5.743243243243243,24334120040.0,21813016850.0,0.8963963691370037,0.9572071780985592,True
2020-09-22,114120,크루셜텍,KOSDAQ,2020-09-21,1605.0,1500.0,1560.0,10961315.0,20961315,1.9122992998559023,0.9345794392523364,17592910575.0,32699651400.0,1.8586834316356433,1.7871956073419648,False
2018-12-03,114570,지스마트글로벌,KOSDAQ,2018-11-30,2195.0,2195.0,2230.0,21793113.0,87172452,4.0,1.0,47835883035.0,194394567960.0,4.063781321184511,4.0,False
2020-04-17,114570,지스마트글로벌,KOSDAQ,2020-04-16,62.0,0.0,620.0,113393949.0,11339394,0.09999999206306855,0.0,7030424838.0,7030424280.0,0.9999999206306855,0.0,False
2017-12-27,114810,아이원스,KOSDAQ,2017-12-26,11900.0,11850.0,12250.0,10495566.0,13415919,1.2782463566043032,0.9957983193277311,124897235400.0,164345007750.0,1.3158418376809002,1.2728755735933608,False
2019-11-15,115440,우리넷,KOSDAQ,2019-11-14,11950.0,12200.0,11850.0,6365710.0,9136944,1.435337770649307,1.0209205020920502,76070234500.0,108272786400.0,1.42332657591584,1.4653657574829744,False
2016-05-10,115480,씨유메디칼,KOSDAQ,2016-05-09,4095.0,4010.0,3870.0,6653229.0,13206458,1.984969704184239,0.9792429792429792,27244972755.0,51108992460.0,1.8759054347235664,1.9437676468324292,False
2018-03-09,115530,씨엔플러스,KOSDAQ,2018-03-08,4830.0,1020.0,1025.0,5894470.0,30633530,5.196994810390078,0.2111801242236025,28470290100.0,31399368250.0,1.102881921459592,1.097502009647594,True
2019-10-29,115530,씨엔플러스,KOSDAQ,2019-10-28,839.0,0.0,839.0,42681681.0,60094725,1.407974653107032,0.0,35809930359.0,50419474275.0,1.407974653107032,0.0,False
2020-11-16,117730,티로보틱스,KOSDAQ,2020-11-13,7200.0,6900.0,6990.0,5579429.0,11158858,2.0,0.9583333333333334,40171888800.0,78000417420.0,1.9416666666666667,1.9166666666666667,False
2015-06-15,118000,우리들휴브레인,KOSPI,2015-06-12,3960.0,4000.0,3460.0,8474818.0,10553044,1.2452236732399444,1.0101010101010102,33560279280.0,36513532240.0,1.0879984619722747,1.257801690141358,False
2016-02-05,118000,우리들휴브레인,KOSPI,2016-02-04,2670.0,2570.0,2735.0,10855084.0,17355084,1.5987977614912976,0.9625468164794008,28983074280.0,47466154740.0,1.6377198043740444,1.5389176955178407,False
2020-01-15,118000,우리들휴브레인,KOSPI,2020-01-14,3560.0,3560.0,3635.0,24898619.0,35131699,1.4109898625301267,1.0,88639083640.0,127703725865.0,1.4407157725553401,1.4109898625301267,False
2020-09-04,118000,우리들휴브레인,KOSPI,2020-09-03,5210.0,5100.0,5370.0,41993250.0,50399433,1.2001793859727456,0.9788867562380038,218784832500.0,270644955210.0,1.2370371022406226,1.1748397060385802,True
2018-08-22,118990,모트렉스,KOSDAQ,2018-08-21,26400.0,5570.0,6860.0,5450109.0,27250545,5.0,0.2109848484848485,143882877600.0,186938738700.0,1.2992424242424243,1.0549242424242424,True
2016-07-08,119650,KC코트렐,KOSPI,2016-07-07,5470.0,5410.0,5840.0,10000000.0,13000000,1.3,0.9890310786106032,54700000000.0,75920000000.0,1.3879341864716637,1.2857404021937842,False
2019-09-06,119830,아이텍,KOSDAQ,2019-09-05,7040.0,7050.0,6750.0,6849966.0,8268703,1.2071159185315665,1.0014204545454546,48223760640.0,55813745250.0,1.157390973023874,1.2088305718249353,False
2017-11-17,119850,지엔씨에너지,KOSDAQ,2017-11-16,4860.0,4790.0,4600.0,8260678.0,16295828,1.972698609000375,0.98559670781893,40146895080.0,74960808800.0,1.8671632924694908,1.9442852545497524,False
2017-01-19,119860,다나와,KOSDAQ,2017-01-18,7400.0,7210.0,7130.0,6624911.0,13074822,1.9735845507962295,0.9743243243243244,49024341400.0,93223480860.0,1.9015753847536645,1.9229114339514615,False
2015-07-10,121440,골프존유원홀딩스,KOSDAQ,2015-07-09,12050.0,12150.0,12000.0,30573654.0,42836818,1.4011023347094855,1.008298755186722,368412530700.0,514041816000.0,1.3952886320758362,1.4127297399767842,False
2015-12-17,121600,나노신소재,KOSDAQ,2015-12-16,22700.0,22200.0,22800.0,7232222.0,10848333,1.5,0.9779735682819384,164171439400.0,247341992400.0,1.5066079295154184,1.4669603524229076,False
2016-12-26,121800,세븐스타웍스,KOSDAQ,2016-12-23,3800.0,3880.0,3825.0,13966823.0,17238003,1.2342107435599348,1.0210526315789474,53073927400.0,65935361475.0,1.2423305510833555,1.260194127634881,False
2019-12-03,121800,비덴트,KOSDAQ,2019-12-02,9120.0,9000.0,8640.0,27873523.0,33991523,1.2194914507218912,0.9868421052631579,254206529760.0,293686758720.0,1.1553076901575812,1.2034455105808137,False
2015-05-04,121850,코이즈,KOSDAQ,2015-04-30,3060.0,2905.0,2895.0,6548048.0,9699159,1.4812290624625843,0.9493464052287581,20037026880.0,28079065305.0,1.401358867918033,1.4061994857692182,False
2019-08-26,121850,코이즈,KOSDAQ,2019-08-23,1250.0,1240.0,1220.0,10532840.0,14032840,1.332294044151435,0.992,13166050000.0,17120064800.0,1.3003189870918006,1.3216356917982235,False
2018-03-30,121890,에스디시스템,KOSDAQ,2018-03-29,2750.0,2740.0,2705.0,3800000.0,6000000,1.5789473684210527,0.9963636363636363,10450000000.0,16230000000.0,1.55311004784689,1.5732057416267942,False
2018-04-05,121890,에스디시스템,KOSDAQ,2018-04-04,2625.0,2655.0,2690.0,6000000.0,8762678,1.4604463333333333,1.0114285714285713,15750000000.0,23571603820.0,1.4966097663492064,1.4771371485714284,False
2020-03-17,122310,제노레이,KOSDAQ,2020-03-16,7120.0,6450.0,6940.0,4920362.0,14553844,2.957880741295051,0.9058988764044944,35032977440.0,101003677360.0,2.8831028573859063,2.6795408400776797,False
2018-05-15,122450,KMH,KOSDAQ,2018-05-14,8330.0,8200.0,8300.0,14143106.0,21214659,1.5,0.9843937575030012,117812072980.0,176081669700.0,1.4945978391356542,1.4765906362545018,False
2018-03-07,122640,예스티,KOSDAQ,2018-03-06,19450.0,18800.0,18700.0,4327321.0,10818302,2.4999998844550704,0.9665809768637532,84166393450.0,202302247400.0,2.4035988606328953,2.416452330475852,False
2018-01-19,122690,서진오토모티브,KOSDAQ,2018-01-18,4585.0,4650.0,4665.0,16032475.0,19541246,1.2188539823077846,1.014176663031625,73508897875.0,91159912590.0,1.2401207911593928,1.2361332644997163,False
2016-05-13,122800,케이티롤,KOSDAQ,2016-05-12,37550.0,8980.0,9020.0,4316992.0,21584960,5.0,0.23914780292942742,162103049600.0,194696339200.0,1.2010652463382157,1.1957390146471372,True
2017-09-22,122800,썬텍,KOSDAQ,2017-09-21,1460.0,1420.0,1110.0,22074960.0,29653085,1.3432905427688204,0.9726027397260274,32229441600.0,32914924350.0,1.0212688373105416,1.3064880621450172,False
2019-09-04,123010,옵토팩,KOSDAQ,2019-09-03,9000.0,8450.0,7900.0,5191490.0,6316097,1.2166250922182265,0.9388888888888889,46723410000.0,49897166300.0,1.0679264698359987,1.1422757810271127,True
2020-04-17,123010,아이에이네트웍스,KOSDAQ,2020-04-16,4170.0,1080.0,1080.0,6899157.0,34495785,5.0,0.2589928057553957,28769484690.0,37255447800.0,1.2949640287769784,1.2949640287769784,False
2017-12-22,123040,엠에스오토텍,KOSDAQ,2017-12-21,2550.0,2510.0,2560.0,14804282.0,27204282,1.8375955010854292,0.984313725490196,37750919100.0,69642961920.0,1.844801757952431,1.8087704736174224,False
2017-07-13,123260,사파이어테크놀로지,KOSDAQ,2017-07-12,2145.0,2135.0,2145.0,8327769.0,20327769,2.4409621592529764,0.9953379953379954,17863064505.0,43603064505.0,2.4409621592529764,2.429582382286762,False
2016-05-16,123420,선데이토즈,KOSDAQ,2016-05-13,11850.0,42150.0,39100.0,32253838.0,6450767,0.19999998139756267,3.5569620253164556,382207980300.0,252224989700.0,0.659915550434152,0.711392338895128,False
2016-06-01,123420,선데이토즈,KOSDAQ,2016-05-31,34650.0,33850.0,33700.0,6450767.0,9569842,1.4835200217276487,0.976911976911977,223519076550.0,322503675400.0,1.4428463126182327,1.4492684772144564,False
2016-09-06,123570,이엠넷,KOSDAQ,2016-09-05,5040.0,4730.0,4535.0,5500000.0,11000000,2.0,0.9384920634920635,27720000000.0,49885000000.0,1.7996031746031746,1.876984126984127,False
2018-07-10,123570,이엠넷,KOSDAQ,2018-07-09,2615.0,2560.0,2535.0,11138039.0,22276078,2.0,0.9789674952198852,29125971985.0,56469857730.0,1.9388145315487573,1.9579349904397705,False
2018-03-15,123840,한일진공,KOSDAQ,2018-03-14,2435.0,2410.0,2365.0,39107579.0,54107579,1.3835573662077112,0.9897330595482546,95226954865.0,127964424335.0,1.3437836431545123,1.369352465117283,False
2020-11-27,123840,한일진공,KOSDAQ,2020-11-26,1290.0,1305.0,1305.0,64305977.0,78305977,1.217709156335499,1.0116279069767442,82954710330.0,102189299985.0,1.2318685651300978,1.2318685651300978,False
2016-09-02,124500,아이티센,KOSDAQ,2016-09-01,6710.0,6390.0,6150.0,4611966.0,9223932,2.0,0.9523099850968704,30946291860.0,56727181800.0,1.8330849478390463,1.9046199701937407,False
2017-05-10,124500,아이티센,KOSDAQ,2017-05-08,3920.0,3855.0,3825.0,9358232.0,15278232,1.6325981232352436,0.9834183673469388,36684269440.0,58439237400.0,1.5930326074935732,1.6055269808856796,False
2017-08-21,126600,코프라,KOSDAQ,2017-08-18,5740.0,5650.0,5610.0,10557925.0,21115634,1.9999795414345147,0.9843205574912892,60602489500.0,118458706740.0,1.95468383753443,1.9686209771959946,False
2016-06-16,126870,뉴로스,KOSDAQ,2016-06-15,4930.0,4800.0,4750.0,7137039.0,14034328,1.9664076376771935,0.973630831643002,35185602270.0,66663058000.0,1.8946118212914136,1.9145551036207968,False
2016-08-18,126880,제이엔케이히터,KOSDAQ,2016-08-17,4920.0,4880.0,4780.0,8000000.0,11500000,1.4375,0.991869918699187,39360000000.0,54970000000.0,1.3965955284552845,1.4258130081300813,False
2016-08-25,126880,제이엔케이히터,KOSDAQ,2016-08-24,4720.0,4680.0,4660.0,11500000.0,14823466,1.288997043478261,0.9915254237288136,54280000000.0,69077351560.0,1.2726114878408255,1.2780733397199706,False
2017-06-26,127120,디엔에이링크,KOSDAQ,2017-06-23,3865.0,3905.0,3760.0,6278496.0,7616287,1.2130750740304685,1.0103492884864165,24266387040.0,28637239120.0,1.1801196063013095,1.2256295379272908,False
2017-11-27,127120,디엔에이링크,KOSDAQ,2017-11-24,5440.0,5370.0,5000.0,7616287.0,9177042,1.2049233438813427,0.9871323529411765,41432601280.0,45885210000.0,1.1074663087144694,1.1894188155593401,True
2017-05-16,127160,매직마이크로,KOSDAQ,2017-05-15,4865.0,1070.0,900.0,6222125.0,31110625,5.0,0.2199383350462487,30270638125.0,27999562500.0,0.9249743062692704,1.0996916752312436,True
2018-04-17,127160,매직마이크로,KOSDAQ,2018-04-16,5430.0,5430.0,5330.0,32221735.0,47017643,1.4591902949980813,1.0,174964021050.0,250604037190.0,1.4323175455506028,1.4591902949980813,False
2015-01-08,128820,대성산업,KOSPI,2015-01-07,2375.0,10700.0,9100.0,28615688.0,4087955,0.1428571278803431,4.505263157894737,67962259000.0,37200390500.0,0.547368363667841,0.6436089550819668,False
2015-03-04,128820,대성산업,KOSPI,2015-03-03,6110.0,6090.0,6100.0,4087955.0,24087955,5.892421761002751,0.9967266775777414,24977405050.0,146936525500.0,5.882777862866903,5.873133964731056,False
2017-08-25,128820,대성산업,KOSPI,2017-08-24,3730.0,3685.0,3580.0,24087955.0,45235478,1.8779293634515675,0.9879356568364611,89848072150.0,161943011240.0,1.8024094158596813,1.8552733791740017,False
2015-05-13,129260,인터지스,KOSPI,2015-05-12,8530.0,4450.0,4350.0,14871381.0,29742762,2.0,0.5216881594372802,126852879930.0,129381014700.0,1.0199296600234466,1.0433763188745604,True
2017-04-27,130500,GH신소재,KOSDAQ,2017-04-26,3940.0,3920.0,3925.0,7000000.0,11000000,1.5714285714285714,0.9949238578680203,27580000000.0,43175000000.0,1.5654459753444525,1.5634517766497462,False
2017-05-22,131090,시큐브,KOSDAQ,2017-05-19,6200.0,1260.0,1275.0,6800000.0,34000000,5.0,0.2032258064516129,42160000000.0,43350000000.0,1.028225806451613,1.0161290322580645,True
2015-01-20,131100,리켐,KOSDAQ,2015-01-19,2390.0,2350.0,2440.0,7800000.0,11700000,1.5,0.9832635983263598,18642000000.0,28548000000.0,1.5313807531380754,1.4748953974895396,False
2018-03-14,131100,리켐,KOSDAQ,2018-03-13,3170.0,3300.0,3200.0,19958574.0,32724531,1.6396227004995447,1.0410094637223974,63268679580.0,104718499200.0,1.6551396345736729,1.7068627481541,False
2018-05-03,131100,리켐,KOSDAQ,2018-05-02,2900.0,36050.0,32450.0,37098984.0,3709898,0.09999998921803357,12.431034482758621,107587053600.0,120386190100.0,1.118965396594893,1.2431033142448658,False
2019-02-15,131100,리켐,KOSDAQ,2019-02-14,23700.0,4530.0,4075.0,4553965.0,22769825,5.0,0.1911392405063291,107928970500.0,92787036875.0,0.859704641350211,0.9556962025316456,True
2020-10-19,131100,스카이이앤엠,KOSDAQ,2020-10-16,2440.0,2530.0,2460.0,31333304.0,40682403,1.2983757793305168,1.0368852459016393,76453261760.0,100078711380.0,1.3090182037512588,1.3462666892238555,False
2015-09-04,131390,피앤이솔루션,KOSDAQ,2015-09-03,3850.0,3825.0,3515.0,7140000.0,14280000,2.0,0.9935064935064936,27489000000.0,50194200000.0,1.825974025974026,1.9870129870129871,False
2015-09-03,131760,파인텍,KOSDAQ,2015-09-02,9900.0,10150.0,10200.0,4997621.0,6083333,1.2172457655352418,1.0252525252525253,49476447900.0,62049996600.0,1.2541320008544914,1.24798429496795,False
2017-01-25,131760,파인텍,KOSDAQ,2017-01-24,10650.0,10600.0,10550.0,7199997.0,9699997,1.3472223668982084,0.9953051643192489,76679968050.0,102334968350.0,1.334572391622169,1.3408973792601886,False
2019-05-17,131760,파인텍,KOSDAQ,2019-05-16,1220.0,1250.0,1230.0,11513940.0,42921361,3.7277735510172887,1.0245901639344261,14047006800.0,52793274030.0,3.758329071927266,3.8194401137472216,False
2020-10-07,131970,테스나,KOSDAQ,2020-10-06,45500.0,44200.0,44250.0,7424141.0,14759577,1.9880518163650178,0.9714285714285714,337798415500.0,653111282250.0,1.9334350082231218,1.9312503358974458,False
2015-06-16,134580,디엠티,KOSDAQ,2015-06-15,5010.0,4825.0,4810.0,7500000.0,11250000,1.5,0.9630738522954092,37575000000.0,54112500000.0,1.4401197604790419,1.444610778443114,False
2017-12-07,134780,화진,KOSDAQ,2017-12-06,6140.0,5930.0,5650.0,12330000.0,24039448,1.9496713706407136,0.9657980456026058,75706200000.0,135822881200.0,1.794078704254077,1.882988799332155,False
2020-06-22,134780,화진,KOSDAQ,2020-06-19,3060.0,0.0,2010.0,24039448.0,12288743,0.5111907311682032,0.0,73560710880.0,24700373430.0,0.33578214694381975,0.0,False
2017-12-22,136480,하림,KOSDAQ,2017-12-21,3035.0,2980.0,3060.0,53945938.0,86945938,1.6117235369973546,0.9818780889621087,163725921830.0,266054570280.0,1.6249996781587825,1.5825160264422131,False
2020-03-16,136480,하림,KOSDAQ,2020-03-13,2100.0,2100.0,2045.0,86945938.0,106209702,1.2215602527630445,1.0,182586469800.0,217198840590.0,1.189567008047822,1.2215602527630445,False
2017-03-24,136490,선진,KOSPI,2017-03-23,20350.0,19800.0,19700.0,8140000.0,16279604,1.9999513513513514,0.972972972972973,165649000000.0,320708198800.0,1.9360708413573278,1.9458986121256392,False
2017-11-28,136490,선진,KOSPI,2017-11-27,14900.0,14900.0,14550.0,16279604.0,23779604,1.460699166883912,1.0,242566099600.0,345993238200.0,1.42638744148731,1.460699166883912,False
2019-05-30,137400,피엔티,KOSDAQ,2019-05-29,5390.0,5220.0,5140.0,8974977.0,17729427,1.9754286835498298,0.9684601113172542,48375126030.0,91129254780.0,1.883803976520617,1.913123882769965,False
2016-02-23,137940,넥스트아이,KOSDAQ,2016-02-22,10950.0,11050.0,10550.0,7976344.0,9963674,1.2491529954074196,1.0091324200913243,87340966800.0,105116760700.0,1.2035218357578337,1.2605607853198164,False
2017-11-15,137940,넥스트아이,KOSDAQ,2017-11-14,18450.0,4080.0,3910.0,13696119.0,68480595,5.0,0.22113821138211381,252693395550.0,267759126450.0,1.0596205962059622,1.1056910569105691,True
2016-01-04,137950,제이씨케미칼,KOSDAQ,2015-12-30,3100.0,3100.0,3135.0,13340000.0,19343000,1.45,1.0,41354000000.0,60640305000.0,1.4663709677419354,1.45,False
2017-07-28,138080,오이솔루션,KOSDAQ,2017-07-27,13800.0,13600.0,13100.0,5179610.0,6449610,1.2451922055907685,0.9855072463768116,71478618000.0,84489891000.0,1.182030282118773,1.227145941741627,False
2017-08-04,138080,오이솔루션,KOSDAQ,2017-08-03,12200.0,12000.0,12000.0,6449610.0,7739532,1.2,0.9836065573770492,78685242000.0,92874384000.0,1.180327868852459,1.180327868852459,True
2020-01-20,138080,오이솔루션,KOSDAQ,2020-01-17,50100.0,49300.0,49250.0,8499532.0,10624095,1.2499623508682596,0.9840319361277445,425826553200.0,523236678750.0,1.2287554047956444,1.2300028722116807,False
2017-05-11,138250,엔에스쇼핑,KOSPI,2017-05-10,170000.0,17800.0,16150.0,3369600.0,33696000,10.0,0.10470588235294118,572832000000.0,544190400000.0,0.95,1.0470588235294118,True
2018-01-22,138360,에이씨티,KOSDAQ,2018-01-19,4030.0,3710.0,3720.0,6115000.0,18282396,2.989762224039248,0.9205955334987593,24643450000.0,68010513120.0,2.759780514497767,2.7523617496738484,False
2018-09-06,138360,에이씨티,KOSDAQ,2018-09-05,8110.0,8010.0,7900.0,20822921.0,27268234,1.3095297244800574,0.9876695437731196,168873889310.0,215419048600.0,1.275620816694507,1.2933826255345573,False
2020-08-19,138360,에이씨티,KOSDAQ,2020-08-18,4480.0,0.0,4480.0,23361984.0,34611984,1.4815515668532262,0.0,104661688320.0,155061688320.0,1.4815515668532262,0.0,False
2015-06-25,138440,이코리아리츠,KOSPI,2015-06-24,1930.0,0.0,3435.0,2794600.0,1570000,0.5617977528089888,0.0,5393578000.0,5392950000.0,0.9998835652325785,0.0,False
2016-06-30,138490,코오롱플라스틱,KOSPI,2016-06-29,8000.0,7990.0,8030.0,29000000.0,38000000,1.3103448275862069,0.99875,232000000000.0,305140000000.0,1.3152586206896553,1.3087068965517241,False
2019-07-01,138610,나이벡,KOSDAQ,2019-06-28,6770.0,6750.0,6910.0,6402979.0,9902979,1.5466205652087879,0.9970457902511078,43348167830.0,68429584890.0,1.5786038560698263,1.542051523657211,False
2015-01-19,138690,엘티에스,KOSDAQ,2015-01-16,7850.0,7850.0,8000.0,7570674.0,9748532,1.287670291971362,1.0,59429790900.0,77988256000.0,1.3122754567861015,1.287670291971362,False
2016-02-05,138930,BNK금융지주,KOSPI,2016-02-04,8860.0,8800.0,9010.0,255935246.0,325935246,1.2735066822332084,0.9932279909706546,2267586279560.0,2936676566460.0,1.2950671791107458,1.2648824834821935,False
2019-04-16,139050,데일리블록체인,KOSDAQ,2019-04-15,1715.0,1695.0,1735.0,30701527.0,41195352,1.341801402907419,0.9883381924198251,52653118805.0,71473935720.0,1.357449232678934,1.326153573135904,False
2015-01-29,139130,DGB금융지주,KOSPI,2015-01-28,10700.0,10700.0,10800.0,134053154.0,169053154,1.2610904626682637,1.0,1434368747800.0,1825774063200.0,1.2728763548427333,1.2610904626682637,False
2020-02-21,139670,키네마스터,KOSDAQ,2020-02-20,8290.0,7870.0,7640.0,7016911.0,13546307,1.9305228468766384,0.9493365500603136,58170192190.0,103493785480.0,1.7791549517656837,1.832715899266483,False
2018-02-28,140070,서플러스글로벌,KOSDAQ,2018-02-27,4265.0,4225.0,4090.0,18494000.0,36988000,2.0,0.9906213364595545,78876910000.0,151280920000.0,1.917936694021102,1.981242672919109,False
2017-09-28,140520,대창스틸,KOSDAQ,2017-09-27,3235.0,3175.0,3160.0,14566000.0,18166000,1.2471508993546616,0.98145285935085,47121010000.0,57404560000.0,1.2182370454283555,1.2240198162136169,False
2017-08-07,141020,포티스,KOSDAQ,2017-08-04,1150.0,1120.0,1160.0,26804511.0,32234609,1.2025814983157126,0.9739130434782609,30825187650.0,37392146440.0,1.2130387287358493,1.1712098070553028,True
2020-03-10,141020,포티스,KOSDAQ,2020-03-09,242.0,170.0,170.0,101758567.0,174085514,1.710770101548305,0.7024793388429752,24625573214.0,29594537380.0,1.2017806498479828,1.2017806498479828,False
2015-06-05,141070,맥스로텍,KOSDAQ,2015-06-04,2685.0,2550.0,2700.0,5714280.0,11428560,2.0,0.9497206703910615,15342841800.0,30857112000.0,2.011173184357542,1.899441340782123,False
2016-12-28,141070,맥스로텍,KOSDAQ,2016-12-27,1595.0,1575.0,1600.0,14001862.0,23501862,1.6784811905730823,0.987460815047022,22332969890.0,37602979200.0,1.683742887095255,1.6574344044843916,False
2020-07-07,141080,레고켐바이오,KOSDAQ,2020-07-06,52800.0,52000.0,48200.0,11841903.0,23683806,2.0,0.9848484848484849,625252478400.0,1141559449200.0,1.8257575757575757,1.9696969696969697,False
2016-11-15,142210,유니트론텍,KOSDAQ,2016-11-14,9080.0,8710.0,8750.0,3310650.0,9931950,3.0,0.9592511013215859,30060702000.0,86904562500.0,2.890969162995595,2.8777533039647576,False
2019-11-26,142280,녹십자엠에스,KOSDAQ,2019-11-25,5390.0,5350.0,5650.0,9617283.0,21117283,2.195763917938154,0.9925788497217068,51837155370.0,119312648950.0,2.3016820290075266,2.179468823927481,False
2017-04-04,142760,바이오리더스,KOSDAQ,2017-04-03,6190.0,6190.0,6150.0,12354310.0,15654310,1.2671132584498852,1.0,76473178900.0,96274006500.0,1.2589251275390618,1.2671132584498852,False
2020-11-26,142760,바이오리더스,KOSDAQ,2020-11-25,5260.0,5310.0,5470.0,19185525.0,27412216,1.4287967621422921,1.0095057034220531,100915861500.0,149944821520.0,1.4858399788818133,1.4423784804136066,False
2016-12-28,143540,영우디에스피,KOSDAQ,2016-12-27,11600.0,11350.0,11550.0,6092233.0,12184466,2.0,0.978448275862069,70669902800.0,140730582300.0,1.9913793103448276,1.956896551724138,False
2019-03-06,143540,영우디에스피,KOSDAQ,2019-03-05,922.0,907.0,922.0,12194466.0,30193507,2.4760007531285093,0.9837310195227765,11243297652.0,27838413454.0,2.4760007531285093,2.435718745214271,False
2017-05-18,144620,코오롱머티리얼,KOSPI,2017-05-17,12250.0,2320.0,2155.0,9000000.0,45000000,5.0,0.1893877551020408,110250000000.0,96975000000.0,0.8795918367346939,0.9469387755102041,True
2019-03-21,144620,코오롱머티리얼,KOSPI,2019-03-20,2845.0,2890.0,2750.0,45000000.0,54000000,1.2,1.015817223198594,128025000000.0,148500000000.0,1.1599297012302285,1.2189806678383128,False
2019-05-14,144620,코오롱머티리얼,KOSPI,2019-05-13,2160.0,2100.0,2200.0,54000000.0,68658635,1.2714562037037036,0.9722222222222222,116640000000.0,151048997000.0,1.295001688957476,1.236137975823045,False
2019-12-10,144960,뉴파워프라즈마,KOSDAQ,2019-12-09,21000.0,4350.0,4215.0,8250337.0,41251685,5.0,0.20714285714285716,173257077000.0,173875852275.0,1.0035714285714286,1.0357142857142858,True
2017-07-31,145020,휴젤,KOSDAQ,2017-07-28,610000.0,598000.0,581400.0,3284058.0,4269275,1.2999998781994715,0.980327868852459,2003275380000.0,2482156485000.0,1.239049064237988,1.2744261101037442,False
2020-07-31,145020,휴젤,KOSDAQ,2020-07-30,158500.0,153200.0,156900.0,4319765.0,12670135,2.933061173466612,0.9665615141955836,684682752500.0,1987944181500.0,2.903452984964741,2.834984049054164,False
2018-01-09,145210,세화아이엠씨,KOSPI,2018-01-08,3190.0,3000.0,2915.0,11882640.0,28050716,2.3606467922953147,0.9404388714733543,37905621600.0,81767837140.0,2.1571427584767533,2.2200440052933996,False
2020-03-31,145210,세화아이엠씨,KOSPI,2020-03-30,2990.0,0.0,2990.0,35202067.0,59402067,1.6874596312767656,0.0,105254180330.0,177612180330.0,1.6874596312767656,0.0,False
2020-11-26,145210,세화아이엠씨,KOSPI,2020-11-25,556.0,558.0,566.0,81569422.0,151569422,1.8581647176560845,1.0035971223021583,45352598632.0,85788292852.0,1.891584946390906,1.8648487634030488,False
2015-11-04,145270,케이탑리츠,KOSPI,2015-11-03,6600.0,1290.0,1275.0,5421000.0,27105000,5.0,0.19545454545454546,35778600000.0,34558875000.0,0.9659090909090909,0.9772727272727273,True
2016-03-30,145270,케이탑리츠,KOSPI,2016-03-29,2020.0,2030.0,2135.0,28433150.0,34133150,1.2004702257751956,1.004950495049505,57434963000.0,72874275250.0,1.2688138277376448,1.2064131476849738,False
2016-01-21,145990,삼양사,KOSPI,2016-01-20,127500.0,120000.0,110500.0,6136619.0,10289803,1.6767870060044465,0.9411764705882353,782418922500.0,1137023231500.0,1.4532154052038535,1.578152476239479,False
2016-01-21,145995,삼양사우,KOSPI,2016-01-20,52700.0,52000.0,50500.0,164680.0,370070,2.2472067039106145,0.9867172675521821,8678636000.0,18688535000.0,2.1533954183583686,2.2173576585076273,False
2016-07-26,147830,제룡산업,KOSDAQ,2016-07-25,4735.0,4615.0,4580.0,7932320.0,10000000,1.26066522782742,0.9746568109820486,37559535200.0,45800000000.0,1.219397411499384,1.228715950670231,False
2018-11-16,148140,비디아이,KOSDAQ,2018-11-15,8730.0,8600.0,8420.0,5280500.0,7920750,1.5,0.9851088201603666,46098765000.0,66692715000.0,1.4467353951890034,1.47766323024055,False
2020-06-19,148140,비디아이,KOSDAQ,2020-06-18,13200.0,12600.0,15200.0,9997021.0,15199692,1.5204221337536452,0.9545454545454546,131960677200.0,231035318400.0,1.7507891237163187,1.4513120367648433,False
2019-12-20,148150,세경하이테크,KOSDAQ,2019-12-19,34300.0,33850.0,32900.0,5817000.0,11634000,2.0,0.9868804664723032,199523100000.0,382758600000.0,1.9183673469387754,1.9737609329446064,False
2015-09-11,149980,하이로닉,KOSDAQ,2015-09-10,57500.0,12950.0,13050.0,2796779.0,13983895,5.0,0.2252173913043478,160814792500.0,182489829750.0,1.1347826086956523,1.126086956521739,True
2018-05-29,150840,인트로메딕,KOSDAQ,2018-05-28,12600.0,12000.0,12200.0,7652628.0,15305256,2.0,0.9523809523809523,96423112800.0,186724123200.0,1.9365079365079365,1.9047619047619047,False
2017-01-11,151910,나노스,KOSDAQ,2017-01-10,1835.0,0.0,1695.0,12065263.0,96420872,7.991609631717104,0.0,22139757605.0,163433378040.0,7.381895545373564,0.0,False
2017-12-19,151910,나노스,KOSDAQ,2017-12-18,13450.0,3140.0,3445.0,98167596.0,490837980,5.0,0.23345724907063198,1320354166200.0,1690936841100.0,1.2806691449814127,1.1672862453531598,True
2018-11-02,151910,나노스,KOSDAQ,2018-11-01,7890.0,8240.0,7610.0,490837980.0,107810896,0.21964660517916726,1.044359949302915,3872711662200.0,820440918560.0,0.21185179536292306,0.2293901174494725,False
2020-01-28,151910,나노스,KOSDAQ,2020-01-23,3850.0,3850.0,3840.0,111344647.0,144239383,1.2954316789023543,1.0,428676890950.0,553879230720.0,1.292066921294816,1.2954316789023543,False
2016-12-27,153460,네이블,KOSDAQ,2016-12-26,5790.0,5720.0,5770.0,4922546.0,6530014,1.3265521541088696,0.9879101899827288,28501541340.0,37678180780.0,1.3219699359599617,1.3105143905876915,False
2016-02-19,153490,우리이앤엘,KOSDAQ,2016-02-18,1355.0,1360.0,1400.0,32000000.0,49900000,1.559375,1.003690036900369,43360000000.0,69860000000.0,1.6111623616236161,1.5651291512915129,False
2018-08-31,155650,와이엠씨,KOSDAQ,2018-08-30,8900.0,8710.0,8290.0,9865093.0,19593039,1.9860977489011,0.9786516853932584,87799327700.0,162426293310.0,1.8499719481337213,1.9436979093178182,False
2019-04-30,158310,인터불스,KOSDAQ,2019-04-29,3070.0,3070.0,3225.0,9345918.0,12071642,1.2916486106554754,1.0,28691968260.0,38931045450.0,1.3568621398579506,1.2916486106554754,False
2018-11-13,159580,제로투세븐,KOSDAQ,2018-11-12,5890.0,5750.0,5770.0,12290000.0,20032636,1.6299947925142393,0.9762308998302207,72388100000.0,115588309720.0,1.5967860700861054,1.5912512830147498,False
2015-05-19,159910,MBK,KOSDAQ,2015-05-18,10000.0,2200.0,1845.0,10067808.0,50339040,5.0,0.22,100678080000.0,92875528800.0,0.9225,1.1,True
2015-08-18,160550,NEW,KOSDAQ,2015-08-17,14200.0,13850.0,13150.0,13703053.0,27406106,2.0,0.9753521126760564,194583352600.0,360390293900.0,1.852112676056338,1.9507042253521127,False
2016-07-22,160600,에스엔텍,KOSDAQ,2016-07-21,10400.0,10100.0,9950.0,7230593.0,10845889,1.4999999308493785,0.9711538461538461,75198167200.0,107916595550.0,1.4350960876876264,1.4567307020748772,False
2019-10-01,160600,에스엔텍,KOSDAQ,2019-09-30,3155.0,2930.0,3000.0,15267820.0,30136203,1.9738379807988304,0.9286846275752774,48169972100.0,90408609000.0,1.8768665427564157,1.8330729900920992,False
2020-07-22,160600,이큐셀,KOSDAQ,2020-07-21,310.0,0.0,310.0,30136203.0,60136203,1.9954804193481177,0.0,9342222930.0,18642222930.0,1.9954804193481177,0.0,False
2017-11-10,160980,싸이맥스,KOSDAQ,2017-11-09,14350.0,14150.0,14950.0,5430863.0,7050863,1.2982951328361625,0.9860627177700348,77932884050.0,105410401850.0,1.3525792498885456,1.2802004271520349,False
2017-11-17,160980,싸이맥스,KOSDAQ,2017-11-16,16150.0,15900.0,15800.0,7050863.0,10576294,1.4999999290866948,0.9845201238390093,113871437450.0,167105445200.0,1.4674921906854352,1.476780115942938,False
2016-09-06,161000,애경유화,KOSPI,2016-09-05,117500.0,11650.0,9870.0,3204000.0,32040000,10.0,0.09914893617021277,376470000000.0,316234800000.0,0.84,0.9914893617021276,True
2015-11-17,161570,미동전자통신,KOSDAQ,2015-11-16,9700.0,9890.0,10000.0,9000000.0,12800000,1.4222222222222223,1.0195876288659793,87300000000.0,128000000000.0,1.4662084765177548,1.4500801832760595,False
2018-06-18,161580,필옵틱스,KOSDAQ,2018-06-15,9400.0,9020.0,8560.0,5867200.0,17272398,2.943891123534224,0.9595744680851064,55151680000.0,147851726880.0,2.6808200018566977,2.824882758965819,False
2018-07-10,166090,하나머티리얼즈,KOSDAQ,2018-07-09,24300.0,24000.0,24050.0,9605737.0,19211474,2.0,0.9876543209876543,233419409100.0,462035949700.0,1.9794238683127572,1.9753086419753085,False
2015-05-22,170030,현대공업,KOSDAQ,2015-05-21,7070.0,6860.0,6910.0,10050000.0,15075000,1.5,0.9702970297029703,71053500000.0,104168250000.0,1.466053748231966,1.4554455445544554,False
2015-03-31,170790,파이오링크,KOSDAQ,2015-03-30,13050.0,13300.0,13300.0,5286330.0,6686330,1.2648340152809228,1.0191570881226053,68986606500.0,88928189000.0,1.289064551972128,1.2890645519721282,False
2015-11-02,171010,램테크놀러지,KOSDAQ,2015-10-30,3385.0,3585.0,3305.0,8756128.0,11382966,1.2999999543177077,1.0590841949778433,29639493280.0,37620702630.0,1.2692761740088696,1.3768094050898025,False
2018-09-18,171090,선익시스템,KOSDAQ,2018-09-17,9090.0,8960.0,8870.0,6000000.0,8999295,1.4998825,0.9856985698569857,54540000000.0,79823746650.0,1.463581713421342,1.4784320352035203,False
2015-02-17,171120,라이온켐텍,KOSDAQ,2015-02-16,20100.0,19750.0,19550.0,10163425.0,15185137,1.4940964291073138,0.9825870646766169,204284842500.0,296869428350.0,1.4532131934849744,1.4680798246203706,False
2015-04-10,173940,에프엔씨엔터,KOSDAQ,2015-04-09,23200.0,22000.0,22950.0,6302915.0,12605830,2.0,0.9482758620689655,146227628000.0,289303798500.0,1.978448275862069,1.896551724137931,False
2019-05-03,174880,장원테크,KOSDAQ,2019-05-02,22700.0,4545.0,4115.0,6045000.0,30225000,5.0,0.20022026431718062,137221500000.0,124375875000.0,0.9063876651982379,1.001101321585903,True
2020-08-05,174900,앱클론,KOSDAQ,2020-08-04,39500.0,38300.0,39200.0,7196000.0,14392000,2.0,0.9696202531645569,284242000000.0,564166400000.0,1.9848101265822784,1.9392405063291138,False
2015-12-01,175330,JB금융지주,KOSPI,2015-11-30,5590.0,5630.0,5560.0,126503947.0,155439423,1.228731803917549,1.0071556350626119,707157063730.0,864243191880.0,1.222137536633555,1.2375241602962077,False
2018-10-26,175330,JB금융지주,KOSPI,2018-10-25,6050.0,5950.0,5870.0,155439423.0,196982894,1.2672647015680185,0.9834710743801653,940408509150.0,1156289587780.0,1.2295609583808709,1.2463181775751588,False
2017-09-22,176440,에이치엔티,KOSDAQ,2017-09-21,4725.0,4535.0,4420.0,6701100.0,13402200,2.0,0.9597883597883597,31662697500.0,59237724000.0,1.8708994708994708,1.9195767195767195,False
2019-11-21,176440,에이치엔티,KOSDAQ,2019-11-20,12950.0,2590.0,2500.0,17147869.0,85739345,5.0,0.2,222064903550.0,214348362500.0,0.9652509652509652,1.0,True
2015-07-06,177350,베셀,KOSDAQ,2015-07-03,9070.0,8730.0,8010.0,4119655.0,5213802,1.2655919002926217,0.9625137816979051,37365270850.0,41762554020.0,1.1176836958482799,1.2181496460368895,False
2016-10-17,177350,베셀,KOSDAQ,2016-10-14,6900.0,6700.0,6910.0,5596184.0,11192368,2.0,0.9710144927536232,38613669600.0,77339262880.0,2.0028985507246375,1.9420289855072463,False
2017-01-31,177830,파버나인,KOSDAQ,2017-01-26,5620.0,5400.0,5200.0,5355636.0,10711272,2.0,0.9608540925266904,30098674320.0,55698614400.0,1.8505338078291815,1.9217081850533808,False
2018-08-13,178320,서진시스템,KOSDAQ,2018-08-10,34450.0,33800.0,34300.0,6388737.0,9050333,1.4166075391740183,0.9811320754716981,220091989650.0,310426421900.0,1.4104394366812432,1.3898790950386595,False
2019-01-16,178320,서진시스템,KOSDAQ,2019-01-15,18700.0,18400.0,18950.0,9050333.0,18100666,2.0,0.983957219251337,169241227100.0,343007620700.0,2.0267379679144386,1.967914438502674,False
2016-03-08,178780,유테크,KOSDAQ,2016-03-07,6980.0,6840.0,6730.0,5080300.0,10160600,2.0,0.9799426934097422,35460494000.0,68380838000.0,1.9283667621776504,1.9598853868194843,False
2018-11-27,179900,유티아이,KOSDAQ,2018-11-26,5360.0,5100.0,5230.0,5332145.0,15864895,2.975330753383488,0.9514925373134329,28580297200.0,82973400850.0,2.9031678806335157,2.831005007883543,False
2017-07-04,180400,엠지메드,KOSDAQ,2017-07-03,14900.0,14350.0,13750.0,2379949.0,5949872,2.4999997899114645,0.9630872483221476,35461240100.0,81810740000.0,2.307046785992123,2.4077179184717794,False
2018-05-21,180400,캔서롭,KOSDAQ,2018-05-18,15300.0,14900.0,15250.0,6147372.0,18440644,2.9997605480846126,0.9738562091503268,94054791600.0,281219821000.0,2.9899574090385843,2.9213354357163874,False
2015-04-07,181710,NHN엔터테인먼트,KOSPI,2015-04-06,74400.0,74000.0,74400.0,15165025.0,19565025,1.2901412955138551,0.9946236559139785,1128277860000.0,1455637860000.0,1.2901412955138551,1.283205051989587,False
2015-04-09,182360,큐브엔터,KOSDAQ,2015-04-08,3735.0,3880.0,3510.0,7000000.0,25073767,3.581966714285714,1.0388219544846051,26145000000.0,88008922170.0,3.366185586919105,3.7210256630330845,False
2020-06-15,182360,큐브엔터,KOSDAQ,2020-06-12,4060.0,4030.0,3680.0,26573767.0,33101528,1.2456468064915298,0.9926108374384236,107889494020.0,121813623040.0,1.1290591743568545,1.2364425197440554,False
2018-01-26,182400,에이티젠,KOSDAQ,2018-01-25,23150.0,22400.0,23000.0,12076709.0,24065274,1.9927013228521115,0.9676025917926566,279575813350.0,553501302000.0,1.979789651213761,1.9281429646603585,False
2019-07-04,182400,엔케이맥스,KOSDAQ,2019-07-03,13700.0,13600.0,14250.0,24864891.0,31088588,1.2503005945210055,0.9927007299270073,340649006700.0,443012379000.0,1.3004951439360823,1.2411743128091735,False
2020-01-20,182690,테라셈,KOSDAQ,2020-01-17,2000.0,2000.0,2005.0,15678688.0,21163148,1.3498035039666585,1.0,31357376000.0,42432111740.0,1.3531780127265751,1.3498035039666585,False
2015-06-16,184230,레드비씨,KOSDAQ,2015-06-15,2750.0,2745.0,2450.0,7000000.0,18429800,2.6328285714285715,0.9981818181818182,19250000000.0,45153010000.0,2.345610909090909,2.6280416103896105,False
2015-07-10,184230,레드비씨,KOSDAQ,2015-07-09,2285.0,2255.0,2320.0,18429800.0,22476310,1.2195634244538736,0.986870897155361,42112093000.0,52145039200.0,1.2382438270166245,1.2035516508286586,False
2019-08-30,186230,그린플러스,KOSDAQ,2019-08-29,10100.0,10400.0,10150.0,3923873.0,4723872,1.2038799420878301,1.0297029702970297,39631117300.0,47947300800.0,1.2098397437813342,1.2396387522488548,False
2020-11-13,186230,그린플러스,KOSDAQ,2020-11-12,12850.0,12350.0,12500.0,4843871.0,9607742,1.9834842835409945,0.9610894941634242,62243742350.0,120096775000.0,1.9294594197869595,1.906305906749516,False
2017-07-12,187270,신화콘텍,KOSDAQ,2017-07-11,6760.0,6710.0,6800.0,8048613.0,9948613,1.2360655183694382,0.992603550295858,54408623880.0,67650568400.0,1.2433795155195533,1.2269230219317946,False
2015-06-15,187420,제노포커스,KOSDAQ,2015-06-12,35350.0,33800.0,30900.0,6754667.0,8940453,1.3235964111924392,0.9561527581329562,238777478450.0,276259997700.0,1.1569767781003217,1.2655603592165332,False
2018-03-30,187420,제노포커스,KOSDAQ,2018-03-29,14250.0,13850.0,13950.0,9086753.0,18278157,2.0115168751698214,0.9719298245614035,129486230250.0,254980290150.0,1.9691691514820358,1.9550532435861072,False
2015-04-30,187790,나노,KOSDAQ,2015-04-29,3795.0,3480.0,3230.0,5500000.0,22284935,4.051806363636364,0.9169960474308301,20872500000.0,71980340050.0,3.4485730051503176,3.71549042040963,False
2017-02-16,187790,나노,KOSDAQ,2017-02-15,1570.0,1580.0,1615.0,29225943.0,39225943,1.3421617567652138,1.0063694267515924,45884730510.0,63349897945.0,1.3806313612584842,1.3507105577637184,False
2018-03-06,187790,나노,KOSDAQ,2018-03-05,1195.0,3230.0,2950.0,39269856.0,15705238,0.3999311329280148,2.702928870292887,46927477920.0,46330452100.0,0.9872776921653922,1.0809854053200736,True
2018-07-19,187790,나노,KOSDAQ,2018-07-18,1905.0,1900.0,1870.0,15705238.0,23557938,1.5000051575149642,0.9973753280839895,29918478390.0,44053344060.0,1.472446007639361,1.496068136104164,False
2018-11-16,189860,서전기전,KOSDAQ,2018-11-15,5070.0,4880.0,4820.0,4849390.0,9698780,2.0,0.9625246548323472,24586407300.0,46748119600.0,1.9013806706114398,1.9250493096646943,False
2019-10-18,189980,흥국에프엔비,KOSDAQ,2019-10-17,8520.0,1710.0,1630.0,7341291.0,36706455,5.0,0.2007042253521127,62547799320.0,59831521650.0,0.9565727699530516,1.0035211267605635,True
2020-03-05,190510,나무가,KOSDAQ,2020-03-04,19500.0,19600.0,18700.0,3434185.0,6868370,2.0,1.005128205128205,66966607500.0,128438519000.0,1.917948717948718,2.01025641025641,False
2018-07-27,191420,테고사이언스,KOSDAQ,2018-07-26,39500.0,38700.0,51300.0,4037317.0,8074634,2.0,0.979746835443038,159474021500.0,414228724200.0,2.59746835443038,1.959493670886076,False
2015-12-18,192390,윈하이텍,KOSDAQ,2015-12-17,6470.0,6350.0,6340.0,6600300.0,9863089,1.4943394997197097,0.98145285935085,42703941000.0,62531984260.0,1.4643141311009211,1.4666237748408277,False
2018-01-11,192400,쿠쿠홀딩스,KOSPI,2018-01-10,165000.0,127500.0,104500.0,9803360.0,5315894,0.5422522482087774,0.7727272727272727,1617554400000.0,555510923000.0,0.343426423865559,0.41901310088860066,False
2018-06-01,192400,쿠쿠홀딩스,KOSPI,2018-05-31,164000.0,164500.0,161500.0,5315894.0,7112437,1.3379568892833453,1.0030487804878048,871806616000.0,1148658575500.0,1.3175612049954895,1.3420360261409163,False
2015-02-27,192410,감마누,KOSDAQ,2015-02-26,12400.0,12000.0,11800.0,2406800.0,3610200,1.5,0.967741935483871,29844320000.0,42600360000.0,1.4274193548387097,1.4516129032258065,False
2017-09-12,192410,감마누,KOSDAQ,2017-09-11,14150.0,13900.0,13600.0,3610200.0,6108950,1.6921361697412887,0.9823321554770318,51084330000.0,83081720000.0,1.6263640924721925,1.6622397709826087,False
2017-09-22,192410,감마누,KOSDAQ,2017-09-21,8430.0,7230.0,6340.0,6108950.0,24435800,4.0,0.8576512455516014,51498448500.0,154922972000.0,3.0083036773428233,3.4306049822064058,False
2019-06-03,192650,드림텍,KOSPI,2019-05-31,11000.0,10550.0,10700.0,28695850.0,57331200,1.9978916812012888,0.9590909090909091,315654350000.0,613443840000.0,1.9434037262594355,1.916159748788509,False
2016-04-28,193250,와이제이엠게임즈,KOSDAQ,2016-04-27,31000.0,30500.0,32400.0,2693705.0,9050819,3.35998893717018,0.9838709677419355,83504855000.0,293246535600.0,3.511730373042382,3.3057955672158226,False
2016-05-23,193250,와이제이엠게임즈,KOSDAQ,2016-05-20,32400.0,6690.0,6630.0,9050819.0,45254095,5.0,0.2064814814814815,293246535600.0,300034649850.0,1.0231481481481481,1.0324074074074074,True
2015-11-26,194510,파티게임즈,KOSDAQ,2015-11-25,14200.0,13700.0,14000.0,6036844.0,12073688,2.0,0.9647887323943662,85723184800.0,169031632000.0,1.971830985915493,1.9295774647887325,False
2017-06-02,194510,파티게임즈,KOSDAQ,2017-06-01,12900.0,12750.0,13250.0,12143888.0,24202354,1.9929658442172722,0.9883720930232558,156656155200.0,320681190500.0,2.0470385609208415,1.9697918227728852,False
2015-03-25,194610,우성아이비,KOSDAQ,2015-03-24,3850.0,3660.0,3845.0,2710000.0,11729749,4.328320664206642,0.9506493506493506,10433500000.0,45100884905.0,4.322699468538842,4.11471522883021,False
2017-06-07,194610,우성아이비,KOSDAQ,2017-06-05,1930.0,1935.0,1995.0,14383102.0,19500000,1.3557576105627285,1.0025906735751295,27759386860.0,38902500000.0,1.4014178409702813,1.3592699359786942,False
2017-11-23,195440,퓨전데이타,KOSDAQ,2017-11-22,6120.0,5900.0,5910.0,3363300.0,8408250,2.5,0.9640522875816994,20583396000.0,49692757500.0,2.4142156862745097,2.4101307189542482,False
2019-01-11,195440,퓨전데이타,KOSDAQ,2019-01-10,1000.0,986.0,1030.0,8408250.0,26102208,3.1043567924360005,0.986,8408250000.0,26885274240.0,3.1974874962090802,3.0608957973418964,False
2019-04-11,195440,퓨전데이타,KOSDAQ,2019-04-10,677.0,682.0,822.0,29862911.0,37703379,1.2625486845538936,1.0073855243722305,20217190747.0,30992177538.0,1.532961622900001,1.271873268634794,False
2019-06-26,195440,퓨전데이타,KOSDAQ,2019-06-25,518.0,519.0,527.0,37703379.0,96003379,2.5462805071131687,1.001930501930502,19530350322.0,50593780733.0,2.5905209020244016,2.55119610654775,False
2019-12-20,195440,퓨전,KOSDAQ,2019-12-19,221.0,6100.0,5300.0,96003379.0,3840135,0.039999998333391996,27.601809954751133,21216746759.0,20352715500.0,0.9592759781311202,1.104072352188648,True
2015-12-24,195990,유지인트,KOSDAQ,2015-12-23,5930.0,5780.0,5820.0,11548800.0,23097600,2.0,0.9747048903878583,68484384000.0,134428032000.0,1.9629005059021922,1.9494097807757167,False
2016-11-07,195990,유지인트,KOSDAQ,2016-11-04,8980.0,1640.0,1575.0,23855542.0,122491075,5.134700984785842,0.18262806236080179,214222767160.0,192923443125.0,0.9005739477770267,0.937740491653539,True
2017-01-06,195990,유지인트,KOSDAQ,2017-01-05,474.0,468.0,479.0,122491075.0,367473225,3.0,0.9873417721518988,58060769550.0,176019674775.0,3.0316455696202533,2.9620253164556964,False
2017-09-11,195990,유지인트,KOSDAQ,2017-09-08,312.0,1720.0,1600.0,368943225.0,73788645,0.2,5.512820512820513,115110286200.0,118061832000.0,1.0256410256410255,1.1025641025641026,True
2017-12-28,196170,알테오젠,KOSDAQ,2017-12-27,21300.0,20800.0,22200.0,6305165.0,12610330,2.0,0.9765258215962441,134300014500.0,279949326000.0,2.084507042253521,1.9530516431924883,False
2020-08-13,196170,알테오젠,KOSDAQ,2020-08-12,190000.0,186000.0,187700.0,13995950.0,27991900,2.0,0.9789473684210527,2659230500000.0,5254079630000.0,1.9757894736842105,1.9578947368421054,False
2017-08-04,196450,온다 엔터테인먼트,KOSDAQ,2017-08-03,2490.0,2490.0,2500.0,25758503.0,31314058,1.2156784887693202,1.0,64138672470.0,78285145000.0,1.2205607316961047,1.2156784887693202,False
2017-12-27,196450,텔루스,KOSDAQ,2017-12-26,2000.0,842.0,786.0,33939566.0,84848915,2.5,0.421,67879132000.0,66691247190.0,0.9825,1.0525,True
2019-02-19,196450,텔루스,KOSDAQ,2019-02-18,933.0,929.0,905.0,89357587.0,119326040,1.3353767039389728,0.9957127545551983,83370628671.0,107990066200.0,1.295301090101576,1.329651616247916,False
2018-10-26,196490,디에이테크놀로지,KOSDAQ,2018-10-25,21250.0,21500.0,20650.0,8402697.0,10443512,1.2428761860626416,1.011764705882353,178557311250.0,215658522800.0,1.2077832113973435,1.2574982588398491,False
2018-11-27,196490,디에이테크놀로지,KOSDAQ,2018-11-26,4715.0,4140.0,4320.0,10458456.0,52055480,4.97735803449381,0.8780487804878049,49311620040.0,224879673600.0,4.560378941466228,4.370363152238467,False
2020-10-30,196490,디에이테크놀로지,KOSDAQ,2020-10-29,1490.0,7640.0,7100.0,92419553.0,19814608,0.2143984401222975,5.12751677852349,137705133970.0,140683716800.0,1.0216301509183303,1.0993315990163444,True
2018-09-28,196700,웹스,KOSDAQ,2018-09-27,3000.0,2910.0,2685.0,6849238.0,13698476,2.0,0.97,20547714000.0,36780408060.0,1.79,1.94,False
2018-12-10,197140,디지캡,KOSDAQ,2018-12-07,3900.0,3680.0,3575.0,3531115.0,6906676,1.955947625608342,0.9435897435897436,13771348500.0,24691366700.0,1.79295199014098,1.845612118522743,False
2017-04-26,197210,리드,KOSDAQ,2017-04-25,10350.0,2060.0,2690.0,6660661.0,33303305,5.0,0.19903381642512077,68937841350.0,89585890450.0,1.2995169082125604,0.9951690821256038,True
2017-06-05,197210,리드,KOSDAQ,2017-06-02,2100.0,1960.0,1865.0,33303305.0,49954958,1.5000000150135249,0.9333333333333333,69936940500.0,93165996670.0,1.3321428704762972,1.4000000140126232,False
2018-05-15,197210,리드,KOSDAQ,2018-05-14,3700.0,3655.0,3810.0,51457455.0,69215501,1.3451015212470185,0.9878378378378379,190392583500.0,263711058810.0,1.3850910259327407,1.3287421784210414,False
2018-11-15,197210,리드,KOSDAQ,2018-11-14,2445.0,13100.0,13700.0,73769854.0,14753970,0.1999999891554618,5.357873210633946,180367293030.0,202129389000.0,1.1206543359631194,1.0715745840231286,True
2017-05-15,198440,고려시멘트,KOSDAQ,2017-05-12,2380.0,2430.0,3090.0,7000000.0,30479960,4.35428,1.0210084033613445,16660000000.0,94183076400.0,5.653245882352941,4.445756470588235,False
2015-02-03,200130,콜마비앤에이치,KOSDAQ,2015-02-02,15550.0,15950.0,14200.0,7000000.0,72364311,10.337758714285714,1.0257234726688103,108850000000.0,1027573216200.0,9.440268407900781,10.603681768029398,False
2015-10-05,200130,콜마비앤에이치,KOSDAQ,2015-10-02,13250.0,71500.0,69700.0,73864311.0,14772862,0.19999999729233242,5.39622641509434,978702120750.0,1029668481400.0,1.05207545745476,1.0792452684076805,True
2016-02-12,200130,콜마비앤에이치,KOSDAQ,2016-02-11,37700.0,35700.0,34500.0,14772862.0,29543558,1.9998533797987148,0.946949602122016,556936897400.0,1019252751000.0,1.83010455180519,1.893760362302762,False
2016-07-29,200230,텔콘,KOSDAQ,2016-07-28,27900.0,25800.0,25300.0,5303690.0,10607380,2.0,0.9247311827956989,147972951000.0,268366714000.0,1.8136200716845878,1.8494623655913978,False
2016-09-07,200230,텔콘,KOSDAQ,2016-09-06,32150.0,8310.0,8350.0,10607380.0,57396770,5.411022325965507,0.25847589424572315,341027267000.0,479263029500.0,1.4053510551107926,1.3986188344875072,False
2016-11-29,200710,에이디테크놀로지,KOSDAQ,2016-11-28,5860.0,5720.0,5410.0,4136195.0,8146700,1.9696121677048593,0.9761092150170648,24238102700.0,44073647000.0,1.818362086567114,1.9225565869064496,False
2020-07-24,200710,에이디테크놀로지,KOSDAQ,2020-07-23,29350.0,28950.0,29000.0,9269301.0,12469301,1.3452256000749139,0.9863713798977853,272053984350.0,361609729000.0,1.3291837275016185,1.3268920314197192,False
2017-01-20,203650,드림시큐리티,KOSDAQ,2017-01-19,2045.0,1900.0,1785.0,5500000.0,34305754,6.237409818181818,0.9290953545232273,11247500000.0,61235770890.0,5.444389498999778,5.795148486330295,False
2019-11-26,203650,드림시큐리티,KOSDAQ,2019-11-25,2795.0,2810.0,2805.0,35805754.0,50605754,1.4133413864151556,1.0053667262969588,100077082430.0,141949139970.0,1.4183980640051919,1.42092640280021,False
2015-10-01,203690,프로스테믹스,KOSDAQ,2015-09-30,5500.0,5780.0,5500.0,10520000.0,43385630,4.124109315589354,1.050909090909091,57860000000.0,238620965000.0,4.124109315589354,4.334063971655721,False
2019-08-26,204020,그리티,KOSDAQ,2019-08-23,3745.0,3525.0,3415.0,10073715.0,20147430,2.0,0.9412550066755674,37726062675.0,68803473450.0,1.8237650200267024,1.8825100133511348,False
2018-05-08,204320,만도,KOSPI,2018-05-04,227000.0,45300.0,45250.0,9391424.0,46957120,5.0,0.19955947136563876,2131853248000.0,2124809680000.0,0.9966960352422908,0.9977973568281938,True
2017-09-19,204620,글로벌텍스프리,KOSDAQ,2017-09-18,2125.0,1940.0,1590.0,6000000.0,92938855,15.489809166666667,0.9129411764705883,12750000000.0,147772779450.0,11.590021917647059,14.14128460392157,False
2018-05-21,204620,글로벌텍스프리,KOSDAQ,2018-05-18,1775.0,9410.0,10000.0,96243389.0,19283377,0.20036053593249922,5.301408450704225,170832015475.0,192833770000.0,1.12879175173239,1.062193038380179,True
2019-01-28,204620,글로벌텍스프리,KOSDAQ,2019-01-25,3945.0,3845.0,4090.0,19458577.0,37176555,1.9105484948873703,0.9746514575411914,76764086265.0,152052109950.0,1.980771443368655,1.862118875245105,False
2015-09-15,204630,심엔터테인먼트,KOSDAQ,2015-09-14,2810.0,2850.0,2810.0,6815000.0,17265857,2.533507997065297,1.0142348754448398,19150150000.0,48517058170.0,2.533507997065297,2.5695721678420274,False
2016-05-27,204630,화이브라더스,KOSDAQ,2016-05-26,9050.0,9210.0,9090.0,17965857.0,26598785,1.4805185747610037,1.0176795580110498,162591005850.0,241782955650.0,1.4870623032682346,1.5066934887899277,False
2016-10-05,204840,지엘팜텍,KOSDAQ,2016-10-04,7500.0,6910.0,5490.0,4500000.0,30218713,6.7152695555555555,0.9213333333333333,33750000000.0,165900734370.0,4.915577314666667,6.187001683851852,False
2020-02-03,204840,지엘팜텍,KOSDAQ,2020-01-31,1010.0,970.0,1010.0,35784323.0,44684323,1.2487122643063555,0.9603960396039604,36142166230.0,45131166230.0,1.2487122643063555,1.1992583132447177,True
2017-09-25,204990,현성바이탈,KOSDAQ,2017-09-22,6020.0,6000.0,5670.0,21740000.0,31650123,1.455847424103036,0.9966777408637874,130874800000.0,179456197410.0,1.3712051320040222,1.451010721697378,False
2015-06-26,205100,엑셈,KOSDAQ,2015-06-25,6490.0,7040.0,6400.0,4200000.0,27662285,6.586258333333333,1.0847457627118644,27258000000.0,177038624000.0,6.494923472008217,7.14441581920904,False
2017-10-17,205470,휴마시스,KOSDAQ,2017-10-16,1905.0,1750.0,1600.0,5650000.0,26331609,4.660461769911504,0.9186351706036745,10763250000.0,42130574400.0,3.9142985994007384,4.281264093094557,False
2015-10-05,205500,액션스퀘어,KOSDAQ,2015-10-02,2780.0,2715.0,2435.0,10520000.0,122317130,11.6271036121673,0.9766187050359713,29245600000.0,297842211550.0,10.184171689074596,11.355246873033892,False
2016-05-13,205500,액션스퀘어,KOSDAQ,2016-05-12,1980.0,9650.0,9300.0,122707130.0,24541426,0.2,4.873737373737374,242960117400.0,228235261800.0,0.9393939393939394,0.9747474747474748,True
2019-12-09,205500,액션스퀘어,KOSDAQ,2019-12-06,1390.0,1390.0,1315.0,26485481.0,41332645,1.5605774726160344,1.0,36814818590.0,54352428175.0,1.4763736521511406,1.5605774726160344,False
2015-12-30,206400,엔터메이트,KOSDAQ,2015-12-29,2430.0,2575.0,2430.0,5500000.0,26195036,4.762733818181818,1.059670781893004,13365000000.0,63653937480.0,4.762733818181818,5.04692986906098,False
2018-01-08,206400,엔터메이트,KOSDAQ,2018-01-05,1735.0,1730.0,1660.0,27195036.0,32895036,1.2095970749955984,0.9971181556195965,47183387460.0,54605759760.0,1.1573090169986706,1.2061112044624698,False
2018-01-11,206400,엔터메이트,KOSDAQ,2018-01-10,1695.0,1700.0,1845.0,32895036.0,41111024,1.249763763748427,1.0029498525073746,55757086020.0,75849839280.0,1.3603623269120046,1.253450382520546,False
2019-04-16,206400,엔터메이트,KOSDAQ,2019-04-15,972.0,972.0,940.0,45435833.0,64375226,1.4168382474686885,1.0,44163629676.0,60512712440.0,1.3701933668935875,1.4168382474686885,False
2019-04-30,206400,엔터메이트,KOSDAQ,2019-04-29,971.0,975.0,967.0,64375226.0,83314615,1.2942030681181609,1.004119464469619,62508344446.0,80565232705.0,1.2888716445625763,1.2995344916737455,False
2020-08-20,206400,엔터메이트,KOSDAQ,2020-08-19,2070.0,2100.0,2205.0,83314615.0,108314615,1.300067401139644,1.0144927536231885,172461253050.0,238833726075.0,1.3848544055617946,1.3189089576778998,False
2020-10-28,206400,베노홀딩스,KOSDAQ,2020-10-27,1860.0,9000.0,8090.0,108314615.0,21662923,0.2,4.838709677419355,201465183900.0,175253047070.0,0.8698924731182796,0.967741935483871,True
2017-01-09,206560,덱스터,KOSDAQ,2017-01-06,9600.0,9490.0,9420.0,10878644.0,21690269,1.9938393976308078,0.9885416666666667,104434982400.0,204322333980.0,1.95645490892523,1.9709933211996213,False
2015-09-11,206640,바디텍메드,KOSDAQ,2015-09-10,5700.0,4300.0,3990.0,4600000.0,209880971,45.62629804347826,0.7543859649122807,26220000000.0,837425074290.0,31.938408630434783,34.41983887490465,False
2016-02-12,206640,바디텍메드,KOSDAQ,2016-02-11,4100.0,38000.0,28950.0,209880971.0,20988097,0.09999999952353947,9.268292682926829,860511981100.0,607605408150.0,0.7060975576113335,0.9268292638767072,True
2015-11-23,207760,미스터블루,KOSDAQ,2015-11-20,5190.0,5180.0,5120.0,5500000.0,22660954,4.120173454545455,0.9980732177263969,28545000000.0,116024084480.0,4.0646027143107375,4.112234777369067,False
2016-06-29,208140,정다운,KOSDAQ,2016-06-28,2590.0,2505.0,3365.0,2710000.0,18805202,6.939188929889299,0.9671814671814671,7018900000.0,63279504730.0,9.01558716180598,6.711454930259727,False
2020-11-02,208140,정다운,KOSDAQ,2020-10-30,2145.0,2135.0,2300.0,20529824.0,32529824,1.5845154834254789,0.9953379953379954,44036472480.0,74818595200.0,1.6990142712720753,1.5771284648547308,False
2020-07-20,208340,파멥신,KOSDAQ,2020-07-17,22250.0,21400.0,20950.0,6910809.0,13852988,2.0045392659527996,0.9617977528089887,153765500250.0,290220098600.0,1.8874201178297145,1.9279613614107824,False
2016-09-09,208350,지란지교시큐리티,KOSDAQ,2016-09-08,2500.0,2450.0,2130.0,5220000.0,32467795,6.219884099616858,0.98,13050000000.0,69156403350.0,5.299341252873563,6.095486417624521,False
2019-10-21,208350,지란지교시큐리티,KOSDAQ,2019-10-18,1415.0,6700.0,6820.0,38872668.0,7774533,0.1999999845649905,4.734982332155477,55004825220.0,53022315060.0,0.9639575227796715,0.946996393346598,True
2016-09-13,208370,셀바스헬스케어,KOSDAQ,2016-09-12,2285.0,2175.0,2010.0,5400000.0,63226397,11.708592037037038,0.9518599562363238,12339000000.0,127085057970.0,10.299461704352055,11.144939903963044,False
2017-02-07,208370,셀바스헬스케어,KOSDAQ,2017-02-06,1450.0,6860.0,6910.0,63226397.0,12645279,0.19999999367352847,4.731034482758621,91678275650.0,87378877890.0,0.953103418126953,0.9462068666209692,True
2020-01-06,208370,셀바스헬스케어,KOSDAQ,2020-01-03,3180.0,3180.0,3345.0,14029683.0,18103002,1.2903357830679425,1.0,44614391940.0,60554541690.0,1.3572871680384488,1.2903357830679425,False
2016-05-13,208640,썸에이지,KOSDAQ,2016-05-12,2110.0,2120.0,2080.0,16000000.0,72020529,4.5012830625,1.004739336492891,33760000000.0,149802700320.0,4.437283777251185,4.522616157582938,False
2019-07-23,208640,썸에이지,KOSDAQ,2019-07-22,760.0,760.0,767.0,76280187.0,98282387,1.2884392509420566,1.0,57972942120.0,75382590829.0,1.3003064545691545,1.2884392509420566,False
2020-01-13,208640,썸에이지,KOSDAQ,2020-01-10,713.0,720.0,735.0,98282387.0,124921731,1.2710490130851217,1.0098176718092566,70075341931.0,91817472285.0,1.3102679167146767,1.283527755149071,False
2015-12-08,208710,바이오로그디바이스,KOSDAQ,2015-12-07,1680.0,1690.0,1650.0,5100000.0,25502512,5.000492549019608,1.005952380952381,8568000000.0,42079144800.0,4.911198039215686,5.030257385620915,False
2018-11-19,208860,엔지스테크널러지,KOSDAQ,2018-11-16,7130.0,6840.0,6890.0,3127180.0,9381540,3.0,0.9593267882187938,22296793400.0,64638810600.0,2.899018232819074,2.8779803646563815,False
2017-04-28,210980,SK디앤디,KOSPI,2017-04-27,27850.0,27300.0,27600.0,10770000.0,16155000,1.5,0.9802513464991023,299944500000.0,445878000000.0,1.4865350089766607,1.4703770197486534,False
2017-01-18,212560,네오오토,KOSDAQ,2017-01-17,6870.0,6800.0,6670.0,5250000.0,7874963,1.4999929523809523,0.9898107714701602,36067500000.0,52526003210.0,1.4563250352810702,1.4847091813959936,False
2017-07-07,213420,덕산네오룩스,KOSDAQ,2017-07-06,26250.0,25500.0,25800.0,12007770.0,24010012,1.9995396314219875,0.9714285714285714,315203962500.0,619458309600.0,1.9652618091690393,1.9424099276670737,False
2016-08-18,213500,한솔제지,KOSPI,2016-08-17,22100.0,21850.0,22250.0,16536509.0,20136509,1.2177001203821194,0.9886877828054299,365456848900.0,448037325250.0,1.2259650533258895,1.2039252321425027,False
2017-12-28,214150,클래시스,KOSDAQ,2017-12-27,4315.0,4315.0,4165.0,5500000.0,60473077,10.995104909090909,1.0,23732500000.0,251870365705.0,10.612888052459708,10.995104909090909,False
2017-05-19,214180,민앤지,KOSDAQ,2017-05-18,19250.0,18500.0,18850.0,5943314.0,11886628,2.0,0.961038961038961,114408794500.0,224062937800.0,1.9584415584415584,1.922077922077922,False
2016-10-05,214270,퓨쳐스트림네트웍스,KOSDAQ,2016-10-04,2690.0,2890.0,2655.0,5350000.0,45614682,8.526108785046729,1.0743494423791822,14391500000.0,121106980710.0,8.415174284126048,9.160020218879199,False
2018-03-05,214270,퓨쳐스트림네트웍스,KOSDAQ,2018-03-02,2990.0,3045.0,3015.0,53629408.0,84002338,1.5663484109315546,1.0183946488294315,160351929920.0,253267049070.0,1.5794449695513837,1.5951608398951787,False
2016-10-05,214310,세미콘라이트,KOSDAQ,2016-10-04,10950.0,10300.0,10300.0,6155365.0,9125200,1.4824791056257427,0.9406392694063926,67401246750.0,93989560000.0,1.3944780628260411,1.394478062826041,False
2017-02-03,214310,세미콘라이트,KOSDAQ,2017-02-02,9050.0,1700.0,1675.0,9125200.0,45626000,5.0,0.1878453038674033,82583060000.0,76423550000.0,0.925414364640884,0.9392265193370165,True
2020-01-31,214310,세미콘라이트,KOSDAQ,2020-01-30,542.0,2550.0,2575.0,83729901.0,16745980,0.19999999761136705,4.704797047970479,45381606342.0,43120898500.0,0.9501844904968084,0.9409593983560626,True
2020-04-27,214310,세미콘라이트,KOSDAQ,2020-04-24,948.0,945.0,900.0,19814119.0,26632293,1.3441068462342434,0.9968354430379747,18783784812.0,23969063700.0,1.27605080338694,1.339853343556287,False
2020-12-01,214310,세미콘라이트,KOSDAQ,2020-11-30,2080.0,2150.0,2250.0,28102881.0,35631110,1.2678810403815894,1.0336538461538463,58453992480.0,80169997500.0,1.3715059331050847,1.31055011385597,False
2019-01-10,214330,금호에이치티,KOSPI,2019-01-09,6980.0,7140.0,6840.0,12129827.0,15766189,1.2997867982783267,1.0229226361031518,84666192460.0,107840732760.0,1.2737165759632885,1.3295813380669415,False
2020-08-13,214330,금호에이치티,KOSPI,2020-08-12,1945.0,1890.0,1965.0,28877149.0,86631447,3.0,0.9717223650385605,56166054805.0,170230793355.0,3.030848329048843,2.9151670951156814,False
2016-12-09,214420,토니모리,KOSPI,2016-12-08,20350.0,20050.0,21900.0,11760000.0,17640000,1.5,0.9852579852579852,239316000000.0,386316000000.0,1.6142506142506143,1.4778869778869779,False
2017-08-07,214430,아이쓰리시스템,KOSDAQ,2017-08-04,23650.0,22750.0,22850.0,3374400.0,6713760,1.9896159317211948,0.9619450317124736,79804560000.0,153409416000.0,1.9223139128891882,1.9139011605351874,False
2016-12-05,214680,디알텍,KOSDAQ,2016-12-02,2310.0,2085.0,1915.0,4433000.0,38846008,8.762916309496955,0.9025974025974026,10240230000.0,74390105320.0,7.264495555275614,7.909385500130369,False
2018-02-14,214870,에치디프로,KOSDAQ,2018-02-13,4995.0,4800.0,4860.0,7040175.0,14555408,2.067478152176615,0.960960960960961,35165674125.0,70739282880.0,2.01160036427995,1.9867657918814317,False
2019-05-17,214870,뉴지랩,KOSDAQ,2019-05-16,11700.0,11650.0,12200.0,15839103.0,19446607,1.2277593623830845,0.9957264957264957,185317505100.0,237248605400.0,1.2802277112028744,1.2225125275011055,False
2019-06-26,214870,뉴지랩,KOSDAQ,2019-06-25,8780.0,9310.0,10000.0,19446607.0,24780651,1.2742917569116299,1.060364464692483,170741209460.0,247806510000.0,1.4513573541134737,1.3512136966796442,False
2018-03-23,215090,유니맥스정보시스템,KOSDAQ,2018-03-22,2715.0,2850.0,2650.0,5500000.0,18152087,3.3003794545454546,1.0497237569060773,14932500000.0,48103030550.0,3.2213648451364474,3.464486720241085,False
2020-02-28,215090,유니맥스글로벌,KOSDAQ,2020-02-27,1285.0,1220.0,1200.0,20249101.0,26144727,1.2911549505333595,0.9494163424124513,26020094785.0,31373672400.0,1.205747813727651,1.2258436106231116,False
2017-12-19,215100,로보로보,KOSDAQ,2017-12-18,2680.0,2595.0,2485.0,2800000.0,16448454,5.874447857142857,0.9682835820895522,7504000000.0,40874408190.0,5.447016016791045,5.68813141391258,False
2018-08-29,215200,메가스터디교육,KOSDAQ,2018-08-28,143200.0,30000.0,27400.0,2324376.0,11621880,5.0,0.20949720670391062,332850643200.0,318439512000.0,0.9567039106145251,1.047486033519553,True
2017-04-28,215380,우정비에스씨,KOSDAQ,2017-04-27,2650.0,2650.0,2460.0,5500000.0,19354294,3.5189625454545457,1.0,14575000000.0,47611563240.0,3.2666595704974273,3.5189625454545457,False
2019-08-06,215380,우정바이오,KOSDAQ,2019-08-05,3150.0,7120.0,5750.0,25109711.0,5021942,0.19999999203495414,2.2603174603174603,79095589650.0,28876166500.0,0.36507935053999563,0.45206347405995984,False
2019-08-14,215380,우정바이오,KOSDAQ,2019-08-13,5600.0,5460.0,5170.0,5021942.0,9884844,1.9683309763434145,0.975,28122875200.0,51104643480.0,1.817191276374188,1.9191227019348291,False
2017-04-28,215480,토박스코리아,KOSDAQ,2017-04-27,6090.0,5950.0,5420.0,3535000.0,18126246,5.127650919377652,0.9770114942528736,21528150000.0,98244253320.0,4.563525120365661,5.009773886748281,False
2017-08-22,215480,토박스코리아,KOSDAQ,2017-08-21,2730.0,2570.0,2595.0,18126246.0,36252487,1.9999997241568939,0.9413919413919414,49484651580.0,94075203765.0,1.9010986388963882,1.8827836231074055,False
2017-05-08,215790,이노인스트루먼트,KOSDAQ,2017-05-04,2760.0,2730.0,2700.0,7000000.0,99915748,14.273678285714286,0.9891304347826086,19320000000.0,269772519600.0,13.963380931677019,14.118529608695653,False
2018-05-24,215790,이노인스트루먼트,KOSDAQ,2018-05-23,1940.0,10000.0,9760.0,100439748.0,20283149,0.20194344772748732,5.154639175257732,194853111120.0,197963534240.0,1.015962912278493,1.0409456068427183,True
2020-04-23,215790,이노인스트루먼트,KOSDAQ,2020-04-22,2305.0,2295.0,2380.0,20283149.0,40283149,1.986040185377527,0.9956616052060737,46752658445.0,95873894620.0,2.0506618833833032,1.9774239589767566,False
2017-12-04,216050,인크로스,KOSDAQ,2017-12-01,26450.0,25600.0,24450.0,3154261.0,7885652,2.4999998414842652,0.9678638941398866,83430203450.0,192804191400.0,2.3109639366461354,2.41965958192806,False
2020-07-10,216080,제테마,KOSDAQ,2020-07-09,26100.0,26700.0,25450.0,8689257.0,17378514,2.0,1.0229885057471264,226789607700.0,442283181300.0,1.950191570881226,2.045977011494253,False
2015-12-07,217190,제너셈,KOSDAQ,2015-12-04,5400.0,5160.0,5180.0,4384587.0,8769174,2.0,0.9555555555555556,23676769800.0,45424321320.0,1.9185185185185185,1.9111111111111112,False
2016-12-14,217270,넵튠,KOSDAQ,2016-12-13,1920.0,1955.0,1885.0,5124000.0,88203592,17.213815768930523,1.0182291666666667,9838080000.0,166263770920.0,16.900022252309395,17.527609285551655,False
2017-05-11,217270,넵튠,KOSDAQ,2017-05-10,1800.0,9720.0,9360.0,94742014.0,18948402,0.19999999155601653,5.4,170535625200.0,177357042720.0,1.039999956091286,1.0799999544024894,True
2018-05-18,217500,러셀,KOSDAQ,2018-05-17,3495.0,3810.0,3125.0,4750000.0,30812000,6.486736842105263,1.090128755364807,16601250000.0,96287500000.0,5.800015059106995,7.071378360063249,False
2017-04-11,217600,켐온,KOSDAQ,2017-04-10,2255.0,2035.0,1930.0,7000000.0,62154524,8.879217714285714,0.9024390243902439,15785000000.0,119958231320.0,7.599507844155844,8.01295257142857,False
2017-08-31,217620,디딤,KOSDAQ,2017-08-30,2210.0,2210.0,2110.0,7450000.0,35201905,4.725087919463087,1.0,16464500000.0,74276019550.0,4.511283036229464,4.725087919463087,False
2018-08-09,217730,강스템바이오텍,KOSDAQ,2018-08-08,10050.0,10000.0,10200.0,16594937.0,20794937,1.2530892404110965,0.9950248756218906,166779116850.0,212108357400.0,1.2717920648948442,1.2468549655831807,False
2019-10-14,217820,엔에스,KOSDAQ,2019-10-11,6160.0,6140.0,5950.0,4900000.0,9800000,2.0,0.9967532467532467,30184000000.0,58310000000.0,1.9318181818181819,1.9935064935064934,False
2017-12-28,218150,미래생명자원,KOSDAQ,2017-12-27,2995.0,3200.0,3165.0,3530000.0,17101428,4.844597167138811,1.0684474123539232,10572350000.0,54126019620.0,5.119582649079911,5.176197307126609,False
2017-09-01,218410,RFHIC,KOSDAQ,2017-08-31,1980.0,1975.0,1825.0,6830000.0,109407225,16.01862737920937,0.9974747474747475,13523400000.0,199668185625.0,14.764643922756111,15.978176299968943,False
2017-12-20,218410,RFHIC,KOSDAQ,2017-12-19,2495.0,14600.0,16200.0,110184640.0,22036928,0.2,5.851703406813627,274910676800.0,356998233600.0,1.2985971943887775,1.1703406813627255,True
2018-03-13,219420,링크제니시스,KOSDAQ,2018-03-12,12100.0,11400.0,11500.0,2136300.0,10000000,4.68099049758929,0.9421487603305785,25849230000.0,115000000000.0,4.448875266303871,4.410189394422967,False
2017-02-08,219550,한강인터트레이드,KOSDAQ,2017-02-07,2025.0,2070.0,2630.0,6350000.0,54431270,8.571853543307087,1.0222222222222221,12858750000.0,143154240100.0,11.132827071060563,8.762339177602799,False
2019-09-23,219750,지티지웰니스,KOSDAQ,2019-09-20,3860.0,3730.0,3820.0,6250067.0,12316266,1.9705814353670128,0.966321243523316,24125258620.0,47048136120.0,1.9501609023580282,1.904214703087813,False
2020-08-18,220100,퓨쳐켐,KOSDAQ,2020-08-14,8600.0,8590.0,8070.0,5812686.0,9612686,1.6537425210995398,0.9988372093023256,49989099600.0,77574376020.0,1.5518258308457311,1.6518195646796565,False
2019-02-08,220180,핸디소프트,KOSDAQ,2019-02-07,8000.0,8070.0,8290.0,8985581.0,14048871,1.5634905522525477,1.00875,71884648000.0,116465140590.0,1.6201670847717027,1.5771710945847577,False
2019-11-01,220180,핸디소프트,KOSDAQ,2019-10-31,2335.0,2335.0,2435.0,15469296.0,19400000,1.254097148312373,1.0,36120806160.0,47239000000.0,1.3078058056276782,1.254097148312373,False
2017-10-11,220260,켐트로스,KOSDAQ,2017-10-10,4885.0,3655.0,3525.0,3020000.0,23565158,7.803032450331126,0.7482088024564995,14752700000.0,83067181950.0,5.630642658631979,5.838297565191456,False
2016-10-06,220630,해마로푸드서비스,KOSDAQ,2016-10-05,2865.0,2970.0,2780.0,6750000.0,87559396,12.97176237037037,1.036649214659686,19338750000.0,243415120880.0,12.586910781720638,13.447167273996511,False
2020-04-29,221610,자안,KOSDAQ,2020-04-28,17400.0,904.0,904.0,3993673.0,19968365,5.0,0.051954022988505745,69489910200.0,18051401960.0,0.2597701149425287,0.2597701149425287,False
2020-05-12,221610,자안,KOSDAQ,2020-05-11,1110.0,1100.0,1010.0,19968365.0,28255655,1.415020959402535,0.990990990990991,22164885150.0,28538211550.0,1.287541593690595,1.402273022831341,False
2020-05-19,221610,자안,KOSDAQ,2020-05-18,790.0,553.0,553.0,28255655.0,141278275,5.0,0.7,22321967450.0,78126886075.0,3.5,3.5,False
2017-03-27,222040,뉴트리바이오텍,KOSDAQ,2017-03-24,24150.0,24050.0,23100.0,10314000.0,20628000,2.0,0.9958592132505176,249083100000.0,476506800000.0,1.9130434782608696,1.9917184265010353,False
2017-01-20,222080,씨아이에스,KOSDAQ,2017-01-19,2060.0,1860.0,1895.0,7000000.0,49174831,7.0249758571428575,0.9029126213592233,14420000000.0,93186304745.0,6.462295752080444,6.342939366158115,False
2016-07-25,222420,쎄노텍,KOSDAQ,2016-07-22,6350.0,6100.0,5500.0,3300000.0,37559657,11.381714242424243,0.9606299212598425,20955000000.0,206578113500.0,9.858177690288715,10.933615256502028,False
2015-09-22,222800,심텍,KOSDAQ,2015-09-21,10950.0,10900.0,11000.0,18071407.0,21945415,1.2143722400806976,0.9954337899543378,197881906650.0,241399565000.0,1.2199173188025274,1.208827161358868,False
2020-05-20,222800,심텍,KOSDAQ,2020-05-19,11000.0,11000.0,11750.0,22752959.0,31854143,1.400000017580131,1.0,250282549000.0,374286180250.0,1.4954545642333217,1.400000017580131,False
2016-04-12,222810,닉스테크,KOSDAQ,2016-04-11,2235.0,2250.0,2150.0,3100000.0,14339200,4.625548387096774,1.0067114093959733,6928500000.0,30829280000.0,4.449632676625532,4.656592336003465,False
2020-01-15,222810,한류AI센터,KOSDAQ,2020-01-14,1150.0,1150.0,1125.0,21986286.0,29320889,1.3335989989396118,1.0,25284228900.0,32986000125.0,1.304607716353968,1.3335989989396118,False
2020-05-07,222810,한류AI센터,KOSDAQ,2020-05-06,778.0,787.0,839.0,30213047.0,37817609,1.2516979502266024,1.0115681233933163,23505750566.0,31728973951.0,1.3498387920824158,1.2661777465659847,False
2020-05-29,222810,한류AI센터,KOSDAQ,2020-05-28,803.0,784.0,790.0,38882247.0,51669969,1.3288833075927942,0.9763387297633873,31222444341.0,40819275510.0,1.3073696301348785,1.2974402405389174,False
2020-07-31,222810,한류AI센터,KOSDAQ,2020-07-30,423.0,461.0,485.0,52126242.0,63983949,1.2274805653551621,1.0898345153664302,22049400366.0,31032215265.0,1.4073949744615926,1.3377506870655549,False
2020-11-02,222810,마이더스AI,KOSDAQ,2020-10-30,699.0,683.0,701.0,65918184.0,80041887,1.2142611058581347,0.977110157367668,46076810616.0,56109362787.0,1.2177353865615914,1.1864668602304806,True
2020-01-06,222980,한국맥널티,KOSDAQ,2020-01-03,8250.0,7700.0,7270.0,4975000.0,9950000,2.0,0.9333333333333333,41043750000.0,72336500000.0,1.7624242424242424,1.8666666666666667,False
2016-01-19,223310,이에스브이,KOSDAQ,2016-01-18,20200.0,19600.0,18950.0,5227400.0,6427400,1.2295596281134025,0.9702970297029703,105593480000.0,121799230000.0,1.1534730174628207,1.1930380550011233,True
2017-05-10,223310,이에스브이,KOSDAQ,2017-05-08,14000.0,2560.0,3165.0,7545674.0,75456740,10.0,0.18285714285714286,105639436000.0,238820582100.0,2.2607142857142857,1.8285714285714285,False
2020-03-19,223310,이에스브이,KOSDAQ,2020-03-18,191.0,220.0,196.0,131207916.0,162355455,1.2373906998111304,1.1518324607329844,25060711956.0,31821669180.0,1.2697831265077568,1.425266774651564,False
2020-06-19,223310,경남제약헬스케어,KOSDAQ,2020-06-18,166.0,0.0,166.0,162355455.0,227929224,1.403890149548717,0.0,26951005530.0,37836251184.0,1.403890149548717,0.0,False
2020-07-21,223310,경남제약헬스케어,KOSDAQ,2020-07-20,166.0,0.0,3320.0,227929224.0,11396461,0.04999999912253463,0.0,37836251184.0,37836250520.0,0.9999999824506927,0.0,False
2016-11-24,224060,코디엠,KOSDAQ,2016-11-23,33200.0,7960.0,6700.0,3793630.0,22504880,5.932281218779902,0.2397590361445783,125948516000.0,150782696000.0,1.1971772339104019,1.4223180271532536,False
2016-12-28,224060,코디엠,KOSDAQ,2016-12-27,2825.0,2430.0,2180.0,22504880.0,67514640,3.0,0.8601769911504424,63576286000.0,147181915200.0,2.3150442477876108,2.580530973451327,False
2017-11-07,224060,코디엠,KOSDAQ,2017-11-06,1085.0,1100.0,1130.0,85123026.0,120052775,1.4103443056641336,1.0138248847926268,92358483210.0,135659635750.0,1.468837848295365,1.4298421532078776,False
2017-08-22,225330,씨엠에스에듀,KOSDAQ,2017-08-21,7790.0,7520.0,7760.0,4638755.0,18555020,4.0,0.9653401797175867,36135901450.0,143986955200.0,3.9845956354300385,3.8613607188703467,False
2018-09-28,225430,케이엠제약,KOSDAQ,2018-09-27,4780.0,4185.0,4220.0,4500000.0,19887050,4.4193444444444445,0.8755230125523012,21510000000.0,83923351000.0,3.9015969781496977,3.8692377615062763,False
2020-12-23,225430,케이엠제약,KOSDAQ,2020-12-22,2880.0,2905.0,2815.0,21387050.0,27887050,1.303922233314085,1.0086805555555556,61594704000.0,78502045750.0,1.2744934329094268,1.315241002700492,False
2016-10-25,225530,보광산업,KOSDAQ,2016-10-24,14200.0,13700.0,14350.0,11490000.0,22980000,2.0,0.9647887323943662,163158000000.0,329763000000.0,2.0211267605633805,1.9295774647887325,False
2017-02-02,225530,보광산업,KOSDAQ,2017-02-01,9660.0,9310.0,9100.0,22980000.0,34470000,1.5,0.9637681159420289,221986800000.0,313677000000.0,1.4130434782608696,1.4456521739130435,False
2017-06-12,225570,넷게임즈,KOSDAQ,2017-06-09,2200.0,2230.0,2030.0,9050000.0,105781651,11.688580220994476,1.0136363636363637,19910000000.0,214736751530.0,10.785371749372175,11.847969951280765,False
2018-05-09,225570,넷게임즈,KOSDAQ,2018-05-08,3700.0,18000.0,17000.0,116800453.0,23646214,0.20244967714294737,4.864864864864865,432161676100.0,401985638000.0,0.9301741922784069,0.9848903212359602,True
2018-02-13,225590,패션플랫폼,KOSDAQ,2018-02-12,2150.0,2145.0,1940.0,5105000.0,22706300,4.447855044074437,0.9976744186046511,10975750000.0,44050222000.0,4.013413388606701,4.437511195134729,False
2016-05-17,226320,잇츠스킨,KOSPI,2016-05-16,98800.0,96500.0,95400.0,8735650.0,17471300,2.0,0.9767206477732794,863082220000.0,1666762020000.0,1.9311740890688258,1.9534412955465588,False
2017-05-22,226320,잇츠한불,KOSPI,2017-05-19,51500.0,51800.0,50900.0,17471300.0,21929315,1.2551621802613429,1.0058252427184466,899771950000.0,1116202133500.0,1.240538931559269,1.2624738046123798,False
2018-10-29,226340,본느,KOSDAQ,2018-10-26,2280.0,2150.0,1730.0,6500000.0,29097696,4.476568615384616,0.9429824561403509,14820000000.0,50339014080.0,3.3966946072874493,4.221325668016195,False
2017-12-18,226360,이엑스티,KOSDAQ,2017-12-15,1940.0,1975.0,1955.0,5315000.0,25322574,4.764360112888053,1.018041237113402,10311100000.0,49505632170.0,4.801197948812445,4.850315063378301,False
2020-07-15,226400,오스테오닉,KOSDAQ,2020-07-14,3195.0,3040.0,3045.0,8458466.0,12617051,1.4916476580978157,0.9514866979655712,27024798870.0,38418920295.0,1.4216172516143504,1.419282904731568,False
2018-07-16,226440,한송네오텍,KOSDAQ,2018-07-13,2995.0,2995.0,2185.0,4450000.0,35831149,8.051943595505618,1.0,13327750000.0,78291060565.0,5.874289401061694,8.051943595505618,False
2020-12-22,226950,올릭스,KOSDAQ,2020-12-21,54100.0,51600.0,49550.0,6771030.0,13542060,2.0,0.9537892791127541,366312723000.0,671009073000.0,1.8317929759704252,1.9075785582255083,False
2017-12-14,227610,아우딘퓨쳐스,KOSDAQ,2017-12-13,12500.0,12050.0,12200.0,5925190.0,10000000,1.6877095924350105,0.964,74064875000.0,122000000000.0,1.6472045622165703,1.62695204710735,False
2018-11-08,227950,마이크로텍,KOSDAQ,2018-11-07,1570.0,1640.0,1550.0,7550000.0,19000928,2.516679205298013,1.0445859872611465,11853500000.0,29451438400.0,2.4846195975872107,2.6288878322858227,False
2019-12-17,227950,마이크로텍,KOSDAQ,2019-12-16,1775.0,1775.0,1880.0,20200928.0,25548519,1.264720066325666,1.0,35856647200.0,48031215720.0,1.339534492784367,1.264720066325666,False
2020-04-29,227950,마이크로텍,KOSDAQ,2020-04-28,2430.0,2510.0,2440.0,28276441.0,38219604,1.3516412479208397,1.0329218106995885,68711751630.0,93255833760.0,1.3572035575830654,1.3961397252186452,False
2020-10-30,227950,엔투텍,KOSDAQ,2020-10-29,2690.0,2810.0,2730.0,39896331.0,51409709,1.2885823761588504,1.0446096654275092,107321130390.0,140348505570.0,1.3077434523842608,1.3460656048350816,False
2018-11-15,230240,에치에프알,KOSDAQ,2018-11-14,2395.0,2055.0,2050.0,8000000.0,58910104,7.363763,0.8580375782881002,19160000000.0,120765713200.0,6.303012171189979,6.318385371607516,False
2019-05-17,230240,에치에프알,KOSDAQ,2019-05-16,3160.0,18800.0,18800.0,59910104.0,11982020,0.1999999866466598,5.949367088607595,189315928640.0,225261976000.0,1.1898733382775963,1.1898733382775961,True
2018-03-16,230360,에코마케팅,KOSDAQ,2018-03-15,10450.0,10150.0,10000.0,8128571.0,16198937,1.9928394548070012,0.9712918660287081,84943566950.0,161989370000.0,1.9070234017291876,1.9356287527551255,False
2020-09-10,230360,에코마케팅,KOSDAQ,2020-09-09,30700.0,30000.0,30650.0,16198937.0,32397874,2.0,0.9771986970684039,497307365900.0,992994838100.0,1.996742671009772,1.9543973941368078,False
2016-12-05,230980,솔트웍스,KOSDAQ,2016-12-02,3795.0,3675.0,3030.0,2000000.0,8507520,4.25376,0.9683794466403162,7590000000.0,25777785600.0,3.3962826877470356,4.119253754940711,False
2017-04-05,232140,와이아이케이,KOSDAQ,2017-04-04,3100.0,3110.0,3130.0,10620000.0,60608456,5.707010922787194,1.0032258064516129,32922000000.0,189704467280.0,5.762240060749651,5.7254206354413455,False
2018-04-25,234080,JW생명과학,KOSPI,2018-04-24,58300.0,28400.0,27150.0,7917277.0,15834554,2.0,0.48713550600343053,461577249100.0,429908141100.0,0.9313893653516295,0.9742710120068611,True
2018-06-04,234100,세원,KOSDAQ,2018-06-01,22400.0,22400.0,22500.0,3633000.0,4476597,1.2322039636663915,1.0,81379200000.0,100723432500.0,1.2377048742184735,1.2322039636663915,False
2018-07-17,234100,세원,KOSDAQ,2018-07-16,19900.0,4400.0,3430.0,4476597.0,22382985,5.0,0.22110552763819097,89084280300.0,76773638550.0,0.8618090452261307,1.105527638190955,True
2020-11-27,234300,에스트래픽,KOSDAQ,2020-11-26,4675.0,4640.0,4580.0,11921180.0,17421180,1.4613637240608732,0.9925133689839573,55731516500.0,79789004400.0,1.4316675628232725,1.4504230330785994,False
2020-06-02,235980,메드팩토,KOSDAQ,2020-06-01,65400.0,61300.0,62700.0,10157421.0,20314842,2.0,0.9373088685015291,664295333400.0,1273740593400.0,1.9174311926605505,1.8746177370030581,False
2019-04-23,238090,앤디포스,KOSDAQ,2019-04-22,14450.0,5950.0,5740.0,16538148.0,41957020,2.5369841895235186,0.4117647058823529,238976238600.0,240833294800.0,1.00777088220519,1.0446405486273311,True
2020-08-10,238120,로고스바이오,KOSDAQ,2020-08-07,14100.0,13050.0,13350.0,3594724.0,7189448,2.0,0.925531914893617,50685608400.0,95979130800.0,1.8936170212765957,1.851063829787234,False
2020-07-14,238490,힘스,KOSDAQ,2020-07-13,12800.0,12300.0,12100.0,5656118.0,11312236,2.0,0.9609375,72398310400.0,136878055600.0,1.890625,1.921875,False
2019-06-10,239340,줌인터넷,KOSDAQ,2019-06-07,5200.0,4920.0,4845.0,4800000.0,23720695,4.9418114583333335,0.9461538461538461,24960000000.0,114926767275.0,4.604437791466347,4.67571391826923,False
2018-07-02,241590,화승엔터프라이즈,KOSPI,2018-06-29,11300.0,11050.0,10950.0,30268335.0,60536670,2.0,0.9778761061946902,342032185500.0,662876536500.0,1.9380530973451326,1.9557522123893805,False
2017-04-07,241690,유니테크노,KOSDAQ,2017-04-06,9380.0,9270.0,9390.0,5963760.0,11927520,2.0,0.988272921108742,55940068800.0,111999412800.0,2.002132196162047,1.976545842217484,False
2018-05-18,241710,코스메카코리아,KOSDAQ,2018-05-17,40200.0,39150.0,41400.0,5340000.0,10680000,2.0,0.9738805970149254,214668000000.0,442152000000.0,2.0597014925373136,1.9477611940298507,False
2018-12-11,242040,나무기술,KOSDAQ,2018-12-10,1550.0,1550.0,1570.0,7110000.0,27247820,3.832323488045007,1.0,11020500000.0,42779077400.0,3.88177282337462,3.832323488045007,False
2018-08-22,246720,아스타,KOSDAQ,2018-08-21,10850.0,10750.0,10700.0,9442523.0,11482523,1.2160439535069176,0.9907834101382489,102451374550.0,122862996100.0,1.1992322859469142,1.204836175133582,False
2017-03-21,250060,모비스,KOSDAQ,2017-03-20,2025.0,2060.0,2120.0,6402000.0,27432427,4.284977663230241,1.017283950617284,12964050000.0,58156745240.0,4.486001306690425,4.359039005557677,False
2019-09-11,250930,예선테크,KOSDAQ,2019-09-10,3910.0,3830.0,3770.0,5210000.0,28615909,5.4924969289827255,0.979539641943734,20371100000.0,107881976930.0,5.295834634850352,5.3801184751927975,False
2018-01-19,251370,와이엠티,KOSDAQ,2018-01-18,36750.0,36700.0,34050.0,3702600.0,7405200,2.0,0.998639455782313,136070550000.0,252147060000.0,1.853061224489796,1.997278911564626,False
2020-08-20,251370,와이엠티,KOSDAQ,2020-08-19,21550.0,20350.0,18500.0,7405200.0,14810400,2.0,0.9443155452436195,159582060000.0,273992400000.0,1.716937354988399,1.888631090487239,False
2019-06-25,251630,브이원텍,KOSDAQ,2019-06-24,12600.0,12000.0,11700.0,7525290.0,15050580,2.0,0.9523809523809523,94818654000.0,176091786000.0,1.8571428571428572,1.9047619047619047,False
2019-08-22,251970,펌텍코리아,KOSDAQ,2019-08-21,17950.0,17500.0,16850.0,1882710.0,12400000,6.586250670575925,0.9749303621169917,33794644500.0,208940000000.0,6.182636423354002,6.421135751257866,False
2017-09-19,252500,세화피앤씨,KOSDAQ,2017-09-18,2015.0,2075.0,1810.0,5315000.0,19043195,3.5829153339604893,1.0297766749379653,10709725000.0,34468182950.0,3.2184003744260474,3.6896026391900825,False
2019-01-31,253590,네오셈,KOSDAQ,2019-01-30,2065.0,2070.0,1995.0,5510000.0,33141514,6.014793829401089,1.0024213075060533,11378150000.0,66117320430.0,5.810902513150205,6.029357494847581,False
2019-11-15,254120,자비스,KOSDAQ,2019-11-14,2105.0,2170.0,2050.0,4500000.0,18397566,4.088348,1.0308788598574823,9472500000.0,37715010300.0,3.9815265558194772,4.214591524940618,False
2019-08-29,255220,SG,KOSDAQ,2019-08-28,2865.0,2745.0,2605.0,12506024.0,36008790,2.8793156002259392,0.9581151832460733,35829758760.0,93802897950.0,2.6180164532595365,2.758715993933753,False
2019-07-16,256630,포인트엔지니어링,KOSDAQ,2019-07-15,3210.0,3200.0,2900.0,7000000.0,53500000,7.642857142857143,0.9968847352024922,22470000000.0,155150000000.0,6.904761904761905,7.6190476190476195,False
2019-12-03,256840,한국비엔씨,KOSDAQ,2019-12-02,2485.0,2105.0,1830.0,6830000.0,43186937,6.3231240117130305,0.8470824949698189,16972550000.0,79032094710.0,4.656465569993902,5.356207663845445,False
2020-06-10,256940,케이피에스,KOSDAQ,2020-06-09,19150.0,17200.0,19950.0,5071196.0,15213588,3.0,0.8981723237597912,97113403400.0,303511080600.0,3.1253263707571803,2.6945169712793735,False
2020-04-06,258610,이더블유케이,KOSDAQ,2020-04-03,13050.0,13400.0,13200.0,9672944.0,11734799,1.2131569251305496,1.0268199233716475,126231919200.0,154899346800.0,1.2271012576033147,1.2456937009003344,False
2020-10-05,258610,이더블유케이,KOSDAQ,2020-09-29,10150.0,10100.0,10500.0,11734799.0,14474525,1.2334702111216391,0.9950738916256158,119108209850.0,151982512500.0,1.2760036666775578,1.2273940031850794,False
2019-12-30,258790,소프트캠프,KOSDAQ,2019-12-27,1885.0,1885.0,1700.0,3210000.0,21659750,6.747585669781931,1.0,6050850000.0,36821575000.0,6.085355776461158,6.747585669781931,False
2020-10-19,259630,엠플러스,KOSDAQ,2020-10-16,15100.0,14000.0,13550.0,5436085.0,10800173,1.9867557258578554,0.9271523178807947,82084883500.0,146342344150.0,1.7828172241969498,1.8420251762920512,False
2020-07-03,261200,덴티스,KOSDAQ,2020-07-02,2550.0,2040.0,2120.0,4260000.0,72770773,17.082341079812206,0.8,10863000000.0,154274038760.0,14.201789446745835,13.665872863849765,False
2020-08-07,263050,유틸렉스,KOSDAQ,2020-08-06,38350.0,37250.0,37000.0,7460234.0,14920468,2.0,0.9713168187744459,286099973900.0,552057316000.0,1.9295958279009127,1.9426336375488917,False
2020-07-13,263540,샘코,KOSDAQ,2020-07-10,2015.0,0.0,2015.0,8164945.0,10612945,1.2998183086352695,0.0,16452364175.0,21385084175.0,1.2998183086352695,0.0,False
2020-10-08,263540,샘코,KOSDAQ,2020-10-07,2015.0,0.0,2015.0,10612945.0,13794945,1.2998225280541829,0.0,21385084175.0,27796814175.0,1.2998225280541829,0.0,False
2020-11-11,263540,샘코,KOSDAQ,2020-11-10,2015.0,0.0,2015.0,13794945.0,17914945,1.2986601251400423,0.0,27796814175.0,36098614175.0,1.2986601251400423,0.0,False
2019-08-12,263600,덕우전자,KOSDAQ,2019-08-09,4410.0,4260.0,4350.0,7965155.0,15930310,2.0,0.9659863945578231,35126333550.0,69296848500.0,1.9727891156462585,1.9319727891156462,False
2020-08-06,263700,케어랩스,KOSDAQ,2020-08-05,10050.0,9820.0,9780.0,8406923.0,16618280,1.976737505505879,0.9771144278606965,84489576150.0,162526778400.0,1.9236311247609448,1.931498736723157,False
2017-12-20,263720,디앤씨미디어,KOSDAQ,2017-12-19,7600.0,7300.0,7090.0,4034223.0,12041343,2.9847985597226527,0.9605263157894737,30660094800.0,85373121870.0,2.784502866899159,2.866977563944127,False
2018-03-23,263770,유에스티,KOSDAQ,2018-03-22,6300.0,7190.0,5250.0,2605000.0,22805172,8.754384644913628,1.1412698412698412,16411500000.0,119727153000.0,7.295320537428023,9.991115174115711,False
2018-12-04,263810,상신전자,KOSDAQ,2018-12-03,7260.0,6990.0,6950.0,4058668.0,8117336,2.0,0.9628099173553719,29465929680.0,56415485200.0,1.9146005509641872,1.9256198347107438,False
2019-11-13,263810,상신전자,KOSDAQ,2019-11-12,3405.0,3350.0,3300.0,9497283.0,14244718,1.499872963667609,0.9838472834067548,32338248615.0,47007569400.0,1.453621374479621,1.4756459407596152,False
2018-07-24,263860,지니언스,KOSDAQ,2018-07-23,6110.0,5940.0,6050.0,4854900.0,9444600,1.9453747759995057,0.972176759410802,29663439000.0,57139830000.0,1.9262712593775793,1.8912481455707142,False
2019-01-24,263920,에스엔피월드,KOSDAQ,2019-01-23,19600.0,19450.0,19650.0,7876580.0,9451896,1.2,0.9923469387755102,154380968000.0,185729756400.0,1.203061224489796,1.1908163265306122,True
2020-01-29,263920,블러썸엠앤씨,KOSDAQ,2020-01-28,6610.0,6740.0,6510.0,9451896.0,11969518,1.2663615850195558,1.0196671709531013,62477032560.0,77921562180.0,1.2472033159572329,1.2912673348005757,False
2020-12-28,264450,유비쿼스,KOSDAQ,2020-12-24,25300.0,23800.0,24150.0,5123955.0,10245706,1.9995698635136334,0.9407114624505929,129636061500.0,247433799900.0,1.9086803242630137,1.8810182905780426,False
2019-01-31,264660,씨앤지하이테크,KOSDAQ,2019-01-30,6070.0,5790.0,5850.0,4202740.0,8405480,2.0,0.9538714991762768,25510631800.0,49172058000.0,1.9275123558484348,1.9077429983525536,False
2019-12-20,264850,이랜시스,KOSDAQ,2019-12-19,2005.0,2065.0,2005.0,4315000.0,27051812,6.269249594438007,1.0299251870324189,8651575000.0,54238883060.0,6.269249594438007,6.45685806110448,False
2017-08-14,267250,현대로보틱스,KOSPI,2017-08-11,477500.0,476000.0,480000.0,12040421.0,16286617,1.3526617549336521,0.9968586387434555,5749301027500.0,7817576160000.0,1.3597437536505823,1.348412555703494,False
2017-11-28,267260,현대일렉트릭,KOSPI,2017-11-27,117000.0,115500.0,115000.0,3710107.0,5130107,1.3827382876019478,0.9871794871794872,434082519000.0,589962305000.0,1.3591017356771282,1.3650108736583333,False
2017-12-11,267260,현대일렉트릭,KOSPI,2017-12-08,116500.0,115000.0,112500.0,5130107.0,10205783,1.9893898899184754,0.9871244635193133,597657465500.0,1148150587500.0,1.9210846576465963,1.9637754278165207,False
2018-12-18,267260,현대일렉트릭,KOSPI,2018-12-17,25000.0,23900.0,23650.0,10205783.0,20357135,1.9946666512505704,0.956,255144575000.0,481446242750.0,1.8869546520830396,1.9069013185955452,False
2019-12-30,267260,현대일렉트릭,KOSPI,2019-12-27,10850.0,10650.0,11550.0,20357135.0,36047135,1.7707371395827556,0.9815668202764977,220874914750.0,416344409250.0,1.8849782453622883,1.7380968236457461,False
2017-11-23,267270,현대건설기계,KOSPI,2017-11-22,169000.0,170000.0,166500.0,3584046.0,4964046,1.3850397009413384,1.0059171597633136,605703774000.0,826513659000.0,1.3645509479688334,1.3932352021303405,False
2017-12-06,267270,현대건설기계,KOSPI,2017-12-05,190000.0,186000.0,186500.0,4964046.0,9876295,1.989565568087,0.9789473684210527,943168740000.0,1841929017500.0,1.9529156760432922,1.9476799771799054,False
2018-12-18,267270,현대건설기계,KOSPI,2018-12-17,45400.0,43100.0,42700.0,9876295.0,19700793,1.994755421947198,0.9493392070484582,448383793000.0,841223861100.0,1.876124592888664,1.8936995305269655,False
2017-11-03,267290,경동도시가스,KOSPI,2017-11-02,34800.0,34400.0,34150.0,3145536.0,4717063,1.499605472644408,0.9885057471264368,109464652800.0,161087701450.0,1.4715956003105324,1.4823686281312538,False
2019-12-26,267290,경동도시가스,KOSPI,2019-12-24,21250.0,21100.0,21550.0,4717063.0,5895406,1.249804380395174,0.9929411764705882,100237588750.0,127045999300.0,1.2674486775301645,1.2409822318276786,False
2020-04-22,267320,나인테크,KOSDAQ,2020-04-21,1910.0,1750.0,1575.0,4020000.0,34602271,8.607530099502487,0.9162303664921466,7678200000.0,54498576825.0,7.097832411893412,7.886480457659347,False
2020-11-25,269620,시스웍,KOSDAQ,2020-11-24,3345.0,2825.0,2940.0,25105067.0,74356685,2.9618198190827374,0.8445440956651719,83976449115.0,218608653900.0,2.603213832018908,2.5013874406304133,False
2020-03-09,270520,지엔원에너지,KOSDAQ,2020-03-06,2120.0,2115.0,1625.0,4602000.0,29384815,6.3852270751847024,0.9976415094339622,9756240000.0,47750324375.0,4.89433679112035,6.37016757736587,False
2018-04-30,271980,제일약품,KOSPI,2018-04-27,42500.0,41250.0,40300.0,10504493.0,14704872,1.3998649911042826,0.9705882352941176,446440952500.0,592606341600.0,1.3274013915647669,1.3586924913659213,False
2020-11-16,272450,진에어,KOSPI,2020-11-13,10100.0,10000.0,11450.0,30000000.0,45000000,1.5,0.9900990099009901,303000000000.0,515250000000.0,1.7004950495049505,1.4851485148514851,False
2020-08-05,273060,와이즈버즈,KOSDAQ,2020-08-04,2085.0,2085.0,1970.0,7510000.0,47239312,6.290188015978695,1.0,15658350000.0,93061444640.0,5.9432471901573285,6.290188015978695,False
2018-09-11,277410,인산가,KOSDAQ,2018-09-10,3600.0,3150.0,2915.0,2210000.0,22177049,10.034863800904978,0.875,7956000000.0,64646097835.0,8.125452216566114,8.780505825791856,False
2019-01-04,280360,롯데제과,KOSPI,2019-01-03,156500.0,154500.0,162500.0,4209102.0,6416717,1.5244859829958979,0.987220447284345,658724463000.0,1042716512500.0,1.5829327299478173,1.5050037340119247,False
2020-03-23,281740,레이크머티리얼즈,KOSDAQ,2020-03-20,1100.0,1020.0,920.0,4840000.0,64970548,13.42366694214876,0.9272727272727272,5324000000.0,59772904160.0,11.227066897069871,12.44740025544703,False
2020-06-08,284620,카이노스메드,KOSDAQ,2020-06-05,4750.0,3990.0,4015.0,5401000.0,102458042,18.970198481762637,0.84,25654750000.0,411369038630.0,16.034809874584628,15.934966724680613,False
2019-05-07,284740,쿠쿠홈시스,KOSPI,2019-05-03,214500.0,42800.0,43700.0,4487466.0,22437330,5.0,0.19953379953379954,962561457000.0,980511321000.0,1.0186480186480187,0.9976689976689977,True
2020-10-15,288330,브릿지바이오테라퓨틱스,KOSDAQ,2020-10-14,14700.0,13900.0,13200.0,6387058.0,19161174,3.0,0.9455782312925171,93889752600.0,252927496800.0,2.693877551020408,2.8367346938775513,False
2019-06-17,289080,SV인베스트먼트,KOSDAQ,2019-06-14,2330.0,2270.0,2300.0,26617000.0,53234000,2.0,0.9742489270386266,62017610000.0,122438200000.0,1.9742489270386265,1.9484978540772533,False
2019-07-31,290270,휴네시온,KOSDAQ,2019-07-30,6900.0,6500.0,6400.0,4803836.0,9607672,2.0,0.9420289855072463,33146468400.0,61489100800.0,1.855072463768116,1.8840579710144927,False
2020-11-20,290510,코리아센터,KOSDAQ,2020-11-19,11550.0,9870.0,9250.0,24460010.0,72999812,2.984455525570104,0.8545454545454545,282513115500.0,675248261000.0,2.390148364634066,2.5503529036689976,False
2020-11-03,290650,엘앤씨바이오,KOSDAQ,2020-11-02,42900.0,42050.0,42600.0,7292336.0,21877008,3.0,0.9801864801864801,312841214400.0,931960540800.0,2.979020979020979,2.9405594405594404,False
2020-11-27,290660,네오펙트,KOSDAQ,2020-11-26,3570.0,3570.0,3615.0,12406280.0,18906280,1.5239282041030833,1.0,44290419600.0,68346202200.0,1.5431373831463995,1.5239282041030833,False
2019-11-26,290670,대보마그네틱,KOSDAQ,2019-11-25,22250.0,21850.0,22100.0,3232600.0,6453276,1.9963113283425107,0.9820224719101124,71925350000.0,142617399600.0,1.9828530497244712,1.9604225853610724,False
2019-06-25,290740,액트로,KOSDAQ,2019-06-24,11500.0,11250.0,11000.0,5083634.0,10014011,1.9698528650961105,0.9782608695652174,58461791000.0,110154121000.0,1.8842070883528013,1.9270299767244559,False
2019-02-15,293940,신한알파리츠,KOSPI,2019-02-14,5660.0,5620.0,5620.0,38106123.0,47630123,1.2499335867886638,0.9929328621908127,215680656180.0,267681291260.0,1.2411001338784966,1.2411001338784966,False
2020-03-26,294870,HDC현대산업개발,KOSPI,2020-03-25,15350.0,15350.0,15350.0,43938220.0,65907330,1.5,1.0,674451677000.0,1011677515500.0,1.5,1.5,False
2019-10-01,297570,알로이스,KOSDAQ,2019-09-30,2970.0,3100.0,2960.0,2760000.0,16289414,5.9019615942028985,1.0437710437710437,8197200000.0,48216665440.0,5.8820896696432925,6.160296613477772,False
2020-12-30,298690,에어부산,KOSPI,2020-12-29,3240.0,3245.0,3275.0,52070000.0,82070000,1.5761474937584021,1.001543209876543,168706800000.0,268779250000.0,1.5931737784131996,1.5785798201376589,False
2020-12-01,299170,더블유에스아이,KOSDAQ,2020-11-30,4800.0,4825.0,4990.0,4330000.0,28357963,6.549183140877598,1.0052083333333333,20784000000.0,141506235370.0,6.808421640204003,6.583293469736335,False
2020-01-23,299900,위지윅스튜디오,KOSDAQ,2020-01-22,5810.0,5430.0,5410.0,9213507.0,28715859,3.116713212460793,0.9345955249569707,53530475670.0,155352797190.0,2.9021374319127173,2.9128662209401215,False
2020-08-14,300720,한일시멘트,KOSPI,2020-08-13,90200.0,90200.0,90000.0,4144970.0,6926154,1.6709780770427771,1.0,373876294000.0,623353860000.0,1.667273025874168,1.6709780770427771,False
2020-01-21,302430,이노메트리,KOSDAQ,2020-01-20,17100.0,16600.0,16600.0,4825108.0,9650216,2.0,0.9707602339181286,82509346800.0,160193585600.0,1.9415204678362572,1.9415204678362572,False
2019-07-26,303030,지니틱스,KOSDAQ,2019-07-25,4970.0,3900.0,3480.0,4110000.0,33873125,8.241636253041362,0.7847082494969819,20426700000.0,117878475000.0,5.770803654041035,6.467279957114952,False
2020-07-24,305090,마이크로디지탈,KOSDAQ,2020-07-23,15050.0,14550.0,14350.0,3630800.0,7261600,2.0,0.9667774086378738,54643540000.0,104203960000.0,1.9069767441860466,1.9335548172757475,False
2020-07-20,306040,에스제이그룹,KOSDAQ,2020-07-17,20150.0,19150.0,19250.0,3294600.0,9865828,2.99454501305166,0.9503722084367245,66386190000.0,189917189000.0,2.8607936228905437,2.8459323573170865,False
2020-02-11,306620,네온테크,KOSDAQ,2020-02-10,2455.0,2455.0,2285.0,4840000.0,33933252,7.011002479338843,1.0,11882200000.0,77537480820.0,6.52551554594267,7.011002479338843,False
2019-12-27,307180,아이엘사이언스,KOSDAQ,2019-12-26,2125.0,2195.0,1970.0,4355000.0,19602273,4.50109598163031,1.0329411764705883,9254375000.0,38616477810.0,4.172780745323158,4.64936737867225,False
2020-12-30,307750,국전약품,KOSDAQ,2020-12-29,10400.0,11750.0,9950.0,5010000.0,38538019,7.692219361277445,1.1298076923076923,52104000000.0,383453289050.0,7.359382946606787,8.69072860528942,False
2020-12-24,309930,오하임아이엔티,KOSDAQ,2020-12-23,2660.0,2750.0,2440.0,4590000.0,19747691,4.302329193899782,1.0338345864661653,12209400000.0,48184366040.0,3.946497456058447,4.447896723016691,False
2020-02-07,310200,애니플러스,KOSDAQ,2020-02-06,2050.0,2050.0,1970.0,3050000.0,22363037,7.332143278688525,1.0,6252500000.0,44055182890.0,7.0460108580567775,7.332143278688525,False
2020-03-04,310200,애니플러스,KOSDAQ,2020-03-03,1790.0,1790.0,1780.0,22363037.0,27207439,1.2166254073630518,1.0,40029836230.0,48429241420.0,1.2098286173777835,1.2166254073630518,False
2020-12-30,317240,TS트릴리온,KOSDAQ,2020-12-29,2920.0,3095.0,2825.0,4400000.0,50454511,11.466934318181819,1.0599315068493151,12848000000.0,142533993575.0,11.093866249610834,12.154164970812579,False
2020-08-06,320000,윈텍,KOSDAQ,2020-08-05,3465.0,3550.0,3460.0,3401000.0,17900148,5.263201411349603,1.0245310245310246,11784465000.0,61934512080.0,5.255606604118219,5.392313134283143,False
2020-12-28,322780,코퍼스코리아,KOSDAQ,2020-12-24,2740.0,2740.0,2400.0,4550000.0,34305674,7.539708571428571,1.0,12467000000.0,82333617600.0,6.604124296141815,7.539708571428571,False
2020-12-30,323230,엠에프엠코리아,KOSDAQ,2020-12-29,2430.0,2455.0,2265.0,4310000.0,17851079,4.141781670533643,1.0102880658436213,10473300000.0,40432693935.0,3.860549581793704,4.184392593069997,False
2020-11-26,335890,비올,KOSDAQ,2020-11-25,2805.0,2790.0,2850.0,4790000.0,54740000,11.427974947807932,0.9946524064171123,13435950000.0,156009000000.0,11.611311444296831,11.366862782311633,False
2020-10-13,339950,아이비김영,KOSDAQ,2020-10-12,1890.0,1890.0,1790.0,6540000.0,41634755,6.366170489296636,1.0,12360600000.0,74526211450.0,6.029336071873534,6.366170489296636,False
2020-12-18,344820,케이씨씨글라스,KOSPI,2020-12-17,40700.0,40200.0,41100.0,8350210.0,15970512,1.9125880666474255,0.9877149877149877,339853547000.0,656388043200.0,1.9313850009633708,1.8890918987524938,False
2020-12-03,353810,이지바이오,KOSDAQ,2020-12-02,34200.0,31400.0,31350.0,2286728.0,6838344,2.9904492357639385,0.9181286549707602,78206097600.0,214382084400.0,2.7412451327836105,2.7456171345902827,False
2015-05-15,900080,에스앤씨엔진그룹,KOSDAQ,2015-05-14,1745.0,1695.0,1685.0,42755892.0,85511784,2.0,0.9713467048710601,74609031540.0,144087356040.0,1.9312320916905443,1.9426934097421202,False
2017-08-30,900090,차이나하오란,KOSDAQ,2017-08-29,721.0,714.0,729.0,54000000.0,94000000,1.7407407407407407,0.9902912621359223,38934000000.0,68526000000.0,1.7600554785020806,1.7238403451995685,False
2017-07-05,900100,뉴프라이드,KOSDAQ,2017-07-04,1860.0,1855.0,1895.0,50135031.0,61635031,1.2293805303521204,0.9973118279569892,93251157660.0,116798383745.0,1.2525140349555206,1.2260757439802061,False
2016-05-31,900110,이스트아시아홀딩스,KOSDAQ,2016-05-30,1125.0,1115.0,1135.0,61460569.0,76136922,1.238792989371771,0.9911111111111112,69143140125.0,86415406470.0,1.2498044826106312,1.227781496132911,False
2020-10-22,900140,엘브이엠씨홀딩스,KOSPI,2020-10-21,3270.0,3150.0,3340.0,51120439.0,84348589,1.6499973523310314,0.963302752293578,167163835530.0,281724287260.0,1.6853183965705336,1.589446990777599,False
2019-08-08,900260,로스웰,KOSDAQ,2019-08-07,621.0,628.0,684.0,90781250.0,141781250,1.5617900172117039,1.0112721417069244,56375156250.0,96978375000.0,1.7202324827259348,1.579394735602174,False
2018-02-20,900280,골든센츄리,KOSDAQ,2018-02-19,1260.0,1265.0,1260.0,29800000.0,93400000,3.134228187919463,1.003968253968254,37548000000.0,117684000000.0,3.134228187919463,3.146665601363588,False
2019-12-04,900280,골든센츄리,KOSDAQ,2019-12-03,382.0,375.0,376.0,93400000.0,158780000,1.7,0.981675392670157,35678800000.0,59701280000.0,1.6732984293193718,1.6688481675392668,False
2019-09-09,950130,엑세스바이오,KOSDAQ,2019-09-06,2060.0,2080.0,2065.0,27064930.0,33577659,1.2406335061646196,1.0097087378640777,55753755800.0,69337865835.0,1.2436447525388057,1.2526784916613636,False
