corp_code,company_name,business_year,fiscal_quarter,report_code,annual_reference_basis,statement_basis,basis_matches_annual_reference,basis_comparable_to_immediate_predecessor,statement_fetch_status,operating_profit_cumulative,operating_profit_q,net_income_cumulative,net_income_q,equity_q_end,cfo_cumulative,cfo_q,capex_ppe_cumulative,capex_ppe_q_spend,capex_intangible_cumulative,capex_intangible_q_spend,capex_q_spend,fcf_q,op_pure_method,ni_pure_method,cfo_pure_method,capex_ppe_pure_method,capex_intangible_pure_method,metric_selection_json,signal_date_status,seed_source,modern_oos_protected
00100601,강원에너지,2020,Q1,11013,,CFS,False,True,ok,-2074757019.0,-2074757019.0,-1550023773.0,-1550023773.0,28912695767.0,481321360.0,481321360.0,360738193.0,360738193.0,120000000.0,120000000.0,480738193.0,583167.0,direct_q1,direct_q1,direct_q1,direct_q1,direct_q1,"{""operating_profit"": {""cumulative"": -2074757019.0, ""selection_rule"": ""standard_id"", ""amount_method"": ""q1_thstrm_amount"", ""account_id"": ""dart_OperatingIncomeLoss"", ""account_nm"": ""영업이익(손실)"", ""sj_div"": ""CIS""}, ""net_income"": {""cumulative"": -1550023773.0, ""selection_rule"": ""exact_label_fallback"", ""amount_method"": ""q1_thstrm_amount"", ""account_id"": ""ifrs-full_ProfitLoss"", ""account_nm"": ""당기순이익(손실)"", ""sj_div"": ""CIS""}, ""equity"": {""cumulative"": 28912695767.0, ""selection_rule"": ""exact_label_fallback"", ""amount_method"": ""instant_thstrm_amount"", ""account_id"": ""ifrs-full_Equity"", ""account_nm"": ""자본총계"", ""sj_div"": ""BS""}, ""cfo"": {""cumulative"": 481321360.0, ""selection_rule"": ""exact_label_fallback"", ""amount_method"": ""q1_thstrm_amount"", ""account_id"": ""ifrs-full_CashFlowsFromUsedInOperatingActivities"", ""account_nm"": ""영업활동현금흐름"", ""sj_div"": ""CF""}, ""capex_ppe"": {""cumulative"": 360738193.0, ""selection_rule"": ""exact_label_sum_normalized"", ""row_count"": 1, ""rows"": [{""account_id"": ""ifrs-full_PurchaseOfPropertyPlantAndEquipmentClassifiedAsInvestingActivities"", ""account_nm"": ""유형자산의 취득"", ""raw_cumulative"": 360738193.0, ""normalized_cumulative_spend"": 360738193.0, ""method"": ""q1_thstrm_amount""}]}, ""capex_intangible"": {""cumulative"": 120000000.0, ""selection_rule"": ""exact_label_sum_normalized"", ""row_count"": 1, ""rows"": [{""account_id"": ""ifrs-full_PurchaseOfIntangibleAssetsClassifiedAsInvestingActivities"", ""account_nm"": ""무형자산의 취득"", ""raw_cumulative"": 120000000.0, ""normalized_cumulative_spend"": 120000000.0, ""method"": ""q1_thstrm_amount""}]}}",NOT_ASSIGNED_ACCOUNTING_STAGE,korea_dart_historical_seed_2015_2020.csv,True
00100601,강원에너지,2020,Q2,11012,,CFS,False,True,ok,-3882989263.0,-1808232244.0,-6291837506.0,-4741813733.0,24170882034.0,-721833765.0,-1203155125.0,372381843.0,11643650.0,35450000.0,,,,cumulative_difference,cumulative_difference,cumulative_difference,cumulative_difference,negative_normalized_capex_delta_missing,"{""operating_profit"": {""cumulative"": -3882989263.0, ""selection_rule"": ""standard_id"", ""amount_method"": ""cumulative_thstrm_add_amount"", ""account_id"": ""dart_OperatingIncomeLoss"", ""account_nm"": ""영업이익(손실)"", ""sj_div"": ""CIS""}, ""net_income"": {""cumulative"": -6291837506.0, ""selection_rule"": ""exact_label_fallback"", ""amount_method"": ""cumulative_thstrm_add_amount"", ""account_id"": ""ifrs-full_ProfitLoss"", ""account_nm"": ""당기순이익(손실)"", ""sj_div"": ""CIS""}, ""equity"": {""cumulative"": 24170882034.0, ""selection_rule"": ""exact_label_fallback"", ""amount_method"": ""instant_thstrm_amount"", ""account_id"": ""ifrs-full_Equity"", ""account_nm"": ""자본총계"", ""sj_div"": ""BS""}, ""cfo"": {""cumulative"": -721833765.0, ""selection_rule"": ""exact_label_fallback"", ""amount_method"": ""cumulative_cf_thstrm_amount"", ""account_id"": ""ifrs-full_CashFlowsFromUsedInOperatingActivities"", ""account_nm"": ""영업활동현금흐름"", ""sj_div"": ""CF""}, ""capex_ppe"": {""cumulative"": 372381843.0, ""selection_rule"": ""exact_label_sum_normalized"", ""row_count"": 1, ""rows"": [{""account_id"": ""ifrs-full_PurchaseOfPropertyPlantAndEquipmentClassifiedAsInvestingActivities"", ""account_nm"": ""유형자산의 취득"", ""raw_cumulative"": 372381843.0, ""normalized_cumulative_spend"": 372381843.0, ""method"": ""cumulative_cf_thstrm_amount""}]}, ""capex_intangible"": {""cumulative"": 35450000.0, ""selection_rule"": ""exact_label_sum_normalized"", ""row_count"": 1, ""rows"": [{""account_id"": ""ifrs-full_PurchaseOfIntangibleAssetsClassifiedAsInvestingActivities"", ""account_nm"": ""무형자산의 취득"", ""raw_cumulative"": 35450000.0, ""normalized_cumulative_spend"": 35450000.0, ""method"": ""cumulative_cf_thstrm_amount""}]}}",NOT_ASSIGNED_ACCOUNTING_STAGE,korea_dart_historical_seed_2015_2020.csv,True
00100601,강원에너지,2020,Q3,11014,,CFS,False,True,ok,-4463292784.0,-580303521.0,-6231805855.0,60031651.0,24230913685.0,4215586846.0,4937420611.0,373956953.0,1575110.0,35450000.0,0.0,1575110.0,4935845501.0,cumulative_difference,cumulative_difference,cumulative_difference,cumulative_difference,cumulative_difference,"{""operating_profit"": {""cumulative"": -4463292784.0, ""selection_rule"": ""standard_id"", ""amount_method"": ""cumulative_thstrm_add_amount"", ""account_id"": ""dart_OperatingIncomeLoss"", ""account_nm"": ""영업이익(손실)"", ""sj_div"": ""CIS""}, ""net_income"": {""cumulative"": -6231805855.0, ""selection_rule"": ""exact_label_fallback"", ""amount_method"": ""cumulative_thstrm_add_amount"", ""account_id"": ""ifrs-full_ProfitLoss"", ""account_nm"": ""당기순이익(손실)"", ""sj_div"": ""CIS""}, ""equity"": {""cumulative"": 24230913685.0, ""selection_rule"": ""exact_label_fallback"", ""amount_method"": ""instant_thstrm_amount"", ""account_id"": ""ifrs-full_Equity"", ""account_nm"": ""자본총계"", ""sj_div"": ""BS""}, ""cfo"": {""cumulative"": 4215586846.0, ""selection_rule"": ""exact_label_fallback"", ""amount_method"": ""cumulative_cf_thstrm_amount"", ""account_id"": ""ifrs-full_CashFlowsFromUsedInOperatingActivities"", ""account_nm"": ""영업활동현금흐름"", ""sj_div"": ""CF""}, ""capex_ppe"": {""cumulative"": 373956953.0, ""selection_rule"": ""exact_label_sum_normalized"", ""row_count"": 1, ""rows"": [{""account_id"": ""ifrs-full_PurchaseOfPropertyPlantAndEquipmentClassifiedAsInvestingActivities"", ""account_nm"": ""유형자산의 취득"", ""raw_cumulative"": 373956953.0, ""normalized_cumulative_spend"": 373956953.0, ""method"": ""cumulative_cf_thstrm_amount""}]}, ""capex_intangible"": {""cumulative"": 35450000.0, ""selection_rule"": ""exact_label_sum_normalized"", ""row_count"": 1, ""rows"": [{""account_id"": ""ifrs-full_PurchaseOfIntangibleAssetsClassifiedAsInvestingActivities"", ""account_nm"": ""무형자산의 취득"", ""raw_cumulative"": 35450000.0, ""normalized_cumulative_spend"": 35450000.0, ""method"": ""cumulative_cf_thstrm_amount""}]}}",NOT_ASSIGNED_ACCOUNTING_STAGE,korea_dart_historical_seed_2015_2020.csv,True
00100601,강원에너지,2020,Q4,11011,,CFS,False,True,ok,-9226307671.0,-4763014887.0,-12874762618.0,-6642956763.0,17096337908.0,-4483215389.0,-8698802235.0,388074953.0,14118000.0,147688000.0,112238000.0,126356000.0,-8825158235.0,cumulative_difference,cumulative_difference,cumulative_difference,cumulative_difference,cumulative_difference,"{""operating_profit"": {""cumulative"": -9226307671.0, ""selection_rule"": ""standard_id"", ""amount_method"": ""fy_thstrm_amount"", ""account_id"": ""dart_OperatingIncomeLoss"", ""account_nm"": ""영업이익(손실)"", ""sj_div"": ""CIS""}, ""net_income"": {""cumulative"": -12874762618.0, ""selection_rule"": ""exact_label_fallback"", ""amount_method"": ""fy_thstrm_amount"", ""account_id"": ""ifrs-full_ProfitLoss"", ""account_nm"": ""당기순이익(손실)"", ""sj_div"": ""CIS""}, ""equity"": {""cumulative"": 17096337908.0, ""selection_rule"": ""exact_label_fallback"", ""amount_method"": ""instant_thstrm_amount"", ""account_id"": ""ifrs-full_Equity"", ""account_nm"": ""자본총계"", ""sj_div"": ""BS""}, ""cfo"": {""cumulative"": -4483215389.0, ""selection_rule"": ""exact_label_fallback"", ""amount_method"": ""fy_thstrm_amount"", ""account_id"": ""ifrs-full_CashFlowsFromUsedInOperatingActivities"", ""account_nm"": ""영업활동현금흐름"", ""sj_div"": ""CF""}, ""capex_ppe"": {""cumulative"": 388074953.0, ""selection_rule"": ""exact_label_sum_normalized"", ""row_count"": 1, ""rows"": [{""account_id"": ""ifrs-full_PurchaseOfPropertyPlantAndEquipmentClassifiedAsInvestingActivities"", ""account_nm"": ""유형자산의 취득"", ""raw_cumulative"": 388074953.0, ""normalized_cumulative_spend"": 388074953.0, ""method"": ""fy_thstrm_amount""}]}, ""capex_intangible"": {""cumulative"": 147688000.0, ""selection_rule"": ""exact_label_sum_normalized"", ""row_count"": 1, ""rows"": [{""account_id"": ""ifrs-full_PurchaseOfIntangibleAssetsClassifiedAsInvestingActivities"", ""account_nm"": ""무형자산의 취득"", ""raw_cumulative"": 147688000.0, ""normalized_cumulative_spend"": 147688000.0, ""method"": ""fy_thstrm_amount""}]}}",NOT_ASSIGNED_ACCOUNTING_STAGE,korea_dart_historical_seed_2015_2020.csv,True
00100939,강남제비스코,2020,Q1,11013,,CFS,False,True,ok,-1292148289.0,-1292148289.0,2369068561.0,2369068561.0,559457014894.0,-2942243497.0,-2942243497.0,4214177839.0,4214177839.0,5328016.0,5328016.0,4219505855.0,-7161749352.0,direct_q1,direct_q1,direct_q1,direct_q1,direct_q1,"{""operating_profit"": {""cumulative"": -1292148289.0, ""selection_rule"": ""standard_id"", ""amount_method"": ""q1_thstrm_amount"", ""account_id"": ""dart_OperatingIncomeLoss"", ""account_nm"": ""영업이익(손실)"", ""sj_div"": ""CIS""}, ""net_income"": {""cumulative"": 2369068561.0, ""selection_rule"": ""exact_label_fallback"", ""amount_method"": ""q1_thstrm_amount"", ""account_id"": ""ifrs-full_ProfitLoss"", ""account_nm"": ""당기순이익(손실)"", ""sj_div"": ""CIS""}, ""equity"": {""cumulative"": 559457014894.0, ""selection_rule"": ""exact_label_fallback"", ""amount_method"": ""instant_thstrm_amount"", ""account_id"": ""ifrs-full_Equity"", ""account_nm"": ""자본총계"", ""sj_div"": ""BS""}, ""cfo"": {""cumulative"": -2942243497.0, ""selection_rule"": ""exact_label_fallback"", ""amount_method"": ""q1_thstrm_amount"", ""account_id"": ""ifrs-full_CashFlowsFromUsedInOperatingActivities"", ""account_nm"": ""영업활동으로 인한 현금흐름"", ""sj_div"": ""CF""}, ""capex_ppe"": {""cumulative"": 4214177839.0, ""selection_rule"": ""exact_label_sum_normalized"", ""row_count"": 1, ""rows"": [{""account_id"": ""ifrs-full_PurchaseOfPropertyPlantAndEquipmentClassifiedAsInvestingActivities"", ""account_nm"": ""유형자산의 취득"", ""raw_cumulative"": 4214177839.0, ""normalized_cumulative_spend"": 4214177839.0, ""method"": ""q1_thstrm_amount""}]}, ""capex_intangible"": {""cumulative"": 5328016.0, ""selection_rule"": ""exact_label_sum_normalized"", ""row_count"": 1, ""rows"": [{""account_id"": ""ifrs-full_PurchaseOfIntangibleAssetsClassifiedAsInvestingActivities"", ""account_nm"": ""무형자산의 취득"", ""raw_cumulative"": 5328016.0, ""normalized_cumulative_spend"": 5328016.0, ""method"": ""q1_thstrm_amount""}]}}",NOT_ASSIGNED_ACCOUNTING_STAGE,korea_dart_historical_seed_2015_2020.csv,True
00100939,강남제비스코,2020,Q2,11012,,CFS,False,True,ok,1507285439.0,2799433728.0,9850766787.0,7481698226.0,567340178434.0,13286047380.0,16228290877.0,8361845146.0,4147667307.0,5677136.0,349120.0,4148016427.0,12080274450.0,cumulative_difference,cumulative_difference,cumulative_difference,cumulative_difference,cumulative_difference,"{""operating_profit"": {""cumulative"": 1507285439.0, ""selection_rule"": ""standard_id"", ""amount_method"": ""cumulative_thstrm_add_amount"", ""account_id"": ""dart_OperatingIncomeLoss"", ""account_nm"": ""영업이익(손실)"", ""sj_div"": ""CIS""}, ""net_income"": {""cumulative"": 9850766787.0, ""selection_rule"": ""exact_label_fallback"", ""amount_method"": ""cumulative_thstrm_add_amount"", ""account_id"": ""ifrs-full_ProfitLoss"", ""account_nm"": ""당기순이익"", ""sj_div"": ""CIS""}, ""equity"": {""cumulative"": 567340178434.0, ""selection_rule"": ""exact_label_fallback"", ""amount_method"": ""instant_thstrm_amount"", ""account_id"": ""ifrs-full_Equity"", ""account_nm"": ""자본총계"", ""sj_div"": ""BS""}, ""cfo"": {""cumulative"": 13286047380.0, ""selection_rule"": ""exact_label_fallback"", ""amount_method"": ""cumulative_cf_thstrm_amount"", ""account_id"": ""ifrs-full_CashFlowsFromUsedInOperatingActivities"", ""account_nm"": ""영업활동으로 인한 현금흐름"", ""sj_div"": ""CF""}, ""capex_ppe"": {""cumulative"": 8361845146.0, ""selection_rule"": ""exact_label_sum_normalized"", ""row_count"": 1, ""rows"": [{""account_id"": ""ifrs-full_PurchaseOfPropertyPlantAndEquipmentClassifiedAsInvestingActivities"", ""account_nm"": ""유형자산의 취득"", ""raw_cumulative"": 8361845146.0, ""normalized_cumulative_spend"": 8361845146.0, ""method"": ""cumulative_cf_thstrm_amount""}]}, ""capex_intangible"": {""cumulative"": 5677136.0, ""selection_rule"": ""exact_label_sum_normalized"", ""row_count"": 1, ""rows"": [{""account_id"": ""ifrs-full_PurchaseOfIntangibleAssetsClassifiedAsInvestingActivities"", ""account_nm"": ""무형자산의 취득"", ""raw_cumulative"": 5677136.0, ""normalized_cumulative_spend"": 5677136.0, ""method"": ""cumulative_cf_thstrm_amount""}]}}",NOT_ASSIGNED_ACCOUNTING_STAGE,korea_dart_historical_seed_2015_2020.csv,True
00100939,강남제비스코,2020,Q3,11014,,CFS,False,True,ok,2525344558.0,1018059119.0,15247154496.0,5396387709.0,572683512218.0,23181434754.0,9895387374.0,13581190742.0,5219345596.0,15915234.0,10238098.0,5229583694.0,4665803680.0,cumulative_difference,cumulative_difference,cumulative_difference,cumulative_difference,cumulative_difference,"{""operating_profit"": {""cumulative"": 2525344558.0, ""selection_rule"": ""standard_id"", ""amount_method"": ""cumulative_thstrm_add_amount"", ""account_id"": ""dart_OperatingIncomeLoss"", ""account_nm"": ""영업이익(손실)"", ""sj_div"": ""CIS""}, ""net_income"": {""cumulative"": 15247154496.0, ""selection_rule"": ""exact_label_fallback"", ""amount_method"": ""cumulative_thstrm_add_amount"", ""account_id"": ""ifrs-full_ProfitLoss"", ""account_nm"": ""당기순이익(손실)"", ""sj_div"": ""CIS""}, ""equity"": {""cumulative"": 572683512218.0, ""selection_rule"": ""exact_label_fallback"", ""amount_method"": ""instant_thstrm_amount"", ""account_id"": ""ifrs-full_Equity"", ""account_nm"": ""자본총계"", ""sj_div"": ""BS""}, ""cfo"": {""cumulative"": 23181434754.0, ""selection_rule"": ""exact_label_fallback"", ""amount_method"": ""cumulative_cf_thstrm_amount"", ""account_id"": ""ifrs-full_CashFlowsFromUsedInOperatingActivities"", ""account_nm"": ""영업활동으로 인한 현금흐름"", ""sj_div"": ""CF""}, ""capex_ppe"": {""cumulative"": 13581190742.0, ""selection_rule"": ""exact_label_sum_normalized"", ""row_count"": 1, ""rows"": [{""account_id"": ""ifrs-full_PurchaseOfPropertyPlantAndEquipmentClassifiedAsInvestingActivities"", ""account_nm"": ""유형자산의 취득"", ""raw_cumulative"": 13581190742.0, ""normalized_cumulative_spend"": 13581190742.0, ""method"": ""cumulative_cf_thstrm_amount""}]}, ""capex_intangible"": {""cumulative"": 15915234.0, ""selection_rule"": ""exact_label_sum_normalized"", ""row_count"": 1, ""rows"": [{""account_id"": ""ifrs-full_PurchaseOfIntangibleAssetsClassifiedAsInvestingActivities"", ""account_nm"": ""무형자산의 취득"", ""raw_cumulative"": 15915234.0, ""normalized_cumulative_spend"": 15915234.0, ""method"": ""cumulative_cf_thstrm_amount""}]}}",NOT_ASSIGNED_ACCOUNTING_STAGE,korea_dart_historical_seed_2015_2020.csv,True
00100939,강남제비스코,2020,Q4,11011,,CFS,False,True,ok,2724671498.0,199326940.0,25067503622.0,9820349126.0,582498989188.0,30540525895.0,7359091141.0,21925453034.0,8344262292.0,10976124.0,,,,cumulative_difference,cumulative_difference,cumulative_difference,cumulative_difference,negative_normalized_capex_delta_missing,"{""operating_profit"": {""cumulative"": 2724671498.0, ""selection_rule"": ""standard_id"", ""amount_method"": ""fy_thstrm_amount"", ""account_id"": ""dart_OperatingIncomeLoss"", ""account_nm"": ""영업손실"", ""sj_div"": ""CIS""}, ""net_income"": {""cumulative"": 25067503622.0, ""selection_rule"": ""exact_label_fallback"", ""amount_method"": ""fy_thstrm_amount"", ""account_id"": ""ifrs-full_ProfitLoss"", ""account_nm"": ""당기순이익"", ""sj_div"": ""CIS""}, ""equity"": {""cumulative"": 582498989188.0, ""selection_rule"": ""exact_label_fallback"", ""amount_method"": ""instant_thstrm_amount"", ""account_id"": ""ifrs-full_Equity"", ""account_nm"": ""자본총계"", ""sj_div"": ""BS""}, ""cfo"": {""cumulative"": 30540525895.0, ""selection_rule"": ""exact_label_fallback"", ""amount_method"": ""fy_thstrm_amount"", ""account_id"": ""ifrs-full_CashFlowsFromUsedInOperatingActivities"", ""account_nm"": ""영업활동으로 인한 현금흐름"", ""sj_div"": ""CF""}, ""capex_ppe"": {""cumulative"": 21925453034.0, ""selection_rule"": ""exact_label_sum_normalized"", ""row_count"": 1, ""rows"": [{""account_id"": ""ifrs-full_PurchaseOfPropertyPlantAndEquipmentClassifiedAsInvestingActivities"", ""account_nm"": ""유형자산의 취득"", ""raw_cumulative"": 21925453034.0, ""normalized_cumulative_spend"": 21925453034.0, ""method"": ""fy_thstrm_amount""}]}, ""capex_intangible"": {""cumulative"": 10976124.0, ""selection_rule"": ""exact_label_sum_normalized"", ""row_count"": 1, ""rows"": [{""account_id"": ""ifrs-full_PurchaseOfIntangibleAssetsClassifiedAsInvestingActivities"", ""account_nm"": ""무형자산의 취득"", ""raw_cumulative"": 10976124.0, ""normalized_cumulative_spend"": 10976124.0, ""method"": ""fy_thstrm_amount""}]}}",NOT_ASSIGNED_ACCOUNTING_STAGE,korea_dart_historical_seed_2015_2020.csv,True
00101044,에이프로젠바이오로직스,2020,Q1,11013,,CFS,False,True,ok,-492313602.0,-492313602.0,6680472852.0,6680472852.0,356618630419.0,1423178264.0,1423178264.0,177174198.0,177174198.0,329600000.0,329600000.0,506774198.0,916404066.0,direct_q1,direct_q1,direct_q1,direct_q1,direct_q1,"{""operating_profit"": {""cumulative"": -492313602.0, ""selection_rule"": ""standard_id"", ""amount_method"": ""q1_thstrm_amount"", ""account_id"": ""dart_OperatingIncomeLoss"", ""account_nm"": ""영업이익(손실)"", ""sj_div"": ""CIS""}, ""net_income"": {""cumulative"": 6680472852.0, ""selection_rule"": ""exact_label_fallback"", ""amount_method"": ""q1_thstrm_amount"", ""account_id"": ""ifrs-full_ProfitLoss"", ""account_nm"": ""당기순이익(손실)"", ""sj_div"": ""CIS""}, ""equity"": {""cumulative"": 356618630419.0, ""selection_rule"": ""exact_label_fallback"", ""amount_method"": ""instant_thstrm_amount"", ""account_id"": ""ifrs-full_Equity"", ""account_nm"": ""자본총계"", ""sj_div"": ""BS""}, ""cfo"": {""cumulative"": 1423178264.0, ""selection_rule"": ""exact_label_fallback"", ""amount_method"": ""q1_thstrm_amount"", ""account_id"": ""ifrs-full_CashFlowsFromUsedInOperatingActivities"", ""account_nm"": ""영업활동현금흐름"", ""sj_div"": ""CF""}, ""capex_ppe"": {""cumulative"": 177174198.0, ""selection_rule"": ""exact_label_sum_normalized"", ""row_count"": 1, ""rows"": [{""account_id"": ""ifrs-full_PurchaseOfPropertyPlantAndEquipmentClassifiedAsInvestingActivities"", ""account_nm"": ""유형자산의 취득"", ""raw_cumulative"": 177174198.0, ""normalized_cumulative_spend"": 177174198.0, ""method"": ""q1_thstrm_amount""}]}, ""capex_intangible"": {""cumulative"": 329600000.0, ""selection_rule"": ""exact_label_sum_normalized"", ""row_count"": 1, ""rows"": [{""account_id"": ""ifrs-full_PurchaseOfIntangibleAssetsClassifiedAsInvestingActivities"", ""account_nm"": ""무형자산의 취득"", ""raw_cumulative"": 329600000.0, ""normalized_cumulative_spend"": 329600000.0, ""method"": ""q1_thstrm_amount""}]}}",NOT_ASSIGNED_ACCOUNTING_STAGE,korea_dart_historical_seed_2015_2020.csv,True
00101044,에이프로젠바이오로직스,2020,Q2,11012,,CFS,False,True,ok,-1144092184.0,-651778582.0,12578069833.0,5897596981.0,352401763018.0,2243280823.0,820102559.0,515574198.0,338400000.0,445200000.0,115600000.0,454000000.0,366102559.0,cumulative_difference,cumulative_difference,cumulative_difference,cumulative_difference,cumulative_difference,"{""operating_profit"": {""cumulative"": -1144092184.0, ""selection_rule"": ""standard_id"", ""amount_method"": ""cumulative_thstrm_add_amount"", ""account_id"": ""dart_OperatingIncomeLoss"", ""account_nm"": ""영업이익(손실)"", ""sj_div"": ""CIS""}, ""net_income"": {""cumulative"": 12578069833.0, ""selection_rule"": ""exact_label_fallback"", ""amount_method"": ""cumulative_thstrm_add_amount"", ""account_id"": ""ifrs-full_ProfitLoss"", ""account_nm"": ""당기순이익(손실)"", ""sj_div"": ""CIS""}, ""equity"": {""cumulative"": 352401763018.0, ""selection_rule"": ""exact_label_fallback"", ""amount_method"": ""instant_thstrm_amount"", ""account_id"": ""ifrs-full_Equity"", ""account_nm"": ""자본총계"", ""sj_div"": ""BS""}, ""cfo"": {""cumulative"": 2243280823.0, ""selection_rule"": ""exact_label_fallback"", ""amount_method"": ""cumulative_cf_thstrm_amount"", ""account_id"": ""ifrs-full_CashFlowsFromUsedInOperatingActivities"", ""account_nm"": ""영업활동현금흐름"", ""sj_div"": ""CF""}, ""capex_ppe"": {""cumulative"": 515574198.0, ""selection_rule"": ""exact_label_sum_normalized"", ""row_count"": 1, ""rows"": [{""account_id"": ""ifrs-full_PurchaseOfPropertyPlantAndEquipmentClassifiedAsInvestingActivities"", ""account_nm"": ""유형자산의 취득"", ""raw_cumulative"": 515574198.0, ""normalized_cumulative_spend"": 515574198.0, ""method"": ""cumulative_cf_thstrm_amount""}]}, ""capex_intangible"": {""cumulative"": 445200000.0, ""selection_rule"": ""exact_label_sum_normalized"", ""row_count"": 1, ""rows"": [{""account_id"": ""ifrs-full_PurchaseOfIntangibleAssetsClassifiedAsInvestingActivities"", ""account_nm"": ""무형자산의 취득"", ""raw_cumulative"": 445200000.0, ""normalized_cumulative_spend"": 445200000.0, ""method"": ""cumulative_cf_thstrm_amount""}]}}",NOT_ASSIGNED_ACCOUNTING_STAGE,korea_dart_historical_seed_2015_2020.csv,True
00101044,에이프로젠바이오로직스,2020,Q3,11014,,CFS,False,True,ok,-1688589347.0,-544497163.0,19209687963.0,6631618130.0,597583959973.0,3603018827.0,1359738004.0,625711478.0,110137280.0,445200000.0,0.0,110137280.0,1249600724.0,cumulative_difference,cumulative_difference,cumulative_difference,cumulative_difference,cumulative_difference,"{""operating_profit"": {""cumulative"": -1688589347.0, ""selection_rule"": ""standard_id"", ""amount_method"": ""cumulative_thstrm_add_amount"", ""account_id"": ""dart_OperatingIncomeLoss"", ""account_nm"": ""영업이익(손실)"", ""sj_div"": ""CIS""}, ""net_income"": {""cumulative"": 19209687963.0, ""selection_rule"": ""exact_label_fallback"", ""amount_method"": ""cumulative_thstrm_add_amount"", ""account_id"": ""ifrs-full_ProfitLoss"", ""account_nm"": ""당기순이익(손실)"", ""sj_div"": ""CIS""}, ""equity"": {""cumulative"": 597583959973.0, ""selection_rule"": ""exact_label_fallback"", ""amount_method"": ""instant_thstrm_amount"", ""account_id"": ""ifrs-full_Equity"", ""account_nm"": ""자본총계"", ""sj_div"": ""BS""}, ""cfo"": {""cumulative"": 3603018827.0, ""selection_rule"": ""exact_label_fallback"", ""amount_method"": ""cumulative_cf_thstrm_amount"", ""account_id"": ""ifrs-full_CashFlowsFromUsedInOperatingActivities"", ""account_nm"": ""영업활동현금흐름"", ""sj_div"": ""CF""}, ""capex_ppe"": {""cumulative"": 625711478.0, ""selection_rule"": ""exact_label_sum_normalized"", ""row_count"": 1, ""rows"": [{""account_id"": ""ifrs-full_PurchaseOfPropertyPlantAndEquipmentClassifiedAsInvestingActivities"", ""account_nm"": ""유형자산의 취득"", ""raw_cumulative"": 625711478.0, ""normalized_cumulative_spend"": 625711478.0, ""method"": ""cumulative_cf_thstrm_amount""}]}, ""capex_intangible"": {""cumulative"": 445200000.0, ""selection_rule"": ""exact_label_sum_normalized"", ""row_count"": 1, ""rows"": [{""account_id"": ""ifrs-full_PurchaseOfIntangibleAssetsClassifiedAsInvestingActivities"", ""account_nm"": ""무형자산의 취득"", ""raw_cumulative"": 445200000.0, ""normalized_cumulative_spend"": 445200000.0, ""method"": ""cumulative_cf_thstrm_amount""}]}}",NOT_ASSIGNED_ACCOUNTING_STAGE,korea_dart_historical_seed_2015_2020.csv,True
00101044,에이프로젠바이오로직스,2020,Q4,11011,,CFS,False,True,ok,-2605967402.0,-917378055.0,18917569957.0,-292118006.0,598356203716.0,8088157752.0,4485138925.0,976290478.0,350579000.0,445200000.0,0.0,350579000.0,4134559925.0,cumulative_difference,cumulative_difference,cumulative_difference,cumulative_difference,cumulative_difference,"{""operating_profit"": {""cumulative"": -2605967402.0, ""selection_rule"": ""standard_id"", ""amount_method"": ""fy_thstrm_amount"", ""account_id"": ""dart_OperatingIncomeLoss"", ""account_nm"": ""영업이익(손실)"", ""sj_div"": ""CIS""}, ""net_income"": {""cumulative"": 18917569957.0, ""selection_rule"": ""exact_label_fallback"", ""amount_method"": ""fy_thstrm_amount"", ""account_id"": ""ifrs-full_ProfitLoss"", ""account_nm"": ""당기순이익(손실)"", ""sj_div"": ""CIS""}, ""equity"": {""cumulative"": 598356203716.0, ""selection_rule"": ""exact_label_fallback"", ""amount_method"": ""instant_thstrm_amount"", ""account_id"": ""ifrs-full_Equity"", ""account_nm"": ""자본총계"", ""sj_div"": ""BS""}, ""cfo"": {""cumulative"": 8088157752.0, ""selection_rule"": ""exact_label_fallback"", ""amount_method"": ""fy_thstrm_amount"", ""account_id"": ""ifrs-full_CashFlowsFromUsedInOperatingActivities"", ""account_nm"": ""영업활동현금흐름"", ""sj_div"": ""CF""}, ""capex_ppe"": {""cumulative"": 976290478.0, ""selection_rule"": ""exact_label_sum_normalized"", ""row_count"": 1, ""rows"": [{""account_id"": ""ifrs-full_PurchaseOfPropertyPlantAndEquipmentClassifiedAsInvestingActivities"", ""account_nm"": ""유형자산의 취득"", ""raw_cumulative"": 976290478.0, ""normalized_cumulative_spend"": 976290478.0, ""method"": ""fy_thstrm_amount""}]}, ""capex_intangible"": {""cumulative"": 445200000.0, ""selection_rule"": ""exact_label_sum_normalized"", ""row_count"": 1, ""rows"": [{""account_id"": ""ifrs-full_PurchaseOfIntangibleAssetsClassifiedAsInvestingActivities"", ""account_nm"": ""무형자산의 취득"", ""raw_cumulative"": 445200000.0, ""normalized_cumulative_spend"": 445200000.0, ""method"": ""fy_thstrm_amount""}]}}",NOT_ASSIGNED_ACCOUNTING_STAGE,korea_dart_historical_seed_2015_2020.csv,True
00101220,KG케미칼,2020,Q1,11013,,CFS,False,True,ok,58506909600.0,58506909600.0,17610989107.0,17610989107.0,1351698863259.0,-57314625121.0,-57314625121.0,9254552297.0,9254552297.0,555075451.0,555075451.0,9809627748.0,-67124252869.0,direct_q1,direct_q1,direct_q1,direct_q1,direct_q1,"{""operating_profit"": {""cumulative"": 58506909600.0, ""selection_rule"": ""standard_id"", ""amount_method"": ""q1_thstrm_amount"", ""account_id"": ""dart_OperatingIncomeLoss"", ""account_nm"": ""영업이익"", ""sj_div"": ""CIS""}, ""net_income"": {""cumulative"": 17610989107.0, ""selection_rule"": ""exact_label_fallback"", ""amount_method"": ""q1_thstrm_amount"", ""account_id"": ""ifrs-full_ProfitLoss"", ""account_nm"": ""당기순이익(손실)"", ""sj_div"": ""CIS""}, ""equity"": {""cumulative"": 1351698863259.0, ""selection_rule"": ""exact_label_fallback"", ""amount_method"": ""instant_thstrm_amount"", ""account_id"": ""ifrs-full_Equity"", ""account_nm"": ""자본총계"", ""sj_div"": ""BS""}, ""cfo"": {""cumulative"": -57314625121.0, ""selection_rule"": ""exact_label_fallback"", ""amount_method"": ""q1_thstrm_amount"", ""account_id"": ""ifrs-full_CashFlowsFromUsedInOperatingActivities"", ""account_nm"": ""영업활동현금흐름"", ""sj_div"": ""CF""}, ""capex_ppe"": {""cumulative"": 9254552297.0, ""selection_rule"": ""exact_label_sum_normalized"", ""row_count"": 1, ""rows"": [{""account_id"": ""ifrs-full_PurchaseOfPropertyPlantAndEquipmentClassifiedAsInvestingActivities"", ""account_nm"": ""유형자산의 취득"", ""raw_cumulative"": 9254552297.0, ""normalized_cumulative_spend"": 9254552297.0, ""method"": ""q1_thstrm_amount""}]}, ""capex_intangible"": {""cumulative"": 555075451.0, ""selection_rule"": ""exact_label_sum_normalized"", ""row_count"": 1, ""rows"": [{""account_id"": ""ifrs-full_PurchaseOfIntangibleAssetsClassifiedAsInvestingActivities"", ""account_nm"": ""무형자산의 취득"", ""raw_cumulative"": 555075451.0, ""normalized_cumulative_spend"": 555075451.0, ""method"": ""q1_thstrm_amount""}]}}",NOT_ASSIGNED_ACCOUNTING_STAGE,korea_dart_historical_seed_2015_2020.csv,True
00101220,KG케미칼,2020,Q2,11012,,CFS,False,True,ok,123650452199.0,65143542599.0,113809983745.0,96198994638.0,1448861306354.0,55772114646.0,113086739767.0,28477484500.0,19222932203.0,1507678638.0,952603187.0,20175535390.0,92911204377.0,cumulative_difference,cumulative_difference,cumulative_difference,cumulative_difference,cumulative_difference,"{""operating_profit"": {""cumulative"": 123650452199.0, ""selection_rule"": ""standard_id"", ""amount_method"": ""cumulative_thstrm_add_amount"", ""account_id"": ""dart_OperatingIncomeLoss"", ""account_nm"": ""영업이익"", ""sj_div"": ""CIS""}, ""net_income"": {""cumulative"": 113809983745.0, ""selection_rule"": ""exact_label_fallback"", ""amount_method"": ""cumulative_thstrm_add_amount"", ""account_id"": ""ifrs-full_ProfitLoss"", ""account_nm"": ""반기순이익(손실)"", ""sj_div"": ""CIS""}, ""equity"": {""cumulative"": 1448861306354.0, ""selection_rule"": ""exact_label_fallback"", ""amount_method"": ""instant_thstrm_amount"", ""account_id"": ""ifrs-full_Equity"", ""account_nm"": ""자본총계"", ""sj_div"": ""BS""}, ""cfo"": {""cumulative"": 55772114646.0, ""selection_rule"": ""exact_label_fallback"", ""amount_method"": ""cumulative_cf_thstrm_amount"", ""account_id"": ""ifrs-full_CashFlowsFromUsedInOperatingActivities"", ""account_nm"": ""영업활동으로 인한 현금흐름"", ""sj_div"": ""CF""}, ""capex_ppe"": {""cumulative"": 28477484500.0, ""selection_rule"": ""exact_label_sum_normalized"", ""row_count"": 1, ""rows"": [{""account_id"": ""ifrs-full_PurchaseOfPropertyPlantAndEquipmentClassifiedAsInvestingActivities"", ""account_nm"": ""유형자산의 취득"", ""raw_cumulative"": 28477484500.0, ""normalized_cumulative_spend"": 28477484500.0, ""method"": ""cumulative_cf_thstrm_amount""}]}, ""capex_intangible"": {""cumulative"": 1507678638.0, ""selection_rule"": ""exact_label_sum_normalized"", ""row_count"": 1, ""rows"": [{""account_id"": ""ifrs-full_PurchaseOfIntangibleAssetsClassifiedAsInvestingActivities"", ""account_nm"": ""무형자산의 취득"", ""raw_cumulative"": 1507678638.0, ""normalized_cumulative_spend"": 1507678638.0, ""method"": ""cumulative_cf_thstrm_amount""}]}}",NOT_ASSIGNED_ACCOUNTING_STAGE,korea_dart_historical_seed_2015_2020.csv,True
00101220,KG케미칼,2020,Q3,11014,,CFS,False,True,ok,192619539832.0,68969087633.0,113399198019.0,-410785726.0,1452571965753.0,205316874951.0,149544760305.0,58270386739.0,29792902239.0,3188608047.0,1680929409.0,31473831648.0,118070928657.0,cumulative_difference,cumulative_difference,cumulative_difference,cumulative_difference,cumulative_difference,"{""operating_profit"": {""cumulative"": 192619539832.0, ""selection_rule"": ""standard_id"", ""amount_method"": ""cumulative_thstrm_add_amount"", ""account_id"": ""dart_OperatingIncomeLoss"", ""account_nm"": ""영업이익"", ""sj_div"": ""CIS""}, ""net_income"": {""cumulative"": 113399198019.0, ""selection_rule"": ""exact_label_fallback"", ""amount_method"": ""cumulative_thstrm_add_amount"", ""account_id"": ""ifrs-full_ProfitLoss"", ""account_nm"": ""분기순이익(손실)"", ""sj_div"": ""CIS""}, ""equity"": {""cumulative"": 1452571965753.0, ""selection_rule"": ""exact_label_fallback"", ""amount_method"": ""instant_thstrm_amount"", ""account_id"": ""ifrs-full_Equity"", ""account_nm"": ""자본총계"", ""sj_div"": ""BS""}, ""cfo"": {""cumulative"": 205316874951.0, ""selection_rule"": ""exact_label_fallback"", ""amount_method"": ""cumulative_cf_thstrm_amount"", ""account_id"": ""ifrs-full_CashFlowsFromUsedInOperatingActivities"", ""account_nm"": ""영업활동현금흐름"", ""sj_div"": ""CF""}, ""capex_ppe"": {""cumulative"": 58270386739.0, ""selection_rule"": ""exact_label_sum_normalized"", ""row_count"": 1, ""rows"": [{""account_id"": ""ifrs-full_PurchaseOfPropertyPlantAndEquipmentClassifiedAsInvestingActivities"", ""account_nm"": ""유형자산의 취득"", ""raw_cumulative"": 58270386739.0, ""normalized_cumulative_spend"": 58270386739.0, ""method"": ""cumulative_cf_thstrm_amount""}]}, ""capex_intangible"": {""cumulative"": 3188608047.0, ""selection_rule"": ""exact_label_sum_normalized"", ""row_count"": 1, ""rows"": [{""account_id"": ""ifrs-full_PurchaseOfIntangibleAssetsClassifiedAsInvestingActivities"", ""account_nm"": ""무형자산의 취득"", ""raw_cumulative"": 3188608047.0, ""normalized_cumulative_spend"": 3188608047.0, ""method"": ""cumulative_cf_thstrm_amount""}]}}",NOT_ASSIGNED_ACCOUNTING_STAGE,korea_dart_historical_seed_2015_2020.csv,True
00101220,KG케미칼,2020,Q4,11011,,CFS,False,True,ok,242958171678.0,50338631846.0,154664333468.0,41265135449.0,1507680811103.0,310297841334.0,104980966383.0,100612550330.0,42342163591.0,6455174863.0,3266566816.0,45608730407.0,59372235976.0,cumulative_difference,cumulative_difference,cumulative_difference,cumulative_difference,cumulative_difference,"{""operating_profit"": {""cumulative"": 242958171678.0, ""selection_rule"": ""standard_id"", ""amount_method"": ""fy_thstrm_amount"", ""account_id"": ""dart_OperatingIncomeLoss"", ""account_nm"": ""영업이익"", ""sj_div"": ""CIS""}, ""net_income"": {""cumulative"": 154664333468.0, ""selection_rule"": ""exact_label_fallback"", ""amount_method"": ""fy_thstrm_amount"", ""account_id"": ""ifrs-full_ProfitLoss"", ""account_nm"": ""당기순이익(손실)"", ""sj_div"": ""CIS""}, ""equity"": {""cumulative"": 1507680811103.0, ""selection_rule"": ""exact_label_fallback"", ""amount_method"": ""instant_thstrm_amount"", ""account_id"": ""ifrs-full_Equity"", ""account_nm"": ""자본총계"", ""sj_div"": ""BS""}, ""cfo"": {""cumulative"": 310297841334.0, ""selection_rule"": ""exact_label_fallback"", ""amount_method"": ""fy_thstrm_amount"", ""account_id"": ""ifrs-full_CashFlowsFromUsedInOperatingActivities"", ""account_nm"": ""영업활동현금흐름"", ""sj_div"": ""CF""}, ""capex_ppe"": {""cumulative"": 100612550330.0, ""selection_rule"": ""exact_label_sum_normalized"", ""row_count"": 1, ""rows"": [{""account_id"": ""ifrs-full_PurchaseOfPropertyPlantAndEquipmentClassifiedAsInvestingActivities"", ""account_nm"": ""유형자산의 취득"", ""raw_cumulative"": 100612550330.0, ""normalized_cumulative_spend"": 100612550330.0, ""method"": ""fy_thstrm_amount""}]}, ""capex_intangible"": {""cumulative"": 6455174863.0, ""selection_rule"": ""exact_label_sum_normalized"", ""row_count"": 1, ""rows"": [{""account_id"": ""ifrs-full_PurchaseOfIntangibleAssetsClassifiedAsInvestingActivities"", ""account_nm"": ""무형자산의 취득"", ""raw_cumulative"": 6455174863.0, ""normalized_cumulative_spend"": 6455174863.0, ""method"": ""fy_thstrm_amount""}]}}",NOT_ASSIGNED_ACCOUNTING_STAGE,korea_dart_historical_seed_2015_2020.csv,True
00101433,경농,2020,Q1,11013,,CFS,False,True,ok,25750153526.0,25750153526.0,18987339518.0,18987339518.0,216142415930.0,-27825563019.0,-27825563019.0,456753862.0,456753862.0,2682840.0,2682840.0,459436702.0,-28284999721.0,direct_q1,direct_q1,direct_q1,direct_q1,direct_q1,"{""operating_profit"": {""cumulative"": 25750153526.0, ""selection_rule"": ""standard_id"", ""amount_method"": ""q1_thstrm_amount"", ""account_id"": ""dart_OperatingIncomeLoss"", ""account_nm"": ""영업이익"", ""sj_div"": ""CIS""}, ""net_income"": {""cumulative"": 18987339518.0, ""selection_rule"": ""exact_label_fallback"", ""amount_method"": ""q1_thstrm_amount"", ""account_id"": ""-표준계정코드 미사용-"", ""account_nm"": ""연결당기순이익"", ""sj_div"": ""CIS""}, ""equity"": {""cumulative"": 216142415930.0, ""selection_rule"": ""exact_label_fallback"", ""amount_method"": ""instant_thstrm_amount"", ""account_id"": ""ifrs-full_Equity"", ""account_nm"": ""자본총계"", ""sj_div"": ""BS""}, ""cfo"": {""cumulative"": -27825563019.0, ""selection_rule"": ""exact_label_fallback"", ""amount_method"": ""q1_thstrm_amount"", ""account_id"": ""ifrs-full_CashFlowsFromUsedInOperatingActivities"", ""account_nm"": ""영업활동현금흐름"", ""sj_div"": ""CF""}, ""capex_ppe"": {""cumulative"": 456753862.0, ""selection_rule"": ""exact_label_sum_normalized"", ""row_count"": 1, ""rows"": [{""account_id"": ""ifrs-full_PurchaseOfPropertyPlantAndEquipmentClassifiedAsInvestingActivities"", ""account_nm"": ""유형자산의 취득"", ""raw_cumulative"": 456753862.0, ""normalized_cumulative_spend"": 456753862.0, ""method"": ""q1_thstrm_amount""}]}, ""capex_intangible"": {""cumulative"": 2682840.0, ""selection_rule"": ""exact_label_sum_normalized"", ""row_count"": 1, ""rows"": [{""account_id"": ""ifrs-full_PurchaseOfIntangibleAssetsClassifiedAsInvestingActivities"", ""account_nm"": ""무형자산의 취득"", ""raw_cumulative"": 2682840.0, ""normalized_cumulative_spend"": 2682840.0, ""method"": ""q1_thstrm_amount""}]}}",NOT_ASSIGNED_ACCOUNTING_STAGE,korea_dart_historical_seed_2015_2020.csv,True
00101433,경농,2020,Q2,11012,,CFS,False,True,ok,29189761569.0,3439608043.0,22739644628.0,3752305110.0,219663190579.0,-46820948819.0,-18995385800.0,981653816.0,524899954.0,56393976.0,53711136.0,578611090.0,-19573996890.0,cumulative_difference,cumulative_difference,cumulative_difference,cumulative_difference,cumulative_difference,"{""operating_profit"": {""cumulative"": 29189761569.0, ""selection_rule"": ""standard_id"", ""amount_method"": ""cumulative_thstrm_add_amount"", ""account_id"": ""dart_OperatingIncomeLoss"", ""account_nm"": ""영업이익"", ""sj_div"": ""CIS""}, ""net_income"": {""cumulative"": 22739644628.0, ""selection_rule"": ""exact_label_fallback"", ""amount_method"": ""cumulative_thstrm_add_amount"", ""account_id"": ""-표준계정코드 미사용-"", ""account_nm"": ""연결당기순이익"", ""sj_div"": ""CIS""}, ""equity"": {""cumulative"": 219663190579.0, ""selection_rule"": ""exact_label_fallback"", ""amount_method"": ""instant_thstrm_amount"", ""account_id"": ""ifrs-full_Equity"", ""account_nm"": ""자본총계"", ""sj_div"": ""BS""}, ""cfo"": {""cumulative"": -46820948819.0, ""selection_rule"": ""exact_label_fallback"", ""amount_method"": ""cumulative_cf_thstrm_amount"", ""account_id"": ""ifrs-full_CashFlowsFromUsedInOperatingActivities"", ""account_nm"": ""영업활동현금흐름"", ""sj_div"": ""CF""}, ""capex_ppe"": {""cumulative"": 981653816.0, ""selection_rule"": ""exact_label_sum_normalized"", ""row_count"": 1, ""rows"": [{""account_id"": ""ifrs-full_PurchaseOfPropertyPlantAndEquipmentClassifiedAsInvestingActivities"", ""account_nm"": ""유형자산의 취득"", ""raw_cumulative"": 981653816.0, ""normalized_cumulative_spend"": 981653816.0, ""method"": ""cumulative_cf_thstrm_amount""}]}, ""capex_intangible"": {""cumulative"": 56393976.0, ""selection_rule"": ""exact_label_sum_normalized"", ""row_count"": 1, ""rows"": [{""account_id"": ""ifrs-full_PurchaseOfIntangibleAssetsClassifiedAsInvestingActivities"", ""account_nm"": ""무형자산의 취득"", ""raw_cumulative"": 56393976.0, ""normalized_cumulative_spend"": 56393976.0, ""method"": ""cumulative_cf_thstrm_amount""}]}}",NOT_ASSIGNED_ACCOUNTING_STAGE,korea_dart_historical_seed_2015_2020.csv,True
00101433,경농,2020,Q3,11014,,CFS,False,True,ok,23269668871.0,-5920092698.0,17509972875.0,-5229671753.0,215466027854.0,-31242699568.0,15578249251.0,2132382518.0,1150728702.0,75823090.0,19429114.0,1170157816.0,14408091435.0,cumulative_difference,cumulative_difference,cumulative_difference,cumulative_difference,cumulative_difference,"{""operating_profit"": {""cumulative"": 23269668871.0, ""selection_rule"": ""standard_id"", ""amount_method"": ""cumulative_thstrm_add_amount"", ""account_id"": ""dart_OperatingIncomeLoss"", ""account_nm"": ""영업이익"", ""sj_div"": ""CIS""}, ""net_income"": {""cumulative"": 17509972875.0, ""selection_rule"": ""exact_label_fallback"", ""amount_method"": ""cumulative_thstrm_add_amount"", ""account_id"": ""-표준계정코드 미사용-"", ""account_nm"": ""연결당기순이익"", ""sj_div"": ""CIS""}, ""equity"": {""cumulative"": 215466027854.0, ""selection_rule"": ""exact_label_fallback"", ""amount_method"": ""instant_thstrm_amount"", ""account_id"": ""ifrs-full_Equity"", ""account_nm"": ""자본총계"", ""sj_div"": ""BS""}, ""cfo"": {""cumulative"": -31242699568.0, ""selection_rule"": ""exact_label_fallback"", ""amount_method"": ""cumulative_cf_thstrm_amount"", ""account_id"": ""ifrs-full_CashFlowsFromUsedInOperatingActivities"", ""account_nm"": ""영업활동현금흐름"", ""sj_div"": ""CF""}, ""capex_ppe"": {""cumulative"": 2132382518.0, ""selection_rule"": ""exact_label_sum_normalized"", ""row_count"": 1, ""rows"": [{""account_id"": ""ifrs-full_PurchaseOfPropertyPlantAndEquipmentClassifiedAsInvestingActivities"", ""account_nm"": ""유형자산의 취득"", ""raw_cumulative"": 2132382518.0, ""normalized_cumulative_spend"": 2132382518.0, ""method"": ""cumulative_cf_thstrm_amount""}]}, ""capex_intangible"": {""cumulative"": 75823090.0, ""selection_rule"": ""exact_label_sum_normalized"", ""row_count"": 1, ""rows"": [{""account_id"": ""ifrs-full_PurchaseOfIntangibleAssetsClassifiedAsInvestingActivities"", ""account_nm"": ""무형자산의 취득"", ""raw_cumulative"": 75823090.0, ""normalized_cumulative_spend"": 75823090.0, ""method"": ""cumulative_cf_thstrm_amount""}]}}",NOT_ASSIGNED_ACCOUNTING_STAGE,korea_dart_historical_seed_2015_2020.csv,True
00101433,경농,2020,Q4,11011,,CFS,False,True,ok,14281976627.0,-8987692244.0,13294935514.0,-4215037361.0,211372233454.0,15868144172.0,47110843740.0,3192819459.0,1060436941.0,55883434.0,,,,cumulative_difference,cumulative_difference,cumulative_difference,cumulative_difference,negative_normalized_capex_delta_missing,"{""operating_profit"": {""cumulative"": 14281976627.0, ""selection_rule"": ""standard_id"", ""amount_method"": ""fy_thstrm_amount"", ""account_id"": ""dart_OperatingIncomeLoss"", ""account_nm"": ""영업이익"", ""sj_div"": ""CIS""}, ""net_income"": {""cumulative"": 13294935514.0, ""selection_rule"": ""exact_label_fallback"", ""amount_method"": ""fy_thstrm_amount"", ""account_id"": ""-표준계정코드 미사용-"", ""account_nm"": ""연결당기순이익"", ""sj_div"": ""CIS""}, ""equity"": {""cumulative"": 211372233454.0, ""selection_rule"": ""exact_label_fallback"", ""amount_method"": ""instant_thstrm_amount"", ""account_id"": ""ifrs-full_Equity"", ""account_nm"": ""자본총계"", ""sj_div"": ""BS""}, ""cfo"": {""cumulative"": 15868144172.0, ""selection_rule"": ""exact_label_fallback"", ""amount_method"": ""fy_thstrm_amount"", ""account_id"": ""ifrs-full_CashFlowsFromUsedInOperatingActivities"", ""account_nm"": ""영업활동현금흐름"", ""sj_div"": ""CF""}, ""capex_ppe"": {""cumulative"": 3192819459.0, ""selection_rule"": ""exact_label_sum_normalized"", ""row_count"": 1, ""rows"": [{""account_id"": ""ifrs-full_PurchaseOfPropertyPlantAndEquipmentClassifiedAsInvestingActivities"", ""account_nm"": ""유형자산의 취득"", ""raw_cumulative"": 3192819459.0, ""normalized_cumulative_spend"": 3192819459.0, ""method"": ""fy_thstrm_amount""}]}, ""capex_intangible"": {""cumulative"": 55883434.0, ""selection_rule"": ""exact_label_sum_normalized"", ""row_count"": 1, ""rows"": [{""account_id"": ""ifrs-full_PurchaseOfIntangibleAssetsClassifiedAsInvestingActivities"", ""account_nm"": ""무형자산의 취득"", ""raw_cumulative"": 55883434.0, ""normalized_cumulative_spend"": 55883434.0, ""method"": ""fy_thstrm_amount""}]}}",NOT_ASSIGNED_ACCOUNTING_STAGE,korea_dart_historical_seed_2015_2020.csv,True
00101488,경동나비엔,2020,Q1,11013,,CFS,False,True,ok,12540393693.0,12540393693.0,9073734665.0,9073734665.0,307014166732.0,-17573741178.0,-17573741178.0,8349566886.0,8349566886.0,,,,,direct_q1,direct_q1,direct_q1,direct_q1,missing,"{""operating_profit"": {""cumulative"": 12540393693.0, ""selection_rule"": ""standard_id"", ""amount_method"": ""q1_thstrm_amount"", ""account_id"": ""dart_OperatingIncomeLoss"", ""account_nm"": ""영업이익(손실)"", ""sj_div"": ""IS""}, ""net_income"": {""cumulative"": 9073734665.0, ""selection_rule"": ""exact_label_duplicate_same_value"", ""amount_method"": ""q1_thstrm_amount"", ""account_id"": ""ifrs-full_ProfitLoss"", ""account_nm"": ""당기순이익(손실)"", ""sj_div"": ""IS""}, ""equity"": {""cumulative"": 307014166732.0, ""selection_rule"": ""exact_label_fallback"", ""amount_method"": ""instant_thstrm_amount"", ""account_id"": ""ifrs-full_Equity"", ""account_nm"": ""자본총계"", ""sj_div"": ""BS""}, ""cfo"": {""cumulative"": -17573741178.0, ""selection_rule"": ""exact_label_fallback"", ""amount_method"": ""q1_thstrm_amount"", ""account_id"": ""ifrs-full_CashFlowsFromUsedInOperatingActivities"", ""account_nm"": ""영업활동현금흐름"", ""sj_div"": ""CF""}, ""capex_ppe"": {""cumulative"": 8349566886.0, ""selection_rule"": ""exact_label_sum_normalized"", ""row_count"": 1, ""rows"": [{""account_id"": ""ifrs-full_PurchaseOfPropertyPlantAndEquipmentClassifiedAsInvestingActivities"", ""account_nm"": ""유형자산의 취득"", ""raw_cumulative"": 8349566886.0, ""normalized_cumulative_spend"": 8349566886.0, ""method"": ""q1_thstrm_amount""}]}, ""capex_intangible"": {""cumulative"": null, ""selection_rule"": ""exact_label_sum_normalized"", ""row_count"": 1, ""rows"": [{""account_id"": ""ifrs-full_PurchaseOfIntangibleAssetsClassifiedAsInvestingActivities"", ""account_nm"": ""무형자산의 취득"", ""raw_cumulative"": null, ""normalized_cumulative_spend"": null, ""method"": ""missing""}]}}",NOT_ASSIGNED_ACCOUNTING_STAGE,korea_dart_historical_seed_2015_2020.csv,True
00101488,경동나비엔,2020,Q2,11012,,CFS,False,True,ok,26223042342.0,13682648649.0,21628447800.0,12554713135.0,318763037467.0,-38568666472.0,-20994925294.0,18145165466.0,9795598580.0,553587555.0,,,,cumulative_difference,cumulative_difference,cumulative_difference,cumulative_difference,missing_predecessor_or_basis_change,"{""operating_profit"": {""cumulative"": 26223042342.0, ""selection_rule"": ""standard_id"", ""amount_method"": ""cumulative_thstrm_add_amount"", ""account_id"": ""dart_OperatingIncomeLoss"", ""account_nm"": ""영업이익(손실)"", ""sj_div"": ""IS""}, ""net_income"": {""cumulative"": 21628447800.0, ""selection_rule"": ""exact_label_duplicate_same_value"", ""amount_method"": ""cumulative_thstrm_add_amount"", ""account_id"": ""ifrs-full_ProfitLoss"", ""account_nm"": ""당기순이익(손실)"", ""sj_div"": ""IS""}, ""equity"": {""cumulative"": 318763037467.0, ""selection_rule"": ""exact_label_fallback"", ""amount_method"": ""instant_thstrm_amount"", ""account_id"": ""ifrs-full_Equity"", ""account_nm"": ""자본총계"", ""sj_div"": ""BS""}, ""cfo"": {""cumulative"": -38568666472.0, ""selection_rule"": ""exact_label_fallback"", ""amount_method"": ""cumulative_cf_thstrm_amount"", ""account_id"": ""ifrs-full_CashFlowsFromUsedInOperatingActivities"", ""account_nm"": ""영업활동현금흐름"", ""sj_div"": ""CF""}, ""capex_ppe"": {""cumulative"": 18145165466.0, ""selection_rule"": ""exact_label_sum_normalized"", ""row_count"": 1, ""rows"": [{""account_id"": ""ifrs-full_PurchaseOfPropertyPlantAndEquipmentClassifiedAsInvestingActivities"", ""account_nm"": ""유형자산의 취득"", ""raw_cumulative"": 18145165466.0, ""normalized_cumulative_spend"": 18145165466.0, ""method"": ""cumulative_cf_thstrm_amount""}]}, ""capex_intangible"": {""cumulative"": 553587555.0, ""selection_rule"": ""exact_label_sum_normalized"", ""row_count"": 1, ""rows"": [{""account_id"": ""ifrs-full_PurchaseOfIntangibleAssetsClassifiedAsInvestingActivities"", ""account_nm"": ""무형자산의 취득"", ""raw_cumulative"": 553587555.0, ""normalized_cumulative_spend"": 553587555.0, ""method"": ""cumulative_cf_thstrm_amount""}]}}",NOT_ASSIGNED_ACCOUNTING_STAGE,korea_dart_historical_seed_2015_2020.csv,True
00101488,경동나비엔,2020,Q3,11014,,CFS,False,True,ok,49036939534.0,22813897192.0,30320830344.0,8692382544.0,327643581840.0,-27435198281.0,11133468191.0,28018608169.0,9873442703.0,1162739803.0,609152248.0,10482594951.0,650873240.0,cumulative_difference,cumulative_difference,cumulative_difference,cumulative_difference,cumulative_difference,"{""operating_profit"": {""cumulative"": 49036939534.0, ""selection_rule"": ""standard_id"", ""amount_method"": ""cumulative_thstrm_add_amount"", ""account_id"": ""dart_OperatingIncomeLoss"", ""account_nm"": ""영업이익(손실)"", ""sj_div"": ""IS""}, ""net_income"": {""cumulative"": 30320830344.0, ""selection_rule"": ""exact_label_duplicate_same_value"", ""amount_method"": ""cumulative_thstrm_add_amount"", ""account_id"": ""ifrs-full_ProfitLoss"", ""account_nm"": ""당기순이익(손실)"", ""sj_div"": ""IS""}, ""equity"": {""cumulative"": 327643581840.0, ""selection_rule"": ""exact_label_fallback"", ""amount_method"": ""instant_thstrm_amount"", ""account_id"": ""ifrs-full_Equity"", ""account_nm"": ""자본총계"", ""sj_div"": ""BS""}, ""cfo"": {""cumulative"": -27435198281.0, ""selection_rule"": ""exact_label_fallback"", ""amount_method"": ""cumulative_cf_thstrm_amount"", ""account_id"": ""ifrs-full_CashFlowsFromUsedInOperatingActivities"", ""account_nm"": ""영업활동현금흐름"", ""sj_div"": ""CF""}, ""capex_ppe"": {""cumulative"": 28018608169.0, ""selection_rule"": ""exact_label_sum_normalized"", ""row_count"": 1, ""rows"": [{""account_id"": ""ifrs-full_PurchaseOfPropertyPlantAndEquipmentClassifiedAsInvestingActivities"", ""account_nm"": ""유형자산의 취득"", ""raw_cumulative"": 28018608169.0, ""normalized_cumulative_spend"": 28018608169.0, ""method"": ""cumulative_cf_thstrm_amount""}]}, ""capex_intangible"": {""cumulative"": 1162739803.0, ""selection_rule"": ""exact_label_sum_normalized"", ""row_count"": 1, ""rows"": [{""account_id"": ""ifrs-full_PurchaseOfIntangibleAssetsClassifiedAsInvestingActivities"", ""account_nm"": ""무형자산의 취득"", ""raw_cumulative"": 1162739803.0, ""normalized_cumulative_spend"": 1162739803.0, ""method"": ""cumulative_cf_thstrm_amount""}]}}",NOT_ASSIGNED_ACCOUNTING_STAGE,korea_dart_historical_seed_2015_2020.csv,True
00101488,경동나비엔,2020,Q4,11011,,CFS,False,True,ok,67099322639.0,18062383105.0,41637325058.0,11316494714.0,348163846221.0,57625119748.0,85060318029.0,38662445691.0,10643837522.0,2226100123.0,1063360320.0,11707197842.0,73353120187.0,cumulative_difference,cumulative_difference,cumulative_difference,cumulative_difference,cumulative_difference,"{""operating_profit"": {""cumulative"": 67099322639.0, ""selection_rule"": ""standard_id"", ""amount_method"": ""fy_thstrm_amount"", ""account_id"": ""dart_OperatingIncomeLoss"", ""account_nm"": ""영업이익(손실)"", ""sj_div"": ""IS""}, ""net_income"": {""cumulative"": 41637325058.0, ""selection_rule"": ""exact_label_duplicate_same_value"", ""amount_method"": ""fy_thstrm_amount"", ""account_id"": ""ifrs-full_ProfitLoss"", ""account_nm"": ""당기순이익(손실)"", ""sj_div"": ""IS""}, ""equity"": {""cumulative"": 348163846221.0, ""selection_rule"": ""exact_label_fallback"", ""amount_method"": ""instant_thstrm_amount"", ""account_id"": ""ifrs-full_Equity"", ""account_nm"": ""자본총계"", ""sj_div"": ""BS""}, ""cfo"": {""cumulative"": 57625119748.0, ""selection_rule"": ""exact_label_fallback"", ""amount_method"": ""fy_thstrm_amount"", ""account_id"": ""ifrs-full_CashFlowsFromUsedInOperatingActivities"", ""account_nm"": ""영업활동현금흐름"", ""sj_div"": ""CF""}, ""capex_ppe"": {""cumulative"": 38662445691.0, ""selection_rule"": ""exact_label_sum_normalized"", ""row_count"": 1, ""rows"": [{""account_id"": ""ifrs-full_PurchaseOfPropertyPlantAndEquipmentClassifiedAsInvestingActivities"", ""account_nm"": ""유형자산의 취득"", ""raw_cumulative"": 38662445691.0, ""normalized_cumulative_spend"": 38662445691.0, ""method"": ""fy_thstrm_amount""}]}, ""capex_intangible"": {""cumulative"": 2226100123.0, ""selection_rule"": ""exact_label_sum_normalized"", ""row_count"": 1, ""rows"": [{""account_id"": ""ifrs-full_PurchaseOfIntangibleAssetsClassifiedAsInvestingActivities"", ""account_nm"": ""무형자산의 취득"", ""raw_cumulative"": 2226100123.0, ""normalized_cumulative_spend"": 2226100123.0, ""method"": ""fy_thstrm_amount""}]}}",NOT_ASSIGNED_ACCOUNTING_STAGE,korea_dart_historical_seed_2015_2020.csv,True
00101549,경동제약,2020,Q1,11013,,CFS,False,True,ok,4259662133.0,4259662133.0,5448602636.0,5448602636.0,216290056132.0,15189298775.0,15189298775.0,1258557990.0,1258557990.0,,,,,direct_q1,direct_q1,direct_q1,direct_q1,missing,"{""operating_profit"": {""cumulative"": 4259662133.0, ""selection_rule"": ""standard_id"", ""amount_method"": ""q1_thstrm_amount"", ""account_id"": ""dart_OperatingIncomeLoss"", ""account_nm"": ""영업이익(손실)"", ""sj_div"": ""CIS""}, ""net_income"": {""cumulative"": 5448602636.0, ""selection_rule"": ""exact_label_fallback"", ""amount_method"": ""q1_thstrm_amount"", ""account_id"": ""ifrs-full_ProfitLoss"", ""account_nm"": ""당기순이익(손실)"", ""sj_div"": ""CIS""}, ""equity"": {""cumulative"": 216290056132.0, ""selection_rule"": ""exact_label_fallback"", ""amount_method"": ""instant_thstrm_amount"", ""account_id"": ""ifrs-full_Equity"", ""account_nm"": ""자본총계"", ""sj_div"": ""BS""}, ""cfo"": {""cumulative"": 15189298775.0, ""selection_rule"": ""exact_label_fallback"", ""amount_method"": ""q1_thstrm_amount"", ""account_id"": ""ifrs-full_CashFlowsFromUsedInOperatingActivities"", ""account_nm"": ""영업활동현금흐름"", ""sj_div"": ""CF""}, ""capex_ppe"": {""cumulative"": 1258557990.0, ""selection_rule"": ""exact_label_sum_normalized"", ""row_count"": 1, ""rows"": [{""account_id"": ""ifrs-full_PurchaseOfPropertyPlantAndEquipmentClassifiedAsInvestingActivities"", ""account_nm"": ""유형자산의 취득"", ""raw_cumulative"": 1258557990.0, ""normalized_cumulative_spend"": 1258557990.0, ""method"": ""q1_thstrm_amount""}]}, ""capex_intangible"": {""cumulative"": null, ""selection_rule"": ""no_qualifying_rows_missing"", ""row_count"": 0, ""rows"": []}}",NOT_ASSIGNED_ACCOUNTING_STAGE,korea_dart_historical_seed_2015_2020.csv,True
00101549,경동제약,2020,Q2,11012,,CFS,False,True,ok,9595841310.0,5336179177.0,8641815978.0,3193213342.0,222633804033.0,13525968061.0,-1663330714.0,6274789037.0,5016231047.0,,,,,cumulative_difference,cumulative_difference,cumulative_difference,cumulative_difference,missing_predecessor_or_basis_change,"{""operating_profit"": {""cumulative"": 9595841310.0, ""selection_rule"": ""standard_id"", ""amount_method"": ""cumulative_thstrm_add_amount"", ""account_id"": ""dart_OperatingIncomeLoss"", ""account_nm"": ""영업이익(손실)"", ""sj_div"": ""CIS""}, ""net_income"": {""cumulative"": 8641815978.0, ""selection_rule"": ""exact_label_fallback"", ""amount_method"": ""cumulative_thstrm_add_amount"", ""account_id"": ""ifrs-full_ProfitLoss"", ""account_nm"": ""당기순이익(손실)"", ""sj_div"": ""CIS""}, ""equity"": {""cumulative"": 222633804033.0, ""selection_rule"": ""exact_label_fallback"", ""amount_method"": ""instant_thstrm_amount"", ""account_id"": ""ifrs-full_Equity"", ""account_nm"": ""자본총계"", ""sj_div"": ""BS""}, ""cfo"": {""cumulative"": 13525968061.0, ""selection_rule"": ""exact_label_fallback"", ""amount_method"": ""cumulative_cf_thstrm_amount"", ""account_id"": ""ifrs-full_CashFlowsFromUsedInOperatingActivities"", ""account_nm"": ""영업활동현금흐름"", ""sj_div"": ""CF""}, ""capex_ppe"": {""cumulative"": 6274789037.0, ""selection_rule"": ""exact_label_sum_normalized"", ""row_count"": 1, ""rows"": [{""account_id"": ""ifrs-full_PurchaseOfPropertyPlantAndEquipmentClassifiedAsInvestingActivities"", ""account_nm"": ""유형자산의 취득"", ""raw_cumulative"": 6274789037.0, ""normalized_cumulative_spend"": 6274789037.0, ""method"": ""cumulative_cf_thstrm_amount""}]}, ""capex_intangible"": {""cumulative"": null, ""selection_rule"": ""no_qualifying_rows_missing"", ""row_count"": 0, ""rows"": []}}",NOT_ASSIGNED_ACCOUNTING_STAGE,korea_dart_historical_seed_2015_2020.csv,True
00101549,경동제약,2020,Q3,11014,,CFS,False,True,ok,15097202211.0,5501360901.0,9947080436.0,1305264458.0,252268513037.0,17222997758.0,3697029697.0,6748984685.0,474195648.0,286300000.0,,,,cumulative_difference,cumulative_difference,cumulative_difference,cumulative_difference,missing_predecessor_or_basis_change,"{""operating_profit"": {""cumulative"": 15097202211.0, ""selection_rule"": ""standard_id"", ""amount_method"": ""cumulative_thstrm_add_amount"", ""account_id"": ""dart_OperatingIncomeLoss"", ""account_nm"": ""영업이익(손실)"", ""sj_div"": ""CIS""}, ""net_income"": {""cumulative"": 9947080436.0, ""selection_rule"": ""exact_label_fallback"", ""amount_method"": ""cumulative_thstrm_add_amount"", ""account_id"": ""ifrs-full_ProfitLoss"", ""account_nm"": ""당기순이익(손실)"", ""sj_div"": ""CIS""}, ""equity"": {""cumulative"": 252268513037.0, ""selection_rule"": ""exact_label_fallback"", ""amount_method"": ""instant_thstrm_amount"", ""account_id"": ""ifrs-full_Equity"", ""account_nm"": ""자본총계"", ""sj_div"": ""BS""}, ""cfo"": {""cumulative"": 17222997758.0, ""selection_rule"": ""exact_label_fallback"", ""amount_method"": ""cumulative_cf_thstrm_amount"", ""account_id"": ""ifrs-full_CashFlowsFromUsedInOperatingActivities"", ""account_nm"": ""영업활동현금흐름"", ""sj_div"": ""CF""}, ""capex_ppe"": {""cumulative"": 6748984685.0, ""selection_rule"": ""exact_label_sum_normalized"", ""row_count"": 1, ""rows"": [{""account_id"": ""ifrs-full_PurchaseOfPropertyPlantAndEquipmentClassifiedAsInvestingActivities"", ""account_nm"": ""유형자산의 취득"", ""raw_cumulative"": 6748984685.0, ""normalized_cumulative_spend"": 6748984685.0, ""method"": ""cumulative_cf_thstrm_amount""}]}, ""capex_intangible"": {""cumulative"": 286300000.0, ""selection_rule"": ""exact_label_sum_normalized"", ""row_count"": 1, ""rows"": [{""account_id"": ""ifrs-full_PurchaseOfIntangibleAssetsClassifiedAsInvestingActivities"", ""account_nm"": ""무형자산의 취득"", ""raw_cumulative"": 286300000.0, ""normalized_cumulative_spend"": 286300000.0, ""method"": ""cumulative_cf_thstrm_amount""}]}}",NOT_ASSIGNED_ACCOUNTING_STAGE,korea_dart_historical_seed_2015_2020.csv,True
00101549,경동제약,2020,Q4,11011,,CFS,False,True,ok,18950289227.0,3853087016.0,12872620256.0,2925539820.0,262761881646.0,17116457730.0,-106540028.0,28591315197.0,21842330512.0,289251630.0,2951630.0,21845282142.0,-21951822170.0,cumulative_difference,cumulative_difference,cumulative_difference,cumulative_difference,cumulative_difference,"{""operating_profit"": {""cumulative"": 18950289227.0, ""selection_rule"": ""standard_id"", ""amount_method"": ""fy_thstrm_amount"", ""account_id"": ""dart_OperatingIncomeLoss"", ""account_nm"": ""영업이익(손실)"", ""sj_div"": ""CIS""}, ""net_income"": {""cumulative"": 12872620256.0, ""selection_rule"": ""exact_label_fallback"", ""amount_method"": ""fy_thstrm_amount"", ""account_id"": ""ifrs-full_ProfitLoss"", ""account_nm"": ""당기순이익(손실)"", ""sj_div"": ""CIS""}, ""equity"": {""cumulative"": 262761881646.0, ""selection_rule"": ""exact_label_fallback"", ""amount_method"": ""instant_thstrm_amount"", ""account_id"": ""ifrs-full_Equity"", ""account_nm"": ""자본총계"", ""sj_div"": ""BS""}, ""cfo"": {""cumulative"": 17116457730.0, ""selection_rule"": ""exact_label_fallback"", ""amount_method"": ""fy_thstrm_amount"", ""account_id"": ""ifrs-full_CashFlowsFromUsedInOperatingActivities"", ""account_nm"": ""영업활동현금흐름"", ""sj_div"": ""CF""}, ""capex_ppe"": {""cumulative"": 28591315197.0, ""selection_rule"": ""exact_label_sum_normalized"", ""row_count"": 1, ""rows"": [{""account_id"": ""ifrs-full_PurchaseOfPropertyPlantAndEquipmentClassifiedAsInvestingActivities"", ""account_nm"": ""유형자산의 취득"", ""raw_cumulative"": 28591315197.0, ""normalized_cumulative_spend"": 28591315197.0, ""method"": ""fy_thstrm_amount""}]}, ""capex_intangible"": {""cumulative"": 289251630.0, ""selection_rule"": ""exact_label_sum_normalized"", ""row_count"": 1, ""rows"": [{""account_id"": ""ifrs-full_PurchaseOfIntangibleAssetsClassifiedAsInvestingActivities"", ""account_nm"": ""무형자산의 취득"", ""raw_cumulative"": 289251630.0, ""normalized_cumulative_spend"": 289251630.0, ""method"": ""fy_thstrm_amount""}]}}",NOT_ASSIGNED_ACCOUNTING_STAGE,korea_dart_historical_seed_2015_2020.csv,True
00101628,경방,2020,Q1,11013,,CFS,False,True,ok,3175384871.0,3175384871.0,-3167346196.0,-3167346196.0,732923834028.0,15716080642.0,15716080642.0,13726923463.0,13726923463.0,,,,,direct_q1,direct_q1,direct_q1,direct_q1,missing,"{""operating_profit"": {""cumulative"": 3175384871.0, ""selection_rule"": ""standard_id"", ""amount_method"": ""q1_thstrm_amount"", ""account_id"": ""dart_OperatingIncomeLoss"", ""account_nm"": ""영업이익(손실)"", ""sj_div"": ""IS""}, ""net_income"": {""cumulative"": -3167346196.0, ""selection_rule"": ""exact_label_duplicate_same_value"", ""amount_method"": ""q1_thstrm_amount"", ""account_id"": ""ifrs-full_ProfitLoss"", ""account_nm"": ""당기순이익(손실)"", ""sj_div"": ""IS""}, ""equity"": {""cumulative"": 732923834028.0, ""selection_rule"": ""exact_label_fallback"", ""amount_method"": ""instant_thstrm_amount"", ""account_id"": ""ifrs-full_Equity"", ""account_nm"": ""자본총계"", ""sj_div"": ""BS""}, ""cfo"": {""cumulative"": 15716080642.0, ""selection_rule"": ""exact_label_fallback"", ""amount_method"": ""q1_thstrm_amount"", ""account_id"": ""ifrs-full_CashFlowsFromUsedInOperatingActivities"", ""account_nm"": ""영업활동현금흐름"", ""sj_div"": ""CF""}, ""capex_ppe"": {""cumulative"": 13726923463.0, ""selection_rule"": ""exact_label_sum_normalized"", ""row_count"": 1, ""rows"": [{""account_id"": ""ifrs-full_PurchaseOfPropertyPlantAndEquipmentClassifiedAsInvestingActivities"", ""account_nm"": ""유형자산의 취득"", ""raw_cumulative"": 13726923463.0, ""normalized_cumulative_spend"": 13726923463.0, ""method"": ""q1_thstrm_amount""}]}, ""capex_intangible"": {""cumulative"": null, ""selection_rule"": ""no_qualifying_rows_missing"", ""row_count"": 0, ""rows"": []}}",NOT_ASSIGNED_ACCOUNTING_STAGE,korea_dart_historical_seed_2015_2020.csv,True
00101628,경방,2020,Q2,11012,,CFS,False,True,ok,6518380829.0,3342995958.0,2422912436.0,5590258632.0,736914523439.0,6305490973.0,-9410589669.0,29047933233.0,15321009770.0,3170078.0,,,,cumulative_difference,cumulative_difference,cumulative_difference,cumulative_difference,missing_predecessor_or_basis_change,"{""operating_profit"": {""cumulative"": 6518380829.0, ""selection_rule"": ""standard_id"", ""amount_method"": ""cumulative_thstrm_add_amount"", ""account_id"": ""dart_OperatingIncomeLoss"", ""account_nm"": ""영업이익(손실)"", ""sj_div"": ""IS""}, ""net_income"": {""cumulative"": 2422912436.0, ""selection_rule"": ""exact_label_duplicate_same_value"", ""amount_method"": ""cumulative_thstrm_add_amount"", ""account_id"": ""ifrs-full_ProfitLoss"", ""account_nm"": ""반기순이익"", ""sj_div"": ""IS""}, ""equity"": {""cumulative"": 736914523439.0, ""selection_rule"": ""exact_label_fallback"", ""amount_method"": ""instant_thstrm_amount"", ""account_id"": ""ifrs-full_Equity"", ""account_nm"": ""자본총계"", ""sj_div"": ""BS""}, ""cfo"": {""cumulative"": 6305490973.0, ""selection_rule"": ""exact_label_fallback"", ""amount_method"": ""cumulative_cf_thstrm_amount"", ""account_id"": ""ifrs-full_CashFlowsFromUsedInOperatingActivities"", ""account_nm"": ""영업활동현금흐름"", ""sj_div"": ""CF""}, ""capex_ppe"": {""cumulative"": 29047933233.0, ""selection_rule"": ""exact_label_sum_normalized"", ""row_count"": 1, ""rows"": [{""account_id"": ""ifrs-full_PurchaseOfPropertyPlantAndEquipmentClassifiedAsInvestingActivities"", ""account_nm"": ""유형자산의 취득"", ""raw_cumulative"": 29047933233.0, ""normalized_cumulative_spend"": 29047933233.0, ""method"": ""cumulative_cf_thstrm_amount""}]}, ""capex_intangible"": {""cumulative"": 3170078.0, ""selection_rule"": ""exact_label_sum_normalized"", ""row_count"": 1, ""rows"": [{""account_id"": ""ifrs-full_PurchaseOfIntangibleAssetsClassifiedAsInvestingActivities"", ""account_nm"": ""무형자산의 취득"", ""raw_cumulative"": 3170078.0, ""normalized_cumulative_spend"": 3170078.0, ""method"": ""cumulative_cf_thstrm_amount""}]}}",NOT_ASSIGNED_ACCOUNTING_STAGE,korea_dart_historical_seed_2015_2020.csv,True
00101628,경방,2020,Q3,11014,,CFS,False,True,ok,11311786067.0,4793405238.0,6262831223.0,3839918787.0,739352637937.0,16937783260.0,10632292287.0,37927423036.0,8879489803.0,20310657.0,17140579.0,8896630382.0,1735661905.0,cumulative_difference,cumulative_difference,cumulative_difference,cumulative_difference,cumulative_difference,"{""operating_profit"": {""cumulative"": 11311786067.0, ""selection_rule"": ""standard_id"", ""amount_method"": ""cumulative_thstrm_add_amount"", ""account_id"": ""dart_OperatingIncomeLoss"", ""account_nm"": ""영업이익(손실)"", ""sj_div"": ""IS""}, ""net_income"": {""cumulative"": 6262831223.0, ""selection_rule"": ""exact_label_duplicate_same_value"", ""amount_method"": ""cumulative_thstrm_add_amount"", ""account_id"": ""ifrs-full_ProfitLoss"", ""account_nm"": ""반기순이익"", ""sj_div"": ""IS""}, ""equity"": {""cumulative"": 739352637937.0, ""selection_rule"": ""exact_label_fallback"", ""amount_method"": ""instant_thstrm_amount"", ""account_id"": ""ifrs-full_Equity"", ""account_nm"": ""자본총계"", ""sj_div"": ""BS""}, ""cfo"": {""cumulative"": 16937783260.0, ""selection_rule"": ""exact_label_fallback"", ""amount_method"": ""cumulative_cf_thstrm_amount"", ""account_id"": ""ifrs-full_CashFlowsFromUsedInOperatingActivities"", ""account_nm"": ""영업활동현금흐름"", ""sj_div"": ""CF""}, ""capex_ppe"": {""cumulative"": 37927423036.0, ""selection_rule"": ""exact_label_sum_normalized"", ""row_count"": 1, ""rows"": [{""account_id"": ""ifrs-full_PurchaseOfPropertyPlantAndEquipmentClassifiedAsInvestingActivities"", ""account_nm"": ""유형자산의 취득"", ""raw_cumulative"": 37927423036.0, ""normalized_cumulative_spend"": 37927423036.0, ""method"": ""cumulative_cf_thstrm_amount""}]}, ""capex_intangible"": {""cumulative"": 20310657.0, ""selection_rule"": ""exact_label_sum_normalized"", ""row_count"": 1, ""rows"": [{""account_id"": ""ifrs-full_PurchaseOfIntangibleAssetsClassifiedAsInvestingActivities"", ""account_nm"": ""무형자산의 취득"", ""raw_cumulative"": 20310657.0, ""normalized_cumulative_spend"": 20310657.0, ""method"": ""cumulative_cf_thstrm_amount""}]}}",NOT_ASSIGNED_ACCOUNTING_STAGE,korea_dart_historical_seed_2015_2020.csv,True
00101628,경방,2020,Q4,11011,,CFS,False,True,ok,21853996547.0,10542210480.0,13025702736.0,6762871513.0,741929807617.0,33635651452.0,16697868192.0,40214032152.0,2286609116.0,23608274.0,3297617.0,2289906733.0,14407961459.0,cumulative_difference,cumulative_difference,cumulative_difference,cumulative_difference,cumulative_difference,"{""operating_profit"": {""cumulative"": 21853996547.0, ""selection_rule"": ""standard_id"", ""amount_method"": ""fy_thstrm_amount"", ""account_id"": ""dart_OperatingIncomeLoss"", ""account_nm"": ""영업이익(손실)"", ""sj_div"": ""IS""}, ""net_income"": {""cumulative"": 13025702736.0, ""selection_rule"": ""exact_label_duplicate_same_value"", ""amount_method"": ""fy_thstrm_amount"", ""account_id"": ""ifrs-full_ProfitLoss"", ""account_nm"": ""당기순이익"", ""sj_div"": ""IS""}, ""equity"": {""cumulative"": 741929807617.0, ""selection_rule"": ""exact_label_fallback"", ""amount_method"": ""instant_thstrm_amount"", ""account_id"": ""ifrs-full_Equity"", ""account_nm"": ""자본총계"", ""sj_div"": ""BS""}, ""cfo"": {""cumulative"": 33635651452.0, ""selection_rule"": ""exact_label_fallback"", ""amount_method"": ""fy_thstrm_amount"", ""account_id"": ""ifrs-full_CashFlowsFromUsedInOperatingActivities"", ""account_nm"": ""영업활동현금흐름"", ""sj_div"": ""CF""}, ""capex_ppe"": {""cumulative"": 40214032152.0, ""selection_rule"": ""exact_label_sum_normalized"", ""row_count"": 1, ""rows"": [{""account_id"": ""ifrs-full_PurchaseOfPropertyPlantAndEquipmentClassifiedAsInvestingActivities"", ""account_nm"": ""유형자산의 취득"", ""raw_cumulative"": 40214032152.0, ""normalized_cumulative_spend"": 40214032152.0, ""method"": ""fy_thstrm_amount""}]}, ""capex_intangible"": {""cumulative"": 23608274.0, ""selection_rule"": ""exact_label_sum_normalized"", ""row_count"": 1, ""rows"": [{""account_id"": ""ifrs-full_PurchaseOfIntangibleAssetsClassifiedAsInvestingActivities"", ""account_nm"": ""무형자산의 취득"", ""raw_cumulative"": 23608274.0, ""normalized_cumulative_spend"": 23608274.0, ""method"": ""fy_thstrm_amount""}]}}",NOT_ASSIGNED_ACCOUNTING_STAGE,korea_dart_historical_seed_2015_2020.csv,True
00101664,경보제약,2020,Q1,11013,,OFS,False,True,ok,2136314883.0,2136314883.0,2005856840.0,2005856840.0,148517787742.0,5725606072.0,5725606072.0,3119815951.0,3119815951.0,9986100.0,9986100.0,3129802051.0,2595804021.0,direct_q1,direct_q1,direct_q1,direct_q1,direct_q1,"{""operating_profit"": {""cumulative"": 2136314883.0, ""selection_rule"": ""standard_id"", ""amount_method"": ""q1_thstrm_amount"", ""account_id"": ""dart_OperatingIncomeLoss"", ""account_nm"": ""영업이익"", ""sj_div"": ""CIS""}, ""net_income"": {""cumulative"": 2005856840.0, ""selection_rule"": ""exact_label_fallback"", ""amount_method"": ""q1_thstrm_amount"", ""account_id"": ""ifrs-full_ProfitLoss"", ""account_nm"": ""분기순이익"", ""sj_div"": ""CIS""}, ""equity"": {""cumulative"": 148517787742.0, ""selection_rule"": ""exact_label_fallback"", ""amount_method"": ""instant_thstrm_amount"", ""account_id"": ""ifrs-full_Equity"", ""account_nm"": ""자본총계"", ""sj_div"": ""BS""}, ""cfo"": {""cumulative"": 5725606072.0, ""selection_rule"": ""exact_label_fallback"", ""amount_method"": ""q1_thstrm_amount"", ""account_id"": ""ifrs-full_CashFlowsFromUsedInOperatingActivities"", ""account_nm"": ""영업활동으로 인한 현금흐름"", ""sj_div"": ""CF""}, ""capex_ppe"": {""cumulative"": 3119815951.0, ""selection_rule"": ""exact_label_sum_normalized"", ""row_count"": 1, ""rows"": [{""account_id"": ""ifrs-full_PurchaseOfPropertyPlantAndEquipmentClassifiedAsInvestingActivities"", ""account_nm"": ""유형자산의 취득"", ""raw_cumulative"": 3119815951.0, ""normalized_cumulative_spend"": 3119815951.0, ""method"": ""q1_thstrm_amount""}]}, ""capex_intangible"": {""cumulative"": 9986100.0, ""selection_rule"": ""exact_label_sum_normalized"", ""row_count"": 1, ""rows"": [{""account_id"": ""ifrs-full_PurchaseOfIntangibleAssetsClassifiedAsInvestingActivities"", ""account_nm"": ""무형자산의 취득"", ""raw_cumulative"": 9986100.0, ""normalized_cumulative_spend"": 9986100.0, ""method"": ""q1_thstrm_amount""}]}}",NOT_ASSIGNED_ACCOUNTING_STAGE,korea_dart_historical_seed_2015_2020.csv,True
00101664,경보제약,2020,Q2,11012,,OFS,False,True,ok,6994733545.0,4858418662.0,6601401098.0,4595544258.0,152723224149.0,-2343071375.0,-8068677447.0,5836122574.0,2716306623.0,136569600.0,126583500.0,2842890123.0,-10911567570.0,cumulative_difference,cumulative_difference,cumulative_difference,cumulative_difference,cumulative_difference,"{""operating_profit"": {""cumulative"": 6994733545.0, ""selection_rule"": ""standard_id"", ""amount_method"": ""cumulative_thstrm_add_amount"", ""account_id"": ""dart_OperatingIncomeLoss"", ""account_nm"": ""영업이익"", ""sj_div"": ""CIS""}, ""net_income"": {""cumulative"": 6601401098.0, ""selection_rule"": ""exact_label_fallback"", ""amount_method"": ""cumulative_thstrm_add_amount"", ""account_id"": ""ifrs-full_ProfitLoss"", ""account_nm"": ""반기순이익"", ""sj_div"": ""CIS""}, ""equity"": {""cumulative"": 152723224149.0, ""selection_rule"": ""exact_label_fallback"", ""amount_method"": ""instant_thstrm_amount"", ""account_id"": ""ifrs-full_Equity"", ""account_nm"": ""자본총계"", ""sj_div"": ""BS""}, ""cfo"": {""cumulative"": -2343071375.0, ""selection_rule"": ""exact_label_fallback"", ""amount_method"": ""cumulative_cf_thstrm_amount"", ""account_id"": ""ifrs-full_CashFlowsFromUsedInOperatingActivities"", ""account_nm"": ""영업활동으로 인한 현금흐름"", ""sj_div"": ""CF""}, ""capex_ppe"": {""cumulative"": 5836122574.0, ""selection_rule"": ""exact_label_sum_normalized"", ""row_count"": 1, ""rows"": [{""account_id"": ""ifrs-full_PurchaseOfPropertyPlantAndEquipmentClassifiedAsInvestingActivities"", ""account_nm"": ""유형자산의 취득"", ""raw_cumulative"": 5836122574.0, ""normalized_cumulative_spend"": 5836122574.0, ""method"": ""cumulative_cf_thstrm_amount""}]}, ""capex_intangible"": {""cumulative"": 136569600.0, ""selection_rule"": ""exact_label_sum_normalized"", ""row_count"": 1, ""rows"": [{""account_id"": ""ifrs-full_PurchaseOfIntangibleAssetsClassifiedAsInvestingActivities"", ""account_nm"": ""무형자산의 취득"", ""raw_cumulative"": 136569600.0, ""normalized_cumulative_spend"": 136569600.0, ""method"": ""cumulative_cf_thstrm_amount""}]}}",NOT_ASSIGNED_ACCOUNTING_STAGE,korea_dart_historical_seed_2015_2020.csv,True
00101664,경보제약,2020,Q3,11014,,OFS,False,True,ok,9104283436.0,2109549891.0,9067754239.0,2466353141.0,155649009452.0,12880844405.0,15223915780.0,6716358223.0,880235649.0,409762300.0,273192700.0,1153428349.0,14070487431.0,cumulative_difference,cumulative_difference,cumulative_difference,cumulative_difference,cumulative_difference,"{""operating_profit"": {""cumulative"": 9104283436.0, ""selection_rule"": ""standard_id"", ""amount_method"": ""cumulative_thstrm_add_amount"", ""account_id"": ""dart_OperatingIncomeLoss"", ""account_nm"": ""영업이익"", ""sj_div"": ""CIS""}, ""net_income"": {""cumulative"": 9067754239.0, ""selection_rule"": ""exact_label_fallback"", ""amount_method"": ""cumulative_thstrm_add_amount"", ""account_id"": ""ifrs-full_ProfitLoss"", ""account_nm"": ""분기순이익"", ""sj_div"": ""CIS""}, ""equity"": {""cumulative"": 155649009452.0, ""selection_rule"": ""exact_label_fallback"", ""amount_method"": ""instant_thstrm_amount"", ""account_id"": ""ifrs-full_Equity"", ""account_nm"": ""자본총계"", ""sj_div"": ""BS""}, ""cfo"": {""cumulative"": 12880844405.0, ""selection_rule"": ""exact_label_fallback"", ""amount_method"": ""cumulative_cf_thstrm_amount"", ""account_id"": ""ifrs-full_CashFlowsFromUsedInOperatingActivities"", ""account_nm"": ""영업활동으로 인한 현금흐름"", ""sj_div"": ""CF""}, ""capex_ppe"": {""cumulative"": 6716358223.0, ""selection_rule"": ""exact_label_sum_normalized"", ""row_count"": 1, ""rows"": [{""account_id"": ""ifrs-full_PurchaseOfPropertyPlantAndEquipmentClassifiedAsInvestingActivities"", ""account_nm"": ""유형자산의 취득"", ""raw_cumulative"": 6716358223.0, ""normalized_cumulative_spend"": 6716358223.0, ""method"": ""cumulative_cf_thstrm_amount""}]}, ""capex_intangible"": {""cumulative"": 409762300.0, ""selection_rule"": ""exact_label_sum_normalized"", ""row_count"": 1, ""rows"": [{""account_id"": ""ifrs-full_PurchaseOfIntangibleAssetsClassifiedAsInvestingActivities"", ""account_nm"": ""무형자산의 취득"", ""raw_cumulative"": 409762300.0, ""normalized_cumulative_spend"": 409762300.0, ""method"": ""cumulative_cf_thstrm_amount""}]}}",NOT_ASSIGNED_ACCOUNTING_STAGE,korea_dart_historical_seed_2015_2020.csv,True
00101664,경보제약,2020,Q4,11011,,OFS,False,True,ok,8661432439.0,-442850997.0,9404446291.0,336692052.0,156056793874.0,20795227475.0,7914383070.0,12056302653.0,5339944430.0,380243000.0,,,,cumulative_difference,cumulative_difference,cumulative_difference,cumulative_difference,negative_normalized_capex_delta_missing,"{""operating_profit"": {""cumulative"": 8661432439.0, ""selection_rule"": ""standard_id"", ""amount_method"": ""fy_thstrm_amount"", ""account_id"": ""dart_OperatingIncomeLoss"", ""account_nm"": ""영업이익"", ""sj_div"": ""CIS""}, ""net_income"": {""cumulative"": 9404446291.0, ""selection_rule"": ""exact_label_fallback"", ""amount_method"": ""fy_thstrm_amount"", ""account_id"": ""ifrs-full_ProfitLoss"", ""account_nm"": ""당기순이익"", ""sj_div"": ""CIS""}, ""equity"": {""cumulative"": 156056793874.0, ""selection_rule"": ""exact_label_fallback"", ""amount_method"": ""instant_thstrm_amount"", ""account_id"": ""ifrs-full_Equity"", ""account_nm"": ""자본총계"", ""sj_div"": ""BS""}, ""cfo"": {""cumulative"": 20795227475.0, ""selection_rule"": ""exact_label_fallback"", ""amount_method"": ""fy_thstrm_amount"", ""account_id"": ""ifrs-full_CashFlowsFromUsedInOperatingActivities"", ""account_nm"": ""영업활동으로 인한 현금흐름"", ""sj_div"": ""CF""}, ""capex_ppe"": {""cumulative"": 12056302653.0, ""selection_rule"": ""exact_label_sum_normalized"", ""row_count"": 1, ""rows"": [{""account_id"": ""ifrs-full_PurchaseOfPropertyPlantAndEquipmentClassifiedAsInvestingActivities"", ""account_nm"": ""유형자산의 취득"", ""raw_cumulative"": 12056302653.0, ""normalized_cumulative_spend"": 12056302653.0, ""method"": ""fy_thstrm_amount""}]}, ""capex_intangible"": {""cumulative"": 380243000.0, ""selection_rule"": ""exact_label_sum_normalized"", ""row_count"": 1, ""rows"": [{""account_id"": ""ifrs-full_PurchaseOfIntangibleAssetsClassifiedAsInvestingActivities"", ""account_nm"": ""무형자산의 취득"", ""raw_cumulative"": 380243000.0, ""normalized_cumulative_spend"": 380243000.0, ""method"": ""fy_thstrm_amount""}]}}",NOT_ASSIGNED_ACCOUNTING_STAGE,korea_dart_historical_seed_2015_2020.csv,True
00101752,케이씨피드,2020,Q1,11013,,CFS,False,True,ok,233014976.0,233014976.0,367387480.0,367387480.0,52544974245.0,3415165951.0,3415165951.0,270928954.0,270928954.0,197853759.0,197853759.0,468782713.0,2946383238.0,direct_q1,direct_q1,direct_q1,direct_q1,direct_q1,"{""operating_profit"": {""cumulative"": 233014976.0, ""selection_rule"": ""standard_id"", ""amount_method"": ""q1_thstrm_amount"", ""account_id"": ""dart_OperatingIncomeLoss"", ""account_nm"": ""영업이익(손실)"", ""sj_div"": ""CIS""}, ""net_income"": {""cumulative"": 367387480.0, ""selection_rule"": ""exact_label_fallback"", ""amount_method"": ""q1_thstrm_amount"", ""account_id"": ""ifrs-full_ProfitLoss"", ""account_nm"": ""당기순이익(손실)"", ""sj_div"": ""CIS""}, ""equity"": {""cumulative"": 52544974245.0, ""selection_rule"": ""exact_label_fallback"", ""amount_method"": ""instant_thstrm_amount"", ""account_id"": ""ifrs-full_Equity"", ""account_nm"": ""자본총계"", ""sj_div"": ""BS""}, ""cfo"": {""cumulative"": 3415165951.0, ""selection_rule"": ""exact_label_fallback"", ""amount_method"": ""q1_thstrm_amount"", ""account_id"": ""ifrs-full_CashFlowsFromUsedInOperatingActivities"", ""account_nm"": ""영업활동현금흐름"", ""sj_div"": ""CF""}, ""capex_ppe"": {""cumulative"": 270928954.0, ""selection_rule"": ""exact_label_sum_normalized"", ""row_count"": 1, ""rows"": [{""account_id"": ""ifrs-full_PurchaseOfPropertyPlantAndEquipmentClassifiedAsInvestingActivities"", ""account_nm"": ""유형자산의 취득"", ""raw_cumulative"": 270928954.0, ""normalized_cumulative_spend"": 270928954.0, ""method"": ""q1_thstrm_amount""}]}, ""capex_intangible"": {""cumulative"": 197853759.0, ""selection_rule"": ""exact_label_sum_normalized"", ""row_count"": 2, ""rows"": [{""account_id"": ""ifrs-full_PurchaseOfIntangibleAssetsClassifiedAsInvestingActivities"", ""account_nm"": ""무형자산의 취득"", ""raw_cumulative"": 183831662.0, ""normalized_cumulative_spend"": 183831662.0, ""method"": ""q1_thstrm_amount""}, {""account_id"": ""dart_PurchaseOfOtherIntangibleAssets"", ""account_nm"": ""기타무형자산의 취득"", ""raw_cumulative"": 14022097.0, ""normalized_cumulative_spend"": 14022097.0, ""method"": ""q1_thstrm_amount""}]}}",NOT_ASSIGNED_ACCOUNTING_STAGE,korea_dart_historical_seed_2015_2020.csv,True
00101752,케이씨피드,2020,Q2,11012,,CFS,False,True,ok,454848304.0,221833328.0,593087668.0,225700188.0,52678367449.0,5077987684.0,1662821733.0,407945334.0,137016380.0,183831662.0,,,,cumulative_difference,cumulative_difference,cumulative_difference,cumulative_difference,negative_normalized_capex_delta_missing,"{""operating_profit"": {""cumulative"": 454848304.0, ""selection_rule"": ""standard_id"", ""amount_method"": ""cumulative_thstrm_add_amount"", ""account_id"": ""dart_OperatingIncomeLoss"", ""account_nm"": ""영업이익(손실)"", ""sj_div"": ""CIS""}, ""net_income"": {""cumulative"": 593087668.0, ""selection_rule"": ""exact_label_fallback"", ""amount_method"": ""cumulative_thstrm_add_amount"", ""account_id"": ""ifrs-full_ProfitLoss"", ""account_nm"": ""당기순이익(손실)"", ""sj_div"": ""CIS""}, ""equity"": {""cumulative"": 52678367449.0, ""selection_rule"": ""exact_label_fallback"", ""amount_method"": ""instant_thstrm_amount"", ""account_id"": ""ifrs-full_Equity"", ""account_nm"": ""자본총계"", ""sj_div"": ""BS""}, ""cfo"": {""cumulative"": 5077987684.0, ""selection_rule"": ""exact_label_fallback"", ""amount_method"": ""cumulative_cf_thstrm_amount"", ""account_id"": ""ifrs-full_CashFlowsFromUsedInOperatingActivities"", ""account_nm"": ""영업활동현금흐름"", ""sj_div"": ""CF""}, ""capex_ppe"": {""cumulative"": 407945334.0, ""selection_rule"": ""exact_label_sum_normalized"", ""row_count"": 1, ""rows"": [{""account_id"": ""ifrs-full_PurchaseOfPropertyPlantAndEquipmentClassifiedAsInvestingActivities"", ""account_nm"": ""유형자산의 취득"", ""raw_cumulative"": 407945334.0, ""normalized_cumulative_spend"": 407945334.0, ""method"": ""cumulative_cf_thstrm_amount""}]}, ""capex_intangible"": {""cumulative"": 183831662.0, ""selection_rule"": ""exact_label_sum_normalized"", ""row_count"": 2, ""rows"": [{""account_id"": ""ifrs-full_PurchaseOfIntangibleAssetsClassifiedAsInvestingActivities"", ""account_nm"": ""무형자산의 취득"", ""raw_cumulative"": 183831662.0, ""normalized_cumulative_spend"": 183831662.0, ""method"": ""cumulative_cf_thstrm_amount""}, {""account_id"": ""dart_PurchaseOfOtherIntangibleAssets"", ""account_nm"": ""기타무형자산의 취득"", ""raw_cumulative"": 0.0, ""normalized_cumulative_spend"": 0.0, ""method"": ""cumulative_cf_thstrm_amount""}]}}",NOT_ASSIGNED_ACCOUNTING_STAGE,korea_dart_historical_seed_2015_2020.csv,True
00101752,케이씨피드,2020,Q3,11014,,CFS,False,True,ok,704138219.0,249289915.0,948456497.0,355368829.0,53030865921.0,2262798761.0,-2815188923.0,657399979.0,249454645.0,183831662.0,0.0,249454645.0,-3064643568.0,cumulative_difference,cumulative_difference,cumulative_difference,cumulative_difference,cumulative_difference,"{""operating_profit"": {""cumulative"": 704138219.0, ""selection_rule"": ""standard_id"", ""amount_method"": ""cumulative_thstrm_add_amount"", ""account_id"": ""dart_OperatingIncomeLoss"", ""account_nm"": ""영업이익(손실)"", ""sj_div"": ""CIS""}, ""net_income"": {""cumulative"": 948456497.0, ""selection_rule"": ""exact_label_fallback"", ""amount_method"": ""cumulative_thstrm_add_amount"", ""account_id"": ""ifrs-full_ProfitLoss"", ""account_nm"": ""당기순이익(손실)"", ""sj_div"": ""CIS""}, ""equity"": {""cumulative"": 53030865921.0, ""selection_rule"": ""exact_label_fallback"", ""amount_method"": ""instant_thstrm_amount"", ""account_id"": ""ifrs-full_Equity"", ""account_nm"": ""자본총계"", ""sj_div"": ""BS""}, ""cfo"": {""cumulative"": 2262798761.0, ""selection_rule"": ""exact_label_fallback"", ""amount_method"": ""cumulative_cf_thstrm_amount"", ""account_id"": ""ifrs-full_CashFlowsFromUsedInOperatingActivities"", ""account_nm"": ""영업활동현금흐름"", ""sj_div"": ""CF""}, ""capex_ppe"": {""cumulative"": 657399979.0, ""selection_rule"": ""exact_label_sum_normalized"", ""row_count"": 1, ""rows"": [{""account_id"": ""ifrs-full_PurchaseOfPropertyPlantAndEquipmentClassifiedAsInvestingActivities"", ""account_nm"": ""유형자산의 취득"", ""raw_cumulative"": 657399979.0, ""normalized_cumulative_spend"": 657399979.0, ""method"": ""cumulative_cf_thstrm_amount""}]}, ""capex_intangible"": {""cumulative"": 183831662.0, ""selection_rule"": ""exact_label_sum_normalized"", ""row_count"": 1, ""rows"": [{""account_id"": ""ifrs-full_PurchaseOfIntangibleAssetsClassifiedAsInvestingActivities"", ""account_nm"": ""무형자산의 취득"", ""raw_cumulative"": 183831662.0, ""normalized_cumulative_spend"": 183831662.0, ""method"": ""cumulative_cf_thstrm_amount""}]}}",NOT_ASSIGNED_ACCOUNTING_STAGE,korea_dart_historical_seed_2015_2020.csv,True
00101752,케이씨피드,2020,Q4,11011,,CFS,False,True,ok,1414553193.0,710414974.0,1108004094.0,159547597.0,53207379788.0,2829197080.0,566398319.0,757698710.0,100298731.0,183831662.0,0.0,100298731.0,466099588.0,cumulative_difference,cumulative_difference,cumulative_difference,cumulative_difference,cumulative_difference,"{""operating_profit"": {""cumulative"": 1414553193.0, ""selection_rule"": ""standard_id"", ""amount_method"": ""fy_thstrm_amount"", ""account_id"": ""dart_OperatingIncomeLoss"", ""account_nm"": ""영업이익(손실)"", ""sj_div"": ""CIS""}, ""net_income"": {""cumulative"": 1108004094.0, ""selection_rule"": ""exact_label_fallback"", ""amount_method"": ""fy_thstrm_amount"", ""account_id"": ""ifrs-full_ProfitLoss"", ""account_nm"": ""당기순이익(손실)"", ""sj_div"": ""CIS""}, ""equity"": {""cumulative"": 53207379788.0, ""selection_rule"": ""exact_label_fallback"", ""amount_method"": ""instant_thstrm_amount"", ""account_id"": ""ifrs-full_Equity"", ""account_nm"": ""자본총계"", ""sj_div"": ""BS""}, ""cfo"": {""cumulative"": 2829197080.0, ""selection_rule"": ""exact_label_fallback"", ""amount_method"": ""fy_thstrm_amount"", ""account_id"": ""ifrs-full_CashFlowsFromUsedInOperatingActivities"", ""account_nm"": ""영업활동현금흐름"", ""sj_div"": ""CF""}, ""capex_ppe"": {""cumulative"": 757698710.0, ""selection_rule"": ""exact_label_sum_normalized"", ""row_count"": 1, ""rows"": [{""account_id"": ""ifrs-full_PurchaseOfPropertyPlantAndEquipmentClassifiedAsInvestingActivities"", ""account_nm"": ""유형자산의 취득"", ""raw_cumulative"": 757698710.0, ""normalized_cumulative_spend"": 757698710.0, ""method"": ""fy_thstrm_amount""}]}, ""capex_intangible"": {""cumulative"": 183831662.0, ""selection_rule"": ""exact_label_sum_normalized"", ""row_count"": 1, ""rows"": [{""account_id"": ""ifrs-full_PurchaseOfIntangibleAssetsClassifiedAsInvestingActivities"", ""account_nm"": ""무형자산의 취득"", ""raw_cumulative"": 183831662.0, ""normalized_cumulative_spend"": 183831662.0, ""method"": ""fy_thstrm_amount""}]}}",NOT_ASSIGNED_ACCOUNTING_STAGE,korea_dart_historical_seed_2015_2020.csv,True
00102113,경인양행,2020,Q1,11013,,CFS,False,True,ok,2744800796.0,2744800796.0,2097956517.0,2097956517.0,236402869759.0,4258384541.0,4258384541.0,11124265842.0,11124265842.0,666909400.0,666909400.0,11791175242.0,-7532790701.0,direct_q1,direct_q1,direct_q1,direct_q1,direct_q1,"{""operating_profit"": {""cumulative"": 2744800796.0, ""selection_rule"": ""standard_id"", ""amount_method"": ""q1_thstrm_amount"", ""account_id"": ""dart_OperatingIncomeLoss"", ""account_nm"": ""영업이익(손실)"", ""sj_div"": ""CIS""}, ""net_income"": {""cumulative"": 2097956517.0, ""selection_rule"": ""exact_label_fallback"", ""amount_method"": ""q1_thstrm_amount"", ""account_id"": ""ifrs-full_ProfitLoss"", ""account_nm"": ""당기순이익(손실)"", ""sj_div"": ""CIS""}, ""equity"": {""cumulative"": 236402869759.0, ""selection_rule"": ""exact_label_fallback"", ""amount_method"": ""instant_thstrm_amount"", ""account_id"": ""ifrs-full_Equity"", ""account_nm"": ""자본총계"", ""sj_div"": ""BS""}, ""cfo"": {""cumulative"": 4258384541.0, ""selection_rule"": ""exact_label_fallback"", ""amount_method"": ""q1_thstrm_amount"", ""account_id"": ""ifrs-full_CashFlowsFromUsedInOperatingActivities"", ""account_nm"": ""영업활동현금흐름"", ""sj_div"": ""CF""}, ""capex_ppe"": {""cumulative"": 11124265842.0, ""selection_rule"": ""exact_label_sum_normalized"", ""row_count"": 1, ""rows"": [{""account_id"": ""ifrs-full_PurchaseOfPropertyPlantAndEquipmentClassifiedAsInvestingActivities"", ""account_nm"": ""유형자산의 취득"", ""raw_cumulative"": 11124265842.0, ""normalized_cumulative_spend"": 11124265842.0, ""method"": ""q1_thstrm_amount""}]}, ""capex_intangible"": {""cumulative"": 666909400.0, ""selection_rule"": ""exact_label_sum_normalized"", ""row_count"": 1, ""rows"": [{""account_id"": ""ifrs-full_PurchaseOfIntangibleAssetsClassifiedAsInvestingActivities"", ""account_nm"": ""무형자산의 취득"", ""raw_cumulative"": 666909400.0, ""normalized_cumulative_spend"": 666909400.0, ""method"": ""q1_thstrm_amount""}]}}",NOT_ASSIGNED_ACCOUNTING_STAGE,korea_dart_historical_seed_2015_2020.csv,True
00102113,경인양행,2020,Q2,11012,,CFS,False,True,ok,3467161221.0,722360425.0,-873752026.0,-2971708543.0,234282538574.0,15591680243.0,11333295702.0,25150882318.0,14026616476.0,506024400.0,,,,cumulative_difference,cumulative_difference,cumulative_difference,cumulative_difference,negative_normalized_capex_delta_missing,"{""operating_profit"": {""cumulative"": 3467161221.0, ""selection_rule"": ""standard_id"", ""amount_method"": ""cumulative_thstrm_add_amount"", ""account_id"": ""dart_OperatingIncomeLoss"", ""account_nm"": ""영업이익(손실)"", ""sj_div"": ""CIS""}, ""net_income"": {""cumulative"": -873752026.0, ""selection_rule"": ""exact_label_fallback"", ""amount_method"": ""cumulative_thstrm_add_amount"", ""account_id"": ""ifrs-full_ProfitLoss"", ""account_nm"": ""당기순이익(손실)"", ""sj_div"": ""CIS""}, ""equity"": {""cumulative"": 234282538574.0, ""selection_rule"": ""exact_label_fallback"", ""amount_method"": ""instant_thstrm_amount"", ""account_id"": ""ifrs-full_Equity"", ""account_nm"": ""자본총계"", ""sj_div"": ""BS""}, ""cfo"": {""cumulative"": 15591680243.0, ""selection_rule"": ""exact_label_fallback"", ""amount_method"": ""cumulative_cf_thstrm_amount"", ""account_id"": ""ifrs-full_CashFlowsFromUsedInOperatingActivities"", ""account_nm"": ""영업활동현금흐름"", ""sj_div"": ""CF""}, ""capex_ppe"": {""cumulative"": 25150882318.0, ""selection_rule"": ""exact_label_sum_normalized"", ""row_count"": 1, ""rows"": [{""account_id"": ""ifrs-full_PurchaseOfPropertyPlantAndEquipmentClassifiedAsInvestingActivities"", ""account_nm"": ""유형자산의 취득"", ""raw_cumulative"": 25150882318.0, ""normalized_cumulative_spend"": 25150882318.0, ""method"": ""cumulative_cf_thstrm_amount""}]}, ""capex_intangible"": {""cumulative"": 506024400.0, ""selection_rule"": ""exact_label_sum_normalized"", ""row_count"": 1, ""rows"": [{""account_id"": ""ifrs-full_PurchaseOfIntangibleAssetsClassifiedAsInvestingActivities"", ""account_nm"": ""무형자산의 취득"", ""raw_cumulative"": 506024400.0, ""normalized_cumulative_spend"": 506024400.0, ""method"": ""cumulative_cf_thstrm_amount""}]}}",NOT_ASSIGNED_ACCOUNTING_STAGE,korea_dart_historical_seed_2015_2020.csv,True
00102113,경인양행,2020,Q3,11014,,CFS,False,True,ok,2626146878.0,-841014343.0,-2025263333.0,-1151511307.0,234742637173.0,38357215906.0,22765535663.0,36830018175.0,11679135857.0,1027972400.0,521948000.0,12201083857.0,10564451806.0,cumulative_difference,cumulative_difference,cumulative_difference,cumulative_difference,cumulative_difference,"{""operating_profit"": {""cumulative"": 2626146878.0, ""selection_rule"": ""standard_id"", ""amount_method"": ""cumulative_thstrm_add_amount"", ""account_id"": ""dart_OperatingIncomeLoss"", ""account_nm"": ""영업이익(손실)"", ""sj_div"": ""CIS""}, ""net_income"": {""cumulative"": -2025263333.0, ""selection_rule"": ""exact_label_fallback"", ""amount_method"": ""cumulative_thstrm_add_amount"", ""account_id"": ""ifrs-full_ProfitLoss"", ""account_nm"": ""당기순이익(손실)"", ""sj_div"": ""CIS""}, ""equity"": {""cumulative"": 234742637173.0, ""selection_rule"": ""exact_label_fallback"", ""amount_method"": ""instant_thstrm_amount"", ""account_id"": ""ifrs-full_Equity"", ""account_nm"": ""자본총계"", ""sj_div"": ""BS""}, ""cfo"": {""cumulative"": 38357215906.0, ""selection_rule"": ""exact_label_fallback"", ""amount_method"": ""cumulative_cf_thstrm_amount"", ""account_id"": ""ifrs-full_CashFlowsFromUsedInOperatingActivities"", ""account_nm"": ""영업활동현금흐름"", ""sj_div"": ""CF""}, ""capex_ppe"": {""cumulative"": 36830018175.0, ""selection_rule"": ""exact_label_sum_normalized"", ""row_count"": 1, ""rows"": [{""account_id"": ""ifrs-full_PurchaseOfPropertyPlantAndEquipmentClassifiedAsInvestingActivities"", ""account_nm"": ""유형자산의 취득"", ""raw_cumulative"": 36830018175.0, ""normalized_cumulative_spend"": 36830018175.0, ""method"": ""cumulative_cf_thstrm_amount""}]}, ""capex_intangible"": {""cumulative"": 1027972400.0, ""selection_rule"": ""exact_label_sum_normalized"", ""row_count"": 1, ""rows"": [{""account_id"": ""ifrs-full_PurchaseOfIntangibleAssetsClassifiedAsInvestingActivities"", ""account_nm"": ""무형자산의 취득"", ""raw_cumulative"": 1027972400.0, ""normalized_cumulative_spend"": 1027972400.0, ""method"": ""cumulative_cf_thstrm_amount""}]}}",NOT_ASSIGNED_ACCOUNTING_STAGE,korea_dart_historical_seed_2015_2020.csv,True
00102113,경인양행,2020,Q4,11011,,CFS,False,True,ok,3369846654.0,743699776.0,-7581553453.0,-5556290120.0,228381755528.0,54549633846.0,16192417940.0,41955581734.0,5125563559.0,2350120400.0,1322148000.0,6447711559.0,9744706381.0,cumulative_difference,cumulative_difference,cumulative_difference,cumulative_difference,cumulative_difference,"{""operating_profit"": {""cumulative"": 3369846654.0, ""selection_rule"": ""standard_id"", ""amount_method"": ""fy_thstrm_amount"", ""account_id"": ""dart_OperatingIncomeLoss"", ""account_nm"": ""영업이익(손실)"", ""sj_div"": ""CIS""}, ""net_income"": {""cumulative"": -7581553453.0, ""selection_rule"": ""exact_label_fallback"", ""amount_method"": ""fy_thstrm_amount"", ""account_id"": ""ifrs-full_ProfitLoss"", ""account_nm"": ""당기순이익(손실)"", ""sj_div"": ""CIS""}, ""equity"": {""cumulative"": 228381755528.0, ""selection_rule"": ""exact_label_fallback"", ""amount_method"": ""instant_thstrm_amount"", ""account_id"": ""ifrs-full_Equity"", ""account_nm"": ""자본총계"", ""sj_div"": ""BS""}, ""cfo"": {""cumulative"": 54549633846.0, ""selection_rule"": ""exact_label_fallback"", ""amount_method"": ""fy_thstrm_amount"", ""account_id"": ""ifrs-full_CashFlowsFromUsedInOperatingActivities"", ""account_nm"": ""영업활동현금흐름"", ""sj_div"": ""CF""}, ""capex_ppe"": {""cumulative"": 41955581734.0, ""selection_rule"": ""exact_label_sum_normalized"", ""row_count"": 1, ""rows"": [{""account_id"": ""ifrs-full_PurchaseOfPropertyPlantAndEquipmentClassifiedAsInvestingActivities"", ""account_nm"": ""유형자산의 취득"", ""raw_cumulative"": 41955581734.0, ""normalized_cumulative_spend"": 41955581734.0, ""method"": ""fy_thstrm_amount""}]}, ""capex_intangible"": {""cumulative"": 2350120400.0, ""selection_rule"": ""exact_label_sum_normalized"", ""row_count"": 1, ""rows"": [{""account_id"": ""ifrs-full_PurchaseOfIntangibleAssetsClassifiedAsInvestingActivities"", ""account_nm"": ""무형자산의 취득"", ""raw_cumulative"": 2350120400.0, ""normalized_cumulative_spend"": 2350120400.0, ""method"": ""fy_thstrm_amount""}]}}",NOT_ASSIGNED_ACCOUNTING_STAGE,korea_dart_historical_seed_2015_2020.csv,True
00102140,경인전자,2020,Q1,11013,,CFS,False,True,ok,-450111074.0,-450111074.0,493413957.0,493413957.0,54742663834.0,336613801.0,336613801.0,38920251.0,38920251.0,,,,,direct_q1,direct_q1,direct_q1,direct_q1,missing,"{""operating_profit"": {""cumulative"": -450111074.0, ""selection_rule"": ""standard_id"", ""amount_method"": ""q1_thstrm_amount"", ""account_id"": ""dart_OperatingIncomeLoss"", ""account_nm"": ""영업이익(손실)"", ""sj_div"": ""CIS""}, ""net_income"": {""cumulative"": 493413957.0, ""selection_rule"": ""exact_label_fallback"", ""amount_method"": ""q1_thstrm_amount"", ""account_id"": ""ifrs-full_ProfitLoss"", ""account_nm"": ""당기순이익(손실)"", ""sj_div"": ""CIS""}, ""equity"": {""cumulative"": 54742663834.0, ""selection_rule"": ""exact_label_fallback"", ""amount_method"": ""instant_thstrm_amount"", ""account_id"": ""ifrs-full_Equity"", ""account_nm"": ""자본총계"", ""sj_div"": ""BS""}, ""cfo"": {""cumulative"": 336613801.0, ""selection_rule"": ""exact_label_fallback"", ""amount_method"": ""q1_thstrm_amount"", ""account_id"": ""ifrs-full_CashFlowsFromUsedInOperatingActivities"", ""account_nm"": ""영업활동현금흐름"", ""sj_div"": ""CF""}, ""capex_ppe"": {""cumulative"": 38920251.0, ""selection_rule"": ""exact_label_sum_normalized"", ""row_count"": 1, ""rows"": [{""account_id"": ""ifrs-full_PurchaseOfPropertyPlantAndEquipmentClassifiedAsInvestingActivities"", ""account_nm"": ""유형자산의 취득"", ""raw_cumulative"": 38920251.0, ""normalized_cumulative_spend"": 38920251.0, ""method"": ""q1_thstrm_amount""}]}, ""capex_intangible"": {""cumulative"": null, ""selection_rule"": ""no_qualifying_rows_missing"", ""row_count"": 0, ""rows"": []}}",NOT_ASSIGNED_ACCOUNTING_STAGE,korea_dart_historical_seed_2015_2020.csv,True
00102140,경인전자,2020,Q2,11012,,CFS,False,True,ok,37005125.0,487116199.0,1295445336.0,802031379.0,55420509287.0,-657405931.0,-994019732.0,145868845.0,106948594.0,2987728.0,,,,cumulative_difference,cumulative_difference,cumulative_difference,cumulative_difference,missing_predecessor_or_basis_change,"{""operating_profit"": {""cumulative"": 37005125.0, ""selection_rule"": ""standard_id"", ""amount_method"": ""cumulative_thstrm_add_amount"", ""account_id"": ""dart_OperatingIncomeLoss"", ""account_nm"": ""영업이익(손실)"", ""sj_div"": ""CIS""}, ""net_income"": {""cumulative"": 1295445336.0, ""selection_rule"": ""exact_label_fallback"", ""amount_method"": ""cumulative_thstrm_add_amount"", ""account_id"": ""ifrs-full_ProfitLoss"", ""account_nm"": ""당기순이익(손실)"", ""sj_div"": ""CIS""}, ""equity"": {""cumulative"": 55420509287.0, ""selection_rule"": ""exact_label_fallback"", ""amount_method"": ""instant_thstrm_amount"", ""account_id"": ""ifrs-full_Equity"", ""account_nm"": ""자본총계"", ""sj_div"": ""BS""}, ""cfo"": {""cumulative"": -657405931.0, ""selection_rule"": ""exact_label_fallback"", ""amount_method"": ""cumulative_cf_thstrm_amount"", ""account_id"": ""ifrs-full_CashFlowsFromUsedInOperatingActivities"", ""account_nm"": ""영업활동현금흐름"", ""sj_div"": ""CF""}, ""capex_ppe"": {""cumulative"": 145868845.0, ""selection_rule"": ""exact_label_sum_normalized"", ""row_count"": 1, ""rows"": [{""account_id"": ""ifrs-full_PurchaseOfPropertyPlantAndEquipmentClassifiedAsInvestingActivities"", ""account_nm"": ""유형자산의 취득"", ""raw_cumulative"": 145868845.0, ""normalized_cumulative_spend"": 145868845.0, ""method"": ""cumulative_cf_thstrm_amount""}]}, ""capex_intangible"": {""cumulative"": 2987728.0, ""selection_rule"": ""exact_label_sum_normalized"", ""row_count"": 1, ""rows"": [{""account_id"": ""ifrs-full_PurchaseOfIntangibleAssetsClassifiedAsInvestingActivities"", ""account_nm"": ""무형자산의 취득"", ""raw_cumulative"": 2987728.0, ""normalized_cumulative_spend"": 2987728.0, ""method"": ""cumulative_cf_thstrm_amount""}]}}",NOT_ASSIGNED_ACCOUNTING_STAGE,korea_dart_historical_seed_2015_2020.csv,True
00102140,경인전자,2020,Q3,11014,,CFS,False,True,ok,841186129.0,804181004.0,2232951490.0,937506154.0,56426983678.0,-1332678160.0,-675272229.0,257014158.0,111145313.0,10487728.0,7500000.0,118645313.0,-793917542.0,cumulative_difference,cumulative_difference,cumulative_difference,cumulative_difference,cumulative_difference,"{""operating_profit"": {""cumulative"": 841186129.0, ""selection_rule"": ""standard_id"", ""amount_method"": ""cumulative_thstrm_add_amount"", ""account_id"": ""dart_OperatingIncomeLoss"", ""account_nm"": ""영업이익(손실)"", ""sj_div"": ""CIS""}, ""net_income"": {""cumulative"": 2232951490.0, ""selection_rule"": ""exact_label_fallback"", ""amount_method"": ""cumulative_thstrm_add_amount"", ""account_id"": ""ifrs-full_ProfitLoss"", ""account_nm"": ""당기순이익(손실)"", ""sj_div"": ""CIS""}, ""equity"": {""cumulative"": 56426983678.0, ""selection_rule"": ""exact_label_fallback"", ""amount_method"": ""instant_thstrm_amount"", ""account_id"": ""ifrs-full_Equity"", ""account_nm"": ""자본총계"", ""sj_div"": ""BS""}, ""cfo"": {""cumulative"": -1332678160.0, ""selection_rule"": ""exact_label_fallback"", ""amount_method"": ""cumulative_cf_thstrm_amount"", ""account_id"": ""ifrs-full_CashFlowsFromUsedInOperatingActivities"", ""account_nm"": ""영업활동현금흐름"", ""sj_div"": ""CF""}, ""capex_ppe"": {""cumulative"": 257014158.0, ""selection_rule"": ""exact_label_sum_normalized"", ""row_count"": 1, ""rows"": [{""account_id"": ""ifrs-full_PurchaseOfPropertyPlantAndEquipmentClassifiedAsInvestingActivities"", ""account_nm"": ""유형자산의 취득"", ""raw_cumulative"": 257014158.0, ""normalized_cumulative_spend"": 257014158.0, ""method"": ""cumulative_cf_thstrm_amount""}]}, ""capex_intangible"": {""cumulative"": 10487728.0, ""selection_rule"": ""exact_label_sum_normalized"", ""row_count"": 1, ""rows"": [{""account_id"": ""ifrs-full_PurchaseOfIntangibleAssetsClassifiedAsInvestingActivities"", ""account_nm"": ""무형자산의 취득"", ""raw_cumulative"": 10487728.0, ""normalized_cumulative_spend"": 10487728.0, ""method"": ""cumulative_cf_thstrm_amount""}]}}",NOT_ASSIGNED_ACCOUNTING_STAGE,korea_dart_historical_seed_2015_2020.csv,True
00102140,경인전자,2020,Q4,11011,,CFS,False,True,ok,968626905.0,127440776.0,1350532788.0,-882418702.0,54067922520.0,-2846032031.0,-1513353871.0,374281014.0,117266856.0,15323364.0,4835636.0,122102492.0,-1635456363.0,cumulative_difference,cumulative_difference,cumulative_difference,cumulative_difference,cumulative_difference,"{""operating_profit"": {""cumulative"": 968626905.0, ""selection_rule"": ""standard_id"", ""amount_method"": ""fy_thstrm_amount"", ""account_id"": ""dart_OperatingIncomeLoss"", ""account_nm"": ""영업이익(손실)"", ""sj_div"": ""CIS""}, ""net_income"": {""cumulative"": 1350532788.0, ""selection_rule"": ""exact_label_fallback"", ""amount_method"": ""fy_thstrm_amount"", ""account_id"": ""ifrs-full_ProfitLoss"", ""account_nm"": ""당기순이익(손실)"", ""sj_div"": ""CIS""}, ""equity"": {""cumulative"": 54067922520.0, ""selection_rule"": ""exact_label_fallback"", ""amount_method"": ""instant_thstrm_amount"", ""account_id"": ""ifrs-full_Equity"", ""account_nm"": ""자본총계"", ""sj_div"": ""BS""}, ""cfo"": {""cumulative"": -2846032031.0, ""selection_rule"": ""exact_label_fallback"", ""amount_method"": ""fy_thstrm_amount"", ""account_id"": ""ifrs-full_CashFlowsFromUsedInOperatingActivities"", ""account_nm"": ""영업활동현금흐름"", ""sj_div"": ""CF""}, ""capex_ppe"": {""cumulative"": 374281014.0, ""selection_rule"": ""exact_label_sum_normalized"", ""row_count"": 1, ""rows"": [{""account_id"": ""ifrs-full_PurchaseOfPropertyPlantAndEquipmentClassifiedAsInvestingActivities"", ""account_nm"": ""유형자산의 취득"", ""raw_cumulative"": 374281014.0, ""normalized_cumulative_spend"": 374281014.0, ""method"": ""fy_thstrm_amount""}]}, ""capex_intangible"": {""cumulative"": 15323364.0, ""selection_rule"": ""exact_label_sum_normalized"", ""row_count"": 1, ""rows"": [{""account_id"": ""ifrs-full_PurchaseOfIntangibleAssetsClassifiedAsInvestingActivities"", ""account_nm"": ""무형자산의 취득"", ""raw_cumulative"": 15323364.0, ""normalized_cumulative_spend"": 15323364.0, ""method"": ""fy_thstrm_amount""}]}}",NOT_ASSIGNED_ACCOUNTING_STAGE,korea_dart_historical_seed_2015_2020.csv,True
00102353,경창산업,2020,Q1,11013,,CFS,False,True,ok,-5559585306.0,-5559585306.0,-5345446611.0,-5345446611.0,87600280288.0,7605804435.0,7605804435.0,6881983583.0,6881983583.0,939576364.0,939576364.0,7821559947.0,-215755512.0,direct_q1,direct_q1,direct_q1,direct_q1,direct_q1,"{""operating_profit"": {""cumulative"": -5559585306.0, ""selection_rule"": ""standard_id"", ""amount_method"": ""q1_thstrm_amount"", ""account_id"": ""dart_OperatingIncomeLoss"", ""account_nm"": ""영업이익(손실)"", ""sj_div"": ""CIS""}, ""net_income"": {""cumulative"": -5345446611.0, ""selection_rule"": ""exact_label_fallback"", ""amount_method"": ""q1_thstrm_amount"", ""account_id"": ""ifrs-full_ProfitLoss"", ""account_nm"": ""당기순이익(손실)"", ""sj_div"": ""CIS""}, ""equity"": {""cumulative"": 87600280288.0, ""selection_rule"": ""exact_label_fallback"", ""amount_method"": ""instant_thstrm_amount"", ""account_id"": ""ifrs-full_Equity"", ""account_nm"": ""자본총계"", ""sj_div"": ""BS""}, ""cfo"": {""cumulative"": 7605804435.0, ""selection_rule"": ""exact_label_fallback"", ""amount_method"": ""q1_thstrm_amount"", ""account_id"": ""ifrs-full_CashFlowsFromUsedInOperatingActivities"", ""account_nm"": ""영업활동현금흐름"", ""sj_div"": ""CF""}, ""capex_ppe"": {""cumulative"": 6881983583.0, ""selection_rule"": ""exact_label_sum_normalized"", ""row_count"": 1, ""rows"": [{""account_id"": ""ifrs-full_PurchaseOfPropertyPlantAndEquipmentClassifiedAsInvestingActivities"", ""account_nm"": ""유형자산의 취득"", ""raw_cumulative"": 6881983583.0, ""normalized_cumulative_spend"": 6881983583.0, ""method"": ""q1_thstrm_amount""}]}, ""capex_intangible"": {""cumulative"": 939576364.0, ""selection_rule"": ""exact_label_sum_normalized"", ""row_count"": 2, ""rows"": [{""account_id"": ""-표준계정코드 미사용-"", ""account_nm"": ""무형자산취득"", ""raw_cumulative"": 939576364.0, ""normalized_cumulative_spend"": 939576364.0, ""method"": ""q1_thstrm_amount""}, {""account_id"": ""ifrs-full_PurchaseOfIntangibleAssetsClassifiedAsInvestingActivities"", ""account_nm"": ""무형자산의 취득"", ""raw_cumulative"": null, ""normalized_cumulative_spend"": null, ""method"": ""missing""}]}}",NOT_ASSIGNED_ACCOUNTING_STAGE,korea_dart_historical_seed_2015_2020.csv,True
00102353,경창산업,2020,Q2,11012,,CFS,False,True,ok,-2836001505.0,2723583801.0,-6186481646.0,-841035035.0,86958114500.0,19483340516.0,11877536081.0,10185898151.0,3303914568.0,9867000.0,,,,cumulative_difference,cumulative_difference,cumulative_difference,cumulative_difference,negative_normalized_capex_delta_missing,"{""operating_profit"": {""cumulative"": -2836001505.0, ""selection_rule"": ""standard_id"", ""amount_method"": ""cumulative_thstrm_add_amount"", ""account_id"": ""dart_OperatingIncomeLoss"", ""account_nm"": ""영업이익(손실)"", ""sj_div"": ""CIS""}, ""net_income"": {""cumulative"": -6186481646.0, ""selection_rule"": ""exact_label_fallback"", ""amount_method"": ""cumulative_thstrm_add_amount"", ""account_id"": ""ifrs-full_ProfitLoss"", ""account_nm"": ""당기순이익(손실)"", ""sj_div"": ""CIS""}, ""equity"": {""cumulative"": 86958114500.0, ""selection_rule"": ""exact_label_fallback"", ""amount_method"": ""instant_thstrm_amount"", ""account_id"": ""ifrs-full_Equity"", ""account_nm"": ""자본총계"", ""sj_div"": ""BS""}, ""cfo"": {""cumulative"": 19483340516.0, ""selection_rule"": ""exact_label_fallback"", ""amount_method"": ""cumulative_cf_thstrm_amount"", ""account_id"": ""ifrs-full_CashFlowsFromUsedInOperatingActivities"", ""account_nm"": ""영업활동현금흐름"", ""sj_div"": ""CF""}, ""capex_ppe"": {""cumulative"": 10185898151.0, ""selection_rule"": ""exact_label_sum_normalized"", ""row_count"": 1, ""rows"": [{""account_id"": ""ifrs-full_PurchaseOfPropertyPlantAndEquipmentClassifiedAsInvestingActivities"", ""account_nm"": ""유형자산의 취득"", ""raw_cumulative"": 10185898151.0, ""normalized_cumulative_spend"": 10185898151.0, ""method"": ""cumulative_cf_thstrm_amount""}]}, ""capex_intangible"": {""cumulative"": 9867000.0, ""selection_rule"": ""exact_label_sum_normalized"", ""row_count"": 1, ""rows"": [{""account_id"": ""ifrs-full_PurchaseOfIntangibleAssetsClassifiedAsInvestingActivities"", ""account_nm"": ""무형자산의 취득"", ""raw_cumulative"": 9867000.0, ""normalized_cumulative_spend"": 9867000.0, ""method"": ""cumulative_cf_thstrm_amount""}]}}",NOT_ASSIGNED_ACCOUNTING_STAGE,korea_dart_historical_seed_2015_2020.csv,True
00102353,경창산업,2020,Q3,11014,,CFS,False,True,ok,1068680803.0,3904682308.0,-4785956010.0,1400525636.0,87924829243.0,27636381226.0,8153040710.0,12117241859.0,1931343708.0,81897500.0,72030500.0,2003374208.0,6149666502.0,cumulative_difference,cumulative_difference,cumulative_difference,cumulative_difference,cumulative_difference,"{""operating_profit"": {""cumulative"": 1068680803.0, ""selection_rule"": ""standard_id"", ""amount_method"": ""cumulative_thstrm_add_amount"", ""account_id"": ""dart_OperatingIncomeLoss"", ""account_nm"": ""영업이익(손실)"", ""sj_div"": ""CIS""}, ""net_income"": {""cumulative"": -4785956010.0, ""selection_rule"": ""exact_label_fallback"", ""amount_method"": ""cumulative_thstrm_add_amount"", ""account_id"": ""ifrs-full_ProfitLoss"", ""account_nm"": ""당기순이익(손실)"", ""sj_div"": ""CIS""}, ""equity"": {""cumulative"": 87924829243.0, ""selection_rule"": ""exact_label_fallback"", ""amount_method"": ""instant_thstrm_amount"", ""account_id"": ""ifrs-full_Equity"", ""account_nm"": ""자본총계"", ""sj_div"": ""BS""}, ""cfo"": {""cumulative"": 27636381226.0, ""selection_rule"": ""exact_label_fallback"", ""amount_method"": ""cumulative_cf_thstrm_amount"", ""account_id"": ""ifrs-full_CashFlowsFromUsedInOperatingActivities"", ""account_nm"": ""영업활동현금흐름"", ""sj_div"": ""CF""}, ""capex_ppe"": {""cumulative"": 12117241859.0, ""selection_rule"": ""exact_label_sum_normalized"", ""row_count"": 1, ""rows"": [{""account_id"": ""ifrs-full_PurchaseOfPropertyPlantAndEquipmentClassifiedAsInvestingActivities"", ""account_nm"": ""유형자산의 취득"", ""raw_cumulative"": 12117241859.0, ""normalized_cumulative_spend"": 12117241859.0, ""method"": ""cumulative_cf_thstrm_amount""}]}, ""capex_intangible"": {""cumulative"": 81897500.0, ""selection_rule"": ""exact_label_sum_normalized"", ""row_count"": 1, ""rows"": [{""account_id"": ""ifrs-full_PurchaseOfIntangibleAssetsClassifiedAsInvestingActivities"", ""account_nm"": ""무형자산의 취득"", ""raw_cumulative"": 81897500.0, ""normalized_cumulative_spend"": 81897500.0, ""method"": ""cumulative_cf_thstrm_amount""}]}}",NOT_ASSIGNED_ACCOUNTING_STAGE,korea_dart_historical_seed_2015_2020.csv,True
00102353,경창산업,2020,Q4,11011,,CFS,False,True,ok,13865840899.0,12797160096.0,4607253455.0,9393209465.0,99178714315.0,62012945434.0,34376564208.0,19602641993.0,7485400134.0,700318647.0,618421147.0,8103821281.0,26272742927.0,cumulative_difference,cumulative_difference,cumulative_difference,cumulative_difference,cumulative_difference,"{""operating_profit"": {""cumulative"": 13865840899.0, ""selection_rule"": ""standard_id"", ""amount_method"": ""fy_thstrm_amount"", ""account_id"": ""dart_OperatingIncomeLoss"", ""account_nm"": ""영업이익(손실)"", ""sj_div"": ""CIS""}, ""net_income"": {""cumulative"": 4607253455.0, ""selection_rule"": ""exact_label_fallback"", ""amount_method"": ""fy_thstrm_amount"", ""account_id"": ""ifrs-full_ProfitLoss"", ""account_nm"": ""당기순이익(손실)"", ""sj_div"": ""CIS""}, ""equity"": {""cumulative"": 99178714315.0, ""selection_rule"": ""exact_label_fallback"", ""amount_method"": ""instant_thstrm_amount"", ""account_id"": ""ifrs-full_Equity"", ""account_nm"": ""자본총계"", ""sj_div"": ""BS""}, ""cfo"": {""cumulative"": 62012945434.0, ""selection_rule"": ""exact_label_fallback"", ""amount_method"": ""fy_thstrm_amount"", ""account_id"": ""ifrs-full_CashFlowsFromUsedInOperatingActivities"", ""account_nm"": ""영업활동현금흐름"", ""sj_div"": ""CF""}, ""capex_ppe"": {""cumulative"": 19602641993.0, ""selection_rule"": ""exact_label_sum_normalized"", ""row_count"": 1, ""rows"": [{""account_id"": ""ifrs-full_PurchaseOfPropertyPlantAndEquipmentClassifiedAsInvestingActivities"", ""account_nm"": ""유형자산의 취득"", ""raw_cumulative"": 19602641993.0, ""normalized_cumulative_spend"": 19602641993.0, ""method"": ""fy_thstrm_amount""}]}, ""capex_intangible"": {""cumulative"": 700318647.0, ""selection_rule"": ""exact_label_sum_normalized"", ""row_count"": 1, ""rows"": [{""account_id"": ""ifrs-full_PurchaseOfIntangibleAssetsClassifiedAsInvestingActivities"", ""account_nm"": ""무형자산의 취득"", ""raw_cumulative"": 700318647.0, ""normalized_cumulative_spend"": 700318647.0, ""method"": ""fy_thstrm_amount""}]}}",NOT_ASSIGNED_ACCOUNTING_STAGE,korea_dart_historical_seed_2015_2020.csv,True
00102432,계룡건설산업,2020,Q1,11013,,CFS,False,True,ok,24645247909.0,24645247909.0,12377941671.0,12377941671.0,509216246831.0,72190287457.0,72190287457.0,112214190.0,112214190.0,0.0,0.0,112214190.0,72078073267.0,direct_q1,direct_q1,direct_q1,direct_q1,direct_q1,"{""operating_profit"": {""cumulative"": 24645247909.0, ""selection_rule"": ""standard_id"", ""amount_method"": ""q1_thstrm_amount"", ""account_id"": ""dart_OperatingIncomeLoss"", ""account_nm"": ""영업이익(손실)"", ""sj_div"": ""IS""}, ""net_income"": {""cumulative"": 12377941671.0, ""selection_rule"": ""exact_label_duplicate_same_value"", ""amount_method"": ""q1_thstrm_amount"", ""account_id"": ""ifrs-full_ProfitLoss"", ""account_nm"": ""당기순이익(손실)"", ""sj_div"": ""IS""}, ""equity"": {""cumulative"": 509216246831.0, ""selection_rule"": ""exact_label_fallback"", ""amount_method"": ""instant_thstrm_amount"", ""account_id"": ""ifrs-full_Equity"", ""account_nm"": ""자본총계"", ""sj_div"": ""BS""}, ""cfo"": {""cumulative"": 72190287457.0, ""selection_rule"": ""exact_label_fallback"", ""amount_method"": ""q1_thstrm_amount"", ""account_id"": ""ifrs-full_CashFlowsFromUsedInOperatingActivities"", ""account_nm"": ""영업활동현금흐름"", ""sj_div"": ""CF""}, ""capex_ppe"": {""cumulative"": 112214190.0, ""selection_rule"": ""exact_label_sum_normalized"", ""row_count"": 1, ""rows"": [{""account_id"": ""ifrs-full_PurchaseOfPropertyPlantAndEquipmentClassifiedAsInvestingActivities"", ""account_nm"": ""유형자산의 취득"", ""raw_cumulative"": 112214190.0, ""normalized_cumulative_spend"": 112214190.0, ""method"": ""q1_thstrm_amount""}]}, ""capex_intangible"": {""cumulative"": 0.0, ""selection_rule"": ""exact_label_sum_normalized"", ""row_count"": 1, ""rows"": [{""account_id"": ""ifrs-full_PurchaseOfIntangibleAssetsClassifiedAsInvestingActivities"", ""account_nm"": ""무형자산의 취득"", ""raw_cumulative"": 0.0, ""normalized_cumulative_spend"": 0.0, ""method"": ""q1_thstrm_amount""}]}}",NOT_ASSIGNED_ACCOUNTING_STAGE,korea_dart_historical_seed_2015_2020.csv,True
00102432,계룡건설산업,2020,Q2,11012,,CFS,False,True,ok,68394475346.0,43749227437.0,38433763658.0,26055821987.0,535317309472.0,139755513310.0,67565225853.0,1387147127.0,1274932937.0,0.0,0.0,1274932937.0,66290292916.0,cumulative_difference,cumulative_difference,cumulative_difference,cumulative_difference,cumulative_difference,"{""operating_profit"": {""cumulative"": 68394475346.0, ""selection_rule"": ""standard_id"", ""amount_method"": ""cumulative_thstrm_add_amount"", ""account_id"": ""dart_OperatingIncomeLoss"", ""account_nm"": ""영업이익(손실)"", ""sj_div"": ""IS""}, ""net_income"": {""cumulative"": 38433763658.0, ""selection_rule"": ""exact_label_duplicate_same_value"", ""amount_method"": ""cumulative_thstrm_add_amount"", ""account_id"": ""ifrs-full_ProfitLoss"", ""account_nm"": ""당기순이익(손실)"", ""sj_div"": ""IS""}, ""equity"": {""cumulative"": 535317309472.0, ""selection_rule"": ""exact_label_fallback"", ""amount_method"": ""instant_thstrm_amount"", ""account_id"": ""ifrs-full_Equity"", ""account_nm"": ""자본총계"", ""sj_div"": ""BS""}, ""cfo"": {""cumulative"": 139755513310.0, ""selection_rule"": ""exact_label_fallback"", ""amount_method"": ""cumulative_cf_thstrm_amount"", ""account_id"": ""ifrs-full_CashFlowsFromUsedInOperatingActivities"", ""account_nm"": ""영업활동현금흐름"", ""sj_div"": ""CF""}, ""capex_ppe"": {""cumulative"": 1387147127.0, ""selection_rule"": ""exact_label_sum_normalized"", ""row_count"": 1, ""rows"": [{""account_id"": ""ifrs-full_PurchaseOfPropertyPlantAndEquipmentClassifiedAsInvestingActivities"", ""account_nm"": ""유형자산의 취득"", ""raw_cumulative"": 1387147127.0, ""normalized_cumulative_spend"": 1387147127.0, ""method"": ""cumulative_cf_thstrm_amount""}]}, ""capex_intangible"": {""cumulative"": 0.0, ""selection_rule"": ""exact_label_sum_normalized"", ""row_count"": 1, ""rows"": [{""account_id"": ""ifrs-full_PurchaseOfIntangibleAssetsClassifiedAsInvestingActivities"", ""account_nm"": ""무형자산의 취득"", ""raw_cumulative"": 0.0, ""normalized_cumulative_spend"": 0.0, ""method"": ""cumulative_cf_thstrm_amount""}]}}",NOT_ASSIGNED_ACCOUNTING_STAGE,korea_dart_historical_seed_2015_2020.csv,True
00102432,계룡건설산업,2020,Q3,11014,,CFS,False,True,ok,119172215333.0,50777739987.0,72388660228.0,33954896570.0,568830282546.0,131039122395.0,-8716390915.0,3795326714.0,2408179587.0,,,,,cumulative_difference,cumulative_difference,cumulative_difference,cumulative_difference,missing_predecessor_or_basis_change,"{""operating_profit"": {""cumulative"": 119172215333.0, ""selection_rule"": ""standard_id"", ""amount_method"": ""cumulative_thstrm_add_amount"", ""account_id"": ""dart_OperatingIncomeLoss"", ""account_nm"": ""영업이익(손실)"", ""sj_div"": ""IS""}, ""net_income"": {""cumulative"": 72388660228.0, ""selection_rule"": ""exact_label_duplicate_same_value"", ""amount_method"": ""cumulative_thstrm_add_amount"", ""account_id"": ""ifrs-full_ProfitLoss"", ""account_nm"": ""당기순이익(손실)"", ""sj_div"": ""IS""}, ""equity"": {""cumulative"": 568830282546.0, ""selection_rule"": ""exact_label_fallback"", ""amount_method"": ""instant_thstrm_amount"", ""account_id"": ""ifrs-full_Equity"", ""account_nm"": ""자본총계"", ""sj_div"": ""BS""}, ""cfo"": {""cumulative"": 131039122395.0, ""selection_rule"": ""exact_label_fallback"", ""amount_method"": ""cumulative_cf_thstrm_amount"", ""account_id"": ""ifrs-full_CashFlowsFromUsedInOperatingActivities"", ""account_nm"": ""영업활동현금흐름"", ""sj_div"": ""CF""}, ""capex_ppe"": {""cumulative"": 3795326714.0, ""selection_rule"": ""exact_label_sum_normalized"", ""row_count"": 1, ""rows"": [{""account_id"": ""ifrs-full_PurchaseOfPropertyPlantAndEquipmentClassifiedAsInvestingActivities"", ""account_nm"": ""유형자산의 취득"", ""raw_cumulative"": 3795326714.0, ""normalized_cumulative_spend"": 3795326714.0, ""method"": ""cumulative_cf_thstrm_amount""}]}, ""capex_intangible"": {""cumulative"": null, ""selection_rule"": ""exact_label_sum_normalized"", ""row_count"": 1, ""rows"": [{""account_id"": ""ifrs-full_PurchaseOfIntangibleAssetsClassifiedAsInvestingActivities"", ""account_nm"": ""무형자산의 취득"", ""raw_cumulative"": null, ""normalized_cumulative_spend"": null, ""method"": ""cumulative_missing""}]}}",NOT_ASSIGNED_ACCOUNTING_STAGE,korea_dart_historical_seed_2015_2020.csv,True
00102432,계룡건설산업,2020,Q4,11011,,CFS,False,True,ok,174797290180.0,55625074847.0,95413721382.0,23025061154.0,606002084107.0,193764281939.0,62725159544.0,20037246834.0,16241920120.0,2320000.0,,,,cumulative_difference,cumulative_difference,cumulative_difference,cumulative_difference,missing_predecessor_or_basis_change,"{""operating_profit"": {""cumulative"": 174797290180.0, ""selection_rule"": ""standard_id"", ""amount_method"": ""fy_thstrm_amount"", ""account_id"": ""dart_OperatingIncomeLoss"", ""account_nm"": ""영업이익(손실)"", ""sj_div"": ""IS""}, ""net_income"": {""cumulative"": 95413721382.0, ""selection_rule"": ""exact_label_duplicate_same_value"", ""amount_method"": ""fy_thstrm_amount"", ""account_id"": ""ifrs-full_ProfitLoss"", ""account_nm"": ""당기순이익(손실)"", ""sj_div"": ""IS""}, ""equity"": {""cumulative"": 606002084107.0, ""selection_rule"": ""exact_label_fallback"", ""amount_method"": ""instant_thstrm_amount"", ""account_id"": ""ifrs-full_Equity"", ""account_nm"": ""자본총계"", ""sj_div"": ""BS""}, ""cfo"": {""cumulative"": 193764281939.0, ""selection_rule"": ""exact_label_fallback"", ""amount_method"": ""fy_thstrm_amount"", ""account_id"": ""ifrs-full_CashFlowsFromUsedInOperatingActivities"", ""account_nm"": ""영업활동현금흐름"", ""sj_div"": ""CF""}, ""capex_ppe"": {""cumulative"": 20037246834.0, ""selection_rule"": ""exact_label_sum_normalized"", ""row_count"": 1, ""rows"": [{""account_id"": ""ifrs-full_PurchaseOfPropertyPlantAndEquipmentClassifiedAsInvestingActivities"", ""account_nm"": ""유형자산의 취득"", ""raw_cumulative"": 20037246834.0, ""normalized_cumulative_spend"": 20037246834.0, ""method"": ""fy_thstrm_amount""}]}, ""capex_intangible"": {""cumulative"": 2320000.0, ""selection_rule"": ""exact_label_sum_normalized"", ""row_count"": 1, ""rows"": [{""account_id"": ""ifrs-full_PurchaseOfIntangibleAssetsClassifiedAsInvestingActivities"", ""account_nm"": ""무형자산의 취득"", ""raw_cumulative"": 2320000.0, ""normalized_cumulative_spend"": 2320000.0, ""method"": ""fy_thstrm_amount""}]}}",NOT_ASSIGNED_ACCOUNTING_STAGE,korea_dart_historical_seed_2015_2020.csv,True
00102618,계양전기,2020,Q1,11013,,CFS,False,True,ok,-160733058.0,-160733058.0,1404753215.0,1404753215.0,185624929992.0,3810026929.0,3810026929.0,3799768488.0,3799768488.0,0.0,0.0,3799768488.0,10258441.0,direct_q1,direct_q1,direct_q1,direct_q1,direct_q1,"{""operating_profit"": {""cumulative"": -160733058.0, ""selection_rule"": ""standard_id"", ""amount_method"": ""q1_thstrm_amount"", ""account_id"": ""dart_OperatingIncomeLoss"", ""account_nm"": ""영업이익(손실)"", ""sj_div"": ""CIS""}, ""net_income"": {""cumulative"": 1404753215.0, ""selection_rule"": ""exact_label_fallback"", ""amount_method"": ""q1_thstrm_amount"", ""account_id"": ""ifrs-full_ProfitLoss"", ""account_nm"": ""당기순이익(손실)"", ""sj_div"": ""CIS""}, ""equity"": {""cumulative"": 185624929992.0, ""selection_rule"": ""exact_label_fallback"", ""amount_method"": ""instant_thstrm_amount"", ""account_id"": ""ifrs-full_Equity"", ""account_nm"": ""자본총계"", ""sj_div"": ""BS""}, ""cfo"": {""cumulative"": 3810026929.0, ""selection_rule"": ""exact_label_fallback"", ""amount_method"": ""q1_thstrm_amount"", ""account_id"": ""ifrs-full_CashFlowsFromUsedInOperatingActivities"", ""account_nm"": ""영업활동현금흐름"", ""sj_div"": ""CF""}, ""capex_ppe"": {""cumulative"": 3799768488.0, ""selection_rule"": ""exact_label_sum_normalized"", ""row_count"": 1, ""rows"": [{""account_id"": ""ifrs-full_PurchaseOfPropertyPlantAndEquipmentClassifiedAsInvestingActivities"", ""account_nm"": ""유형자산의 취득"", ""raw_cumulative"": 3799768488.0, ""normalized_cumulative_spend"": 3799768488.0, ""method"": ""q1_thstrm_amount""}]}, ""capex_intangible"": {""cumulative"": 0.0, ""selection_rule"": ""exact_label_sum_normalized"", ""row_count"": 1, ""rows"": [{""account_id"": ""ifrs-full_PurchaseOfIntangibleAssetsClassifiedAsInvestingActivities"", ""account_nm"": ""무형자산의 취득"", ""raw_cumulative"": 0.0, ""normalized_cumulative_spend"": 0.0, ""method"": ""q1_thstrm_amount""}]}}",NOT_ASSIGNED_ACCOUNTING_STAGE,korea_dart_historical_seed_2015_2020.csv,True
00102618,계양전기,2020,Q2,11012,,CFS,False,True,ok,-2841909305.0,-2681176247.0,7703288654.0,6298535439.0,191511843796.0,13529744436.0,9719717507.0,5900738843.0,2100970355.0,89639605.0,89639605.0,2190609960.0,7529107547.0,cumulative_difference,cumulative_difference,cumulative_difference,cumulative_difference,cumulative_difference,"{""operating_profit"": {""cumulative"": -2841909305.0, ""selection_rule"": ""standard_id"", ""amount_method"": ""cumulative_thstrm_add_amount"", ""account_id"": ""dart_OperatingIncomeLoss"", ""account_nm"": ""영업이익(손실)"", ""sj_div"": ""CIS""}, ""net_income"": {""cumulative"": 7703288654.0, ""selection_rule"": ""exact_label_fallback"", ""amount_method"": ""cumulative_thstrm_add_amount"", ""account_id"": ""ifrs-full_ProfitLoss"", ""account_nm"": ""당기순이익(손실)"", ""sj_div"": ""CIS""}, ""equity"": {""cumulative"": 191511843796.0, ""selection_rule"": ""exact_label_fallback"", ""amount_method"": ""instant_thstrm_amount"", ""account_id"": ""ifrs-full_Equity"", ""account_nm"": ""자본총계"", ""sj_div"": ""BS""}, ""cfo"": {""cumulative"": 13529744436.0, ""selection_rule"": ""exact_label_fallback"", ""amount_method"": ""cumulative_cf_thstrm_amount"", ""account_id"": ""ifrs-full_CashFlowsFromUsedInOperatingActivities"", ""account_nm"": ""영업활동현금흐름"", ""sj_div"": ""CF""}, ""capex_ppe"": {""cumulative"": 5900738843.0, ""selection_rule"": ""exact_label_sum_normalized"", ""row_count"": 1, ""rows"": [{""account_id"": ""ifrs-full_PurchaseOfPropertyPlantAndEquipmentClassifiedAsInvestingActivities"", ""account_nm"": ""유형자산의 취득"", ""raw_cumulative"": 5900738843.0, ""normalized_cumulative_spend"": 5900738843.0, ""method"": ""cumulative_cf_thstrm_amount""}]}, ""capex_intangible"": {""cumulative"": 89639605.0, ""selection_rule"": ""exact_label_sum_normalized"", ""row_count"": 1, ""rows"": [{""account_id"": ""ifrs-full_PurchaseOfIntangibleAssetsClassifiedAsInvestingActivities"", ""account_nm"": ""무형자산의 취득"", ""raw_cumulative"": 89639605.0, ""normalized_cumulative_spend"": 89639605.0, ""method"": ""cumulative_cf_thstrm_amount""}]}}",NOT_ASSIGNED_ACCOUNTING_STAGE,korea_dart_historical_seed_2015_2020.csv,True
00102618,계양전기,2020,Q3,11014,,CFS,False,True,ok,819531334.0,3661440639.0,11731642896.0,4028354242.0,195887304718.0,15770182940.0,2240438504.0,5784796311.0,,89640313.0,708.0,,,cumulative_difference,cumulative_difference,cumulative_difference,negative_normalized_capex_delta_missing,cumulative_difference,"{""operating_profit"": {""cumulative"": 819531334.0, ""selection_rule"": ""standard_id"", ""amount_method"": ""cumulative_thstrm_add_amount"", ""account_id"": ""dart_OperatingIncomeLoss"", ""account_nm"": ""영업이익(손실)"", ""sj_div"": ""CIS""}, ""net_income"": {""cumulative"": 11731642896.0, ""selection_rule"": ""exact_label_fallback"", ""amount_method"": ""cumulative_thstrm_add_amount"", ""account_id"": ""ifrs-full_ProfitLoss"", ""account_nm"": ""당기순이익(손실)"", ""sj_div"": ""CIS""}, ""equity"": {""cumulative"": 195887304718.0, ""selection_rule"": ""exact_label_fallback"", ""amount_method"": ""instant_thstrm_amount"", ""account_id"": ""ifrs-full_Equity"", ""account_nm"": ""자본총계"", ""sj_div"": ""BS""}, ""cfo"": {""cumulative"": 15770182940.0, ""selection_rule"": ""exact_label_fallback"", ""amount_method"": ""cumulative_cf_thstrm_amount"", ""account_id"": ""ifrs-full_CashFlowsFromUsedInOperatingActivities"", ""account_nm"": ""영업활동현금흐름"", ""sj_div"": ""CF""}, ""capex_ppe"": {""cumulative"": 5784796311.0, ""selection_rule"": ""exact_label_sum_normalized"", ""row_count"": 1, ""rows"": [{""account_id"": ""ifrs-full_PurchaseOfPropertyPlantAndEquipmentClassifiedAsInvestingActivities"", ""account_nm"": ""유형자산의 취득"", ""raw_cumulative"": 5784796311.0, ""normalized_cumulative_spend"": 5784796311.0, ""method"": ""cumulative_cf_thstrm_amount""}]}, ""capex_intangible"": {""cumulative"": 89640313.0, ""selection_rule"": ""exact_label_sum_normalized"", ""row_count"": 1, ""rows"": [{""account_id"": ""ifrs-full_PurchaseOfIntangibleAssetsClassifiedAsInvestingActivities"", ""account_nm"": ""무형자산의 취득"", ""raw_cumulative"": 89640313.0, ""normalized_cumulative_spend"": 89640313.0, ""method"": ""cumulative_cf_thstrm_amount""}]}}",NOT_ASSIGNED_ACCOUNTING_STAGE,korea_dart_historical_seed_2015_2020.csv,True
00102618,계양전기,2020,Q4,11011,,CFS,False,True,ok,3007589451.0,2188058117.0,9385033043.0,-2346609853.0,185723495189.0,18440916069.0,2670733129.0,7298383860.0,1513587549.0,89635994.0,,,,cumulative_difference,cumulative_difference,cumulative_difference,cumulative_difference,negative_normalized_capex_delta_missing,"{""operating_profit"": {""cumulative"": 3007589451.0, ""selection_rule"": ""standard_id"", ""amount_method"": ""fy_thstrm_amount"", ""account_id"": ""dart_OperatingIncomeLoss"", ""account_nm"": ""영업이익(손실)"", ""sj_div"": ""CIS""}, ""net_income"": {""cumulative"": 9385033043.0, ""selection_rule"": ""exact_label_fallback"", ""amount_method"": ""fy_thstrm_amount"", ""account_id"": ""ifrs-full_ProfitLoss"", ""account_nm"": ""당기순이익(손실)"", ""sj_div"": ""CIS""}, ""equity"": {""cumulative"": 185723495189.0, ""selection_rule"": ""exact_label_fallback"", ""amount_method"": ""instant_thstrm_amount"", ""account_id"": ""ifrs-full_Equity"", ""account_nm"": ""자본총계"", ""sj_div"": ""BS""}, ""cfo"": {""cumulative"": 18440916069.0, ""selection_rule"": ""exact_label_fallback"", ""amount_method"": ""fy_thstrm_amount"", ""account_id"": ""ifrs-full_CashFlowsFromUsedInOperatingActivities"", ""account_nm"": ""영업활동현금흐름"", ""sj_div"": ""CF""}, ""capex_ppe"": {""cumulative"": 7298383860.0, ""selection_rule"": ""exact_label_sum_normalized"", ""row_count"": 1, ""rows"": [{""account_id"": ""ifrs-full_PurchaseOfPropertyPlantAndEquipmentClassifiedAsInvestingActivities"", ""account_nm"": ""유형자산의 취득"", ""raw_cumulative"": 7298383860.0, ""normalized_cumulative_spend"": 7298383860.0, ""method"": ""fy_thstrm_amount""}]}, ""capex_intangible"": {""cumulative"": 89635994.0, ""selection_rule"": ""exact_label_sum_normalized"", ""row_count"": 1, ""rows"": [{""account_id"": ""ifrs-full_PurchaseOfIntangibleAssetsClassifiedAsInvestingActivities"", ""account_nm"": ""무형자산의 취득"", ""raw_cumulative"": 89635994.0, ""normalized_cumulative_spend"": 89635994.0, ""method"": ""fy_thstrm_amount""}]}}",NOT_ASSIGNED_ACCOUNTING_STAGE,korea_dart_historical_seed_2015_2020.csv,True
00102751,고려산업,2020,Q1,11013,,CFS,False,True,ok,919408381.0,919408381.0,394791676.0,394791676.0,95259134841.0,-3671829344.0,-3671829344.0,242423430.0,242423430.0,0.0,0.0,242423430.0,-3914252774.0,direct_q1,direct_q1,direct_q1,direct_q1,direct_q1,"{""operating_profit"": {""cumulative"": 919408381.0, ""selection_rule"": ""standard_id"", ""amount_method"": ""q1_thstrm_amount"", ""account_id"": ""dart_OperatingIncomeLoss"", ""account_nm"": ""영업이익(손실)"", ""sj_div"": ""CIS""}, ""net_income"": {""cumulative"": 394791676.0, ""selection_rule"": ""exact_label_fallback"", ""amount_method"": ""q1_thstrm_amount"", ""account_id"": ""ifrs-full_ProfitLoss"", ""account_nm"": ""당기순이익(손실)"", ""sj_div"": ""CIS""}, ""equity"": {""cumulative"": 95259134841.0, ""selection_rule"": ""exact_label_fallback"", ""amount_method"": ""instant_thstrm_amount"", ""account_id"": ""ifrs-full_Equity"", ""account_nm"": ""자본총계"", ""sj_div"": ""BS""}, ""cfo"": {""cumulative"": -3671829344.0, ""selection_rule"": ""exact_label_fallback"", ""amount_method"": ""q1_thstrm_amount"", ""account_id"": ""ifrs-full_CashFlowsFromUsedInOperatingActivities"", ""account_nm"": ""영업활동현금흐름"", ""sj_div"": ""CF""}, ""capex_ppe"": {""cumulative"": 242423430.0, ""selection_rule"": ""exact_label_sum_normalized"", ""row_count"": 1, ""rows"": [{""account_id"": ""ifrs-full_PurchaseOfPropertyPlantAndEquipmentClassifiedAsInvestingActivities"", ""account_nm"": ""유형자산의 취득"", ""raw_cumulative"": 242423430.0, ""normalized_cumulative_spend"": 242423430.0, ""method"": ""q1_thstrm_amount""}]}, ""capex_intangible"": {""cumulative"": 0.0, ""selection_rule"": ""exact_label_sum_normalized"", ""row_count"": 1, ""rows"": [{""account_id"": ""ifrs-full_PurchaseOfIntangibleAssetsClassifiedAsInvestingActivities"", ""account_nm"": ""무형자산의 취득"", ""raw_cumulative"": 0.0, ""normalized_cumulative_spend"": 0.0, ""method"": ""q1_thstrm_amount""}]}}",NOT_ASSIGNED_ACCOUNTING_STAGE,korea_dart_historical_seed_2015_2020.csv,True
00102751,고려산업,2020,Q2,11012,,CFS,False,True,ok,3660037162.0,2740628781.0,2918496671.0,2523704995.0,98342000582.0,1904925579.0,5576754923.0,2637537458.0,2395114028.0,9000000.0,9000000.0,2404114028.0,3172640895.0,cumulative_difference,cumulative_difference,cumulative_difference,cumulative_difference,cumulative_difference,"{""operating_profit"": {""cumulative"": 3660037162.0, ""selection_rule"": ""standard_id"", ""amount_method"": ""cumulative_thstrm_add_amount"", ""account_id"": ""dart_OperatingIncomeLoss"", ""account_nm"": ""영업이익(손실)"", ""sj_div"": ""CIS""}, ""net_income"": {""cumulative"": 2918496671.0, ""selection_rule"": ""exact_label_fallback"", ""amount_method"": ""cumulative_thstrm_add_amount"", ""account_id"": ""ifrs-full_ProfitLoss"", ""account_nm"": ""반기순이익(손실)"", ""sj_div"": ""CIS""}, ""equity"": {""cumulative"": 98342000582.0, ""selection_rule"": ""exact_label_fallback"", ""amount_method"": ""instant_thstrm_amount"", ""account_id"": ""ifrs-full_Equity"", ""account_nm"": ""자본총계"", ""sj_div"": ""BS""}, ""cfo"": {""cumulative"": 1904925579.0, ""selection_rule"": ""exact_label_fallback"", ""amount_method"": ""cumulative_cf_thstrm_amount"", ""account_id"": ""ifrs-full_CashFlowsFromUsedInOperatingActivities"", ""account_nm"": ""영업활동현금흐름"", ""sj_div"": ""CF""}, ""capex_ppe"": {""cumulative"": 2637537458.0, ""selection_rule"": ""exact_label_sum_normalized"", ""row_count"": 1, ""rows"": [{""account_id"": ""ifrs-full_PurchaseOfPropertyPlantAndEquipmentClassifiedAsInvestingActivities"", ""account_nm"": ""유형자산의 취득"", ""raw_cumulative"": 2637537458.0, ""normalized_cumulative_spend"": 2637537458.0, ""method"": ""cumulative_cf_thstrm_amount""}]}, ""capex_intangible"": {""cumulative"": 9000000.0, ""selection_rule"": ""exact_label_sum_normalized"", ""row_count"": 1, ""rows"": [{""account_id"": ""ifrs-full_PurchaseOfIntangibleAssetsClassifiedAsInvestingActivities"", ""account_nm"": ""무형자산의 취득"", ""raw_cumulative"": 9000000.0, ""normalized_cumulative_spend"": 9000000.0, ""method"": ""cumulative_cf_thstrm_amount""}]}}",NOT_ASSIGNED_ACCOUNTING_STAGE,korea_dart_historical_seed_2015_2020.csv,True
00102751,고려산업,2020,Q3,11014,,CFS,False,True,ok,7047124049.0,3387086887.0,5541872144.0,2623375473.0,101047717304.0,70428317.0,-1834497262.0,3401893858.0,764356400.0,18000000.0,9000000.0,773356400.0,-2607853662.0,cumulative_difference,cumulative_difference,cumulative_difference,cumulative_difference,cumulative_difference,"{""operating_profit"": {""cumulative"": 7047124049.0, ""selection_rule"": ""standard_id"", ""amount_method"": ""cumulative_thstrm_add_amount"", ""account_id"": ""dart_OperatingIncomeLoss"", ""account_nm"": ""영업이익(손실)"", ""sj_div"": ""CIS""}, ""net_income"": {""cumulative"": 5541872144.0, ""selection_rule"": ""exact_label_fallback"", ""amount_method"": ""cumulative_thstrm_add_amount"", ""account_id"": ""ifrs-full_ProfitLoss"", ""account_nm"": ""당기순이익(손실)"", ""sj_div"": ""CIS""}, ""equity"": {""cumulative"": 101047717304.0, ""selection_rule"": ""exact_label_fallback"", ""amount_method"": ""instant_thstrm_amount"", ""account_id"": ""ifrs-full_Equity"", ""account_nm"": ""자본총계"", ""sj_div"": ""BS""}, ""cfo"": {""cumulative"": 70428317.0, ""selection_rule"": ""exact_label_fallback"", ""amount_method"": ""cumulative_cf_thstrm_amount"", ""account_id"": ""ifrs-full_CashFlowsFromUsedInOperatingActivities"", ""account_nm"": ""영업활동현금흐름"", ""sj_div"": ""CF""}, ""capex_ppe"": {""cumulative"": 3401893858.0, ""selection_rule"": ""exact_label_sum_normalized"", ""row_count"": 1, ""rows"": [{""account_id"": ""ifrs-full_PurchaseOfPropertyPlantAndEquipmentClassifiedAsInvestingActivities"", ""account_nm"": ""유형자산의 취득"", ""raw_cumulative"": 3401893858.0, ""normalized_cumulative_spend"": 3401893858.0, ""method"": ""cumulative_cf_thstrm_amount""}]}, ""capex_intangible"": {""cumulative"": 18000000.0, ""selection_rule"": ""exact_label_sum_normalized"", ""row_count"": 1, ""rows"": [{""account_id"": ""ifrs-full_PurchaseOfIntangibleAssetsClassifiedAsInvestingActivities"", ""account_nm"": ""무형자산의 취득"", ""raw_cumulative"": 18000000.0, ""normalized_cumulative_spend"": 18000000.0, ""method"": ""cumulative_cf_thstrm_amount""}]}}",NOT_ASSIGNED_ACCOUNTING_STAGE,korea_dart_historical_seed_2015_2020.csv,True
00102751,고려산업,2020,Q4,11011,,CFS,False,True,ok,9182830145.0,2135706096.0,6765681684.0,1223809540.0,102639222236.0,-3095279228.0,-3165707545.0,4042393953.0,640500095.0,30000000.0,12000000.0,652500095.0,-3818207640.0,cumulative_difference,cumulative_difference,cumulative_difference,cumulative_difference,cumulative_difference,"{""operating_profit"": {""cumulative"": 9182830145.0, ""selection_rule"": ""standard_id"", ""amount_method"": ""fy_thstrm_amount"", ""account_id"": ""dart_OperatingIncomeLoss"", ""account_nm"": ""영업이익(손실)"", ""sj_div"": ""CIS""}, ""net_income"": {""cumulative"": 6765681684.0, ""selection_rule"": ""exact_label_fallback"", ""amount_method"": ""fy_thstrm_amount"", ""account_id"": ""ifrs-full_ProfitLoss"", ""account_nm"": ""당기순이익(손실)"", ""sj_div"": ""CIS""}, ""equity"": {""cumulative"": 102639222236.0, ""selection_rule"": ""exact_label_fallback"", ""amount_method"": ""instant_thstrm_amount"", ""account_id"": ""ifrs-full_Equity"", ""account_nm"": ""자본총계"", ""sj_div"": ""BS""}, ""cfo"": {""cumulative"": -3095279228.0, ""selection_rule"": ""exact_label_fallback"", ""amount_method"": ""fy_thstrm_amount"", ""account_id"": ""ifrs-full_CashFlowsFromUsedInOperatingActivities"", ""account_nm"": ""영업활동현금흐름"", ""sj_div"": ""CF""}, ""capex_ppe"": {""cumulative"": 4042393953.0, ""selection_rule"": ""exact_label_sum_normalized"", ""row_count"": 1, ""rows"": [{""account_id"": ""ifrs-full_PurchaseOfPropertyPlantAndEquipmentClassifiedAsInvestingActivities"", ""account_nm"": ""유형자산의 취득"", ""raw_cumulative"": 4042393953.0, ""normalized_cumulative_spend"": 4042393953.0, ""method"": ""fy_thstrm_amount""}]}, ""capex_intangible"": {""cumulative"": 30000000.0, ""selection_rule"": ""exact_label_sum_normalized"", ""row_count"": 1, ""rows"": [{""account_id"": ""ifrs-full_PurchaseOfIntangibleAssetsClassifiedAsInvestingActivities"", ""account_nm"": ""무형자산의 취득"", ""raw_cumulative"": 30000000.0, ""normalized_cumulative_spend"": 30000000.0, ""method"": ""fy_thstrm_amount""}]}}",NOT_ASSIGNED_ACCOUNTING_STAGE,korea_dart_historical_seed_2015_2020.csv,True
00102858,고려아연,2020,Q1,11013,,CFS,False,True,ok,204277869759.0,204277869759.0,,,6762921797844.0,57351904752.0,57351904752.0,131610823504.0,131610823504.0,,,,,direct_q1,missing,direct_q1,direct_q1,missing,"{""operating_profit"": {""cumulative"": 204277869759.0, ""selection_rule"": ""standard_id"", ""amount_method"": ""q1_thstrm_amount"", ""account_id"": ""dart_OperatingIncomeLoss"", ""account_nm"": ""영업이익"", ""sj_div"": ""CIS""}, ""net_income"": {""cumulative"": null, ""selection_rule"": ""missing"", ""amount_method"": ""missing"", ""account_id"": null, ""account_nm"": null, ""sj_div"": null}, ""equity"": {""cumulative"": 6762921797844.0, ""selection_rule"": ""exact_label_fallback"", ""amount_method"": ""instant_thstrm_amount"", ""account_id"": ""ifrs-full_Equity"", ""account_nm"": ""자본총계"", ""sj_div"": ""BS""}, ""cfo"": {""cumulative"": 57351904752.0, ""selection_rule"": ""exact_label_fallback"", ""amount_method"": ""q1_thstrm_amount"", ""account_id"": ""ifrs-full_CashFlowsFromUsedInOperatingActivities"", ""account_nm"": ""영업활동현금흐름"", ""sj_div"": ""CF""}, ""capex_ppe"": {""cumulative"": 131610823504.0, ""selection_rule"": ""exact_label_sum_normalized"", ""row_count"": 1, ""rows"": [{""account_id"": ""ifrs-full_PurchaseOfPropertyPlantAndEquipmentClassifiedAsInvestingActivities"", ""account_nm"": ""유형자산의 취득"", ""raw_cumulative"": 131610823504.0, ""normalized_cumulative_spend"": 131610823504.0, ""method"": ""q1_thstrm_amount""}]}, ""capex_intangible"": {""cumulative"": null, ""selection_rule"": ""no_qualifying_rows_missing"", ""row_count"": 0, ""rows"": []}}",NOT_ASSIGNED_ACCOUNTING_STAGE,korea_dart_historical_seed_2015_2020.csv,True
00102858,고려아연,2020,Q2,11012,,CFS,False,True,ok,368286091943.0,164008222184.0,,,6871308920303.0,374173046770.0,316821142018.0,330842805615.0,199231982111.0,20000000.0,,,,cumulative_difference,missing_predecessor_or_basis_change,cumulative_difference,cumulative_difference,missing_predecessor_or_basis_change,"{""operating_profit"": {""cumulative"": 368286091943.0, ""selection_rule"": ""standard_id"", ""amount_method"": ""cumulative_thstrm_add_amount"", ""account_id"": ""dart_OperatingIncomeLoss"", ""account_nm"": ""영업이익"", ""sj_div"": ""CIS""}, ""net_income"": {""cumulative"": null, ""selection_rule"": ""missing"", ""amount_method"": ""missing"", ""account_id"": null, ""account_nm"": null, ""sj_div"": null}, ""equity"": {""cumulative"": 6871308920303.0, ""selection_rule"": ""exact_label_fallback"", ""amount_method"": ""instant_thstrm_amount"", ""account_id"": ""ifrs-full_Equity"", ""account_nm"": ""자본총계"", ""sj_div"": ""BS""}, ""cfo"": {""cumulative"": 374173046770.0, ""selection_rule"": ""exact_label_fallback"", ""amount_method"": ""cumulative_cf_thstrm_amount"", ""account_id"": ""ifrs-full_CashFlowsFromUsedInOperatingActivities"", ""account_nm"": ""영업활동현금흐름"", ""sj_div"": ""CF""}, ""capex_ppe"": {""cumulative"": 330842805615.0, ""selection_rule"": ""exact_label_sum_normalized"", ""row_count"": 1, ""rows"": [{""account_id"": ""ifrs-full_PurchaseOfPropertyPlantAndEquipmentClassifiedAsInvestingActivities"", ""account_nm"": ""유형자산의 취득"", ""raw_cumulative"": 330842805615.0, ""normalized_cumulative_spend"": 330842805615.0, ""method"": ""cumulative_cf_thstrm_amount""}]}, ""capex_intangible"": {""cumulative"": 20000000.0, ""selection_rule"": ""exact_label_sum_normalized"", ""row_count"": 1, ""rows"": [{""account_id"": ""ifrs-full_PurchaseOfIntangibleAssetsClassifiedAsInvestingActivities"", ""account_nm"": ""무형자산의 취득"", ""raw_cumulative"": 20000000.0, ""normalized_cumulative_spend"": 20000000.0, ""method"": ""cumulative_cf_thstrm_amount""}]}}",NOT_ASSIGNED_ACCOUNTING_STAGE,korea_dart_historical_seed_2015_2020.csv,True
00102858,고려아연,2020,Q3,11014,,CFS,False,True,ok,635647738045.0,267361646102.0,,,7005067618159.0,326349360138.0,-47823686632.0,554219471616.0,223376666001.0,5534407780.0,5514407780.0,228891073781.0,-276714760413.0,cumulative_difference,missing_predecessor_or_basis_change,cumulative_difference,cumulative_difference,cumulative_difference,"{""operating_profit"": {""cumulative"": 635647738045.0, ""selection_rule"": ""standard_id"", ""amount_method"": ""cumulative_thstrm_add_amount"", ""account_id"": ""dart_OperatingIncomeLoss"", ""account_nm"": ""영업이익"", ""sj_div"": ""CIS""}, ""net_income"": {""cumulative"": null, ""selection_rule"": ""missing"", ""amount_method"": ""missing"", ""account_id"": null, ""account_nm"": null, ""sj_div"": null}, ""equity"": {""cumulative"": 7005067618159.0, ""selection_rule"": ""exact_label_fallback"", ""amount_method"": ""instant_thstrm_amount"", ""account_id"": ""ifrs-full_Equity"", ""account_nm"": ""자본총계"", ""sj_div"": ""BS""}, ""cfo"": {""cumulative"": 326349360138.0, ""selection_rule"": ""exact_label_fallback"", ""amount_method"": ""cumulative_cf_thstrm_amount"", ""account_id"": ""ifrs-full_CashFlowsFromUsedInOperatingActivities"", ""account_nm"": ""영업활동현금흐름"", ""sj_div"": ""CF""}, ""capex_ppe"": {""cumulative"": 554219471616.0, ""selection_rule"": ""exact_label_sum_normalized"", ""row_count"": 1, ""rows"": [{""account_id"": ""ifrs-full_PurchaseOfPropertyPlantAndEquipmentClassifiedAsInvestingActivities"", ""account_nm"": ""유형자산의 취득"", ""raw_cumulative"": 554219471616.0, ""normalized_cumulative_spend"": 554219471616.0, ""method"": ""cumulative_cf_thstrm_amount""}]}, ""capex_intangible"": {""cumulative"": 5534407780.0, ""selection_rule"": ""exact_label_sum_normalized"", ""row_count"": 1, ""rows"": [{""account_id"": ""ifrs-full_PurchaseOfIntangibleAssetsClassifiedAsInvestingActivities"", ""account_nm"": ""무형자산의 취득"", ""raw_cumulative"": 5534407780.0, ""normalized_cumulative_spend"": 5534407780.0, ""method"": ""cumulative_cf_thstrm_amount""}]}}",NOT_ASSIGNED_ACCOUNTING_STAGE,korea_dart_historical_seed_2015_2020.csv,True
00102858,고려아연,2020,Q4,11011,,CFS,False,True,ok,897387769203.0,261740031158.0,,,7087028686312.0,456522986973.0,130173626835.0,662144567510.0,107925095894.0,7178231297.0,1643823517.0,109568919411.0,20604707424.0,cumulative_difference,missing_predecessor_or_basis_change,cumulative_difference,cumulative_difference,cumulative_difference,"{""operating_profit"": {""cumulative"": 897387769203.0, ""selection_rule"": ""standard_id"", ""amount_method"": ""fy_thstrm_amount"", ""account_id"": ""dart_OperatingIncomeLoss"", ""account_nm"": ""영업이익"", ""sj_div"": ""CIS""}, ""net_income"": {""cumulative"": null, ""selection_rule"": ""missing"", ""amount_method"": ""missing"", ""account_id"": null, ""account_nm"": null, ""sj_div"": null}, ""equity"": {""cumulative"": 7087028686312.0, ""selection_rule"": ""exact_label_fallback"", ""amount_method"": ""instant_thstrm_amount"", ""account_id"": ""ifrs-full_Equity"", ""account_nm"": ""자본총계"", ""sj_div"": ""BS""}, ""cfo"": {""cumulative"": 456522986973.0, ""selection_rule"": ""exact_label_fallback"", ""amount_method"": ""fy_thstrm_amount"", ""account_id"": ""ifrs-full_CashFlowsFromUsedInOperatingActivities"", ""account_nm"": ""영업활동현금흐름"", ""sj_div"": ""CF""}, ""capex_ppe"": {""cumulative"": 662144567510.0, ""selection_rule"": ""exact_label_sum_normalized"", ""row_count"": 1, ""rows"": [{""account_id"": ""ifrs-full_PurchaseOfPropertyPlantAndEquipmentClassifiedAsInvestingActivities"", ""account_nm"": ""유형자산의 취득"", ""raw_cumulative"": 662144567510.0, ""normalized_cumulative_spend"": 662144567510.0, ""method"": ""fy_thstrm_amount""}]}, ""capex_intangible"": {""cumulative"": 7178231297.0, ""selection_rule"": ""exact_label_sum_normalized"", ""row_count"": 1, ""rows"": [{""account_id"": ""ifrs-full_PurchaseOfIntangibleAssetsClassifiedAsInvestingActivities"", ""account_nm"": ""무형자산의 취득"", ""raw_cumulative"": 7178231297.0, ""normalized_cumulative_spend"": 7178231297.0, ""method"": ""fy_thstrm_amount""}]}}",NOT_ASSIGNED_ACCOUNTING_STAGE,korea_dart_historical_seed_2015_2020.csv,True
00103006,고려제강,2020,Q1,11013,,CFS,False,True,ok,2465839479.0,2465839479.0,3193926647.0,3193926647.0,1489561657619.0,25824207928.0,25824207928.0,4583863860.0,4583863860.0,,,,,direct_q1,direct_q1,direct_q1,direct_q1,missing,"{""operating_profit"": {""cumulative"": 2465839479.0, ""selection_rule"": ""standard_id"", ""amount_method"": ""q1_thstrm_amount"", ""account_id"": ""dart_OperatingIncomeLoss"", ""account_nm"": ""영업이익"", ""sj_div"": ""CIS""}, ""net_income"": {""cumulative"": 3193926647.0, ""selection_rule"": ""exact_label_fallback"", ""amount_method"": ""q1_thstrm_amount"", ""account_id"": ""ifrs-full_ProfitLoss"", ""account_nm"": ""분기순이익"", ""sj_div"": ""CIS""}, ""equity"": {""cumulative"": 1489561657619.0, ""selection_rule"": ""exact_label_fallback"", ""amount_method"": ""instant_thstrm_amount"", ""account_id"": ""ifrs-full_Equity"", ""account_nm"": ""자본총계"", ""sj_div"": ""BS""}, ""cfo"": {""cumulative"": 25824207928.0, ""selection_rule"": ""exact_label_fallback"", ""amount_method"": ""q1_thstrm_amount"", ""account_id"": ""ifrs-full_CashFlowsFromUsedInOperatingActivities"", ""account_nm"": ""영업활동현금흐름"", ""sj_div"": ""CF""}, ""capex_ppe"": {""cumulative"": 4583863860.0, ""selection_rule"": ""exact_label_sum_normalized"", ""row_count"": 1, ""rows"": [{""account_id"": ""ifrs-full_PurchaseOfPropertyPlantAndEquipmentClassifiedAsInvestingActivities"", ""account_nm"": ""유형자산의 취득"", ""raw_cumulative"": 4583863860.0, ""normalized_cumulative_spend"": 4583863860.0, ""method"": ""q1_thstrm_amount""}]}, ""capex_intangible"": {""cumulative"": null, ""selection_rule"": ""no_qualifying_rows_missing"", ""row_count"": 0, ""rows"": []}}",NOT_ASSIGNED_ACCOUNTING_STAGE,korea_dart_historical_seed_2015_2020.csv,True
00103006,고려제강,2020,Q2,11012,,CFS,False,True,ok,-16059729805.0,-18525569284.0,-18661217572.0,-21855144219.0,1465445316581.0,100614526350.0,74790318422.0,11217254218.0,6633390358.0,,,,,cumulative_difference,cumulative_difference,cumulative_difference,cumulative_difference,missing_predecessor_or_basis_change,"{""operating_profit"": {""cumulative"": -16059729805.0, ""selection_rule"": ""standard_id"", ""amount_method"": ""cumulative_thstrm_add_amount"", ""account_id"": ""dart_OperatingIncomeLoss"", ""account_nm"": ""영업이익"", ""sj_div"": ""CIS""}, ""net_income"": {""cumulative"": -18661217572.0, ""selection_rule"": ""exact_label_fallback"", ""amount_method"": ""cumulative_thstrm_add_amount"", ""account_id"": ""ifrs-full_ProfitLoss"", ""account_nm"": ""당기순이익"", ""sj_div"": ""CIS""}, ""equity"": {""cumulative"": 1465445316581.0, ""selection_rule"": ""exact_label_fallback"", ""amount_method"": ""instant_thstrm_amount"", ""account_id"": ""ifrs-full_Equity"", ""account_nm"": ""자본총계"", ""sj_div"": ""BS""}, ""cfo"": {""cumulative"": 100614526350.0, ""selection_rule"": ""exact_label_fallback"", ""amount_method"": ""cumulative_cf_thstrm_amount"", ""account_id"": ""ifrs-full_CashFlowsFromUsedInOperatingActivities"", ""account_nm"": ""영업활동현금흐름"", ""sj_div"": ""CF""}, ""capex_ppe"": {""cumulative"": 11217254218.0, ""selection_rule"": ""exact_label_sum_normalized"", ""row_count"": 1, ""rows"": [{""account_id"": ""ifrs-full_PurchaseOfPropertyPlantAndEquipmentClassifiedAsInvestingActivities"", ""account_nm"": ""유형자산의 취득"", ""raw_cumulative"": 11217254218.0, ""normalized_cumulative_spend"": 11217254218.0, ""method"": ""cumulative_cf_thstrm_amount""}]}, ""capex_intangible"": {""cumulative"": null, ""selection_rule"": ""no_qualifying_rows_missing"", ""row_count"": 0, ""rows"": []}}",NOT_ASSIGNED_ACCOUNTING_STAGE,korea_dart_historical_seed_2015_2020.csv,True
00103006,고려제강,2020,Q3,11014,,CFS,False,True,ok,-9350224311.0,6709505494.0,-17944826445.0,716391127.0,1472602684529.0,114486641572.0,13872115222.0,22248619223.0,11031365005.0,7750915.0,,,,cumulative_difference,cumulative_difference,cumulative_difference,cumulative_difference,missing_predecessor_or_basis_change,"{""operating_profit"": {""cumulative"": -9350224311.0, ""selection_rule"": ""standard_id"", ""amount_method"": ""cumulative_thstrm_add_amount"", ""account_id"": ""dart_OperatingIncomeLoss"", ""account_nm"": ""영업이익"", ""sj_div"": ""CIS""}, ""net_income"": {""cumulative"": -17944826445.0, ""selection_rule"": ""exact_label_fallback"", ""amount_method"": ""cumulative_thstrm_add_amount"", ""account_id"": ""ifrs-full_ProfitLoss"", ""account_nm"": ""분기순이익"", ""sj_div"": ""CIS""}, ""equity"": {""cumulative"": 1472602684529.0, ""selection_rule"": ""exact_label_fallback"", ""amount_method"": ""instant_thstrm_amount"", ""account_id"": ""ifrs-full_Equity"", ""account_nm"": ""자본총계"", ""sj_div"": ""BS""}, ""cfo"": {""cumulative"": 114486641572.0, ""selection_rule"": ""exact_label_fallback"", ""amount_method"": ""cumulative_cf_thstrm_amount"", ""account_id"": ""ifrs-full_CashFlowsFromUsedInOperatingActivities"", ""account_nm"": ""영업활동현금흐름"", ""sj_div"": ""CF""}, ""capex_ppe"": {""cumulative"": 22248619223.0, ""selection_rule"": ""exact_label_sum_normalized"", ""row_count"": 1, ""rows"": [{""account_id"": ""ifrs-full_PurchaseOfPropertyPlantAndEquipmentClassifiedAsInvestingActivities"", ""account_nm"": ""유형자산의 취득"", ""raw_cumulative"": 22248619223.0, ""normalized_cumulative_spend"": 22248619223.0, ""method"": ""cumulative_cf_thstrm_amount""}]}, ""capex_intangible"": {""cumulative"": 7750915.0, ""selection_rule"": ""exact_label_sum_normalized"", ""row_count"": 1, ""rows"": [{""account_id"": ""ifrs-full_PurchaseOfIntangibleAssetsClassifiedAsInvestingActivities"", ""account_nm"": ""무형자산의 취득"", ""raw_cumulative"": 7750915.0, ""normalized_cumulative_spend"": 7750915.0, ""method"": ""cumulative_cf_thstrm_amount""}]}}",NOT_ASSIGNED_ACCOUNTING_STAGE,korea_dart_historical_seed_2015_2020.csv,True
00103006,고려제강,2020,Q4,11011,,CFS,False,True,ok,9831441983.0,19181666294.0,2725914319.0,20670740764.0,1462938302645.0,179495196821.0,65008555249.0,40099860364.0,17851241141.0,40277296.0,32526381.0,17883767522.0,47124787727.0,cumulative_difference,cumulative_difference,cumulative_difference,cumulative_difference,cumulative_difference,"{""operating_profit"": {""cumulative"": 9831441983.0, ""selection_rule"": ""standard_id"", ""amount_method"": ""fy_thstrm_amount"", ""account_id"": ""dart_OperatingIncomeLoss"", ""account_nm"": ""영업이익(손실)"", ""sj_div"": ""CIS""}, ""net_income"": {""cumulative"": 2725914319.0, ""selection_rule"": ""exact_label_fallback"", ""amount_method"": ""fy_thstrm_amount"", ""account_id"": ""ifrs-full_ProfitLoss"", ""account_nm"": ""당기순이익(손실)"", ""sj_div"": ""CIS""}, ""equity"": {""cumulative"": 1462938302645.0, ""selection_rule"": ""exact_label_fallback"", ""amount_method"": ""instant_thstrm_amount"", ""account_id"": ""ifrs-full_Equity"", ""account_nm"": ""자본총계"", ""sj_div"": ""BS""}, ""cfo"": {""cumulative"": 179495196821.0, ""selection_rule"": ""exact_label_fallback"", ""amount_method"": ""fy_thstrm_amount"", ""account_id"": ""ifrs-full_CashFlowsFromUsedInOperatingActivities"", ""account_nm"": ""영업활동현금흐름"", ""sj_div"": ""CF""}, ""capex_ppe"": {""cumulative"": 40099860364.0, ""selection_rule"": ""exact_label_sum_normalized"", ""row_count"": 1, ""rows"": [{""account_id"": ""ifrs-full_PurchaseOfPropertyPlantAndEquipmentClassifiedAsInvestingActivities"", ""account_nm"": ""유형자산의 취득"", ""raw_cumulative"": 40099860364.0, ""normalized_cumulative_spend"": 40099860364.0, ""method"": ""fy_thstrm_amount""}]}, ""capex_intangible"": {""cumulative"": 40277296.0, ""selection_rule"": ""exact_label_sum_normalized"", ""row_count"": 1, ""rows"": [{""account_id"": ""ifrs-full_PurchaseOfIntangibleAssetsClassifiedAsInvestingActivities"", ""account_nm"": ""무형자산의 취득"", ""raw_cumulative"": 40277296.0, ""normalized_cumulative_spend"": 40277296.0, ""method"": ""fy_thstrm_amount""}]}}",NOT_ASSIGNED_ACCOUNTING_STAGE,korea_dart_historical_seed_2015_2020.csv,True
00103015,고려제약,2020,Q1,11013,,OFS,False,True,ok,1955475870.0,1955475870.0,597607323.0,597607323.0,64479399092.0,4660854998.0,4660854998.0,373492174.0,373492174.0,45010720.0,45010720.0,418502894.0,4242352104.0,direct_q1,direct_q1,direct_q1,direct_q1,direct_q1,"{""operating_profit"": {""cumulative"": 1955475870.0, ""selection_rule"": ""standard_id"", ""amount_method"": ""q1_thstrm_amount"", ""account_id"": ""dart_OperatingIncomeLoss"", ""account_nm"": ""영업이익"", ""sj_div"": ""CIS""}, ""net_income"": {""cumulative"": 597607323.0, ""selection_rule"": ""exact_label_fallback"", ""amount_method"": ""q1_thstrm_amount"", ""account_id"": ""ifrs-full_ProfitLoss"", ""account_nm"": ""당기순이익"", ""sj_div"": ""CIS""}, ""equity"": {""cumulative"": 64479399092.0, ""selection_rule"": ""exact_label_fallback"", ""amount_method"": ""instant_thstrm_amount"", ""account_id"": ""ifrs-full_Equity"", ""account_nm"": ""자본총계"", ""sj_div"": ""BS""}, ""cfo"": {""cumulative"": 4660854998.0, ""selection_rule"": ""exact_label_fallback"", ""amount_method"": ""q1_thstrm_amount"", ""account_id"": ""ifrs-full_CashFlowsFromUsedInOperatingActivities"", ""account_nm"": ""영업활동현금흐름"", ""sj_div"": ""CF""}, ""capex_ppe"": {""cumulative"": 373492174.0, ""selection_rule"": ""exact_label_sum_normalized"", ""row_count"": 1, ""rows"": [{""account_id"": ""ifrs-full_PurchaseOfPropertyPlantAndEquipmentClassifiedAsInvestingActivities"", ""account_nm"": ""유형자산의 취득"", ""raw_cumulative"": 373492174.0, ""normalized_cumulative_spend"": 373492174.0, ""method"": ""q1_thstrm_amount""}]}, ""capex_intangible"": {""cumulative"": 45010720.0, ""selection_rule"": ""exact_label_sum_normalized"", ""row_count"": 1, ""rows"": [{""account_id"": ""ifrs-full_PurchaseOfIntangibleAssetsClassifiedAsInvestingActivities"", ""account_nm"": ""무형자산의 취득"", ""raw_cumulative"": 45010720.0, ""normalized_cumulative_spend"": 45010720.0, ""method"": ""q1_thstrm_amount""}]}}",NOT_ASSIGNED_ACCOUNTING_STAGE,korea_dart_historical_seed_2015_2020.csv,True
00103015,고려제약,2020,Q2,11012,,OFS,False,True,ok,4677635081.0,2722159211.0,4229326233.0,3631718910.0,68202132769.0,6832972747.0,2172117749.0,645277674.0,271785500.0,31948960.0,,,,cumulative_difference,cumulative_difference,cumulative_difference,cumulative_difference,negative_normalized_capex_delta_missing,"{""operating_profit"": {""cumulative"": 4677635081.0, ""selection_rule"": ""standard_id"", ""amount_method"": ""cumulative_thstrm_add_amount"", ""account_id"": ""dart_OperatingIncomeLoss"", ""account_nm"": ""영업이익"", ""sj_div"": ""CIS""}, ""net_income"": {""cumulative"": 4229326233.0, ""selection_rule"": ""exact_label_fallback"", ""amount_method"": ""cumulative_thstrm_add_amount"", ""account_id"": ""ifrs-full_ProfitLoss"", ""account_nm"": ""당기순이익"", ""sj_div"": ""CIS""}, ""equity"": {""cumulative"": 68202132769.0, ""selection_rule"": ""exact_label_fallback"", ""amount_method"": ""instant_thstrm_amount"", ""account_id"": ""ifrs-full_Equity"", ""account_nm"": ""자본총계"", ""sj_div"": ""BS""}, ""cfo"": {""cumulative"": 6832972747.0, ""selection_rule"": ""exact_label_fallback"", ""amount_method"": ""cumulative_cf_thstrm_amount"", ""account_id"": ""ifrs-full_CashFlowsFromUsedInOperatingActivities"", ""account_nm"": ""영업활동으로 인한 현금흐름"", ""sj_div"": ""CF""}, ""capex_ppe"": {""cumulative"": 645277674.0, ""selection_rule"": ""exact_label_sum_normalized"", ""row_count"": 1, ""rows"": [{""account_id"": ""ifrs-full_PurchaseOfPropertyPlantAndEquipmentClassifiedAsInvestingActivities"", ""account_nm"": ""유형자산의 취득"", ""raw_cumulative"": 645277674.0, ""normalized_cumulative_spend"": 645277674.0, ""method"": ""cumulative_cf_thstrm_amount""}]}, ""capex_intangible"": {""cumulative"": 31948960.0, ""selection_rule"": ""exact_label_sum_normalized"", ""row_count"": 1, ""rows"": [{""account_id"": ""ifrs-full_PurchaseOfIntangibleAssetsClassifiedAsInvestingActivities"", ""account_nm"": ""무형자산의 취득"", ""raw_cumulative"": 31948960.0, ""normalized_cumulative_spend"": 31948960.0, ""method"": ""cumulative_cf_thstrm_amount""}]}}",NOT_ASSIGNED_ACCOUNTING_STAGE,korea_dart_historical_seed_2015_2020.csv,True
00103015,고려제약,2020,Q3,11014,,OFS,False,True,ok,7836634813.0,3158999732.0,5604011407.0,1374685174.0,69620599131.0,9870580616.0,3037607869.0,609563402.0,,34148555.0,2199595.0,,,cumulative_difference,cumulative_difference,cumulative_difference,negative_normalized_capex_delta_missing,cumulative_difference,"{""operating_profit"": {""cumulative"": 7836634813.0, ""selection_rule"": ""standard_id"", ""amount_method"": ""cumulative_thstrm_add_amount"", ""account_id"": ""dart_OperatingIncomeLoss"", ""account_nm"": ""영업이익"", ""sj_div"": ""CIS""}, ""net_income"": {""cumulative"": 5604011407.0, ""selection_rule"": ""exact_label_fallback"", ""amount_method"": ""cumulative_thstrm_add_amount"", ""account_id"": ""ifrs-full_ProfitLoss"", ""account_nm"": ""당기순이익"", ""sj_div"": ""CIS""}, ""equity"": {""cumulative"": 69620599131.0, ""selection_rule"": ""exact_label_fallback"", ""amount_method"": ""instant_thstrm_amount"", ""account_id"": ""ifrs-full_Equity"", ""account_nm"": ""자본총계"", ""sj_div"": ""BS""}, ""cfo"": {""cumulative"": 9870580616.0, ""selection_rule"": ""exact_label_fallback"", ""amount_method"": ""cumulative_cf_thstrm_amount"", ""account_id"": ""ifrs-full_CashFlowsFromUsedInOperatingActivities"", ""account_nm"": ""영업활동으로 인한 현금흐름"", ""sj_div"": ""CF""}, ""capex_ppe"": {""cumulative"": 609563402.0, ""selection_rule"": ""exact_label_sum_normalized"", ""row_count"": 1, ""rows"": [{""account_id"": ""ifrs-full_PurchaseOfPropertyPlantAndEquipmentClassifiedAsInvestingActivities"", ""account_nm"": ""유형자산의 취득"", ""raw_cumulative"": 609563402.0, ""normalized_cumulative_spend"": 609563402.0, ""method"": ""cumulative_cf_thstrm_amount""}]}, ""capex_intangible"": {""cumulative"": 34148555.0, ""selection_rule"": ""exact_label_sum_normalized"", ""row_count"": 1, ""rows"": [{""account_id"": ""ifrs-full_PurchaseOfIntangibleAssetsClassifiedAsInvestingActivities"", ""account_nm"": ""무형자산의 취득"", ""raw_cumulative"": 34148555.0, ""normalized_cumulative_spend"": 34148555.0, ""method"": ""cumulative_cf_thstrm_amount""}]}}",NOT_ASSIGNED_ACCOUNTING_STAGE,korea_dart_historical_seed_2015_2020.csv,True
00103015,고려제약,2020,Q4,11011,,OFS,False,True,ok,11039327372.0,3202692559.0,7359653746.0,1755642339.0,70870791292.0,12330082429.0,2459501813.0,738465112.0,128901710.0,20964155.0,,,,cumulative_difference,cumulative_difference,cumulative_difference,cumulative_difference,negative_normalized_capex_delta_missing,"{""operating_profit"": {""cumulative"": 11039327372.0, ""selection_rule"": ""standard_id"", ""amount_method"": ""fy_thstrm_amount"", ""account_id"": ""dart_OperatingIncomeLoss"", ""account_nm"": ""영업이익"", ""sj_div"": ""CIS""}, ""net_income"": {""cumulative"": 7359653746.0, ""selection_rule"": ""exact_label_fallback"", ""amount_method"": ""fy_thstrm_amount"", ""account_id"": ""ifrs-full_ProfitLoss"", ""account_nm"": ""당기순이익"", ""sj_div"": ""CIS""}, ""equity"": {""cumulative"": 70870791292.0, ""selection_rule"": ""exact_label_fallback"", ""amount_method"": ""instant_thstrm_amount"", ""account_id"": ""ifrs-full_Equity"", ""account_nm"": ""자본총계"", ""sj_div"": ""BS""}, ""cfo"": {""cumulative"": 12330082429.0, ""selection_rule"": ""exact_label_fallback"", ""amount_method"": ""fy_thstrm_amount"", ""account_id"": ""ifrs-full_CashFlowsFromUsedInOperatingActivities"", ""account_nm"": ""영업활동으로 인한 현금흐름"", ""sj_div"": ""CF""}, ""capex_ppe"": {""cumulative"": 738465112.0, ""selection_rule"": ""exact_label_sum_normalized"", ""row_count"": 1, ""rows"": [{""account_id"": ""ifrs-full_PurchaseOfPropertyPlantAndEquipmentClassifiedAsInvestingActivities"", ""account_nm"": ""유형자산의 취득"", ""raw_cumulative"": 738465112.0, ""normalized_cumulative_spend"": 738465112.0, ""method"": ""fy_thstrm_amount""}]}, ""capex_intangible"": {""cumulative"": 20964155.0, ""selection_rule"": ""exact_label_sum_normalized"", ""row_count"": 1, ""rows"": [{""account_id"": ""ifrs-full_PurchaseOfIntangibleAssetsClassifiedAsInvestingActivities"", ""account_nm"": ""무형자산의 취득"", ""raw_cumulative"": 20964155.0, ""normalized_cumulative_spend"": 20964155.0, ""method"": ""fy_thstrm_amount""}]}}",NOT_ASSIGNED_ACCOUNTING_STAGE,korea_dart_historical_seed_2015_2020.csv,True
00103042,케이씨티시,2020,Q1,11013,,CFS,False,True,ok,3632161096.0,3632161096.0,3181348107.0,3181348107.0,199270089986.0,3685208717.0,3685208717.0,3371057692.0,3371057692.0,,,,,direct_q1,direct_q1,direct_q1,direct_q1,missing,"{""operating_profit"": {""cumulative"": 3632161096.0, ""selection_rule"": ""standard_id"", ""amount_method"": ""q1_thstrm_amount"", ""account_id"": ""dart_OperatingIncomeLoss"", ""account_nm"": ""영업이익(손실)"", ""sj_div"": ""CIS""}, ""net_income"": {""cumulative"": 3181348107.0, ""selection_rule"": ""exact_label_fallback"", ""amount_method"": ""q1_thstrm_amount"", ""account_id"": ""ifrs-full_ProfitLoss"", ""account_nm"": ""당기순이익(손실)"", ""sj_div"": ""CIS""}, ""equity"": {""cumulative"": 199270089986.0, ""selection_rule"": ""exact_label_fallback"", ""amount_method"": ""instant_thstrm_amount"", ""account_id"": ""ifrs-full_Equity"", ""account_nm"": ""자본총계"", ""sj_div"": ""BS""}, ""cfo"": {""cumulative"": 3685208717.0, ""selection_rule"": ""exact_label_fallback"", ""amount_method"": ""q1_thstrm_amount"", ""account_id"": ""ifrs-full_CashFlowsFromUsedInOperatingActivities"", ""account_nm"": ""영업활동현금흐름"", ""sj_div"": ""CF""}, ""capex_ppe"": {""cumulative"": 3371057692.0, ""selection_rule"": ""exact_label_sum_normalized"", ""row_count"": 1, ""rows"": [{""account_id"": ""ifrs-full_PurchaseOfPropertyPlantAndEquipmentClassifiedAsInvestingActivities"", ""account_nm"": ""유형자산의 취득"", ""raw_cumulative"": 3371057692.0, ""normalized_cumulative_spend"": 3371057692.0, ""method"": ""q1_thstrm_amount""}]}, ""capex_intangible"": {""cumulative"": null, ""selection_rule"": ""no_qualifying_rows_missing"", ""row_count"": 0, ""rows"": []}}",NOT_ASSIGNED_ACCOUNTING_STAGE,korea_dart_historical_seed_2015_2020.csv,True
00103042,케이씨티시,2020,Q2,11012,,CFS,False,True,ok,9174207733.0,5542046637.0,3140613641.0,-40734466.0,199330940976.0,14006912222.0,10321703505.0,3840902233.0,469844541.0,8785280.0,,,,cumulative_difference,cumulative_difference,cumulative_difference,cumulative_difference,missing_predecessor_or_basis_change,"{""operating_profit"": {""cumulative"": 9174207733.0, ""selection_rule"": ""standard_id"", ""amount_method"": ""cumulative_thstrm_add_amount"", ""account_id"": ""dart_OperatingIncomeLoss"", ""account_nm"": ""영업이익(손실)"", ""sj_div"": ""CIS""}, ""net_income"": {""cumulative"": 3140613641.0, ""selection_rule"": ""exact_label_fallback"", ""amount_method"": ""cumulative_thstrm_add_amount"", ""account_id"": ""ifrs-full_ProfitLoss"", ""account_nm"": ""당기순이익(손실)"", ""sj_div"": ""CIS""}, ""equity"": {""cumulative"": 199330940976.0, ""selection_rule"": ""exact_label_fallback"", ""amount_method"": ""instant_thstrm_amount"", ""account_id"": ""ifrs-full_Equity"", ""account_nm"": ""자본총계"", ""sj_div"": ""BS""}, ""cfo"": {""cumulative"": 14006912222.0, ""selection_rule"": ""exact_label_fallback"", ""amount_method"": ""cumulative_cf_thstrm_amount"", ""account_id"": ""ifrs-full_CashFlowsFromUsedInOperatingActivities"", ""account_nm"": ""영업활동현금흐름"", ""sj_div"": ""CF""}, ""capex_ppe"": {""cumulative"": 3840902233.0, ""selection_rule"": ""exact_label_sum_normalized"", ""row_count"": 1, ""rows"": [{""account_id"": ""ifrs-full_PurchaseOfPropertyPlantAndEquipmentClassifiedAsInvestingActivities"", ""account_nm"": ""유형자산의 취득"", ""raw_cumulative"": 3840902233.0, ""normalized_cumulative_spend"": 3840902233.0, ""method"": ""cumulative_cf_thstrm_amount""}]}, ""capex_intangible"": {""cumulative"": 8785280.0, ""selection_rule"": ""exact_label_sum_normalized"", ""row_count"": 1, ""rows"": [{""account_id"": ""ifrs-full_PurchaseOfIntangibleAssetsClassifiedAsInvestingActivities"", ""account_nm"": ""무형자산의 취득"", ""raw_cumulative"": 8785280.0, ""normalized_cumulative_spend"": 8785280.0, ""method"": ""cumulative_cf_thstrm_amount""}]}}",NOT_ASSIGNED_ACCOUNTING_STAGE,korea_dart_historical_seed_2015_2020.csv,True
00103042,케이씨티시,2020,Q3,11014,,CFS,False,True,ok,14590303113.0,5416095380.0,7583311693.0,4442698052.0,203483990464.0,21139104127.0,7132191905.0,5828460064.0,1987557831.0,,,,,cumulative_difference,cumulative_difference,cumulative_difference,cumulative_difference,missing_predecessor_or_basis_change,"{""operating_profit"": {""cumulative"": 14590303113.0, ""selection_rule"": ""standard_id"", ""amount_method"": ""cumulative_thstrm_add_amount"", ""account_id"": ""dart_OperatingIncomeLoss"", ""account_nm"": ""영업이익(손실)"", ""sj_div"": ""CIS""}, ""net_income"": {""cumulative"": 7583311693.0, ""selection_rule"": ""exact_label_fallback"", ""amount_method"": ""cumulative_thstrm_add_amount"", ""account_id"": ""ifrs-full_ProfitLoss"", ""account_nm"": ""당기순이익(손실)"", ""sj_div"": ""CIS""}, ""equity"": {""cumulative"": 203483990464.0, ""selection_rule"": ""exact_label_fallback"", ""amount_method"": ""instant_thstrm_amount"", ""account_id"": ""ifrs-full_Equity"", ""account_nm"": ""자본총계"", ""sj_div"": ""BS""}, ""cfo"": {""cumulative"": 21139104127.0, ""selection_rule"": ""exact_label_fallback"", ""amount_method"": ""cumulative_cf_thstrm_amount"", ""account_id"": ""ifrs-full_CashFlowsFromUsedInOperatingActivities"", ""account_nm"": ""영업활동현금흐름"", ""sj_div"": ""CF""}, ""capex_ppe"": {""cumulative"": 5828460064.0, ""selection_rule"": ""exact_label_sum_normalized"", ""row_count"": 1, ""rows"": [{""account_id"": ""ifrs-full_PurchaseOfPropertyPlantAndEquipmentClassifiedAsInvestingActivities"", ""account_nm"": ""유형자산의 취득"", ""raw_cumulative"": 5828460064.0, ""normalized_cumulative_spend"": 5828460064.0, ""method"": ""cumulative_cf_thstrm_amount""}]}, ""capex_intangible"": {""cumulative"": null, ""selection_rule"": ""no_qualifying_rows_missing"", ""row_count"": 0, ""rows"": []}}",NOT_ASSIGNED_ACCOUNTING_STAGE,korea_dart_historical_seed_2015_2020.csv,True
00103042,케이씨티시,2020,Q4,11011,,CFS,False,True,ok,20961616726.0,6371313613.0,13798003744.0,6214692051.0,209295813495.0,17905911613.0,-3233192514.0,10518123589.0,4689663525.0,611492970.0,,,,cumulative_difference,cumulative_difference,cumulative_difference,cumulative_difference,missing_predecessor_or_basis_change,"{""operating_profit"": {""cumulative"": 20961616726.0, ""selection_rule"": ""standard_id"", ""amount_method"": ""fy_thstrm_amount"", ""account_id"": ""dart_OperatingIncomeLoss"", ""account_nm"": ""영업이익(손실)"", ""sj_div"": ""CIS""}, ""net_income"": {""cumulative"": 13798003744.0, ""selection_rule"": ""exact_label_fallback"", ""amount_method"": ""fy_thstrm_amount"", ""account_id"": ""ifrs-full_ProfitLoss"", ""account_nm"": ""당기순이익(손실)"", ""sj_div"": ""CIS""}, ""equity"": {""cumulative"": 209295813495.0, ""selection_rule"": ""exact_label_fallback"", ""amount_method"": ""instant_thstrm_amount"", ""account_id"": ""ifrs-full_Equity"", ""account_nm"": ""자본총계"", ""sj_div"": ""BS""}, ""cfo"": {""cumulative"": 17905911613.0, ""selection_rule"": ""exact_label_fallback"", ""amount_method"": ""fy_thstrm_amount"", ""account_id"": ""ifrs-full_CashFlowsFromUsedInOperatingActivities"", ""account_nm"": ""영업활동현금흐름"", ""sj_div"": ""CF""}, ""capex_ppe"": {""cumulative"": 10518123589.0, ""selection_rule"": ""exact_label_sum_normalized"", ""row_count"": 1, ""rows"": [{""account_id"": ""ifrs-full_PurchaseOfPropertyPlantAndEquipmentClassifiedAsInvestingActivities"", ""account_nm"": ""유형자산의 취득"", ""raw_cumulative"": 10518123589.0, ""normalized_cumulative_spend"": 10518123589.0, ""method"": ""fy_thstrm_amount""}]}, ""capex_intangible"": {""cumulative"": 611492970.0, ""selection_rule"": ""exact_label_sum_normalized"", ""row_count"": 1, ""rows"": [{""account_id"": ""ifrs-full_PurchaseOfIntangibleAssetsClassifiedAsInvestingActivities"", ""account_nm"": ""무형자산의 취득"", ""raw_cumulative"": 611492970.0, ""normalized_cumulative_spend"": 611492970.0, ""method"": ""fy_thstrm_amount""}]}}",NOT_ASSIGNED_ACCOUNTING_STAGE,korea_dart_historical_seed_2015_2020.csv,True
