corp_code,company_name,business_year,fiscal_quarter,report_code,annual_reference_basis,statement_basis,basis_matches_annual_reference,basis_comparable_to_immediate_predecessor,statement_fetch_status,operating_profit_cumulative,operating_profit_q,net_income_cumulative,net_income_q,equity_q_end,cfo_cumulative,cfo_q,capex_ppe_cumulative,capex_ppe_q_spend,capex_intangible_cumulative,capex_intangible_q_spend,capex_q_spend,fcf_q,op_pure_method,ni_pure_method,cfo_pure_method,metric_selection_json,signal_date_status,seed_source,modern_oos_protected
00100258,주식회사 에스마크,2016,Q1,11013,CFS,CFS,True,True,ok,-3176470462.0,-3176470462.0,-3176631038.0,-3176631038.0,24285388306.0,-3310142205.0,-3310142205.0,5425067.0,5425067.0,1324420923.0,1324420923.0,1329845990.0,-4639988195.0,direct_q1,direct_q1,direct_q1,"{""operating_profit"": {""cumulative"": -3176470462.0, ""thstrm_amount"": -3176470462.0, ""thstrm_add_amount"": -3176470462.0, ""amount_method"": ""q1_thstrm_amount"", ""selection_rule"": ""standard_id"", ""account_id"": ""dart_OperatingIncomeLoss"", ""account_nm"": ""영업이익(손실)"", ""sj_div"": ""CIS""}, ""net_income"": {""cumulative"": -3176631038.0, ""thstrm_amount"": -3176631038.0, ""thstrm_add_amount"": -3176631038.0, ""amount_method"": ""q1_thstrm_amount"", ""selection_rule"": ""standard_id"", ""account_id"": ""ifrs_ProfitLoss"", ""account_nm"": ""당기순이익(손실)"", ""sj_div"": ""CIS""}, ""equity"": {""cumulative"": 24285388306.0, ""thstrm_amount"": 24285388306.0, ""thstrm_add_amount"": null, ""amount_method"": ""instant_thstrm_amount"", ""selection_rule"": ""standard_id"", ""account_id"": ""ifrs_Equity"", ""account_nm"": ""자본총계"", ""sj_div"": ""BS""}, ""cfo"": {""cumulative"": -3310142205.0, ""thstrm_amount"": -3310142205.0, ""thstrm_add_amount"": null, ""amount_method"": ""q1_thstrm_amount"", ""selection_rule"": ""standard_id"", ""account_id"": ""ifrs_CashFlowsFromUsedInOperatingActivities"", ""account_nm"": ""영업활동현금흐름"", ""sj_div"": ""CF""}, ""capex_ppe"": {""cumulative"": 5425067.0, ""thstrm_amount"": [5425067.0], ""thstrm_add_amount"": [null], ""amount_method"": ""sum_distinct_capex_rows"", ""selection_rule"": ""standard_id_sum"", ""account_id"": null, ""account_nm"": null, ""sj_div"": ""CF"", ""row_count"": 1, ""rows"": [{""account_id"": ""ifrs_PurchaseOfPropertyPlantAndEquipmentClassifiedAsInvestingActivities"", ""account_nm"": ""유형자산의 취득"", ""cumulative"": 5425067.0, ""thstrm_amount"": 5425067.0, ""thstrm_add_amount"": null, ""method"": ""q1_thstrm_amount""}]}, ""capex_intangible"": {""cumulative"": 1324420923.0, ""thstrm_amount"": [1324420923.0], ""thstrm_add_amount"": [null], ""amount_method"": ""sum_distinct_capex_rows"", ""selection_rule"": ""standard_id_sum"", ""account_id"": null, ""account_nm"": null, ""sj_div"": ""CF"", ""row_count"": 1, ""rows"": [{""account_id"": ""ifrs_PurchaseOfIntangibleAssetsClassifiedAsInvestingActivities"", ""account_nm"": ""무형자산의 취득"", ""cumulative"": 1324420923.0, ""thstrm_amount"": 1324420923.0, ""thstrm_add_amount"": null, ""method"": ""q1_thstrm_amount""}]}}",NOT_ASSIGNED_ACCOUNTING_STAGE,annual_reference_2015_2020_accept,True
00100258,주식회사 에스마크,2016,Q2,11012,CFS,CFS,True,True,ok,-7102727695.0,-3926257233.0,-7320465935.0,-4143834897.0,29062431958.0,-7713849723.0,-4403707518.0,39161228.0,33736161.0,,,,,cumulative_difference,cumulative_difference,cumulative_difference,"{""operating_profit"": {""cumulative"": -7102727695.0, ""thstrm_amount"": -3926257233.0, ""thstrm_add_amount"": -7102727695.0, ""amount_method"": ""cumulative_thstrm_add_amount"", ""selection_rule"": ""standard_id"", ""account_id"": ""dart_OperatingIncomeLoss"", ""account_nm"": ""영업이익(손실)"", ""sj_div"": ""CIS""}, ""net_income"": {""cumulative"": -7320465935.0, ""thstrm_amount"": -4143834897.0, ""thstrm_add_amount"": -7320465935.0, ""amount_method"": ""cumulative_thstrm_add_amount"", ""selection_rule"": ""standard_id"", ""account_id"": ""ifrs_ProfitLoss"", ""account_nm"": ""당기순이익(손실)"", ""sj_div"": ""CIS""}, ""equity"": {""cumulative"": 29062431958.0, ""thstrm_amount"": 29062431958.0, ""thstrm_add_amount"": null, ""amount_method"": ""instant_thstrm_amount"", ""selection_rule"": ""standard_id"", ""account_id"": ""ifrs_Equity"", ""account_nm"": ""자본총계"", ""sj_div"": ""BS""}, ""cfo"": {""cumulative"": -7713849723.0, ""thstrm_amount"": -7713849723.0, ""thstrm_add_amount"": null, ""amount_method"": ""cumulative_cf_thstrm_amount"", ""selection_rule"": ""standard_id"", ""account_id"": ""ifrs_CashFlowsFromUsedInOperatingActivities"", ""account_nm"": ""영업활동현금흐름"", ""sj_div"": ""CF""}, ""capex_ppe"": {""cumulative"": 39161228.0, ""thstrm_amount"": [39161228.0], ""thstrm_add_amount"": [null], ""amount_method"": ""sum_distinct_capex_rows"", ""selection_rule"": ""standard_id_sum"", ""account_id"": null, ""account_nm"": null, ""sj_div"": ""CF"", ""row_count"": 1, ""rows"": [{""account_id"": ""ifrs_PurchaseOfPropertyPlantAndEquipmentClassifiedAsInvestingActivities"", ""account_nm"": ""유형자산의 취득"", ""cumulative"": 39161228.0, ""thstrm_amount"": 39161228.0, ""thstrm_add_amount"": null, ""method"": ""cumulative_cf_thstrm_amount""}]}, ""capex_intangible"": {""cumulative"": null, ""thstrm_amount"": [null], ""thstrm_add_amount"": [null], ""amount_method"": ""sum_distinct_capex_rows"", ""selection_rule"": ""standard_id_sum"", ""account_id"": null, ""account_nm"": null, ""sj_div"": ""CF"", ""row_count"": 1, ""rows"": [{""account_id"": ""ifrs_PurchaseOfIntangibleAssetsClassifiedAsInvestingActivities"", ""account_nm"": ""무형자산의 취득"", ""cumulative"": null, ""thstrm_amount"": null, ""thstrm_add_amount"": null, ""method"": ""cumulative_missing""}]}}",NOT_ASSIGNED_ACCOUNTING_STAGE,annual_reference_2015_2020_accept,True
00100258,주식회사 에스마크,2016,Q3,11014,CFS,CFS,True,True,ok,-13261671165.0,-6158943470.0,-13631228314.0,-6310762379.0,39893902042.0,-8919197777.0,-1205348054.0,932853922.0,893692694.0,0.0,1324420923.0,2218113617.0,-3423461671.0,cumulative_difference,cumulative_difference,cumulative_difference,"{""operating_profit"": {""cumulative"": -13261671165.0, ""thstrm_amount"": -6158943470.0, ""thstrm_add_amount"": -13261671165.0, ""amount_method"": ""cumulative_thstrm_add_amount"", ""selection_rule"": ""standard_id"", ""account_id"": ""dart_OperatingIncomeLoss"", ""account_nm"": ""영업이익(손실)"", ""sj_div"": ""CIS""}, ""net_income"": {""cumulative"": -13631228314.0, ""thstrm_amount"": -6310762379.0, ""thstrm_add_amount"": -13631228314.0, ""amount_method"": ""cumulative_thstrm_add_amount"", ""selection_rule"": ""standard_id"", ""account_id"": ""ifrs_ProfitLoss"", ""account_nm"": ""당기순이익(손실)"", ""sj_div"": ""CIS""}, ""equity"": {""cumulative"": 39893902042.0, ""thstrm_amount"": 39893902042.0, ""thstrm_add_amount"": null, ""amount_method"": ""instant_thstrm_amount"", ""selection_rule"": ""standard_id"", ""account_id"": ""ifrs_Equity"", ""account_nm"": ""자본총계"", ""sj_div"": ""BS""}, ""cfo"": {""cumulative"": -8919197777.0, ""thstrm_amount"": -8919197777.0, ""thstrm_add_amount"": null, ""amount_method"": ""cumulative_cf_thstrm_amount"", ""selection_rule"": ""standard_id"", ""account_id"": ""ifrs_CashFlowsFromUsedInOperatingActivities"", ""account_nm"": ""영업활동현금흐름"", ""sj_div"": ""CF""}, ""capex_ppe"": {""cumulative"": 932853922.0, ""thstrm_amount"": [932853922.0], ""thstrm_add_amount"": [null], ""amount_method"": ""sum_distinct_capex_rows"", ""selection_rule"": ""standard_id_sum"", ""account_id"": null, ""account_nm"": null, ""sj_div"": ""CF"", ""row_count"": 1, ""rows"": [{""account_id"": ""ifrs_PurchaseOfPropertyPlantAndEquipmentClassifiedAsInvestingActivities"", ""account_nm"": ""유형자산의 취득"", ""cumulative"": 932853922.0, ""thstrm_amount"": 932853922.0, ""thstrm_add_amount"": null, ""method"": ""cumulative_cf_thstrm_amount""}]}, ""capex_intangible"": {""cumulative"": 0.0, ""thstrm_amount"": [0.0], ""thstrm_add_amount"": [null], ""amount_method"": ""sum_distinct_capex_rows"", ""selection_rule"": ""standard_id_sum"", ""account_id"": null, ""account_nm"": null, ""sj_div"": ""CF"", ""row_count"": 1, ""rows"": [{""account_id"": ""ifrs_PurchaseOfIntangibleAssetsClassifiedAsInvestingActivities"", ""account_nm"": ""무형자산의 취득"", ""cumulative"": 0.0, ""thstrm_amount"": 0.0, ""thstrm_add_amount"": null, ""method"": ""cumulative_cf_thstrm_amount""}]}}",NOT_ASSIGNED_ACCOUNTING_STAGE,annual_reference_2015_2020_accept,True
00100601,(주)웰크론강원,2016,Q1,11013,CFS,CFS,True,True,ok,74820720.0,74820720.0,132872173.0,132872173.0,57157936530.0,-7676802314.0,-7676802314.0,999789809.0,999789809.0,,,,,direct_q1,direct_q1,direct_q1,"{""operating_profit"": {""cumulative"": 74820720.0, ""thstrm_amount"": 74820720.0, ""thstrm_add_amount"": 74820720.0, ""amount_method"": ""q1_thstrm_amount"", ""selection_rule"": ""standard_id"", ""account_id"": ""dart_OperatingIncomeLoss"", ""account_nm"": ""영업이익(손실)"", ""sj_div"": ""CIS""}, ""net_income"": {""cumulative"": 132872173.0, ""thstrm_amount"": 132872173.0, ""thstrm_add_amount"": 132872173.0, ""amount_method"": ""q1_thstrm_amount"", ""selection_rule"": ""standard_id"", ""account_id"": ""ifrs_ProfitLoss"", ""account_nm"": ""당기순이익(손실)"", ""sj_div"": ""CIS""}, ""equity"": {""cumulative"": 57157936530.0, ""thstrm_amount"": 57157936530.0, ""thstrm_add_amount"": null, ""amount_method"": ""instant_thstrm_amount"", ""selection_rule"": ""standard_id"", ""account_id"": ""ifrs_Equity"", ""account_nm"": ""자본총계"", ""sj_div"": ""BS""}, ""cfo"": {""cumulative"": -7676802314.0, ""thstrm_amount"": -7676802314.0, ""thstrm_add_amount"": null, ""amount_method"": ""q1_thstrm_amount"", ""selection_rule"": ""standard_id"", ""account_id"": ""ifrs_CashFlowsFromUsedInOperatingActivities"", ""account_nm"": ""영업활동현금흐름"", ""sj_div"": ""CF""}, ""capex_ppe"": {""cumulative"": 999789809.0, ""thstrm_amount"": [999789809.0], ""thstrm_add_amount"": [null], ""amount_method"": ""sum_distinct_capex_rows"", ""selection_rule"": ""exact_label_sum"", ""account_id"": null, ""account_nm"": null, ""sj_div"": ""CF"", ""row_count"": 1, ""rows"": [{""account_id"": ""-표준계정코드 미사용-"", ""account_nm"": ""유형자산의 취득"", ""cumulative"": 999789809.0, ""thstrm_amount"": 999789809.0, ""thstrm_add_amount"": null, ""method"": ""q1_thstrm_amount""}]}, ""capex_intangible"": {""cumulative"": null, ""thstrm_amount"": [null], ""thstrm_add_amount"": [null], ""amount_method"": ""sum_distinct_capex_rows"", ""selection_rule"": ""exact_label_sum"", ""account_id"": null, ""account_nm"": null, ""sj_div"": ""CF"", ""row_count"": 1, ""rows"": [{""account_id"": ""-표준계정코드 미사용-"", ""account_nm"": ""무형자산의 취득"", ""cumulative"": null, ""thstrm_amount"": null, ""thstrm_add_amount"": null, ""method"": ""missing""}]}}",NOT_ASSIGNED_ACCOUNTING_STAGE,annual_reference_2015_2020_accept,True
00100601,(주)웰크론강원,2016,Q2,11012,CFS,CFS,True,True,ok,67541266.0,-7279454.0,-802887028.0,-935759201.0,55459091631.0,-18001554732.0,-10324752418.0,1634465869.0,634676060.0,,,,,cumulative_difference,cumulative_difference,cumulative_difference,"{""operating_profit"": {""cumulative"": 67541266.0, ""thstrm_amount"": -7279454.0, ""thstrm_add_amount"": 67541266.0, ""amount_method"": ""cumulative_thstrm_add_amount"", ""selection_rule"": ""standard_id"", ""account_id"": ""dart_OperatingIncomeLoss"", ""account_nm"": ""영업이익(손실)"", ""sj_div"": ""CIS""}, ""net_income"": {""cumulative"": -802887028.0, ""thstrm_amount"": -935759201.0, ""thstrm_add_amount"": -802887028.0, ""amount_method"": ""cumulative_thstrm_add_amount"", ""selection_rule"": ""standard_id"", ""account_id"": ""ifrs_ProfitLoss"", ""account_nm"": ""당기순이익(손실)"", ""sj_div"": ""CIS""}, ""equity"": {""cumulative"": 55459091631.0, ""thstrm_amount"": 55459091631.0, ""thstrm_add_amount"": null, ""amount_method"": ""instant_thstrm_amount"", ""selection_rule"": ""standard_id"", ""account_id"": ""ifrs_Equity"", ""account_nm"": ""자본총계"", ""sj_div"": ""BS""}, ""cfo"": {""cumulative"": -18001554732.0, ""thstrm_amount"": -18001554732.0, ""thstrm_add_amount"": null, ""amount_method"": ""cumulative_cf_thstrm_amount"", ""selection_rule"": ""standard_id"", ""account_id"": ""ifrs_CashFlowsFromUsedInOperatingActivities"", ""account_nm"": ""영업활동현금흐름"", ""sj_div"": ""CF""}, ""capex_ppe"": {""cumulative"": 1634465869.0, ""thstrm_amount"": [1634465869.0], ""thstrm_add_amount"": [null], ""amount_method"": ""sum_distinct_capex_rows"", ""selection_rule"": ""exact_label_sum"", ""account_id"": null, ""account_nm"": null, ""sj_div"": ""CF"", ""row_count"": 1, ""rows"": [{""account_id"": ""-표준계정코드 미사용-"", ""account_nm"": ""유형자산의 취득"", ""cumulative"": 1634465869.0, ""thstrm_amount"": 1634465869.0, ""thstrm_add_amount"": null, ""method"": ""cumulative_cf_thstrm_amount""}]}, ""capex_intangible"": {""cumulative"": null, ""thstrm_amount"": [null], ""thstrm_add_amount"": [null], ""amount_method"": ""sum_distinct_capex_rows"", ""selection_rule"": ""exact_label_sum"", ""account_id"": null, ""account_nm"": null, ""sj_div"": ""CF"", ""row_count"": 1, ""rows"": [{""account_id"": ""-표준계정코드 미사용-"", ""account_nm"": ""무형자산의 취득"", ""cumulative"": null, ""thstrm_amount"": null, ""thstrm_add_amount"": null, ""method"": ""cumulative_missing""}]}}",NOT_ASSIGNED_ACCOUNTING_STAGE,annual_reference_2015_2020_accept,True
00100601,(주)웰크론강원,2016,Q3,11014,CFS,CFS,True,True,ok,-2133891411.0,-2201432677.0,-3281246642.0,-2478359614.0,53133437539.0,-17876472425.0,125082307.0,2215122991.0,580657122.0,,,,,cumulative_difference,cumulative_difference,cumulative_difference,"{""operating_profit"": {""cumulative"": -2133891411.0, ""thstrm_amount"": -2201432677.0, ""thstrm_add_amount"": -2133891411.0, ""amount_method"": ""cumulative_thstrm_add_amount"", ""selection_rule"": ""standard_id"", ""account_id"": ""dart_OperatingIncomeLoss"", ""account_nm"": ""영업이익(손실)"", ""sj_div"": ""CIS""}, ""net_income"": {""cumulative"": -3281246642.0, ""thstrm_amount"": -2478359614.0, ""thstrm_add_amount"": -3281246642.0, ""amount_method"": ""cumulative_thstrm_add_amount"", ""selection_rule"": ""standard_id"", ""account_id"": ""ifrs_ProfitLoss"", ""account_nm"": ""당기순이익(손실)"", ""sj_div"": ""CIS""}, ""equity"": {""cumulative"": 53133437539.0, ""thstrm_amount"": 53133437539.0, ""thstrm_add_amount"": null, ""amount_method"": ""instant_thstrm_amount"", ""selection_rule"": ""standard_id"", ""account_id"": ""ifrs_Equity"", ""account_nm"": ""자본총계"", ""sj_div"": ""BS""}, ""cfo"": {""cumulative"": -17876472425.0, ""thstrm_amount"": -17876472425.0, ""thstrm_add_amount"": null, ""amount_method"": ""cumulative_cf_thstrm_amount"", ""selection_rule"": ""standard_id"", ""account_id"": ""ifrs_CashFlowsFromUsedInOperatingActivities"", ""account_nm"": ""영업활동현금흐름"", ""sj_div"": ""CF""}, ""capex_ppe"": {""cumulative"": 2215122991.0, ""thstrm_amount"": [2215122991.0], ""thstrm_add_amount"": [null], ""amount_method"": ""sum_distinct_capex_rows"", ""selection_rule"": ""exact_label_sum"", ""account_id"": null, ""account_nm"": null, ""sj_div"": ""CF"", ""row_count"": 1, ""rows"": [{""account_id"": ""-표준계정코드 미사용-"", ""account_nm"": ""유형자산의 취득"", ""cumulative"": 2215122991.0, ""thstrm_amount"": 2215122991.0, ""thstrm_add_amount"": null, ""method"": ""cumulative_cf_thstrm_amount""}]}, ""capex_intangible"": {""cumulative"": null, ""thstrm_amount"": [null], ""thstrm_add_amount"": [null], ""amount_method"": ""sum_distinct_capex_rows"", ""selection_rule"": ""exact_label_sum"", ""account_id"": null, ""account_nm"": null, ""sj_div"": ""CF"", ""row_count"": 1, ""rows"": [{""account_id"": ""-표준계정코드 미사용-"", ""account_nm"": ""무형자산의 취득"", ""cumulative"": null, ""thstrm_amount"": null, ""thstrm_add_amount"": null, ""method"": ""cumulative_missing""}]}}",NOT_ASSIGNED_ACCOUNTING_STAGE,annual_reference_2015_2020_accept,True
00100717,(주)아이이,2016,Q1,11013,CFS,CFS,True,True,ok,-706294538.0,-706294538.0,-716990427.0,-716990427.0,54654817500.0,-1396704047.0,-1396704047.0,,,0.0,0.0,,,direct_q1,direct_q1,direct_q1,"{""operating_profit"": {""cumulative"": -706294538.0, ""thstrm_amount"": -706294538.0, ""thstrm_add_amount"": -706294538.0, ""amount_method"": ""q1_thstrm_amount"", ""selection_rule"": ""standard_id"", ""account_id"": ""dart_OperatingIncomeLoss"", ""account_nm"": ""영업이익(손실)"", ""sj_div"": ""CIS""}, ""net_income"": {""cumulative"": -716990427.0, ""thstrm_amount"": -716990427.0, ""thstrm_add_amount"": -716990427.0, ""amount_method"": ""q1_thstrm_amount"", ""selection_rule"": ""standard_id"", ""account_id"": ""ifrs_ProfitLoss"", ""account_nm"": ""당기순이익(손실)"", ""sj_div"": ""CIS""}, ""equity"": {""cumulative"": 54654817500.0, ""thstrm_amount"": 54654817500.0, ""thstrm_add_amount"": null, ""amount_method"": ""instant_thstrm_amount"", ""selection_rule"": ""standard_id"", ""account_id"": ""ifrs_Equity"", ""account_nm"": ""자본총계"", ""sj_div"": ""BS""}, ""cfo"": {""cumulative"": -1396704047.0, ""thstrm_amount"": -1396704047.0, ""thstrm_add_amount"": null, ""amount_method"": ""q1_thstrm_amount"", ""selection_rule"": ""standard_id"", ""account_id"": ""ifrs_CashFlowsFromUsedInOperatingActivities"", ""account_nm"": ""영업활동현금흐름"", ""sj_div"": ""CF""}, ""capex_ppe"": {""cumulative"": null, ""thstrm_amount"": [null], ""thstrm_add_amount"": [null], ""amount_method"": ""sum_distinct_capex_rows"", ""selection_rule"": ""standard_id_sum"", ""account_id"": null, ""account_nm"": null, ""sj_div"": ""CF"", ""row_count"": 1, ""rows"": [{""account_id"": ""ifrs_PurchaseOfPropertyPlantAndEquipmentClassifiedAsInvestingActivities"", ""account_nm"": ""시설장치의 취득"", ""cumulative"": null, ""thstrm_amount"": null, ""thstrm_add_amount"": null, ""method"": ""missing""}]}, ""capex_intangible"": {""cumulative"": 0.0, ""thstrm_amount"": null, ""thstrm_add_amount"": null, ""amount_method"": ""no_qualifying_rows_zero"", ""selection_rule"": ""no_qualifying_rows"", ""account_id"": null, ""account_nm"": null, ""sj_div"": ""CF"", ""row_count"": 0}}",NOT_ASSIGNED_ACCOUNTING_STAGE,annual_reference_2015_2020_accept,True
00100717,(주)아이이,2016,Q2,11012,CFS,CFS,True,True,ok,-1790123946.0,-1083829408.0,-2010049070.0,-1293058643.0,54691931525.0,-1935253591.0,-538549544.0,135524990.0,,0.0,0.0,,,cumulative_difference,cumulative_difference,cumulative_difference,"{""operating_profit"": {""cumulative"": -1790123946.0, ""thstrm_amount"": -1083829408.0, ""thstrm_add_amount"": -1790123946.0, ""amount_method"": ""cumulative_thstrm_add_amount"", ""selection_rule"": ""standard_id"", ""account_id"": ""dart_OperatingIncomeLoss"", ""account_nm"": ""영업이익(손실)"", ""sj_div"": ""CIS""}, ""net_income"": {""cumulative"": -2010049070.0, ""thstrm_amount"": -1293058643.0, ""thstrm_add_amount"": -2010049070.0, ""amount_method"": ""cumulative_thstrm_add_amount"", ""selection_rule"": ""standard_id"", ""account_id"": ""ifrs_ProfitLoss"", ""account_nm"": ""당기순이익(손실)"", ""sj_div"": ""CIS""}, ""equity"": {""cumulative"": 54691931525.0, ""thstrm_amount"": 54691931525.0, ""thstrm_add_amount"": null, ""amount_method"": ""instant_thstrm_amount"", ""selection_rule"": ""standard_id"", ""account_id"": ""ifrs_Equity"", ""account_nm"": ""자본총계"", ""sj_div"": ""BS""}, ""cfo"": {""cumulative"": -1935253591.0, ""thstrm_amount"": -1935253591.0, ""thstrm_add_amount"": null, ""amount_method"": ""cumulative_cf_thstrm_amount"", ""selection_rule"": ""standard_id"", ""account_id"": ""ifrs_CashFlowsFromUsedInOperatingActivities"", ""account_nm"": ""영업활동현금흐름"", ""sj_div"": ""CF""}, ""capex_ppe"": {""cumulative"": 135524990.0, ""thstrm_amount"": [135524990.0], ""thstrm_add_amount"": [null], ""amount_method"": ""sum_distinct_capex_rows"", ""selection_rule"": ""standard_id_sum"", ""account_id"": null, ""account_nm"": null, ""sj_div"": ""CF"", ""row_count"": 1, ""rows"": [{""account_id"": ""ifrs_PurchaseOfPropertyPlantAndEquipmentClassifiedAsInvestingActivities"", ""account_nm"": ""시설장치의 취득"", ""cumulative"": 135524990.0, ""thstrm_amount"": 135524990.0, ""thstrm_add_amount"": null, ""method"": ""cumulative_cf_thstrm_amount""}]}, ""capex_intangible"": {""cumulative"": 0.0, ""thstrm_amount"": null, ""thstrm_add_amount"": null, ""amount_method"": ""no_qualifying_rows_zero"", ""selection_rule"": ""no_qualifying_rows"", ""account_id"": null, ""account_nm"": null, ""sj_div"": ""CF"", ""row_count"": 0}}",NOT_ASSIGNED_ACCOUNTING_STAGE,annual_reference_2015_2020_accept,True
00100717,(주)아이이,2016,Q3,11014,CFS,CFS,True,True,ok,-2200820156.0,-410696210.0,-15347811224.0,-13337762154.0,128141275552.0,-2343055502.0,-407801911.0,162900504.0,27375514.0,0.0,0.0,27375514.0,-435177425.0,cumulative_difference,cumulative_difference,cumulative_difference,"{""operating_profit"": {""cumulative"": -2200820156.0, ""thstrm_amount"": -1196785372.0, ""thstrm_add_amount"": -2200820156.0, ""amount_method"": ""cumulative_thstrm_add_amount"", ""selection_rule"": ""standard_id"", ""account_id"": ""dart_OperatingIncomeLoss"", ""account_nm"": ""영업이익(손실)"", ""sj_div"": ""CIS""}, ""net_income"": {""cumulative"": -15347811224.0, ""thstrm_amount"": -14351882638.0, ""thstrm_add_amount"": -15347811224.0, ""amount_method"": ""cumulative_thstrm_add_amount"", ""selection_rule"": ""standard_id"", ""account_id"": ""ifrs_ProfitLoss"", ""account_nm"": ""당기순이익(손실)"", ""sj_div"": ""CIS""}, ""equity"": {""cumulative"": 128141275552.0, ""thstrm_amount"": 128141275552.0, ""thstrm_add_amount"": null, ""amount_method"": ""instant_thstrm_amount"", ""selection_rule"": ""standard_id"", ""account_id"": ""ifrs_Equity"", ""account_nm"": ""자본총계"", ""sj_div"": ""BS""}, ""cfo"": {""cumulative"": -2343055502.0, ""thstrm_amount"": -2343055502.0, ""thstrm_add_amount"": null, ""amount_method"": ""cumulative_cf_thstrm_amount"", ""selection_rule"": ""standard_id"", ""account_id"": ""ifrs_CashFlowsFromUsedInOperatingActivities"", ""account_nm"": ""영업활동현금흐름"", ""sj_div"": ""CF""}, ""capex_ppe"": {""cumulative"": 162900504.0, ""thstrm_amount"": [162900504.0], ""thstrm_add_amount"": [null], ""amount_method"": ""sum_distinct_capex_rows"", ""selection_rule"": ""standard_id_sum"", ""account_id"": null, ""account_nm"": null, ""sj_div"": ""CF"", ""row_count"": 1, ""rows"": [{""account_id"": ""ifrs_PurchaseOfPropertyPlantAndEquipmentClassifiedAsInvestingActivities"", ""account_nm"": ""시설장치의 취득"", ""cumulative"": 162900504.0, ""thstrm_amount"": 162900504.0, ""thstrm_add_amount"": null, ""method"": ""cumulative_cf_thstrm_amount""}]}, ""capex_intangible"": {""cumulative"": 0.0, ""thstrm_amount"": null, ""thstrm_add_amount"": null, ""amount_method"": ""no_qualifying_rows_zero"", ""selection_rule"": ""no_qualifying_rows"", ""account_id"": null, ""account_nm"": null, ""sj_div"": ""CF"", ""row_count"": 0}}",NOT_ASSIGNED_ACCOUNTING_STAGE,annual_reference_2015_2020_accept,True
00101044,슈넬생명과학(주),2016,Q1,11013,CFS,CFS,True,True,ok,-230532711.0,-230532711.0,-221516886.0,-221516886.0,74825671284.0,4856258.0,4856258.0,602359503.0,602359503.0,,,,,direct_q1,direct_q1,direct_q1,"{""operating_profit"": {""cumulative"": -230532711.0, ""thstrm_amount"": -230532711.0, ""thstrm_add_amount"": -230532711.0, ""amount_method"": ""q1_thstrm_amount"", ""selection_rule"": ""standard_id"", ""account_id"": ""dart_OperatingIncomeLoss"", ""account_nm"": ""영업이익(손실)"", ""sj_div"": ""CIS""}, ""net_income"": {""cumulative"": -221516886.0, ""thstrm_amount"": -221516886.0, ""thstrm_add_amount"": -221516886.0, ""amount_method"": ""q1_thstrm_amount"", ""selection_rule"": ""standard_id"", ""account_id"": ""ifrs_ProfitLoss"", ""account_nm"": ""당기순이익(손실)"", ""sj_div"": ""CIS""}, ""equity"": {""cumulative"": 74825671284.0, ""thstrm_amount"": 74825671284.0, ""thstrm_add_amount"": null, ""amount_method"": ""instant_thstrm_amount"", ""selection_rule"": ""standard_id"", ""account_id"": ""ifrs_Equity"", ""account_nm"": ""자본총계"", ""sj_div"": ""BS""}, ""cfo"": {""cumulative"": 4856258.0, ""thstrm_amount"": 4856258.0, ""thstrm_add_amount"": null, ""amount_method"": ""q1_thstrm_amount"", ""selection_rule"": ""standard_id"", ""account_id"": ""ifrs_CashFlowsFromUsedInOperatingActivities"", ""account_nm"": ""영업활동현금흐름"", ""sj_div"": ""CF""}, ""capex_ppe"": {""cumulative"": 602359503.0, ""thstrm_amount"": [602359503.0], ""thstrm_add_amount"": [null], ""amount_method"": ""sum_distinct_capex_rows"", ""selection_rule"": ""standard_id_sum"", ""account_id"": null, ""account_nm"": null, ""sj_div"": ""CF"", ""row_count"": 1, ""rows"": [{""account_id"": ""ifrs_PurchaseOfPropertyPlantAndEquipmentClassifiedAsInvestingActivities"", ""account_nm"": ""유형자산의 취득"", ""cumulative"": 602359503.0, ""thstrm_amount"": 602359503.0, ""thstrm_add_amount"": null, ""method"": ""q1_thstrm_amount""}]}, ""capex_intangible"": {""cumulative"": null, ""thstrm_amount"": [null], ""thstrm_add_amount"": [null], ""amount_method"": ""sum_distinct_capex_rows"", ""selection_rule"": ""standard_id_sum"", ""account_id"": null, ""account_nm"": null, ""sj_div"": ""CF"", ""row_count"": 1, ""rows"": [{""account_id"": ""ifrs_PurchaseOfIntangibleAssetsClassifiedAsInvestingActivities"", ""account_nm"": ""무형자산의 취득"", ""cumulative"": null, ""thstrm_amount"": null, ""thstrm_add_amount"": null, ""method"": ""missing""}]}}",NOT_ASSIGNED_ACCOUNTING_STAGE,annual_reference_2015_2020_accept,True
00101044,슈넬생명과학(주),2016,Q2,11012,CFS,CFS,True,True,ok,-247857583.0,-17324872.0,-577975530.0,-356458644.0,81601829491.0,-536516511.0,-541372769.0,930202095.0,327842592.0,1000000000.0,,,,cumulative_difference,cumulative_difference,cumulative_difference,"{""operating_profit"": {""cumulative"": -247857583.0, ""thstrm_amount"": -17324872.0, ""thstrm_add_amount"": -247857583.0, ""amount_method"": ""cumulative_thstrm_add_amount"", ""selection_rule"": ""standard_id"", ""account_id"": ""dart_OperatingIncomeLoss"", ""account_nm"": ""영업이익(손실)"", ""sj_div"": ""CIS""}, ""net_income"": {""cumulative"": -577975530.0, ""thstrm_amount"": -356458644.0, ""thstrm_add_amount"": -577975530.0, ""amount_method"": ""cumulative_thstrm_add_amount"", ""selection_rule"": ""standard_id"", ""account_id"": ""ifrs_ProfitLoss"", ""account_nm"": ""당기순이익(손실)"", ""sj_div"": ""CIS""}, ""equity"": {""cumulative"": 81601829491.0, ""thstrm_amount"": 81601829491.0, ""thstrm_add_amount"": null, ""amount_method"": ""instant_thstrm_amount"", ""selection_rule"": ""standard_id"", ""account_id"": ""ifrs_Equity"", ""account_nm"": ""자본총계"", ""sj_div"": ""BS""}, ""cfo"": {""cumulative"": -536516511.0, ""thstrm_amount"": -536516511.0, ""thstrm_add_amount"": null, ""amount_method"": ""cumulative_cf_thstrm_amount"", ""selection_rule"": ""standard_id"", ""account_id"": ""ifrs_CashFlowsFromUsedInOperatingActivities"", ""account_nm"": ""영업활동현금흐름"", ""sj_div"": ""CF""}, ""capex_ppe"": {""cumulative"": 930202095.0, ""thstrm_amount"": [930202095.0], ""thstrm_add_amount"": [null], ""amount_method"": ""sum_distinct_capex_rows"", ""selection_rule"": ""standard_id_sum"", ""account_id"": null, ""account_nm"": null, ""sj_div"": ""CF"", ""row_count"": 1, ""rows"": [{""account_id"": ""ifrs_PurchaseOfPropertyPlantAndEquipmentClassifiedAsInvestingActivities"", ""account_nm"": ""유형자산의 취득"", ""cumulative"": 930202095.0, ""thstrm_amount"": 930202095.0, ""thstrm_add_amount"": null, ""method"": ""cumulative_cf_thstrm_amount""}]}, ""capex_intangible"": {""cumulative"": 1000000000.0, ""thstrm_amount"": [1000000000.0], ""thstrm_add_amount"": [null], ""amount_method"": ""sum_distinct_capex_rows"", ""selection_rule"": ""standard_id_sum"", ""account_id"": null, ""account_nm"": null, ""sj_div"": ""CF"", ""row_count"": 1, ""rows"": [{""account_id"": ""ifrs_PurchaseOfIntangibleAssetsClassifiedAsInvestingActivities"", ""account_nm"": ""무형자산의 취득"", ""cumulative"": 1000000000.0, ""thstrm_amount"": 1000000000.0, ""thstrm_add_amount"": null, ""method"": ""cumulative_cf_thstrm_amount""}]}}",NOT_ASSIGNED_ACCOUNTING_STAGE,annual_reference_2015_2020_accept,True
00101044,슈넬생명과학(주),2016,Q3,11014,CFS,CFS,True,True,ok,-696944605.0,-449087022.0,-1567826838.0,-989851308.0,80676638272.0,-195850683.0,340665828.0,1087772170.0,157570075.0,1022000000.0,22000000.0,179570075.0,161095753.0,cumulative_difference,cumulative_difference,cumulative_difference,"{""operating_profit"": {""cumulative"": -696944605.0, ""thstrm_amount"": -449087022.0, ""thstrm_add_amount"": -696944605.0, ""amount_method"": ""cumulative_thstrm_add_amount"", ""selection_rule"": ""standard_id"", ""account_id"": ""dart_OperatingIncomeLoss"", ""account_nm"": ""영업이익(손실)"", ""sj_div"": ""CIS""}, ""net_income"": {""cumulative"": -1567826838.0, ""thstrm_amount"": -989851308.0, ""thstrm_add_amount"": -1567826838.0, ""amount_method"": ""cumulative_thstrm_add_amount"", ""selection_rule"": ""standard_id"", ""account_id"": ""ifrs_ProfitLoss"", ""account_nm"": ""당기순이익(손실)"", ""sj_div"": ""CIS""}, ""equity"": {""cumulative"": 80676638272.0, ""thstrm_amount"": 80676638272.0, ""thstrm_add_amount"": null, ""amount_method"": ""instant_thstrm_amount"", ""selection_rule"": ""standard_id"", ""account_id"": ""ifrs_Equity"", ""account_nm"": ""자본총계"", ""sj_div"": ""BS""}, ""cfo"": {""cumulative"": -195850683.0, ""thstrm_amount"": -195850683.0, ""thstrm_add_amount"": null, ""amount_method"": ""cumulative_cf_thstrm_amount"", ""selection_rule"": ""standard_id"", ""account_id"": ""ifrs_CashFlowsFromUsedInOperatingActivities"", ""account_nm"": ""영업활동현금흐름"", ""sj_div"": ""CF""}, ""capex_ppe"": {""cumulative"": 1087772170.0, ""thstrm_amount"": [1087772170.0], ""thstrm_add_amount"": [null], ""amount_method"": ""sum_distinct_capex_rows"", ""selection_rule"": ""standard_id_sum"", ""account_id"": null, ""account_nm"": null, ""sj_div"": ""CF"", ""row_count"": 1, ""rows"": [{""account_id"": ""ifrs_PurchaseOfPropertyPlantAndEquipmentClassifiedAsInvestingActivities"", ""account_nm"": ""유형자산의 취득"", ""cumulative"": 1087772170.0, ""thstrm_amount"": 1087772170.0, ""thstrm_add_amount"": null, ""method"": ""cumulative_cf_thstrm_amount""}]}, ""capex_intangible"": {""cumulative"": 1022000000.0, ""thstrm_amount"": [1022000000.0], ""thstrm_add_amount"": [null], ""amount_method"": ""sum_distinct_capex_rows"", ""selection_rule"": ""standard_id_sum"", ""account_id"": null, ""account_nm"": null, ""sj_div"": ""CF"", ""row_count"": 1, ""rows"": [{""account_id"": ""ifrs_PurchaseOfIntangibleAssetsClassifiedAsInvestingActivities"", ""account_nm"": ""무형자산의 취득"", ""cumulative"": 1022000000.0, ""thstrm_amount"": 1022000000.0, ""thstrm_add_amount"": null, ""method"": ""cumulative_cf_thstrm_amount""}]}}",NOT_ASSIGNED_ACCOUNTING_STAGE,annual_reference_2015_2020_accept,True
00101220,KG케미칼,2016,Q1,11013,CFS,CFS,True,True,ok,13458855306.0,13458855306.0,7478389368.0,7478389368.0,462816519386.0,32457043886.0,32457043886.0,2647514326.0,2647514326.0,820725497.0,820725497.0,3468239823.0,28988804063.0,direct_q1,direct_q1,direct_q1,"{""operating_profit"": {""cumulative"": 13458855306.0, ""thstrm_amount"": 13458855306.0, ""thstrm_add_amount"": 13458855306.0, ""amount_method"": ""q1_thstrm_amount"", ""selection_rule"": ""standard_id"", ""account_id"": ""dart_OperatingIncomeLoss"", ""account_nm"": ""영업이익(손실)"", ""sj_div"": ""CIS""}, ""net_income"": {""cumulative"": 7478389368.0, ""thstrm_amount"": 7478389368.0, ""thstrm_add_amount"": 7478389368.0, ""amount_method"": ""q1_thstrm_amount"", ""selection_rule"": ""standard_id"", ""account_id"": ""ifrs_ProfitLoss"", ""account_nm"": ""당기순이익(손실)"", ""sj_div"": ""CIS""}, ""equity"": {""cumulative"": 462816519386.0, ""thstrm_amount"": 462816519386.0, ""thstrm_add_amount"": null, ""amount_method"": ""instant_thstrm_amount"", ""selection_rule"": ""standard_id"", ""account_id"": ""ifrs_Equity"", ""account_nm"": ""자본총계"", ""sj_div"": ""BS""}, ""cfo"": {""cumulative"": 32457043886.0, ""thstrm_amount"": 32457043886.0, ""thstrm_add_amount"": null, ""amount_method"": ""q1_thstrm_amount"", ""selection_rule"": ""standard_id"", ""account_id"": ""ifrs_CashFlowsFromUsedInOperatingActivities"", ""account_nm"": ""영업활동현금흐름"", ""sj_div"": ""CF""}, ""capex_ppe"": {""cumulative"": 2647514326.0, ""thstrm_amount"": [2647514326.0], ""thstrm_add_amount"": [null], ""amount_method"": ""sum_distinct_capex_rows"", ""selection_rule"": ""standard_id_sum"", ""account_id"": null, ""account_nm"": null, ""sj_div"": ""CF"", ""row_count"": 1, ""rows"": [{""account_id"": ""ifrs_PurchaseOfPropertyPlantAndEquipmentClassifiedAsInvestingActivities"", ""account_nm"": ""유형자산의 취득"", ""cumulative"": 2647514326.0, ""thstrm_amount"": 2647514326.0, ""thstrm_add_amount"": null, ""method"": ""q1_thstrm_amount""}]}, ""capex_intangible"": {""cumulative"": 820725497.0, ""thstrm_amount"": [820725497.0], ""thstrm_add_amount"": [null], ""amount_method"": ""sum_distinct_capex_rows"", ""selection_rule"": ""standard_id_sum"", ""account_id"": null, ""account_nm"": null, ""sj_div"": ""CF"", ""row_count"": 1, ""rows"": [{""account_id"": ""ifrs_PurchaseOfIntangibleAssetsClassifiedAsInvestingActivities"", ""account_nm"": ""무형자산의 취득"", ""cumulative"": 820725497.0, ""thstrm_amount"": 820725497.0, ""thstrm_add_amount"": null, ""method"": ""q1_thstrm_amount""}]}}",NOT_ASSIGNED_ACCOUNTING_STAGE,annual_reference_2015_2020_accept,True
00101220,KG케미칼,2016,Q2,11012,CFS,CFS,True,True,ok,30680778111.0,17221922805.0,26299352686.0,18820963318.0,500620236950.0,45546298399.0,13089254513.0,9977630164.0,7330115838.0,4315866136.0,3495140639.0,10825256477.0,2263998036.0,cumulative_difference,cumulative_difference,cumulative_difference,"{""operating_profit"": {""cumulative"": 30680778111.0, ""thstrm_amount"": 17221922805.0, ""thstrm_add_amount"": 30680778111.0, ""amount_method"": ""cumulative_thstrm_add_amount"", ""selection_rule"": ""standard_id"", ""account_id"": ""dart_OperatingIncomeLoss"", ""account_nm"": ""영업이익"", ""sj_div"": ""CIS""}, ""net_income"": {""cumulative"": 26299352686.0, ""thstrm_amount"": 18820963318.0, ""thstrm_add_amount"": 26299352686.0, ""amount_method"": ""cumulative_thstrm_add_amount"", ""selection_rule"": ""standard_id"", ""account_id"": ""ifrs_ProfitLoss"", ""account_nm"": ""당기순이익"", ""sj_div"": ""CIS""}, ""equity"": {""cumulative"": 500620236950.0, ""thstrm_amount"": 500620236950.0, ""thstrm_add_amount"": null, ""amount_method"": ""instant_thstrm_amount"", ""selection_rule"": ""standard_id"", ""account_id"": ""ifrs_Equity"", ""account_nm"": ""자본총계"", ""sj_div"": ""BS""}, ""cfo"": {""cumulative"": 45546298399.0, ""thstrm_amount"": 45546298399.0, ""thstrm_add_amount"": null, ""amount_method"": ""cumulative_cf_thstrm_amount"", ""selection_rule"": ""standard_id"", ""account_id"": ""ifrs_CashFlowsFromUsedInOperatingActivities"", ""account_nm"": ""영업활동현금흐름"", ""sj_div"": ""CF""}, ""capex_ppe"": {""cumulative"": 9977630164.0, ""thstrm_amount"": [9977630164.0], ""thstrm_add_amount"": [null], ""amount_method"": ""sum_distinct_capex_rows"", ""selection_rule"": ""standard_id_sum"", ""account_id"": null, ""account_nm"": null, ""sj_div"": ""CF"", ""row_count"": 1, ""rows"": [{""account_id"": ""ifrs_PurchaseOfPropertyPlantAndEquipmentClassifiedAsInvestingActivities"", ""account_nm"": ""유형자산의 취득"", ""cumulative"": 9977630164.0, ""thstrm_amount"": 9977630164.0, ""thstrm_add_amount"": null, ""method"": ""cumulative_cf_thstrm_amount""}]}, ""capex_intangible"": {""cumulative"": 4315866136.0, ""thstrm_amount"": [4315866136.0], ""thstrm_add_amount"": [null], ""amount_method"": ""sum_distinct_capex_rows"", ""selection_rule"": ""standard_id_sum"", ""account_id"": null, ""account_nm"": null, ""sj_div"": ""CF"", ""row_count"": 1, ""rows"": [{""account_id"": ""ifrs_PurchaseOfIntangibleAssetsClassifiedAsInvestingActivities"", ""account_nm"": ""무형자산의 취득"", ""cumulative"": 4315866136.0, ""thstrm_amount"": 4315866136.0, ""thstrm_add_amount"": null, ""method"": ""cumulative_cf_thstrm_amount""}]}}",NOT_ASSIGNED_ACCOUNTING_STAGE,annual_reference_2015_2020_accept,True
00101220,KG케미칼,2016,Q3,11014,CFS,CFS,True,True,ok,47030617724.0,16349839613.0,36309445761.0,10010093075.0,516131964347.0,81694085804.0,36147787405.0,15539587037.0,5561956873.0,6257179243.0,1941313107.0,7503269980.0,28644517425.0,cumulative_difference,cumulative_difference,cumulative_difference,"{""operating_profit"": {""cumulative"": 47030617724.0, ""thstrm_amount"": 16349839613.0, ""thstrm_add_amount"": 47030617724.0, ""amount_method"": ""cumulative_thstrm_add_amount"", ""selection_rule"": ""standard_id"", ""account_id"": ""dart_OperatingIncomeLoss"", ""account_nm"": ""영업이익"", ""sj_div"": ""CIS""}, ""net_income"": {""cumulative"": 36309445761.0, ""thstrm_amount"": 10010093075.0, ""thstrm_add_amount"": 36309445761.0, ""amount_method"": ""cumulative_thstrm_add_amount"", ""selection_rule"": ""standard_id"", ""account_id"": ""ifrs_ProfitLoss"", ""account_nm"": ""당기순이익"", ""sj_div"": ""CIS""}, ""equity"": {""cumulative"": 516131964347.0, ""thstrm_amount"": 516131964347.0, ""thstrm_add_amount"": null, ""amount_method"": ""instant_thstrm_amount"", ""selection_rule"": ""standard_id"", ""account_id"": ""ifrs_Equity"", ""account_nm"": ""자본총계"", ""sj_div"": ""BS""}, ""cfo"": {""cumulative"": 81694085804.0, ""thstrm_amount"": 81694085804.0, ""thstrm_add_amount"": null, ""amount_method"": ""cumulative_cf_thstrm_amount"", ""selection_rule"": ""standard_id"", ""account_id"": ""ifrs_CashFlowsFromUsedInOperatingActivities"", ""account_nm"": ""영업활동현금흐름"", ""sj_div"": ""CF""}, ""capex_ppe"": {""cumulative"": 15539587037.0, ""thstrm_amount"": [15539587037.0], ""thstrm_add_amount"": [null], ""amount_method"": ""sum_distinct_capex_rows"", ""selection_rule"": ""standard_id_sum"", ""account_id"": null, ""account_nm"": null, ""sj_div"": ""CF"", ""row_count"": 1, ""rows"": [{""account_id"": ""ifrs_PurchaseOfPropertyPlantAndEquipmentClassifiedAsInvestingActivities"", ""account_nm"": ""유형자산의 취득"", ""cumulative"": 15539587037.0, ""thstrm_amount"": 15539587037.0, ""thstrm_add_amount"": null, ""method"": ""cumulative_cf_thstrm_amount""}]}, ""capex_intangible"": {""cumulative"": 6257179243.0, ""thstrm_amount"": [6257179243.0], ""thstrm_add_amount"": [null], ""amount_method"": ""sum_distinct_capex_rows"", ""selection_rule"": ""standard_id_sum"", ""account_id"": null, ""account_nm"": null, ""sj_div"": ""CF"", ""row_count"": 1, ""rows"": [{""account_id"": ""ifrs_PurchaseOfIntangibleAssetsClassifiedAsInvestingActivities"", ""account_nm"": ""무형자산의 취득"", ""cumulative"": 6257179243.0, ""thstrm_amount"": 6257179243.0, ""thstrm_add_amount"": null, ""method"": ""cumulative_cf_thstrm_amount""}]}}",NOT_ASSIGNED_ACCOUNTING_STAGE,annual_reference_2015_2020_accept,True
00101257,경남기업,2016,Q1,11013,CFS,,False,True,no_data,,,,,,,,,,,,,,missing,missing,missing,"{""operating_profit"": {""cumulative"": null, ""thstrm_amount"": null, ""thstrm_add_amount"": null, ""amount_method"": ""missing"", ""selection_rule"": ""missing_statement"", ""account_id"": null, ""account_nm"": null, ""sj_div"": null}, ""net_income"": {""cumulative"": null, ""thstrm_amount"": null, ""thstrm_add_amount"": null, ""amount_method"": ""missing"", ""selection_rule"": ""missing_statement"", ""account_id"": null, ""account_nm"": null, ""sj_div"": null}, ""equity"": {""cumulative"": null, ""thstrm_amount"": null, ""thstrm_add_amount"": null, ""amount_method"": ""missing"", ""selection_rule"": ""missing_statement"", ""account_id"": null, ""account_nm"": null, ""sj_div"": null}, ""cfo"": {""cumulative"": null, ""thstrm_amount"": null, ""thstrm_add_amount"": null, ""amount_method"": ""missing"", ""selection_rule"": ""missing_statement"", ""account_id"": null, ""account_nm"": null, ""sj_div"": null}, ""capex_ppe"": {""cumulative"": null, ""thstrm_amount"": null, ""thstrm_add_amount"": null, ""amount_method"": ""missing"", ""selection_rule"": ""missing_statement"", ""account_id"": null, ""account_nm"": null, ""sj_div"": null}, ""capex_intangible"": {""cumulative"": null, ""thstrm_amount"": null, ""thstrm_add_amount"": null, ""amount_method"": ""missing"", ""selection_rule"": ""missing_statement"", ""account_id"": null, ""account_nm"": null, ""sj_div"": null}}",NOT_ASSIGNED_ACCOUNTING_STAGE,annual_reference_2015_2020_accept,True
00101257,경남기업,2016,Q2,11012,CFS,,False,False,no_data,,,,,,,,,,,,,,missing_predecessor_or_basis_change,missing_predecessor_or_basis_change,missing_predecessor_or_basis_change,"{""operating_profit"": {""cumulative"": null, ""thstrm_amount"": null, ""thstrm_add_amount"": null, ""amount_method"": ""missing"", ""selection_rule"": ""missing_statement"", ""account_id"": null, ""account_nm"": null, ""sj_div"": null}, ""net_income"": {""cumulative"": null, ""thstrm_amount"": null, ""thstrm_add_amount"": null, ""amount_method"": ""missing"", ""selection_rule"": ""missing_statement"", ""account_id"": null, ""account_nm"": null, ""sj_div"": null}, ""equity"": {""cumulative"": null, ""thstrm_amount"": null, ""thstrm_add_amount"": null, ""amount_method"": ""missing"", ""selection_rule"": ""missing_statement"", ""account_id"": null, ""account_nm"": null, ""sj_div"": null}, ""cfo"": {""cumulative"": null, ""thstrm_amount"": null, ""thstrm_add_amount"": null, ""amount_method"": ""missing"", ""selection_rule"": ""missing_statement"", ""account_id"": null, ""account_nm"": null, ""sj_div"": null}, ""capex_ppe"": {""cumulative"": null, ""thstrm_amount"": null, ""thstrm_add_amount"": null, ""amount_method"": ""missing"", ""selection_rule"": ""missing_statement"", ""account_id"": null, ""account_nm"": null, ""sj_div"": null}, ""capex_intangible"": {""cumulative"": null, ""thstrm_amount"": null, ""thstrm_add_amount"": null, ""amount_method"": ""missing"", ""selection_rule"": ""missing_statement"", ""account_id"": null, ""account_nm"": null, ""sj_div"": null}}",NOT_ASSIGNED_ACCOUNTING_STAGE,annual_reference_2015_2020_accept,True
00101257,경남기업,2016,Q3,11014,CFS,,False,False,no_data,,,,,,,,,,,,,,missing_predecessor_or_basis_change,missing_predecessor_or_basis_change,missing_predecessor_or_basis_change,"{""operating_profit"": {""cumulative"": null, ""thstrm_amount"": null, ""thstrm_add_amount"": null, ""amount_method"": ""missing"", ""selection_rule"": ""missing_statement"", ""account_id"": null, ""account_nm"": null, ""sj_div"": null}, ""net_income"": {""cumulative"": null, ""thstrm_amount"": null, ""thstrm_add_amount"": null, ""amount_method"": ""missing"", ""selection_rule"": ""missing_statement"", ""account_id"": null, ""account_nm"": null, ""sj_div"": null}, ""equity"": {""cumulative"": null, ""thstrm_amount"": null, ""thstrm_add_amount"": null, ""amount_method"": ""missing"", ""selection_rule"": ""missing_statement"", ""account_id"": null, ""account_nm"": null, ""sj_div"": null}, ""cfo"": {""cumulative"": null, ""thstrm_amount"": null, ""thstrm_add_amount"": null, ""amount_method"": ""missing"", ""selection_rule"": ""missing_statement"", ""account_id"": null, ""account_nm"": null, ""sj_div"": null}, ""capex_ppe"": {""cumulative"": null, ""thstrm_amount"": null, ""thstrm_add_amount"": null, ""amount_method"": ""missing"", ""selection_rule"": ""missing_statement"", ""account_id"": null, ""account_nm"": null, ""sj_div"": null}, ""capex_intangible"": {""cumulative"": null, ""thstrm_amount"": null, ""thstrm_add_amount"": null, ""amount_method"": ""missing"", ""selection_rule"": ""missing_statement"", ""account_id"": null, ""account_nm"": null, ""sj_div"": null}}",NOT_ASSIGNED_ACCOUNTING_STAGE,annual_reference_2015_2020_accept,True
00101336,경남에너지주식회사,2016,Q1,11013,CFS,,False,True,no_data,,,,,,,,,,,,,,missing,missing,missing,"{""operating_profit"": {""cumulative"": null, ""thstrm_amount"": null, ""thstrm_add_amount"": null, ""amount_method"": ""missing"", ""selection_rule"": ""missing_statement"", ""account_id"": null, ""account_nm"": null, ""sj_div"": null}, ""net_income"": {""cumulative"": null, ""thstrm_amount"": null, ""thstrm_add_amount"": null, ""amount_method"": ""missing"", ""selection_rule"": ""missing_statement"", ""account_id"": null, ""account_nm"": null, ""sj_div"": null}, ""equity"": {""cumulative"": null, ""thstrm_amount"": null, ""thstrm_add_amount"": null, ""amount_method"": ""missing"", ""selection_rule"": ""missing_statement"", ""account_id"": null, ""account_nm"": null, ""sj_div"": null}, ""cfo"": {""cumulative"": null, ""thstrm_amount"": null, ""thstrm_add_amount"": null, ""amount_method"": ""missing"", ""selection_rule"": ""missing_statement"", ""account_id"": null, ""account_nm"": null, ""sj_div"": null}, ""capex_ppe"": {""cumulative"": null, ""thstrm_amount"": null, ""thstrm_add_amount"": null, ""amount_method"": ""missing"", ""selection_rule"": ""missing_statement"", ""account_id"": null, ""account_nm"": null, ""sj_div"": null}, ""capex_intangible"": {""cumulative"": null, ""thstrm_amount"": null, ""thstrm_add_amount"": null, ""amount_method"": ""missing"", ""selection_rule"": ""missing_statement"", ""account_id"": null, ""account_nm"": null, ""sj_div"": null}}",NOT_ASSIGNED_ACCOUNTING_STAGE,annual_reference_2015_2020_accept,True
00101336,경남에너지주식회사,2016,Q2,11012,CFS,,False,False,no_data,,,,,,,,,,,,,,missing_predecessor_or_basis_change,missing_predecessor_or_basis_change,missing_predecessor_or_basis_change,"{""operating_profit"": {""cumulative"": null, ""thstrm_amount"": null, ""thstrm_add_amount"": null, ""amount_method"": ""missing"", ""selection_rule"": ""missing_statement"", ""account_id"": null, ""account_nm"": null, ""sj_div"": null}, ""net_income"": {""cumulative"": null, ""thstrm_amount"": null, ""thstrm_add_amount"": null, ""amount_method"": ""missing"", ""selection_rule"": ""missing_statement"", ""account_id"": null, ""account_nm"": null, ""sj_div"": null}, ""equity"": {""cumulative"": null, ""thstrm_amount"": null, ""thstrm_add_amount"": null, ""amount_method"": ""missing"", ""selection_rule"": ""missing_statement"", ""account_id"": null, ""account_nm"": null, ""sj_div"": null}, ""cfo"": {""cumulative"": null, ""thstrm_amount"": null, ""thstrm_add_amount"": null, ""amount_method"": ""missing"", ""selection_rule"": ""missing_statement"", ""account_id"": null, ""account_nm"": null, ""sj_div"": null}, ""capex_ppe"": {""cumulative"": null, ""thstrm_amount"": null, ""thstrm_add_amount"": null, ""amount_method"": ""missing"", ""selection_rule"": ""missing_statement"", ""account_id"": null, ""account_nm"": null, ""sj_div"": null}, ""capex_intangible"": {""cumulative"": null, ""thstrm_amount"": null, ""thstrm_add_amount"": null, ""amount_method"": ""missing"", ""selection_rule"": ""missing_statement"", ""account_id"": null, ""account_nm"": null, ""sj_div"": null}}",NOT_ASSIGNED_ACCOUNTING_STAGE,annual_reference_2015_2020_accept,True
00101336,경남에너지주식회사,2016,Q3,11014,CFS,,False,False,no_data,,,,,,,,,,,,,,missing_predecessor_or_basis_change,missing_predecessor_or_basis_change,missing_predecessor_or_basis_change,"{""operating_profit"": {""cumulative"": null, ""thstrm_amount"": null, ""thstrm_add_amount"": null, ""amount_method"": ""missing"", ""selection_rule"": ""missing_statement"", ""account_id"": null, ""account_nm"": null, ""sj_div"": null}, ""net_income"": {""cumulative"": null, ""thstrm_amount"": null, ""thstrm_add_amount"": null, ""amount_method"": ""missing"", ""selection_rule"": ""missing_statement"", ""account_id"": null, ""account_nm"": null, ""sj_div"": null}, ""equity"": {""cumulative"": null, ""thstrm_amount"": null, ""thstrm_add_amount"": null, ""amount_method"": ""missing"", ""selection_rule"": ""missing_statement"", ""account_id"": null, ""account_nm"": null, ""sj_div"": null}, ""cfo"": {""cumulative"": null, ""thstrm_amount"": null, ""thstrm_add_amount"": null, ""amount_method"": ""missing"", ""selection_rule"": ""missing_statement"", ""account_id"": null, ""account_nm"": null, ""sj_div"": null}, ""capex_ppe"": {""cumulative"": null, ""thstrm_amount"": null, ""thstrm_add_amount"": null, ""amount_method"": ""missing"", ""selection_rule"": ""missing_statement"", ""account_id"": null, ""account_nm"": null, ""sj_div"": null}, ""capex_intangible"": {""cumulative"": null, ""thstrm_amount"": null, ""thstrm_add_amount"": null, ""amount_method"": ""missing"", ""selection_rule"": ""missing_statement"", ""account_id"": null, ""account_nm"": null, ""sj_div"": null}}",NOT_ASSIGNED_ACCOUNTING_STAGE,annual_reference_2015_2020_accept,True
00101488,주식회사 경동나비엔,2016,Q1,11013,CFS,CFS,True,True,ok,15873562772.0,15873562772.0,,,216032172682.0,326618435.0,326618435.0,5260576069.0,5260576069.0,442388383.0,442388383.0,5702964452.0,-5376346017.0,direct_q1,missing,direct_q1,"{""operating_profit"": {""cumulative"": 15873562772.0, ""thstrm_amount"": 15873562772.0, ""thstrm_add_amount"": 15873562772.0, ""amount_method"": ""q1_thstrm_amount"", ""selection_rule"": ""standard_id"", ""account_id"": ""dart_OperatingIncomeLoss"", ""account_nm"": ""영업이익(손실)"", ""sj_div"": ""IS""}, ""net_income"": {""cumulative"": null, ""thstrm_amount"": null, ""thstrm_add_amount"": null, ""amount_method"": ""missing"", ""selection_rule"": ""ambiguous_standard_id"", ""account_id"": null, ""account_nm"": null, ""sj_div"": null}, ""equity"": {""cumulative"": 216032172682.0, ""thstrm_amount"": 216032172682.0, ""thstrm_add_amount"": null, ""amount_method"": ""instant_thstrm_amount"", ""selection_rule"": ""standard_id"", ""account_id"": ""ifrs_Equity"", ""account_nm"": ""자본총계"", ""sj_div"": ""BS""}, ""cfo"": {""cumulative"": 326618435.0, ""thstrm_amount"": 326618435.0, ""thstrm_add_amount"": null, ""amount_method"": ""q1_thstrm_amount"", ""selection_rule"": ""standard_id"", ""account_id"": ""ifrs_CashFlowsFromUsedInOperatingActivities"", ""account_nm"": ""영업활동현금흐름"", ""sj_div"": ""CF""}, ""capex_ppe"": {""cumulative"": 5260576069.0, ""thstrm_amount"": [5260576069.0], ""thstrm_add_amount"": [null], ""amount_method"": ""sum_distinct_capex_rows"", ""selection_rule"": ""exact_label_sum"", ""account_id"": null, ""account_nm"": null, ""sj_div"": ""CF"", ""row_count"": 1, ""rows"": [{""account_id"": ""-표준계정코드 미사용-"", ""account_nm"": ""유형자산의 취득"", ""cumulative"": 5260576069.0, ""thstrm_amount"": 5260576069.0, ""thstrm_add_amount"": null, ""method"": ""q1_thstrm_amount""}]}, ""capex_intangible"": {""cumulative"": 442388383.0, ""thstrm_amount"": [442388383.0], ""thstrm_add_amount"": [null], ""amount_method"": ""sum_distinct_capex_rows"", ""selection_rule"": ""exact_label_sum"", ""account_id"": null, ""account_nm"": null, ""sj_div"": ""CF"", ""row_count"": 1, ""rows"": [{""account_id"": ""-표준계정코드 미사용-"", ""account_nm"": ""무형자산의 취득"", ""cumulative"": 442388383.0, ""thstrm_amount"": 442388383.0, ""thstrm_add_amount"": null, ""method"": ""q1_thstrm_amount""}]}}",NOT_ASSIGNED_ACCOUNTING_STAGE,annual_reference_2015_2020_accept,True
00101488,주식회사 경동나비엔,2016,Q2,11012,CFS,CFS,True,True,ok,28769906087.0,12896343315.0,,,225626597408.0,2391313584.0,2064695149.0,8007410872.0,2746834803.0,816495627.0,374107244.0,3120942047.0,-1056246898.0,cumulative_difference,missing_predecessor_or_basis_change,cumulative_difference,"{""operating_profit"": {""cumulative"": 28769906087.0, ""thstrm_amount"": 12896343315.0, ""thstrm_add_amount"": 28769906087.0, ""amount_method"": ""cumulative_thstrm_add_amount"", ""selection_rule"": ""standard_id"", ""account_id"": ""dart_OperatingIncomeLoss"", ""account_nm"": ""영업이익(손실)"", ""sj_div"": ""IS""}, ""net_income"": {""cumulative"": null, ""thstrm_amount"": null, ""thstrm_add_amount"": null, ""amount_method"": ""missing"", ""selection_rule"": ""ambiguous_standard_id"", ""account_id"": null, ""account_nm"": null, ""sj_div"": null}, ""equity"": {""cumulative"": 225626597408.0, ""thstrm_amount"": 225626597408.0, ""thstrm_add_amount"": null, ""amount_method"": ""instant_thstrm_amount"", ""selection_rule"": ""standard_id"", ""account_id"": ""ifrs_Equity"", ""account_nm"": ""자본총계"", ""sj_div"": ""BS""}, ""cfo"": {""cumulative"": 2391313584.0, ""thstrm_amount"": 2391313584.0, ""thstrm_add_amount"": null, ""amount_method"": ""cumulative_cf_thstrm_amount"", ""selection_rule"": ""standard_id"", ""account_id"": ""ifrs_CashFlowsFromUsedInOperatingActivities"", ""account_nm"": ""영업활동현금흐름"", ""sj_div"": ""CF""}, ""capex_ppe"": {""cumulative"": 8007410872.0, ""thstrm_amount"": [8007410872.0], ""thstrm_add_amount"": [null], ""amount_method"": ""sum_distinct_capex_rows"", ""selection_rule"": ""exact_label_sum"", ""account_id"": null, ""account_nm"": null, ""sj_div"": ""CF"", ""row_count"": 1, ""rows"": [{""account_id"": ""-표준계정코드 미사용-"", ""account_nm"": ""유형자산의 취득"", ""cumulative"": 8007410872.0, ""thstrm_amount"": 8007410872.0, ""thstrm_add_amount"": null, ""method"": ""cumulative_cf_thstrm_amount""}]}, ""capex_intangible"": {""cumulative"": 816495627.0, ""thstrm_amount"": [816495627.0], ""thstrm_add_amount"": [null], ""amount_method"": ""sum_distinct_capex_rows"", ""selection_rule"": ""exact_label_sum"", ""account_id"": null, ""account_nm"": null, ""sj_div"": ""CF"", ""row_count"": 1, ""rows"": [{""account_id"": ""-표준계정코드 미사용-"", ""account_nm"": ""무형자산의 취득"", ""cumulative"": 816495627.0, ""thstrm_amount"": 816495627.0, ""thstrm_add_amount"": null, ""method"": ""cumulative_cf_thstrm_amount""}]}}",NOT_ASSIGNED_ACCOUNTING_STAGE,annual_reference_2015_2020_accept,True
00101488,주식회사 경동나비엔,2016,Q3,11014,CFS,CFS,True,True,ok,36001236464.0,7231330377.0,,,227693633396.0,9158946328.0,6767632744.0,16631801670.0,8624390798.0,1185602825.0,369107198.0,8993497996.0,-2225865252.0,cumulative_difference,missing_predecessor_or_basis_change,cumulative_difference,"{""operating_profit"": {""cumulative"": 36001236464.0, ""thstrm_amount"": 7231330377.0, ""thstrm_add_amount"": 36001236464.0, ""amount_method"": ""cumulative_thstrm_add_amount"", ""selection_rule"": ""standard_id"", ""account_id"": ""dart_OperatingIncomeLoss"", ""account_nm"": ""영업이익(손실)"", ""sj_div"": ""IS""}, ""net_income"": {""cumulative"": null, ""thstrm_amount"": null, ""thstrm_add_amount"": null, ""amount_method"": ""missing"", ""selection_rule"": ""ambiguous_standard_id"", ""account_id"": null, ""account_nm"": null, ""sj_div"": null}, ""equity"": {""cumulative"": 227693633396.0, ""thstrm_amount"": 227693633396.0, ""thstrm_add_amount"": null, ""amount_method"": ""instant_thstrm_amount"", ""selection_rule"": ""standard_id"", ""account_id"": ""ifrs_Equity"", ""account_nm"": ""자본총계"", ""sj_div"": ""BS""}, ""cfo"": {""cumulative"": 9158946328.0, ""thstrm_amount"": 9158946328.0, ""thstrm_add_amount"": null, ""amount_method"": ""cumulative_cf_thstrm_amount"", ""selection_rule"": ""standard_id"", ""account_id"": ""ifrs_CashFlowsFromUsedInOperatingActivities"", ""account_nm"": ""영업활동현금흐름"", ""sj_div"": ""CF""}, ""capex_ppe"": {""cumulative"": 16631801670.0, ""thstrm_amount"": [16631801670.0], ""thstrm_add_amount"": [null], ""amount_method"": ""sum_distinct_capex_rows"", ""selection_rule"": ""exact_label_sum"", ""account_id"": null, ""account_nm"": null, ""sj_div"": ""CF"", ""row_count"": 1, ""rows"": [{""account_id"": ""-표준계정코드 미사용-"", ""account_nm"": ""유형자산의 취득"", ""cumulative"": 16631801670.0, ""thstrm_amount"": 16631801670.0, ""thstrm_add_amount"": null, ""method"": ""cumulative_cf_thstrm_amount""}]}, ""capex_intangible"": {""cumulative"": 1185602825.0, ""thstrm_amount"": [1185602825.0], ""thstrm_add_amount"": [null], ""amount_method"": ""sum_distinct_capex_rows"", ""selection_rule"": ""exact_label_sum"", ""account_id"": null, ""account_nm"": null, ""sj_div"": ""CF"", ""row_count"": 1, ""rows"": [{""account_id"": ""-표준계정코드 미사용-"", ""account_nm"": ""무형자산의 취득"", ""cumulative"": 1185602825.0, ""thstrm_amount"": 1185602825.0, ""thstrm_add_amount"": null, ""method"": ""cumulative_cf_thstrm_amount""}]}}",NOT_ASSIGNED_ACCOUNTING_STAGE,annual_reference_2015_2020_accept,True
00101549,경동제약,2016,Q1,11013,CFS,CFS,True,True,ok,7176488273.0,7176488273.0,5255219553.0,5255219553.0,202024358865.0,10567043552.0,10567043552.0,2058142673.0,2058142673.0,,,,,direct_q1,direct_q1,direct_q1,"{""operating_profit"": {""cumulative"": 7176488273.0, ""thstrm_amount"": 7176488273.0, ""thstrm_add_amount"": 7176488273.0, ""amount_method"": ""q1_thstrm_amount"", ""selection_rule"": ""standard_id"", ""account_id"": ""dart_OperatingIncomeLoss"", ""account_nm"": ""영업이익(손실)"", ""sj_div"": ""CIS""}, ""net_income"": {""cumulative"": 5255219553.0, ""thstrm_amount"": 5255219553.0, ""thstrm_add_amount"": 5255219553.0, ""amount_method"": ""q1_thstrm_amount"", ""selection_rule"": ""standard_id"", ""account_id"": ""ifrs_ProfitLoss"", ""account_nm"": ""당기순이익(손실)"", ""sj_div"": ""CIS""}, ""equity"": {""cumulative"": 202024358865.0, ""thstrm_amount"": 202024358865.0, ""thstrm_add_amount"": null, ""amount_method"": ""instant_thstrm_amount"", ""selection_rule"": ""standard_id"", ""account_id"": ""ifrs_Equity"", ""account_nm"": ""자본총계"", ""sj_div"": ""BS""}, ""cfo"": {""cumulative"": 10567043552.0, ""thstrm_amount"": 10567043552.0, ""thstrm_add_amount"": null, ""amount_method"": ""q1_thstrm_amount"", ""selection_rule"": ""standard_id"", ""account_id"": ""ifrs_CashFlowsFromUsedInOperatingActivities"", ""account_nm"": ""영업활동현금흐름"", ""sj_div"": ""CF""}, ""capex_ppe"": {""cumulative"": 2058142673.0, ""thstrm_amount"": [2058142673.0], ""thstrm_add_amount"": [null], ""amount_method"": ""sum_distinct_capex_rows"", ""selection_rule"": ""standard_id_sum"", ""account_id"": null, ""account_nm"": null, ""sj_div"": ""CF"", ""row_count"": 1, ""rows"": [{""account_id"": ""ifrs_PurchaseOfPropertyPlantAndEquipmentClassifiedAsInvestingActivities"", ""account_nm"": ""유형자산의 취득"", ""cumulative"": 2058142673.0, ""thstrm_amount"": 2058142673.0, ""thstrm_add_amount"": null, ""method"": ""q1_thstrm_amount""}]}, ""capex_intangible"": {""cumulative"": null, ""thstrm_amount"": [null], ""thstrm_add_amount"": [null], ""amount_method"": ""sum_distinct_capex_rows"", ""selection_rule"": ""standard_id_sum"", ""account_id"": null, ""account_nm"": null, ""sj_div"": ""CF"", ""row_count"": 1, ""rows"": [{""account_id"": ""ifrs_PurchaseOfIntangibleAssetsClassifiedAsInvestingActivities"", ""account_nm"": ""무형자산의 취득"", ""cumulative"": null, ""thstrm_amount"": null, ""thstrm_add_amount"": null, ""method"": ""missing""}]}}",NOT_ASSIGNED_ACCOUNTING_STAGE,annual_reference_2015_2020_accept,True
00101549,경동제약,2016,Q2,11012,CFS,CFS,True,True,ok,13734650997.0,6558162724.0,9906341176.0,4651121623.0,205927158824.0,13478146470.0,2911102918.0,2698798436.0,640655763.0,,,,,cumulative_difference,cumulative_difference,cumulative_difference,"{""operating_profit"": {""cumulative"": 13734650997.0, ""thstrm_amount"": 6558162724.0, ""thstrm_add_amount"": 13734650997.0, ""amount_method"": ""cumulative_thstrm_add_amount"", ""selection_rule"": ""standard_id"", ""account_id"": ""dart_OperatingIncomeLoss"", ""account_nm"": ""영업이익(손실)"", ""sj_div"": ""CIS""}, ""net_income"": {""cumulative"": 9906341176.0, ""thstrm_amount"": 4651121623.0, ""thstrm_add_amount"": 9906341176.0, ""amount_method"": ""cumulative_thstrm_add_amount"", ""selection_rule"": ""standard_id"", ""account_id"": ""ifrs_ProfitLoss"", ""account_nm"": ""당기순이익(손실)"", ""sj_div"": ""CIS""}, ""equity"": {""cumulative"": 205927158824.0, ""thstrm_amount"": 205927158824.0, ""thstrm_add_amount"": null, ""amount_method"": ""instant_thstrm_amount"", ""selection_rule"": ""standard_id"", ""account_id"": ""ifrs_Equity"", ""account_nm"": ""자본총계"", ""sj_div"": ""BS""}, ""cfo"": {""cumulative"": 13478146470.0, ""thstrm_amount"": 13478146470.0, ""thstrm_add_amount"": null, ""amount_method"": ""cumulative_cf_thstrm_amount"", ""selection_rule"": ""standard_id"", ""account_id"": ""ifrs_CashFlowsFromUsedInOperatingActivities"", ""account_nm"": ""영업활동현금흐름"", ""sj_div"": ""CF""}, ""capex_ppe"": {""cumulative"": 2698798436.0, ""thstrm_amount"": [2698798436.0], ""thstrm_add_amount"": [null], ""amount_method"": ""sum_distinct_capex_rows"", ""selection_rule"": ""standard_id_sum"", ""account_id"": null, ""account_nm"": null, ""sj_div"": ""CF"", ""row_count"": 1, ""rows"": [{""account_id"": ""ifrs_PurchaseOfPropertyPlantAndEquipmentClassifiedAsInvestingActivities"", ""account_nm"": ""유형자산의 취득"", ""cumulative"": 2698798436.0, ""thstrm_amount"": 2698798436.0, ""thstrm_add_amount"": null, ""method"": ""cumulative_cf_thstrm_amount""}]}, ""capex_intangible"": {""cumulative"": null, ""thstrm_amount"": [null], ""thstrm_add_amount"": [null], ""amount_method"": ""sum_distinct_capex_rows"", ""selection_rule"": ""standard_id_sum"", ""account_id"": null, ""account_nm"": null, ""sj_div"": ""CF"", ""row_count"": 1, ""rows"": [{""account_id"": ""ifrs_PurchaseOfIntangibleAssetsClassifiedAsInvestingActivities"", ""account_nm"": ""무형자산의 취득"", ""cumulative"": null, ""thstrm_amount"": null, ""thstrm_add_amount"": null, ""method"": ""cumulative_missing""}]}}",NOT_ASSIGNED_ACCOUNTING_STAGE,annual_reference_2015_2020_accept,True
00101549,경동제약,2016,Q3,11014,CFS,CFS,True,True,ok,20761267240.0,7026616243.0,15064407014.0,5158065838.0,206191217760.0,14533388158.0,1055241688.0,6556973691.0,3858175255.0,,,,,cumulative_difference,cumulative_difference,cumulative_difference,"{""operating_profit"": {""cumulative"": 20761267240.0, ""thstrm_amount"": 7026616243.0, ""thstrm_add_amount"": 20761267240.0, ""amount_method"": ""cumulative_thstrm_add_amount"", ""selection_rule"": ""standard_id"", ""account_id"": ""dart_OperatingIncomeLoss"", ""account_nm"": ""영업이익(손실)"", ""sj_div"": ""CIS""}, ""net_income"": {""cumulative"": 15064407014.0, ""thstrm_amount"": 5158065838.0, ""thstrm_add_amount"": 15064407014.0, ""amount_method"": ""cumulative_thstrm_add_amount"", ""selection_rule"": ""standard_id"", ""account_id"": ""ifrs_ProfitLoss"", ""account_nm"": ""당기순이익(손실)"", ""sj_div"": ""CIS""}, ""equity"": {""cumulative"": 206191217760.0, ""thstrm_amount"": 206191217760.0, ""thstrm_add_amount"": null, ""amount_method"": ""instant_thstrm_amount"", ""selection_rule"": ""standard_id"", ""account_id"": ""ifrs_Equity"", ""account_nm"": ""자본총계"", ""sj_div"": ""BS""}, ""cfo"": {""cumulative"": 14533388158.0, ""thstrm_amount"": 14533388158.0, ""thstrm_add_amount"": null, ""amount_method"": ""cumulative_cf_thstrm_amount"", ""selection_rule"": ""standard_id"", ""account_id"": ""ifrs_CashFlowsFromUsedInOperatingActivities"", ""account_nm"": ""영업활동현금흐름"", ""sj_div"": ""CF""}, ""capex_ppe"": {""cumulative"": 6556973691.0, ""thstrm_amount"": [6556973691.0], ""thstrm_add_amount"": [null], ""amount_method"": ""sum_distinct_capex_rows"", ""selection_rule"": ""standard_id_sum"", ""account_id"": null, ""account_nm"": null, ""sj_div"": ""CF"", ""row_count"": 1, ""rows"": [{""account_id"": ""ifrs_PurchaseOfPropertyPlantAndEquipmentClassifiedAsInvestingActivities"", ""account_nm"": ""유형자산의 취득"", ""cumulative"": 6556973691.0, ""thstrm_amount"": 6556973691.0, ""thstrm_add_amount"": null, ""method"": ""cumulative_cf_thstrm_amount""}]}, ""capex_intangible"": {""cumulative"": null, ""thstrm_amount"": [null], ""thstrm_add_amount"": [null], ""amount_method"": ""sum_distinct_capex_rows"", ""selection_rule"": ""standard_id_sum"", ""account_id"": null, ""account_nm"": null, ""sj_div"": ""CF"", ""row_count"": 1, ""rows"": [{""account_id"": ""ifrs_PurchaseOfIntangibleAssetsClassifiedAsInvestingActivities"", ""account_nm"": ""무형자산의 취득"", ""cumulative"": null, ""thstrm_amount"": null, ""thstrm_add_amount"": null, ""method"": ""cumulative_missing""}]}}",NOT_ASSIGNED_ACCOUNTING_STAGE,annual_reference_2015_2020_accept,True
00101628,(주)경방,2016,Q1,11013,CFS,CFS,True,True,ok,7185874454.0,7185874454.0,,,662563977436.0,507118704.0,507118704.0,886557208.0,886557208.0,,,,,direct_q1,missing,direct_q1,"{""operating_profit"": {""cumulative"": 7185874454.0, ""thstrm_amount"": 7185874454.0, ""thstrm_add_amount"": 7185874454.0, ""amount_method"": ""q1_thstrm_amount"", ""selection_rule"": ""standard_id"", ""account_id"": ""dart_OperatingIncomeLoss"", ""account_nm"": ""영업이익"", ""sj_div"": ""IS""}, ""net_income"": {""cumulative"": null, ""thstrm_amount"": null, ""thstrm_add_amount"": null, ""amount_method"": ""missing"", ""selection_rule"": ""ambiguous_standard_id"", ""account_id"": null, ""account_nm"": null, ""sj_div"": null}, ""equity"": {""cumulative"": 662563977436.0, ""thstrm_amount"": 662563977436.0, ""thstrm_add_amount"": null, ""amount_method"": ""instant_thstrm_amount"", ""selection_rule"": ""standard_id"", ""account_id"": ""ifrs_Equity"", ""account_nm"": ""자본총계"", ""sj_div"": ""BS""}, ""cfo"": {""cumulative"": 507118704.0, ""thstrm_amount"": 507118704.0, ""thstrm_add_amount"": null, ""amount_method"": ""q1_thstrm_amount"", ""selection_rule"": ""standard_id"", ""account_id"": ""ifrs_CashFlowsFromUsedInOperatingActivities"", ""account_nm"": ""영업활동으로인한현금흐름"", ""sj_div"": ""CF""}, ""capex_ppe"": {""cumulative"": 886557208.0, ""thstrm_amount"": [886557208.0], ""thstrm_add_amount"": [null], ""amount_method"": ""sum_distinct_capex_rows"", ""selection_rule"": ""exact_label_sum"", ""account_id"": null, ""account_nm"": null, ""sj_div"": ""CF"", ""row_count"": 1, ""rows"": [{""account_id"": ""-표준계정코드 미사용-"", ""account_nm"": ""유형자산의취득"", ""cumulative"": 886557208.0, ""thstrm_amount"": 886557208.0, ""thstrm_add_amount"": null, ""method"": ""q1_thstrm_amount""}]}, ""capex_intangible"": {""cumulative"": null, ""thstrm_amount"": [null], ""thstrm_add_amount"": [null], ""amount_method"": ""sum_distinct_capex_rows"", ""selection_rule"": ""exact_label_sum"", ""account_id"": null, ""account_nm"": null, ""sj_div"": ""CF"", ""row_count"": 1, ""rows"": [{""account_id"": ""-표준계정코드 미사용-"", ""account_nm"": ""무형자산의취득"", ""cumulative"": null, ""thstrm_amount"": null, ""thstrm_add_amount"": null, ""method"": ""missing""}]}}",NOT_ASSIGNED_ACCOUNTING_STAGE,annual_reference_2015_2020_accept,True
00101628,(주)경방,2016,Q2,11012,CFS,CFS,True,True,ok,17628880019.0,10443005565.0,,,674031401297.0,26364585288.0,25857466584.0,3427500664.0,2540943456.0,7735114.0,,,,cumulative_difference,missing_predecessor_or_basis_change,cumulative_difference,"{""operating_profit"": {""cumulative"": 17628880019.0, ""thstrm_amount"": 10443005565.0, ""thstrm_add_amount"": 17628880019.0, ""amount_method"": ""cumulative_thstrm_add_amount"", ""selection_rule"": ""standard_id"", ""account_id"": ""dart_OperatingIncomeLoss"", ""account_nm"": ""영업이익"", ""sj_div"": ""IS""}, ""net_income"": {""cumulative"": null, ""thstrm_amount"": null, ""thstrm_add_amount"": null, ""amount_method"": ""missing"", ""selection_rule"": ""ambiguous_standard_id"", ""account_id"": null, ""account_nm"": null, ""sj_div"": null}, ""equity"": {""cumulative"": 674031401297.0, ""thstrm_amount"": 674031401297.0, ""thstrm_add_amount"": null, ""amount_method"": ""instant_thstrm_amount"", ""selection_rule"": ""standard_id"", ""account_id"": ""ifrs_Equity"", ""account_nm"": ""자본총계"", ""sj_div"": ""BS""}, ""cfo"": {""cumulative"": 26364585288.0, ""thstrm_amount"": 26364585288.0, ""thstrm_add_amount"": null, ""amount_method"": ""cumulative_cf_thstrm_amount"", ""selection_rule"": ""standard_id"", ""account_id"": ""ifrs_CashFlowsFromUsedInOperatingActivities"", ""account_nm"": ""영업활동으로인한현금흐름"", ""sj_div"": ""CF""}, ""capex_ppe"": {""cumulative"": 3427500664.0, ""thstrm_amount"": [3427500664.0], ""thstrm_add_amount"": [null], ""amount_method"": ""sum_distinct_capex_rows"", ""selection_rule"": ""exact_label_sum"", ""account_id"": null, ""account_nm"": null, ""sj_div"": ""CF"", ""row_count"": 1, ""rows"": [{""account_id"": ""-표준계정코드 미사용-"", ""account_nm"": ""유형자산의취득"", ""cumulative"": 3427500664.0, ""thstrm_amount"": 3427500664.0, ""thstrm_add_amount"": null, ""method"": ""cumulative_cf_thstrm_amount""}]}, ""capex_intangible"": {""cumulative"": 7735114.0, ""thstrm_amount"": [7735114.0], ""thstrm_add_amount"": [null], ""amount_method"": ""sum_distinct_capex_rows"", ""selection_rule"": ""exact_label_sum"", ""account_id"": null, ""account_nm"": null, ""sj_div"": ""CF"", ""row_count"": 1, ""rows"": [{""account_id"": ""-표준계정코드 미사용-"", ""account_nm"": ""무형자산의취득"", ""cumulative"": 7735114.0, ""thstrm_amount"": 7735114.0, ""thstrm_add_amount"": null, ""method"": ""cumulative_cf_thstrm_amount""}]}}",NOT_ASSIGNED_ACCOUNTING_STAGE,annual_reference_2015_2020_accept,True
00101628,(주)경방,2016,Q3,11014,CFS,CFS,True,True,ok,28175818922.0,10546938903.0,,,679548714477.0,47456079926.0,21091494638.0,4995579663.0,1568078999.0,5393907.0,2341207.0,1570420206.0,19521074432.0,cumulative_difference,missing_predecessor_or_basis_change,cumulative_difference,"{""operating_profit"": {""cumulative"": 28175818922.0, ""thstrm_amount"": 10546938903.0, ""thstrm_add_amount"": 28175818922.0, ""amount_method"": ""cumulative_thstrm_add_amount"", ""selection_rule"": ""standard_id"", ""account_id"": ""dart_OperatingIncomeLoss"", ""account_nm"": ""영업이익"", ""sj_div"": ""IS""}, ""net_income"": {""cumulative"": null, ""thstrm_amount"": null, ""thstrm_add_amount"": null, ""amount_method"": ""missing"", ""selection_rule"": ""ambiguous_standard_id"", ""account_id"": null, ""account_nm"": null, ""sj_div"": null}, ""equity"": {""cumulative"": 679548714477.0, ""thstrm_amount"": 679548714477.0, ""thstrm_add_amount"": null, ""amount_method"": ""instant_thstrm_amount"", ""selection_rule"": ""standard_id"", ""account_id"": ""ifrs_Equity"", ""account_nm"": ""자본총계"", ""sj_div"": ""BS""}, ""cfo"": {""cumulative"": 47456079926.0, ""thstrm_amount"": 47456079926.0, ""thstrm_add_amount"": null, ""amount_method"": ""cumulative_cf_thstrm_amount"", ""selection_rule"": ""standard_id"", ""account_id"": ""ifrs_CashFlowsFromUsedInOperatingActivities"", ""account_nm"": ""영업활동으로인한현금흐름"", ""sj_div"": ""CF""}, ""capex_ppe"": {""cumulative"": 4995579663.0, ""thstrm_amount"": [4995579663.0], ""thstrm_add_amount"": [null], ""amount_method"": ""sum_distinct_capex_rows"", ""selection_rule"": ""exact_label_sum"", ""account_id"": null, ""account_nm"": null, ""sj_div"": ""CF"", ""row_count"": 1, ""rows"": [{""account_id"": ""-표준계정코드 미사용-"", ""account_nm"": ""유형자산의취득"", ""cumulative"": 4995579663.0, ""thstrm_amount"": 4995579663.0, ""thstrm_add_amount"": null, ""method"": ""cumulative_cf_thstrm_amount""}]}, ""capex_intangible"": {""cumulative"": 5393907.0, ""thstrm_amount"": [5393907.0], ""thstrm_add_amount"": [null], ""amount_method"": ""sum_distinct_capex_rows"", ""selection_rule"": ""exact_label_sum"", ""account_id"": null, ""account_nm"": null, ""sj_div"": ""CF"", ""row_count"": 1, ""rows"": [{""account_id"": ""-표준계정코드 미사용-"", ""account_nm"": ""무형자산의취득"", ""cumulative"": 5393907.0, ""thstrm_amount"": 5393907.0, ""thstrm_add_amount"": null, ""method"": ""cumulative_cf_thstrm_amount""}]}}",NOT_ASSIGNED_ACCOUNTING_STAGE,annual_reference_2015_2020_accept,True
00101664,경보제약,2016,Q1,11013,OFS,OFS,True,True,ok,5423636135.0,5423636135.0,4400920849.0,4400920849.0,120398398413.0,15267157675.0,15267157675.0,1123644526.0,1123644526.0,1188329180.0,1188329180.0,2311973706.0,12955183969.0,direct_q1,direct_q1,direct_q1,"{""operating_profit"": {""cumulative"": 5423636135.0, ""thstrm_amount"": 5423636135.0, ""thstrm_add_amount"": 5423636135.0, ""amount_method"": ""q1_thstrm_amount"", ""selection_rule"": ""standard_id"", ""account_id"": ""dart_OperatingIncomeLoss"", ""account_nm"": ""영업이익"", ""sj_div"": ""CIS""}, ""net_income"": {""cumulative"": 4400920849.0, ""thstrm_amount"": 4400920849.0, ""thstrm_add_amount"": 4400920849.0, ""amount_method"": ""q1_thstrm_amount"", ""selection_rule"": ""standard_id"", ""account_id"": ""ifrs_ProfitLoss"", ""account_nm"": ""당기순이익"", ""sj_div"": ""CIS""}, ""equity"": {""cumulative"": 120398398413.0, ""thstrm_amount"": 120398398413.0, ""thstrm_add_amount"": null, ""amount_method"": ""instant_thstrm_amount"", ""selection_rule"": ""standard_id"", ""account_id"": ""ifrs_Equity"", ""account_nm"": ""자본총계"", ""sj_div"": ""BS""}, ""cfo"": {""cumulative"": 15267157675.0, ""thstrm_amount"": 15267157675.0, ""thstrm_add_amount"": null, ""amount_method"": ""q1_thstrm_amount"", ""selection_rule"": ""standard_id"", ""account_id"": ""ifrs_CashFlowsFromUsedInOperatingActivities"", ""account_nm"": ""영업활동현금흐름"", ""sj_div"": ""CF""}, ""capex_ppe"": {""cumulative"": 1123644526.0, ""thstrm_amount"": [1123644526.0], ""thstrm_add_amount"": [null], ""amount_method"": ""sum_distinct_capex_rows"", ""selection_rule"": ""exact_label_sum"", ""account_id"": null, ""account_nm"": null, ""sj_div"": ""CF"", ""row_count"": 1, ""rows"": [{""account_id"": ""-표준계정코드 미사용-"", ""account_nm"": ""유형자산의 취득"", ""cumulative"": 1123644526.0, ""thstrm_amount"": 1123644526.0, ""thstrm_add_amount"": null, ""method"": ""q1_thstrm_amount""}]}, ""capex_intangible"": {""cumulative"": 1188329180.0, ""thstrm_amount"": [1188329180.0], ""thstrm_add_amount"": [null], ""amount_method"": ""sum_distinct_capex_rows"", ""selection_rule"": ""exact_label_sum"", ""account_id"": null, ""account_nm"": null, ""sj_div"": ""CF"", ""row_count"": 1, ""rows"": [{""account_id"": ""-표준계정코드 미사용-"", ""account_nm"": ""무형자산의 취득"", ""cumulative"": 1188329180.0, ""thstrm_amount"": 1188329180.0, ""thstrm_add_amount"": null, ""method"": ""q1_thstrm_amount""}]}}",NOT_ASSIGNED_ACCOUNTING_STAGE,annual_reference_2015_2020_accept,True
00101664,경보제약,2016,Q2,11012,OFS,OFS,True,True,ok,9701137332.0,4277501197.0,8076586307.0,3675665458.0,123498181275.0,8583396259.0,-6683761416.0,-3836815154.0,4960459680.0,-1329801180.0,2518130360.0,7478590040.0,-14162351456.0,cumulative_difference,cumulative_difference,cumulative_difference,"{""operating_profit"": {""cumulative"": 9701137332.0, ""thstrm_amount"": 4277501197.0, ""thstrm_add_amount"": 9701137332.0, ""amount_method"": ""cumulative_thstrm_add_amount"", ""selection_rule"": ""standard_id"", ""account_id"": ""dart_OperatingIncomeLoss"", ""account_nm"": ""영업이익"", ""sj_div"": ""CIS""}, ""net_income"": {""cumulative"": 8076586307.0, ""thstrm_amount"": 3675665458.0, ""thstrm_add_amount"": 8076586307.0, ""amount_method"": ""cumulative_thstrm_add_amount"", ""selection_rule"": ""standard_id"", ""account_id"": ""ifrs_ProfitLoss"", ""account_nm"": ""당기순이익"", ""sj_div"": ""CIS""}, ""equity"": {""cumulative"": 123498181275.0, ""thstrm_amount"": 123498181275.0, ""thstrm_add_amount"": null, ""amount_method"": ""instant_thstrm_amount"", ""selection_rule"": ""standard_id"", ""account_id"": ""ifrs_Equity"", ""account_nm"": ""자본총계"", ""sj_div"": ""BS""}, ""cfo"": {""cumulative"": 8583396259.0, ""thstrm_amount"": 8583396259.0, ""thstrm_add_amount"": null, ""amount_method"": ""cumulative_cf_thstrm_amount"", ""selection_rule"": ""standard_id"", ""account_id"": ""ifrs_CashFlowsFromUsedInOperatingActivities"", ""account_nm"": ""영업활동현금흐름"", ""sj_div"": ""CF""}, ""capex_ppe"": {""cumulative"": -3836815154.0, ""thstrm_amount"": [-3836815154.0], ""thstrm_add_amount"": [null], ""amount_method"": ""sum_distinct_capex_rows"", ""selection_rule"": ""exact_label_sum"", ""account_id"": null, ""account_nm"": null, ""sj_div"": ""CF"", ""row_count"": 1, ""rows"": [{""account_id"": ""-표준계정코드 미사용-"", ""account_nm"": ""유형자산의 취득"", ""cumulative"": -3836815154.0, ""thstrm_amount"": -3836815154.0, ""thstrm_add_amount"": null, ""method"": ""cumulative_cf_thstrm_amount""}]}, ""capex_intangible"": {""cumulative"": -1329801180.0, ""thstrm_amount"": [-1329801180.0], ""thstrm_add_amount"": [null], ""amount_method"": ""sum_distinct_capex_rows"", ""selection_rule"": ""exact_label_sum"", ""account_id"": null, ""account_nm"": null, ""sj_div"": ""CF"", ""row_count"": 1, ""rows"": [{""account_id"": ""-표준계정코드 미사용-"", ""account_nm"": ""무형자산의 취득"", ""cumulative"": -1329801180.0, ""thstrm_amount"": -1329801180.0, ""thstrm_add_amount"": null, ""method"": ""cumulative_cf_thstrm_amount""}]}}",NOT_ASSIGNED_ACCOUNTING_STAGE,annual_reference_2015_2020_accept,True
00101664,경보제약,2016,Q3,11014,OFS,OFS,True,True,ok,12101589303.0,2400451971.0,9283555530.0,1206969223.0,124638350619.0,18615192071.0,10031795812.0,-11874868032.0,8038052878.0,-1338153280.0,8352100.0,8046404978.0,1985390834.0,cumulative_difference,cumulative_difference,cumulative_difference,"{""operating_profit"": {""cumulative"": 12101589303.0, ""thstrm_amount"": 2400451971.0, ""thstrm_add_amount"": 12101589303.0, ""amount_method"": ""cumulative_thstrm_add_amount"", ""selection_rule"": ""standard_id"", ""account_id"": ""dart_OperatingIncomeLoss"", ""account_nm"": ""영업이익"", ""sj_div"": ""CIS""}, ""net_income"": {""cumulative"": 9283555530.0, ""thstrm_amount"": 1206969223.0, ""thstrm_add_amount"": 9283555530.0, ""amount_method"": ""cumulative_thstrm_add_amount"", ""selection_rule"": ""standard_id"", ""account_id"": ""ifrs_ProfitLoss"", ""account_nm"": ""당기순이익"", ""sj_div"": ""CIS""}, ""equity"": {""cumulative"": 124638350619.0, ""thstrm_amount"": 124638350619.0, ""thstrm_add_amount"": null, ""amount_method"": ""instant_thstrm_amount"", ""selection_rule"": ""standard_id"", ""account_id"": ""ifrs_Equity"", ""account_nm"": ""자본총계"", ""sj_div"": ""BS""}, ""cfo"": {""cumulative"": 18615192071.0, ""thstrm_amount"": 18615192071.0, ""thstrm_add_amount"": null, ""amount_method"": ""cumulative_cf_thstrm_amount"", ""selection_rule"": ""standard_id"", ""account_id"": ""ifrs_CashFlowsFromUsedInOperatingActivities"", ""account_nm"": ""영업활동현금흐름"", ""sj_div"": ""CF""}, ""capex_ppe"": {""cumulative"": -11874868032.0, ""thstrm_amount"": [-11874868032.0], ""thstrm_add_amount"": [null], ""amount_method"": ""sum_distinct_capex_rows"", ""selection_rule"": ""exact_label_sum"", ""account_id"": null, ""account_nm"": null, ""sj_div"": ""CF"", ""row_count"": 1, ""rows"": [{""account_id"": ""-표준계정코드 미사용-"", ""account_nm"": ""유형자산의 취득"", ""cumulative"": -11874868032.0, ""thstrm_amount"": -11874868032.0, ""thstrm_add_amount"": null, ""method"": ""cumulative_cf_thstrm_amount""}]}, ""capex_intangible"": {""cumulative"": -1338153280.0, ""thstrm_amount"": [-1338153280.0], ""thstrm_add_amount"": [null], ""amount_method"": ""sum_distinct_capex_rows"", ""selection_rule"": ""exact_label_sum"", ""account_id"": null, ""account_nm"": null, ""sj_div"": ""CF"", ""row_count"": 1, ""rows"": [{""account_id"": ""-표준계정코드 미사용-"", ""account_nm"": ""무형자산의 취득"", ""cumulative"": -1338153280.0, ""thstrm_amount"": -1338153280.0, ""thstrm_add_amount"": null, ""method"": ""cumulative_cf_thstrm_amount""}]}}",NOT_ASSIGNED_ACCOUNTING_STAGE,annual_reference_2015_2020_accept,True
00101752,(주)케이씨피드,2016,Q1,11013,CFS,CFS,True,True,ok,672805957.0,672805957.0,543733299.0,543733299.0,44137250643.0,-2060467565.0,-2060467565.0,214212714.0,214212714.0,16655000.0,16655000.0,230867714.0,-2291335279.0,direct_q1,direct_q1,direct_q1,"{""operating_profit"": {""cumulative"": 672805957.0, ""thstrm_amount"": 672805957.0, ""thstrm_add_amount"": 672805957.0, ""amount_method"": ""q1_thstrm_amount"", ""selection_rule"": ""standard_id"", ""account_id"": ""dart_OperatingIncomeLoss"", ""account_nm"": ""영업이익"", ""sj_div"": ""CIS""}, ""net_income"": {""cumulative"": 543733299.0, ""thstrm_amount"": 543733299.0, ""thstrm_add_amount"": 543733299.0, ""amount_method"": ""q1_thstrm_amount"", ""selection_rule"": ""standard_id"", ""account_id"": ""ifrs_ProfitLoss"", ""account_nm"": ""당기순이익"", ""sj_div"": ""CIS""}, ""equity"": {""cumulative"": 44137250643.0, ""thstrm_amount"": 44137250643.0, ""thstrm_add_amount"": null, ""amount_method"": ""instant_thstrm_amount"", ""selection_rule"": ""standard_id"", ""account_id"": ""ifrs_Equity"", ""account_nm"": ""자본총계"", ""sj_div"": ""BS""}, ""cfo"": {""cumulative"": -2060467565.0, ""thstrm_amount"": -2060467565.0, ""thstrm_add_amount"": null, ""amount_method"": ""q1_thstrm_amount"", ""selection_rule"": ""standard_id"", ""account_id"": ""ifrs_CashFlowsFromUsedInOperatingActivities"", ""account_nm"": ""영업활동현금흐름"", ""sj_div"": ""CF""}, ""capex_ppe"": {""cumulative"": 214212714.0, ""thstrm_amount"": [214212714.0], ""thstrm_add_amount"": [null], ""amount_method"": ""sum_distinct_capex_rows"", ""selection_rule"": ""exact_label_sum"", ""account_id"": null, ""account_nm"": null, ""sj_div"": ""CF"", ""row_count"": 1, ""rows"": [{""account_id"": ""-표준계정코드 미사용-"", ""account_nm"": ""유형자산의 취득"", ""cumulative"": 214212714.0, ""thstrm_amount"": 214212714.0, ""thstrm_add_amount"": null, ""method"": ""q1_thstrm_amount""}]}, ""capex_intangible"": {""cumulative"": 16655000.0, ""thstrm_amount"": [16655000.0], ""thstrm_add_amount"": [null], ""amount_method"": ""sum_distinct_capex_rows"", ""selection_rule"": ""exact_label_sum"", ""account_id"": null, ""account_nm"": null, ""sj_div"": ""CF"", ""row_count"": 1, ""rows"": [{""account_id"": ""-표준계정코드 미사용-"", ""account_nm"": ""무형자산의 취득"", ""cumulative"": 16655000.0, ""thstrm_amount"": 16655000.0, ""thstrm_add_amount"": null, ""method"": ""q1_thstrm_amount""}]}}",NOT_ASSIGNED_ACCOUNTING_STAGE,annual_reference_2015_2020_accept,True
00101752,(주)케이씨피드,2016,Q2,11012,CFS,CFS,True,True,ok,1550378394.0,877572437.0,1107847690.0,564114391.0,44708751324.0,527773411.0,2588240976.0,672479350.0,458266636.0,0.0,16655000.0,474921636.0,2113319340.0,cumulative_difference,cumulative_difference,cumulative_difference,"{""operating_profit"": {""cumulative"": 1550378394.0, ""thstrm_amount"": 877572437.0, ""thstrm_add_amount"": 1550378394.0, ""amount_method"": ""cumulative_thstrm_add_amount"", ""selection_rule"": ""standard_id"", ""account_id"": ""dart_OperatingIncomeLoss"", ""account_nm"": ""영업이익(손실)"", ""sj_div"": ""CIS""}, ""net_income"": {""cumulative"": 1107847690.0, ""thstrm_amount"": 564114391.0, ""thstrm_add_amount"": 1107847690.0, ""amount_method"": ""cumulative_thstrm_add_amount"", ""selection_rule"": ""standard_id"", ""account_id"": ""ifrs_ProfitLoss"", ""account_nm"": ""당기순이익(손실)"", ""sj_div"": ""CIS""}, ""equity"": {""cumulative"": 44708751324.0, ""thstrm_amount"": 44708751324.0, ""thstrm_add_amount"": null, ""amount_method"": ""instant_thstrm_amount"", ""selection_rule"": ""standard_id"", ""account_id"": ""ifrs_Equity"", ""account_nm"": ""자본총계"", ""sj_div"": ""BS""}, ""cfo"": {""cumulative"": 527773411.0, ""thstrm_amount"": 527773411.0, ""thstrm_add_amount"": null, ""amount_method"": ""cumulative_cf_thstrm_amount"", ""selection_rule"": ""standard_id"", ""account_id"": ""ifrs_CashFlowsFromUsedInOperatingActivities"", ""account_nm"": ""영업활동현금흐름"", ""sj_div"": ""CF""}, ""capex_ppe"": {""cumulative"": 672479350.0, ""thstrm_amount"": [672479350.0], ""thstrm_add_amount"": [null], ""amount_method"": ""sum_distinct_capex_rows"", ""selection_rule"": ""exact_label_sum"", ""account_id"": null, ""account_nm"": null, ""sj_div"": ""CF"", ""row_count"": 1, ""rows"": [{""account_id"": ""-표준계정코드 미사용-"", ""account_nm"": ""유형자산의 취득"", ""cumulative"": 672479350.0, ""thstrm_amount"": 672479350.0, ""thstrm_add_amount"": null, ""method"": ""cumulative_cf_thstrm_amount""}]}, ""capex_intangible"": {""cumulative"": 0.0, ""thstrm_amount"": [0.0], ""thstrm_add_amount"": [null], ""amount_method"": ""sum_distinct_capex_rows"", ""selection_rule"": ""exact_label_sum"", ""account_id"": null, ""account_nm"": null, ""sj_div"": ""CF"", ""row_count"": 1, ""rows"": [{""account_id"": ""-표준계정코드 미사용-"", ""account_nm"": ""무형자산의 취득"", ""cumulative"": 0.0, ""thstrm_amount"": 0.0, ""thstrm_add_amount"": null, ""method"": ""cumulative_cf_thstrm_amount""}]}}",NOT_ASSIGNED_ACCOUNTING_STAGE,annual_reference_2015_2020_accept,True
00101752,(주)케이씨피드,2016,Q3,11014,CFS,CFS,True,True,ok,1840220888.0,289842494.0,1482644547.0,374796857.0,53128687435.0,-589909747.0,-1117683158.0,1018210028.0,345730678.0,51055000.0,51055000.0,396785678.0,-1514468836.0,cumulative_difference,cumulative_difference,cumulative_difference,"{""operating_profit"": {""cumulative"": 1840220888.0, ""thstrm_amount"": 289842494.0, ""thstrm_add_amount"": 1840220888.0, ""amount_method"": ""cumulative_thstrm_add_amount"", ""selection_rule"": ""standard_id"", ""account_id"": ""dart_OperatingIncomeLoss"", ""account_nm"": ""영업이익(손실)"", ""sj_div"": ""CIS""}, ""net_income"": {""cumulative"": 1482644547.0, ""thstrm_amount"": 374796857.0, ""thstrm_add_amount"": 1482644547.0, ""amount_method"": ""cumulative_thstrm_add_amount"", ""selection_rule"": ""standard_id"", ""account_id"": ""ifrs_ProfitLoss"", ""account_nm"": ""당기순이익(손실)"", ""sj_div"": ""CIS""}, ""equity"": {""cumulative"": 53128687435.0, ""thstrm_amount"": 53128687435.0, ""thstrm_add_amount"": null, ""amount_method"": ""instant_thstrm_amount"", ""selection_rule"": ""standard_id"", ""account_id"": ""ifrs_Equity"", ""account_nm"": ""자본총계"", ""sj_div"": ""BS""}, ""cfo"": {""cumulative"": -589909747.0, ""thstrm_amount"": -589909747.0, ""thstrm_add_amount"": null, ""amount_method"": ""cumulative_cf_thstrm_amount"", ""selection_rule"": ""standard_id"", ""account_id"": ""ifrs_CashFlowsFromUsedInOperatingActivities"", ""account_nm"": ""영업활동현금흐름"", ""sj_div"": ""CF""}, ""capex_ppe"": {""cumulative"": 1018210028.0, ""thstrm_amount"": [1018210028.0], ""thstrm_add_amount"": [null], ""amount_method"": ""sum_distinct_capex_rows"", ""selection_rule"": ""exact_label_sum"", ""account_id"": null, ""account_nm"": null, ""sj_div"": ""CF"", ""row_count"": 1, ""rows"": [{""account_id"": ""-표준계정코드 미사용-"", ""account_nm"": ""유형자산의 취득"", ""cumulative"": 1018210028.0, ""thstrm_amount"": 1018210028.0, ""thstrm_add_amount"": null, ""method"": ""cumulative_cf_thstrm_amount""}]}, ""capex_intangible"": {""cumulative"": 51055000.0, ""thstrm_amount"": [51055000.0], ""thstrm_add_amount"": [null], ""amount_method"": ""sum_distinct_capex_rows"", ""selection_rule"": ""exact_label_sum"", ""account_id"": null, ""account_nm"": null, ""sj_div"": ""CF"", ""row_count"": 1, ""rows"": [{""account_id"": ""-표준계정코드 미사용-"", ""account_nm"": ""무형자산의 취득"", ""cumulative"": 51055000.0, ""thstrm_amount"": 51055000.0, ""thstrm_add_amount"": null, ""method"": ""cumulative_cf_thstrm_amount""}]}}",NOT_ASSIGNED_ACCOUNTING_STAGE,annual_reference_2015_2020_accept,True
00102113,(주)경인양행,2016,Q1,11013,CFS,CFS,True,True,ok,771635091.0,771635091.0,-506046036.0,-506046036.0,198646682163.0,10011445554.0,10011445554.0,1378941988.0,1378941988.0,349369990.0,349369990.0,1728311978.0,8283133576.0,direct_q1,direct_q1,direct_q1,"{""operating_profit"": {""cumulative"": 771635091.0, ""thstrm_amount"": 771635091.0, ""thstrm_add_amount"": 771635091.0, ""amount_method"": ""q1_thstrm_amount"", ""selection_rule"": ""standard_id"", ""account_id"": ""dart_OperatingIncomeLoss"", ""account_nm"": ""영업이익(손실)"", ""sj_div"": ""CIS""}, ""net_income"": {""cumulative"": -506046036.0, ""thstrm_amount"": -506046036.0, ""thstrm_add_amount"": -506046036.0, ""amount_method"": ""q1_thstrm_amount"", ""selection_rule"": ""standard_id"", ""account_id"": ""ifrs_ProfitLoss"", ""account_nm"": ""당기순이익(손실)"", ""sj_div"": ""CIS""}, ""equity"": {""cumulative"": 198646682163.0, ""thstrm_amount"": 198646682163.0, ""thstrm_add_amount"": null, ""amount_method"": ""instant_thstrm_amount"", ""selection_rule"": ""standard_id"", ""account_id"": ""ifrs_Equity"", ""account_nm"": ""자본총계"", ""sj_div"": ""BS""}, ""cfo"": {""cumulative"": 10011445554.0, ""thstrm_amount"": 10011445554.0, ""thstrm_add_amount"": null, ""amount_method"": ""q1_thstrm_amount"", ""selection_rule"": ""standard_id"", ""account_id"": ""ifrs_CashFlowsFromUsedInOperatingActivities"", ""account_nm"": ""영업활동현금흐름"", ""sj_div"": ""CF""}, ""capex_ppe"": {""cumulative"": 1378941988.0, ""thstrm_amount"": [1378941988.0], ""thstrm_add_amount"": [null], ""amount_method"": ""sum_distinct_capex_rows"", ""selection_rule"": ""standard_id_sum"", ""account_id"": null, ""account_nm"": null, ""sj_div"": ""CF"", ""row_count"": 1, ""rows"": [{""account_id"": ""ifrs_PurchaseOfPropertyPlantAndEquipmentClassifiedAsInvestingActivities"", ""account_nm"": ""유형자산의 취득"", ""cumulative"": 1378941988.0, ""thstrm_amount"": 1378941988.0, ""thstrm_add_amount"": null, ""method"": ""q1_thstrm_amount""}]}, ""capex_intangible"": {""cumulative"": 349369990.0, ""thstrm_amount"": [349369990.0], ""thstrm_add_amount"": [null], ""amount_method"": ""sum_distinct_capex_rows"", ""selection_rule"": ""standard_id_sum"", ""account_id"": null, ""account_nm"": null, ""sj_div"": ""CF"", ""row_count"": 1, ""rows"": [{""account_id"": ""ifrs_PurchaseOfIntangibleAssetsClassifiedAsInvestingActivities"", ""account_nm"": ""무형자산의 취득"", ""cumulative"": 349369990.0, ""thstrm_amount"": 349369990.0, ""thstrm_add_amount"": null, ""method"": ""q1_thstrm_amount""}]}}",NOT_ASSIGNED_ACCOUNTING_STAGE,annual_reference_2015_2020_accept,True
00102113,(주)경인양행,2016,Q2,11012,CFS,CFS,True,True,ok,7321560966.0,6549925875.0,3996595634.0,4502641670.0,203427337757.0,17930222129.0,7918776575.0,3002887844.0,1623945856.0,460313318.0,110943328.0,1734889184.0,6183887391.0,cumulative_difference,cumulative_difference,cumulative_difference,"{""operating_profit"": {""cumulative"": 7321560966.0, ""thstrm_amount"": 6549925875.0, ""thstrm_add_amount"": 7321560966.0, ""amount_method"": ""cumulative_thstrm_add_amount"", ""selection_rule"": ""standard_id"", ""account_id"": ""dart_OperatingIncomeLoss"", ""account_nm"": ""영업이익(손실)"", ""sj_div"": ""CIS""}, ""net_income"": {""cumulative"": 3996595634.0, ""thstrm_amount"": 4502641670.0, ""thstrm_add_amount"": 3996595634.0, ""amount_method"": ""cumulative_thstrm_add_amount"", ""selection_rule"": ""standard_id"", ""account_id"": ""ifrs_ProfitLoss"", ""account_nm"": ""당기순이익(손실)"", ""sj_div"": ""CIS""}, ""equity"": {""cumulative"": 203427337757.0, ""thstrm_amount"": 203427337757.0, ""thstrm_add_amount"": null, ""amount_method"": ""instant_thstrm_amount"", ""selection_rule"": ""standard_id"", ""account_id"": ""ifrs_Equity"", ""account_nm"": ""자본총계"", ""sj_div"": ""BS""}, ""cfo"": {""cumulative"": 17930222129.0, ""thstrm_amount"": 17930222129.0, ""thstrm_add_amount"": null, ""amount_method"": ""cumulative_cf_thstrm_amount"", ""selection_rule"": ""standard_id"", ""account_id"": ""ifrs_CashFlowsFromUsedInOperatingActivities"", ""account_nm"": ""영업활동현금흐름"", ""sj_div"": ""CF""}, ""capex_ppe"": {""cumulative"": 3002887844.0, ""thstrm_amount"": [3002887844.0], ""thstrm_add_amount"": [null], ""amount_method"": ""sum_distinct_capex_rows"", ""selection_rule"": ""standard_id_sum"", ""account_id"": null, ""account_nm"": null, ""sj_div"": ""CF"", ""row_count"": 1, ""rows"": [{""account_id"": ""ifrs_PurchaseOfPropertyPlantAndEquipmentClassifiedAsInvestingActivities"", ""account_nm"": ""유형자산의 취득"", ""cumulative"": 3002887844.0, ""thstrm_amount"": 3002887844.0, ""thstrm_add_amount"": null, ""method"": ""cumulative_cf_thstrm_amount""}]}, ""capex_intangible"": {""cumulative"": 460313318.0, ""thstrm_amount"": [460313318.0], ""thstrm_add_amount"": [null], ""amount_method"": ""sum_distinct_capex_rows"", ""selection_rule"": ""standard_id_sum"", ""account_id"": null, ""account_nm"": null, ""sj_div"": ""CF"", ""row_count"": 1, ""rows"": [{""account_id"": ""ifrs_PurchaseOfIntangibleAssetsClassifiedAsInvestingActivities"", ""account_nm"": ""무형자산의 취득"", ""cumulative"": 460313318.0, ""thstrm_amount"": 460313318.0, ""thstrm_add_amount"": null, ""method"": ""cumulative_cf_thstrm_amount""}]}}",NOT_ASSIGNED_ACCOUNTING_STAGE,annual_reference_2015_2020_accept,True
00102113,(주)경인양행,2016,Q3,11014,CFS,CFS,True,True,ok,8812024867.0,1490463901.0,4214081992.0,217486358.0,205024850782.0,26127267963.0,8197045834.0,6196855238.0,3193967394.0,460313318.0,0.0,3193967394.0,5003078440.0,cumulative_difference,cumulative_difference,cumulative_difference,"{""operating_profit"": {""cumulative"": 8812024867.0, ""thstrm_amount"": 1490463901.0, ""thstrm_add_amount"": 8812024867.0, ""amount_method"": ""cumulative_thstrm_add_amount"", ""selection_rule"": ""standard_id"", ""account_id"": ""dart_OperatingIncomeLoss"", ""account_nm"": ""영업이익(손실)"", ""sj_div"": ""CIS""}, ""net_income"": {""cumulative"": 4214081992.0, ""thstrm_amount"": 217486358.0, ""thstrm_add_amount"": 4214081992.0, ""amount_method"": ""cumulative_thstrm_add_amount"", ""selection_rule"": ""standard_id"", ""account_id"": ""ifrs_ProfitLoss"", ""account_nm"": ""당기순이익(손실)"", ""sj_div"": ""CIS""}, ""equity"": {""cumulative"": 205024850782.0, ""thstrm_amount"": 205024850782.0, ""thstrm_add_amount"": null, ""amount_method"": ""instant_thstrm_amount"", ""selection_rule"": ""standard_id"", ""account_id"": ""ifrs_Equity"", ""account_nm"": ""자본총계"", ""sj_div"": ""BS""}, ""cfo"": {""cumulative"": 26127267963.0, ""thstrm_amount"": 26127267963.0, ""thstrm_add_amount"": null, ""amount_method"": ""cumulative_cf_thstrm_amount"", ""selection_rule"": ""standard_id"", ""account_id"": ""ifrs_CashFlowsFromUsedInOperatingActivities"", ""account_nm"": ""영업활동현금흐름"", ""sj_div"": ""CF""}, ""capex_ppe"": {""cumulative"": 6196855238.0, ""thstrm_amount"": [6196855238.0], ""thstrm_add_amount"": [null], ""amount_method"": ""sum_distinct_capex_rows"", ""selection_rule"": ""standard_id_sum"", ""account_id"": null, ""account_nm"": null, ""sj_div"": ""CF"", ""row_count"": 1, ""rows"": [{""account_id"": ""ifrs_PurchaseOfPropertyPlantAndEquipmentClassifiedAsInvestingActivities"", ""account_nm"": ""유형자산의 취득"", ""cumulative"": 6196855238.0, ""thstrm_amount"": 6196855238.0, ""thstrm_add_amount"": null, ""method"": ""cumulative_cf_thstrm_amount""}]}, ""capex_intangible"": {""cumulative"": 460313318.0, ""thstrm_amount"": [460313318.0], ""thstrm_add_amount"": [null], ""amount_method"": ""sum_distinct_capex_rows"", ""selection_rule"": ""standard_id_sum"", ""account_id"": null, ""account_nm"": null, ""sj_div"": ""CF"", ""row_count"": 1, ""rows"": [{""account_id"": ""ifrs_PurchaseOfIntangibleAssetsClassifiedAsInvestingActivities"", ""account_nm"": ""무형자산의 취득"", ""cumulative"": 460313318.0, ""thstrm_amount"": 460313318.0, ""thstrm_add_amount"": null, ""method"": ""cumulative_cf_thstrm_amount""}]}}",NOT_ASSIGNED_ACCOUNTING_STAGE,annual_reference_2015_2020_accept,True
00102618,계양전기 주식회사,2016,Q1,11013,CFS,CFS,True,True,ok,4693614049.0,4693614049.0,4896093133.0,4896093133.0,166601120883.0,5344809043.0,5344809043.0,6453077040.0,6453077040.0,479219693.0,479219693.0,6932296733.0,-1587487690.0,direct_q1,direct_q1,direct_q1,"{""operating_profit"": {""cumulative"": 4693614049.0, ""thstrm_amount"": 4693614049.0, ""thstrm_add_amount"": 4693614049.0, ""amount_method"": ""q1_thstrm_amount"", ""selection_rule"": ""standard_id"", ""account_id"": ""dart_OperatingIncomeLoss"", ""account_nm"": ""영업이익(손실)"", ""sj_div"": ""CIS""}, ""net_income"": {""cumulative"": 4896093133.0, ""thstrm_amount"": 4896093133.0, ""thstrm_add_amount"": 4896093133.0, ""amount_method"": ""q1_thstrm_amount"", ""selection_rule"": ""standard_id"", ""account_id"": ""ifrs_ProfitLoss"", ""account_nm"": ""당기순이익(손실)"", ""sj_div"": ""CIS""}, ""equity"": {""cumulative"": 166601120883.0, ""thstrm_amount"": 166601120883.0, ""thstrm_add_amount"": null, ""amount_method"": ""instant_thstrm_amount"", ""selection_rule"": ""standard_id"", ""account_id"": ""ifrs_Equity"", ""account_nm"": ""자본총계"", ""sj_div"": ""BS""}, ""cfo"": {""cumulative"": 5344809043.0, ""thstrm_amount"": 5344809043.0, ""thstrm_add_amount"": null, ""amount_method"": ""q1_thstrm_amount"", ""selection_rule"": ""standard_id"", ""account_id"": ""ifrs_CashFlowsFromUsedInOperatingActivities"", ""account_nm"": ""영업활동현금흐름"", ""sj_div"": ""CF""}, ""capex_ppe"": {""cumulative"": 6453077040.0, ""thstrm_amount"": [6453077040.0], ""thstrm_add_amount"": [null], ""amount_method"": ""sum_distinct_capex_rows"", ""selection_rule"": ""standard_id_sum"", ""account_id"": null, ""account_nm"": null, ""sj_div"": ""CF"", ""row_count"": 1, ""rows"": [{""account_id"": ""ifrs_PurchaseOfPropertyPlantAndEquipmentClassifiedAsInvestingActivities"", ""account_nm"": ""유형자산의 취득"", ""cumulative"": 6453077040.0, ""thstrm_amount"": 6453077040.0, ""thstrm_add_amount"": null, ""method"": ""q1_thstrm_amount""}]}, ""capex_intangible"": {""cumulative"": 479219693.0, ""thstrm_amount"": [479219693.0], ""thstrm_add_amount"": [null], ""amount_method"": ""sum_distinct_capex_rows"", ""selection_rule"": ""standard_id_sum"", ""account_id"": null, ""account_nm"": null, ""sj_div"": ""CF"", ""row_count"": 1, ""rows"": [{""account_id"": ""ifrs_PurchaseOfIntangibleAssetsClassifiedAsInvestingActivities"", ""account_nm"": ""무형자산의 취득"", ""cumulative"": 479219693.0, ""thstrm_amount"": 479219693.0, ""thstrm_add_amount"": null, ""method"": ""q1_thstrm_amount""}]}}",NOT_ASSIGNED_ACCOUNTING_STAGE,annual_reference_2015_2020_accept,True
00102618,계양전기 주식회사,2016,Q2,11012,CFS,CFS,True,True,ok,9638737305.0,4945123256.0,13316862560.0,8420769427.0,174891535493.0,13628434569.0,8283625526.0,11635051342.0,5181974302.0,846210468.0,366990775.0,5548965077.0,2734660449.0,cumulative_difference,cumulative_difference,cumulative_difference,"{""operating_profit"": {""cumulative"": 9638737305.0, ""thstrm_amount"": 4945123256.0, ""thstrm_add_amount"": 9638737305.0, ""amount_method"": ""cumulative_thstrm_add_amount"", ""selection_rule"": ""standard_id"", ""account_id"": ""dart_OperatingIncomeLoss"", ""account_nm"": ""영업이익(손실)"", ""sj_div"": ""CIS""}, ""net_income"": {""cumulative"": 13316862560.0, ""thstrm_amount"": 8420769427.0, ""thstrm_add_amount"": 13316862560.0, ""amount_method"": ""cumulative_thstrm_add_amount"", ""selection_rule"": ""standard_id"", ""account_id"": ""ifrs_ProfitLoss"", ""account_nm"": ""당기순이익(손실)"", ""sj_div"": ""CIS""}, ""equity"": {""cumulative"": 174891535493.0, ""thstrm_amount"": 174891535493.0, ""thstrm_add_amount"": null, ""amount_method"": ""instant_thstrm_amount"", ""selection_rule"": ""standard_id"", ""account_id"": ""ifrs_Equity"", ""account_nm"": ""자본총계"", ""sj_div"": ""BS""}, ""cfo"": {""cumulative"": 13628434569.0, ""thstrm_amount"": 13628434569.0, ""thstrm_add_amount"": null, ""amount_method"": ""cumulative_cf_thstrm_amount"", ""selection_rule"": ""standard_id"", ""account_id"": ""ifrs_CashFlowsFromUsedInOperatingActivities"", ""account_nm"": ""영업활동현금흐름"", ""sj_div"": ""CF""}, ""capex_ppe"": {""cumulative"": 11635051342.0, ""thstrm_amount"": [11635051342.0], ""thstrm_add_amount"": [null], ""amount_method"": ""sum_distinct_capex_rows"", ""selection_rule"": ""standard_id_sum"", ""account_id"": null, ""account_nm"": null, ""sj_div"": ""CF"", ""row_count"": 1, ""rows"": [{""account_id"": ""ifrs_PurchaseOfPropertyPlantAndEquipmentClassifiedAsInvestingActivities"", ""account_nm"": ""유형자산의 취득"", ""cumulative"": 11635051342.0, ""thstrm_amount"": 11635051342.0, ""thstrm_add_amount"": null, ""method"": ""cumulative_cf_thstrm_amount""}]}, ""capex_intangible"": {""cumulative"": 846210468.0, ""thstrm_amount"": [846210468.0], ""thstrm_add_amount"": [null], ""amount_method"": ""sum_distinct_capex_rows"", ""selection_rule"": ""standard_id_sum"", ""account_id"": null, ""account_nm"": null, ""sj_div"": ""CF"", ""row_count"": 1, ""rows"": [{""account_id"": ""ifrs_PurchaseOfIntangibleAssetsClassifiedAsInvestingActivities"", ""account_nm"": ""무형자산의 취득"", ""cumulative"": 846210468.0, ""thstrm_amount"": 846210468.0, ""thstrm_add_amount"": null, ""method"": ""cumulative_cf_thstrm_amount""}]}}",NOT_ASSIGNED_ACCOUNTING_STAGE,annual_reference_2015_2020_accept,True
00102618,계양전기 주식회사,2016,Q3,11014,CFS,CFS,True,True,ok,13489824953.0,3851087648.0,16032392343.0,2715529783.0,176840235654.0,17975717342.0,4347282773.0,15894583800.0,4259532458.0,1352058709.0,505848241.0,4765380699.0,-418097926.0,cumulative_difference,cumulative_difference,cumulative_difference,"{""operating_profit"": {""cumulative"": 13489824953.0, ""thstrm_amount"": 3851087648.0, ""thstrm_add_amount"": 13489824953.0, ""amount_method"": ""cumulative_thstrm_add_amount"", ""selection_rule"": ""standard_id"", ""account_id"": ""dart_OperatingIncomeLoss"", ""account_nm"": ""영업이익(손실)"", ""sj_div"": ""CIS""}, ""net_income"": {""cumulative"": 16032392343.0, ""thstrm_amount"": 2715529783.0, ""thstrm_add_amount"": 16032392343.0, ""amount_method"": ""cumulative_thstrm_add_amount"", ""selection_rule"": ""standard_id"", ""account_id"": ""ifrs_ProfitLoss"", ""account_nm"": ""당기순이익(손실)"", ""sj_div"": ""CIS""}, ""equity"": {""cumulative"": 176840235654.0, ""thstrm_amount"": 176840235654.0, ""thstrm_add_amount"": null, ""amount_method"": ""instant_thstrm_amount"", ""selection_rule"": ""standard_id"", ""account_id"": ""ifrs_Equity"", ""account_nm"": ""자본총계"", ""sj_div"": ""BS""}, ""cfo"": {""cumulative"": 17975717342.0, ""thstrm_amount"": 17975717342.0, ""thstrm_add_amount"": null, ""amount_method"": ""cumulative_cf_thstrm_amount"", ""selection_rule"": ""standard_id"", ""account_id"": ""ifrs_CashFlowsFromUsedInOperatingActivities"", ""account_nm"": ""영업활동현금흐름"", ""sj_div"": ""CF""}, ""capex_ppe"": {""cumulative"": 15894583800.0, ""thstrm_amount"": [15894583800.0], ""thstrm_add_amount"": [null], ""amount_method"": ""sum_distinct_capex_rows"", ""selection_rule"": ""standard_id_sum"", ""account_id"": null, ""account_nm"": null, ""sj_div"": ""CF"", ""row_count"": 1, ""rows"": [{""account_id"": ""ifrs_PurchaseOfPropertyPlantAndEquipmentClassifiedAsInvestingActivities"", ""account_nm"": ""유형자산의 취득"", ""cumulative"": 15894583800.0, ""thstrm_amount"": 15894583800.0, ""thstrm_add_amount"": null, ""method"": ""cumulative_cf_thstrm_amount""}]}, ""capex_intangible"": {""cumulative"": 1352058709.0, ""thstrm_amount"": [1352058709.0], ""thstrm_add_amount"": [null], ""amount_method"": ""sum_distinct_capex_rows"", ""selection_rule"": ""standard_id_sum"", ""account_id"": null, ""account_nm"": null, ""sj_div"": ""CF"", ""row_count"": 1, ""rows"": [{""account_id"": ""ifrs_PurchaseOfIntangibleAssetsClassifiedAsInvestingActivities"", ""account_nm"": ""무형자산의 취득"", ""cumulative"": 1352058709.0, ""thstrm_amount"": 1352058709.0, ""thstrm_add_amount"": null, ""method"": ""cumulative_cf_thstrm_amount""}]}}",NOT_ASSIGNED_ACCOUNTING_STAGE,annual_reference_2015_2020_accept,True
00102751,고려산업주식회사,2016,Q1,11013,CFS,CFS,True,True,ok,2938069218.0,2938069218.0,2438668485.0,2438668485.0,80502386125.0,7413254401.0,7413254401.0,2477671442.0,2477671442.0,0.0,0.0,2477671442.0,4935582959.0,direct_q1,direct_q1,direct_q1,"{""operating_profit"": {""cumulative"": 2938069218.0, ""thstrm_amount"": 2938069218.0, ""thstrm_add_amount"": 2938069218.0, ""amount_method"": ""q1_thstrm_amount"", ""selection_rule"": ""standard_id"", ""account_id"": ""dart_OperatingIncomeLoss"", ""account_nm"": ""영업이익(손실)"", ""sj_div"": ""CIS""}, ""net_income"": {""cumulative"": 2438668485.0, ""thstrm_amount"": 2438668485.0, ""thstrm_add_amount"": 2438668485.0, ""amount_method"": ""q1_thstrm_amount"", ""selection_rule"": ""standard_id"", ""account_id"": ""ifrs_ProfitLoss"", ""account_nm"": ""당기순이익(손실)"", ""sj_div"": ""CIS""}, ""equity"": {""cumulative"": 80502386125.0, ""thstrm_amount"": 80502386125.0, ""thstrm_add_amount"": null, ""amount_method"": ""instant_thstrm_amount"", ""selection_rule"": ""standard_id"", ""account_id"": ""ifrs_Equity"", ""account_nm"": ""자본총계"", ""sj_div"": ""BS""}, ""cfo"": {""cumulative"": 7413254401.0, ""thstrm_amount"": 7413254401.0, ""thstrm_add_amount"": null, ""amount_method"": ""q1_thstrm_amount"", ""selection_rule"": ""standard_id"", ""account_id"": ""ifrs_CashFlowsFromUsedInOperatingActivities"", ""account_nm"": ""영업활동현금흐름"", ""sj_div"": ""CF""}, ""capex_ppe"": {""cumulative"": 2477671442.0, ""thstrm_amount"": [2477671442.0], ""thstrm_add_amount"": [null], ""amount_method"": ""sum_distinct_capex_rows"", ""selection_rule"": ""standard_id_sum"", ""account_id"": null, ""account_nm"": null, ""sj_div"": ""CF"", ""row_count"": 1, ""rows"": [{""account_id"": ""ifrs_PurchaseOfPropertyPlantAndEquipmentClassifiedAsInvestingActivities"", ""account_nm"": ""유형자산의 취득"", ""cumulative"": 2477671442.0, ""thstrm_amount"": 2477671442.0, ""thstrm_add_amount"": null, ""method"": ""q1_thstrm_amount""}]}, ""capex_intangible"": {""cumulative"": 0.0, ""thstrm_amount"": [0.0], ""thstrm_add_amount"": [null], ""amount_method"": ""sum_distinct_capex_rows"", ""selection_rule"": ""standard_id_sum"", ""account_id"": null, ""account_nm"": null, ""sj_div"": ""CF"", ""row_count"": 1, ""rows"": [{""account_id"": ""ifrs_PurchaseOfIntangibleAssetsClassifiedAsInvestingActivities"", ""account_nm"": ""무형자산의 취득"", ""cumulative"": 0.0, ""thstrm_amount"": 0.0, ""thstrm_add_amount"": null, ""method"": ""q1_thstrm_amount""}]}}",NOT_ASSIGNED_ACCOUNTING_STAGE,annual_reference_2015_2020_accept,True
00102751,고려산업주식회사,2016,Q2,11012,CFS,CFS,True,True,ok,3969423866.0,1031354648.0,3097401734.0,658733249.0,81203889201.0,8681780942.0,1268526541.0,2642805187.0,165133745.0,0.0,0.0,165133745.0,1103392796.0,cumulative_difference,cumulative_difference,cumulative_difference,"{""operating_profit"": {""cumulative"": 3969423866.0, ""thstrm_amount"": 1031354648.0, ""thstrm_add_amount"": 3969423866.0, ""amount_method"": ""cumulative_thstrm_add_amount"", ""selection_rule"": ""standard_id"", ""account_id"": ""dart_OperatingIncomeLoss"", ""account_nm"": ""영업이익(손실)"", ""sj_div"": ""CIS""}, ""net_income"": {""cumulative"": 3097401734.0, ""thstrm_amount"": 658733249.0, ""thstrm_add_amount"": 3097401734.0, ""amount_method"": ""cumulative_thstrm_add_amount"", ""selection_rule"": ""standard_id"", ""account_id"": ""ifrs_ProfitLoss"", ""account_nm"": ""당기순이익(손실)"", ""sj_div"": ""CIS""}, ""equity"": {""cumulative"": 81203889201.0, ""thstrm_amount"": 81203889201.0, ""thstrm_add_amount"": null, ""amount_method"": ""instant_thstrm_amount"", ""selection_rule"": ""standard_id"", ""account_id"": ""ifrs_Equity"", ""account_nm"": ""자본총계"", ""sj_div"": ""BS""}, ""cfo"": {""cumulative"": 8681780942.0, ""thstrm_amount"": 8681780942.0, ""thstrm_add_amount"": null, ""amount_method"": ""cumulative_cf_thstrm_amount"", ""selection_rule"": ""standard_id"", ""account_id"": ""ifrs_CashFlowsFromUsedInOperatingActivities"", ""account_nm"": ""영업활동현금흐름"", ""sj_div"": ""CF""}, ""capex_ppe"": {""cumulative"": 2642805187.0, ""thstrm_amount"": [2642805187.0], ""thstrm_add_amount"": [null], ""amount_method"": ""sum_distinct_capex_rows"", ""selection_rule"": ""standard_id_sum"", ""account_id"": null, ""account_nm"": null, ""sj_div"": ""CF"", ""row_count"": 1, ""rows"": [{""account_id"": ""ifrs_PurchaseOfPropertyPlantAndEquipmentClassifiedAsInvestingActivities"", ""account_nm"": ""유형자산의 취득"", ""cumulative"": 2642805187.0, ""thstrm_amount"": 2642805187.0, ""thstrm_add_amount"": null, ""method"": ""cumulative_cf_thstrm_amount""}]}, ""capex_intangible"": {""cumulative"": 0.0, ""thstrm_amount"": [0.0], ""thstrm_add_amount"": [null], ""amount_method"": ""sum_distinct_capex_rows"", ""selection_rule"": ""standard_id_sum"", ""account_id"": null, ""account_nm"": null, ""sj_div"": ""CF"", ""row_count"": 1, ""rows"": [{""account_id"": ""ifrs_PurchaseOfIntangibleAssetsClassifiedAsInvestingActivities"", ""account_nm"": ""무형자산의 취득"", ""cumulative"": 0.0, ""thstrm_amount"": 0.0, ""thstrm_add_amount"": null, ""method"": ""cumulative_cf_thstrm_amount""}]}}",NOT_ASSIGNED_ACCOUNTING_STAGE,annual_reference_2015_2020_accept,True
00102751,고려산업주식회사,2016,Q3,11014,CFS,CFS,True,True,ok,5749618207.0,1780194341.0,7336254904.0,4238853170.0,85632015432.0,14256220225.0,5574439283.0,3409686745.0,766881558.0,0.0,0.0,766881558.0,4807557725.0,cumulative_difference,cumulative_difference,cumulative_difference,"{""operating_profit"": {""cumulative"": 5749618207.0, ""thstrm_amount"": 1780194341.0, ""thstrm_add_amount"": 5749618207.0, ""amount_method"": ""cumulative_thstrm_add_amount"", ""selection_rule"": ""standard_id"", ""account_id"": ""dart_OperatingIncomeLoss"", ""account_nm"": ""영업이익(손실)"", ""sj_div"": ""CIS""}, ""net_income"": {""cumulative"": 7336254904.0, ""thstrm_amount"": 4238853170.0, ""thstrm_add_amount"": 7336254904.0, ""amount_method"": ""cumulative_thstrm_add_amount"", ""selection_rule"": ""standard_id"", ""account_id"": ""ifrs_ProfitLoss"", ""account_nm"": ""당기순이익(손실)"", ""sj_div"": ""CIS""}, ""equity"": {""cumulative"": 85632015432.0, ""thstrm_amount"": 85632015432.0, ""thstrm_add_amount"": null, ""amount_method"": ""instant_thstrm_amount"", ""selection_rule"": ""standard_id"", ""account_id"": ""ifrs_Equity"", ""account_nm"": ""자본총계"", ""sj_div"": ""BS""}, ""cfo"": {""cumulative"": 14256220225.0, ""thstrm_amount"": 14256220225.0, ""thstrm_add_amount"": null, ""amount_method"": ""cumulative_cf_thstrm_amount"", ""selection_rule"": ""standard_id"", ""account_id"": ""ifrs_CashFlowsFromUsedInOperatingActivities"", ""account_nm"": ""영업활동현금흐름"", ""sj_div"": ""CF""}, ""capex_ppe"": {""cumulative"": 3409686745.0, ""thstrm_amount"": [3409686745.0], ""thstrm_add_amount"": [null], ""amount_method"": ""sum_distinct_capex_rows"", ""selection_rule"": ""standard_id_sum"", ""account_id"": null, ""account_nm"": null, ""sj_div"": ""CF"", ""row_count"": 1, ""rows"": [{""account_id"": ""ifrs_PurchaseOfPropertyPlantAndEquipmentClassifiedAsInvestingActivities"", ""account_nm"": ""유형자산의 취득"", ""cumulative"": 3409686745.0, ""thstrm_amount"": 3409686745.0, ""thstrm_add_amount"": null, ""method"": ""cumulative_cf_thstrm_amount""}]}, ""capex_intangible"": {""cumulative"": 0.0, ""thstrm_amount"": [0.0], ""thstrm_add_amount"": [null], ""amount_method"": ""sum_distinct_capex_rows"", ""selection_rule"": ""standard_id_sum"", ""account_id"": null, ""account_nm"": null, ""sj_div"": ""CF"", ""row_count"": 1, ""rows"": [{""account_id"": ""ifrs_PurchaseOfIntangibleAssetsClassifiedAsInvestingActivities"", ""account_nm"": ""무형자산의 취득"", ""cumulative"": 0.0, ""thstrm_amount"": 0.0, ""thstrm_add_amount"": null, ""method"": ""cumulative_cf_thstrm_amount""}]}}",NOT_ASSIGNED_ACCOUNTING_STAGE,annual_reference_2015_2020_accept,True
00102760,두산건설(주),2016,Q1,11013,CFS,CFS,True,True,ok,24483474680.0,24483474680.0,,,1312387890546.0,12189113379.0,12189113379.0,2218110160.0,2218110160.0,794962770.0,794962770.0,3013072930.0,9176040449.0,direct_q1,missing,direct_q1,"{""operating_profit"": {""cumulative"": 24483474680.0, ""thstrm_amount"": 24483474680.0, ""thstrm_add_amount"": 24483474680.0, ""amount_method"": ""q1_thstrm_amount"", ""selection_rule"": ""standard_id"", ""account_id"": ""dart_OperatingIncomeLoss"", ""account_nm"": ""영업이익(손실)"", ""sj_div"": ""IS""}, ""net_income"": {""cumulative"": null, ""thstrm_amount"": null, ""thstrm_add_amount"": null, ""amount_method"": ""missing"", ""selection_rule"": ""ambiguous_standard_id"", ""account_id"": null, ""account_nm"": null, ""sj_div"": null}, ""equity"": {""cumulative"": 1312387890546.0, ""thstrm_amount"": 1312387890546.0, ""thstrm_add_amount"": null, ""amount_method"": ""instant_thstrm_amount"", ""selection_rule"": ""standard_id"", ""account_id"": ""ifrs_Equity"", ""account_nm"": ""자본총계"", ""sj_div"": ""BS""}, ""cfo"": {""cumulative"": 12189113379.0, ""thstrm_amount"": 12189113379.0, ""thstrm_add_amount"": null, ""amount_method"": ""q1_thstrm_amount"", ""selection_rule"": ""standard_id"", ""account_id"": ""ifrs_CashFlowsFromUsedInOperatingActivities"", ""account_nm"": ""영업활동현금흐름"", ""sj_div"": ""CF""}, ""capex_ppe"": {""cumulative"": 2218110160.0, ""thstrm_amount"": [2218110160.0], ""thstrm_add_amount"": [null], ""amount_method"": ""sum_distinct_capex_rows"", ""selection_rule"": ""exact_label_sum"", ""account_id"": null, ""account_nm"": null, ""sj_div"": ""CF"", ""row_count"": 1, ""rows"": [{""account_id"": ""-표준계정코드 미사용-"", ""account_nm"": ""유형자산의 취득"", ""cumulative"": 2218110160.0, ""thstrm_amount"": 2218110160.0, ""thstrm_add_amount"": null, ""method"": ""q1_thstrm_amount""}]}, ""capex_intangible"": {""cumulative"": 794962770.0, ""thstrm_amount"": [794962770.0], ""thstrm_add_amount"": [null], ""amount_method"": ""sum_distinct_capex_rows"", ""selection_rule"": ""exact_label_sum"", ""account_id"": null, ""account_nm"": null, ""sj_div"": ""CF"", ""row_count"": 1, ""rows"": [{""account_id"": ""-표준계정코드 미사용-"", ""account_nm"": ""무형자산의 취득"", ""cumulative"": 794962770.0, ""thstrm_amount"": 794962770.0, ""thstrm_add_amount"": null, ""method"": ""q1_thstrm_amount""}]}}",NOT_ASSIGNED_ACCOUNTING_STAGE,annual_reference_2015_2020_accept,True
00102760,두산건설(주),2016,Q2,11012,CFS,CFS,True,True,ok,26294146628.0,1810671948.0,,,1287309776244.0,-111970573975.0,-124159687354.0,3804703559.0,1586593399.0,1455939435.0,660976665.0,2247570064.0,-126407257418.0,cumulative_difference,missing_predecessor_or_basis_change,cumulative_difference,"{""operating_profit"": {""cumulative"": 26294146628.0, ""thstrm_amount"": 10312010073.0, ""thstrm_add_amount"": 26294146628.0, ""amount_method"": ""cumulative_thstrm_add_amount"", ""selection_rule"": ""standard_id"", ""account_id"": ""dart_OperatingIncomeLoss"", ""account_nm"": ""영업이익(손실)"", ""sj_div"": ""IS""}, ""net_income"": {""cumulative"": null, ""thstrm_amount"": null, ""thstrm_add_amount"": null, ""amount_method"": ""missing"", ""selection_rule"": ""ambiguous_standard_id"", ""account_id"": null, ""account_nm"": null, ""sj_div"": null}, ""equity"": {""cumulative"": 1287309776244.0, ""thstrm_amount"": 1287309776244.0, ""thstrm_add_amount"": null, ""amount_method"": ""instant_thstrm_amount"", ""selection_rule"": ""standard_id"", ""account_id"": ""ifrs_Equity"", ""account_nm"": ""자본총계"", ""sj_div"": ""BS""}, ""cfo"": {""cumulative"": -111970573975.0, ""thstrm_amount"": -111970573975.0, ""thstrm_add_amount"": null, ""amount_method"": ""cumulative_cf_thstrm_amount"", ""selection_rule"": ""standard_id"", ""account_id"": ""ifrs_CashFlowsFromUsedInOperatingActivities"", ""account_nm"": ""영업활동현금흐름"", ""sj_div"": ""CF""}, ""capex_ppe"": {""cumulative"": 3804703559.0, ""thstrm_amount"": [3804703559.0], ""thstrm_add_amount"": [null], ""amount_method"": ""sum_distinct_capex_rows"", ""selection_rule"": ""exact_label_sum"", ""account_id"": null, ""account_nm"": null, ""sj_div"": ""CF"", ""row_count"": 1, ""rows"": [{""account_id"": ""-표준계정코드 미사용-"", ""account_nm"": ""유형자산의 취득"", ""cumulative"": 3804703559.0, ""thstrm_amount"": 3804703559.0, ""thstrm_add_amount"": null, ""method"": ""cumulative_cf_thstrm_amount""}]}, ""capex_intangible"": {""cumulative"": 1455939435.0, ""thstrm_amount"": [1455939435.0], ""thstrm_add_amount"": [null], ""amount_method"": ""sum_distinct_capex_rows"", ""selection_rule"": ""exact_label_sum"", ""account_id"": null, ""account_nm"": null, ""sj_div"": ""CF"", ""row_count"": 1, ""rows"": [{""account_id"": ""-표준계정코드 미사용-"", ""account_nm"": ""무형자산의 취득"", ""cumulative"": 1455939435.0, ""thstrm_amount"": 1455939435.0, ""thstrm_add_amount"": null, ""method"": ""cumulative_cf_thstrm_amount""}]}}",NOT_ASSIGNED_ACCOUNTING_STAGE,annual_reference_2015_2020_accept,True
00102760,두산건설(주),2016,Q3,11014,CFS,CFS,True,True,ok,28640474391.0,2346327763.0,,,1262589275607.0,-187520394505.0,-75549820530.0,5192292069.0,1387588510.0,1656433655.0,200494220.0,1588082730.0,-77137903260.0,cumulative_difference,missing_predecessor_or_basis_change,cumulative_difference,"{""operating_profit"": {""cumulative"": 28640474391.0, ""thstrm_amount"": 2346327763.0, ""thstrm_add_amount"": 28640474391.0, ""amount_method"": ""cumulative_thstrm_add_amount"", ""selection_rule"": ""standard_id"", ""account_id"": ""dart_OperatingIncomeLoss"", ""account_nm"": ""영업이익(손실)"", ""sj_div"": ""IS""}, ""net_income"": {""cumulative"": null, ""thstrm_amount"": null, ""thstrm_add_amount"": null, ""amount_method"": ""missing"", ""selection_rule"": ""ambiguous_standard_id"", ""account_id"": null, ""account_nm"": null, ""sj_div"": null}, ""equity"": {""cumulative"": 1262589275607.0, ""thstrm_amount"": 1262589275607.0, ""thstrm_add_amount"": null, ""amount_method"": ""instant_thstrm_amount"", ""selection_rule"": ""standard_id"", ""account_id"": ""ifrs_Equity"", ""account_nm"": ""자본총계"", ""sj_div"": ""BS""}, ""cfo"": {""cumulative"": -187520394505.0, ""thstrm_amount"": -187520394505.0, ""thstrm_add_amount"": null, ""amount_method"": ""cumulative_cf_thstrm_amount"", ""selection_rule"": ""standard_id"", ""account_id"": ""ifrs_CashFlowsFromUsedInOperatingActivities"", ""account_nm"": ""영업활동현금흐름"", ""sj_div"": ""CF""}, ""capex_ppe"": {""cumulative"": 5192292069.0, ""thstrm_amount"": [5192292069.0], ""thstrm_add_amount"": [null], ""amount_method"": ""sum_distinct_capex_rows"", ""selection_rule"": ""exact_label_sum"", ""account_id"": null, ""account_nm"": null, ""sj_div"": ""CF"", ""row_count"": 1, ""rows"": [{""account_id"": ""-표준계정코드 미사용-"", ""account_nm"": ""유형자산의 취득"", ""cumulative"": 5192292069.0, ""thstrm_amount"": 5192292069.0, ""thstrm_add_amount"": null, ""method"": ""cumulative_cf_thstrm_amount""}]}, ""capex_intangible"": {""cumulative"": 1656433655.0, ""thstrm_amount"": [1656433655.0], ""thstrm_add_amount"": [null], ""amount_method"": ""sum_distinct_capex_rows"", ""selection_rule"": ""exact_label_sum"", ""account_id"": null, ""account_nm"": null, ""sj_div"": ""CF"", ""row_count"": 1, ""rows"": [{""account_id"": ""-표준계정코드 미사용-"", ""account_nm"": ""무형자산의 취득"", ""cumulative"": 1656433655.0, ""thstrm_amount"": 1656433655.0, ""thstrm_add_amount"": null, ""method"": ""cumulative_cf_thstrm_amount""}]}}",NOT_ASSIGNED_ACCOUNTING_STAGE,annual_reference_2015_2020_accept,True
00102858,고려아연(주),2016,Q1,11013,CFS,CFS,True,True,ok,187259258022.0,187259258022.0,147040329464.0,147040329464.0,5199221039953.0,257434456855.0,257434456855.0,33207589972.0,33207589972.0,2208800000.0,2208800000.0,35416389972.0,222018066883.0,direct_q1,direct_q1,direct_q1,"{""operating_profit"": {""cumulative"": 187259258022.0, ""thstrm_amount"": 187259258022.0, ""thstrm_add_amount"": 187259258022.0, ""amount_method"": ""q1_thstrm_amount"", ""selection_rule"": ""standard_id"", ""account_id"": ""dart_OperatingIncomeLoss"", ""account_nm"": ""영업이익"", ""sj_div"": ""CIS""}, ""net_income"": {""cumulative"": 147040329464.0, ""thstrm_amount"": 147040329464.0, ""thstrm_add_amount"": 147040329464.0, ""amount_method"": ""q1_thstrm_amount"", ""selection_rule"": ""standard_id"", ""account_id"": ""ifrs_ProfitLoss"", ""account_nm"": ""당기순이익"", ""sj_div"": ""CIS""}, ""equity"": {""cumulative"": 5199221039953.0, ""thstrm_amount"": 5199221039953.0, ""thstrm_add_amount"": null, ""amount_method"": ""instant_thstrm_amount"", ""selection_rule"": ""standard_id"", ""account_id"": ""ifrs_Equity"", ""account_nm"": ""자본총계"", ""sj_div"": ""BS""}, ""cfo"": {""cumulative"": 257434456855.0, ""thstrm_amount"": 257434456855.0, ""thstrm_add_amount"": null, ""amount_method"": ""q1_thstrm_amount"", ""selection_rule"": ""standard_id"", ""account_id"": ""ifrs_CashFlowsFromUsedInOperatingActivities"", ""account_nm"": ""영업활동현금흐름"", ""sj_div"": ""CF""}, ""capex_ppe"": {""cumulative"": 33207589972.0, ""thstrm_amount"": [33207589972.0], ""thstrm_add_amount"": [null], ""amount_method"": ""sum_distinct_capex_rows"", ""selection_rule"": ""standard_id_sum"", ""account_id"": null, ""account_nm"": null, ""sj_div"": ""CF"", ""row_count"": 1, ""rows"": [{""account_id"": ""ifrs_PurchaseOfPropertyPlantAndEquipmentClassifiedAsInvestingActivities"", ""account_nm"": ""유형자산의 취득"", ""cumulative"": 33207589972.0, ""thstrm_amount"": 33207589972.0, ""thstrm_add_amount"": null, ""method"": ""q1_thstrm_amount""}]}, ""capex_intangible"": {""cumulative"": 2208800000.0, ""thstrm_amount"": [2208800000.0], ""thstrm_add_amount"": [null], ""amount_method"": ""sum_distinct_capex_rows"", ""selection_rule"": ""standard_id_sum"", ""account_id"": null, ""account_nm"": null, ""sj_div"": ""CF"", ""row_count"": 1, ""rows"": [{""account_id"": ""ifrs_PurchaseOfIntangibleAssetsClassifiedAsInvestingActivities"", ""account_nm"": ""무형자산의 취득"", ""cumulative"": 2208800000.0, ""thstrm_amount"": 2208800000.0, ""thstrm_add_amount"": null, ""method"": ""q1_thstrm_amount""}]}}",NOT_ASSIGNED_ACCOUNTING_STAGE,annual_reference_2015_2020_accept,True
00102858,고려아연(주),2016,Q2,11012,CFS,CFS,True,True,ok,367423337884.0,180164079862.0,284398860883.0,137358531419.0,5331977325784.0,405087644448.0,147653187593.0,73537438989.0,40329849017.0,2269204600.0,60404600.0,40390253617.0,107262933976.0,cumulative_difference,cumulative_difference,cumulative_difference,"{""operating_profit"": {""cumulative"": 367423337884.0, ""thstrm_amount"": 180164079862.0, ""thstrm_add_amount"": 367423337884.0, ""amount_method"": ""cumulative_thstrm_add_amount"", ""selection_rule"": ""standard_id"", ""account_id"": ""dart_OperatingIncomeLoss"", ""account_nm"": ""영업이익"", ""sj_div"": ""CIS""}, ""net_income"": {""cumulative"": 284398860883.0, ""thstrm_amount"": 137358531419.0, ""thstrm_add_amount"": 284398860883.0, ""amount_method"": ""cumulative_thstrm_add_amount"", ""selection_rule"": ""standard_id"", ""account_id"": ""ifrs_ProfitLoss"", ""account_nm"": ""당기순이익"", ""sj_div"": ""CIS""}, ""equity"": {""cumulative"": 5331977325784.0, ""thstrm_amount"": 5331977325784.0, ""thstrm_add_amount"": null, ""amount_method"": ""instant_thstrm_amount"", ""selection_rule"": ""standard_id"", ""account_id"": ""ifrs_Equity"", ""account_nm"": ""자본총계"", ""sj_div"": ""BS""}, ""cfo"": {""cumulative"": 405087644448.0, ""thstrm_amount"": 405087644448.0, ""thstrm_add_amount"": null, ""amount_method"": ""cumulative_cf_thstrm_amount"", ""selection_rule"": ""standard_id"", ""account_id"": ""ifrs_CashFlowsFromUsedInOperatingActivities"", ""account_nm"": ""영업활동현금흐름"", ""sj_div"": ""CF""}, ""capex_ppe"": {""cumulative"": 73537438989.0, ""thstrm_amount"": [73537438989.0], ""thstrm_add_amount"": [null], ""amount_method"": ""sum_distinct_capex_rows"", ""selection_rule"": ""standard_id_sum"", ""account_id"": null, ""account_nm"": null, ""sj_div"": ""CF"", ""row_count"": 1, ""rows"": [{""account_id"": ""ifrs_PurchaseOfPropertyPlantAndEquipmentClassifiedAsInvestingActivities"", ""account_nm"": ""유형자산의 취득"", ""cumulative"": 73537438989.0, ""thstrm_amount"": 73537438989.0, ""thstrm_add_amount"": null, ""method"": ""cumulative_cf_thstrm_amount""}]}, ""capex_intangible"": {""cumulative"": 2269204600.0, ""thstrm_amount"": [2269204600.0], ""thstrm_add_amount"": [null], ""amount_method"": ""sum_distinct_capex_rows"", ""selection_rule"": ""standard_id_sum"", ""account_id"": null, ""account_nm"": null, ""sj_div"": ""CF"", ""row_count"": 1, ""rows"": [{""account_id"": ""ifrs_PurchaseOfIntangibleAssetsClassifiedAsInvestingActivities"", ""account_nm"": ""무형자산의 취득"", ""cumulative"": 2269204600.0, ""thstrm_amount"": 2269204600.0, ""thstrm_add_amount"": null, ""method"": ""cumulative_cf_thstrm_amount""}]}}",NOT_ASSIGNED_ACCOUNTING_STAGE,annual_reference_2015_2020_accept,True
00102858,고려아연(주),2016,Q3,11014,CFS,CFS,True,True,ok,528260915007.0,160837577123.0,415036591311.0,130637730428.0,5439998264479.0,528742617518.0,123654973070.0,126394973605.0,52857534616.0,2269204600.0,0.0,52857534616.0,70797438454.0,cumulative_difference,cumulative_difference,cumulative_difference,"{""operating_profit"": {""cumulative"": 528260915007.0, ""thstrm_amount"": 162134214730.0, ""thstrm_add_amount"": 528260915007.0, ""amount_method"": ""cumulative_thstrm_add_amount"", ""selection_rule"": ""standard_id"", ""account_id"": ""dart_OperatingIncomeLoss"", ""account_nm"": ""영업이익"", ""sj_div"": ""CIS""}, ""net_income"": {""cumulative"": 415036591311.0, ""thstrm_amount"": 130637730428.0, ""thstrm_add_amount"": 415036591311.0, ""amount_method"": ""cumulative_thstrm_add_amount"", ""selection_rule"": ""standard_id"", ""account_id"": ""ifrs_ProfitLoss"", ""account_nm"": ""당기순이익"", ""sj_div"": ""CIS""}, ""equity"": {""cumulative"": 5439998264479.0, ""thstrm_amount"": 5439998264479.0, ""thstrm_add_amount"": null, ""amount_method"": ""instant_thstrm_amount"", ""selection_rule"": ""standard_id"", ""account_id"": ""ifrs_Equity"", ""account_nm"": ""자본총계"", ""sj_div"": ""BS""}, ""cfo"": {""cumulative"": 528742617518.0, ""thstrm_amount"": 528742617518.0, ""thstrm_add_amount"": null, ""amount_method"": ""cumulative_cf_thstrm_amount"", ""selection_rule"": ""standard_id"", ""account_id"": ""ifrs_CashFlowsFromUsedInOperatingActivities"", ""account_nm"": ""영업활동현금흐름"", ""sj_div"": ""CF""}, ""capex_ppe"": {""cumulative"": 126394973605.0, ""thstrm_amount"": [126394973605.0], ""thstrm_add_amount"": [null], ""amount_method"": ""sum_distinct_capex_rows"", ""selection_rule"": ""standard_id_sum"", ""account_id"": null, ""account_nm"": null, ""sj_div"": ""CF"", ""row_count"": 1, ""rows"": [{""account_id"": ""ifrs_PurchaseOfPropertyPlantAndEquipmentClassifiedAsInvestingActivities"", ""account_nm"": ""유형자산의 취득"", ""cumulative"": 126394973605.0, ""thstrm_amount"": 126394973605.0, ""thstrm_add_amount"": null, ""method"": ""cumulative_cf_thstrm_amount""}]}, ""capex_intangible"": {""cumulative"": 2269204600.0, ""thstrm_amount"": [2269204600.0], ""thstrm_add_amount"": [null], ""amount_method"": ""sum_distinct_capex_rows"", ""selection_rule"": ""standard_id_sum"", ""account_id"": null, ""account_nm"": null, ""sj_div"": ""CF"", ""row_count"": 1, ""rows"": [{""account_id"": ""ifrs_PurchaseOfIntangibleAssetsClassifiedAsInvestingActivities"", ""account_nm"": ""무형자산의 취득"", ""cumulative"": 2269204600.0, ""thstrm_amount"": 2269204600.0, ""thstrm_add_amount"": null, ""method"": ""cumulative_cf_thstrm_amount""}]}}",NOT_ASSIGNED_ACCOUNTING_STAGE,annual_reference_2015_2020_accept,True
00103006,고려제강,2016,Q1,11013,CFS,CFS,True,True,ok,9181373558.0,9181373558.0,7503481353.0,7503481353.0,1493111384711.0,17010075825.0,17010075825.0,44524148812.0,44524148812.0,439324781.0,439324781.0,44963473593.0,-27953397768.0,direct_q1,direct_q1,direct_q1,"{""operating_profit"": {""cumulative"": 9181373558.0, ""thstrm_amount"": 9181373558.0, ""thstrm_add_amount"": 9181373558.0, ""amount_method"": ""q1_thstrm_amount"", ""selection_rule"": ""standard_id"", ""account_id"": ""dart_OperatingIncomeLoss"", ""account_nm"": ""영업이익(손실)"", ""sj_div"": ""CIS""}, ""net_income"": {""cumulative"": 7503481353.0, ""thstrm_amount"": 7503481353.0, ""thstrm_add_amount"": 7503481353.0, ""amount_method"": ""q1_thstrm_amount"", ""selection_rule"": ""standard_id"", ""account_id"": ""ifrs_ProfitLoss"", ""account_nm"": ""당기순이익"", ""sj_div"": ""CIS""}, ""equity"": {""cumulative"": 1493111384711.0, ""thstrm_amount"": 1493111384711.0, ""thstrm_add_amount"": null, ""amount_method"": ""instant_thstrm_amount"", ""selection_rule"": ""standard_id"", ""account_id"": ""ifrs_Equity"", ""account_nm"": ""자본총계"", ""sj_div"": ""BS""}, ""cfo"": {""cumulative"": 17010075825.0, ""thstrm_amount"": 17010075825.0, ""thstrm_add_amount"": null, ""amount_method"": ""q1_thstrm_amount"", ""selection_rule"": ""standard_id"", ""account_id"": ""ifrs_CashFlowsFromUsedInOperatingActivities"", ""account_nm"": ""영업활동현금흐름"", ""sj_div"": ""CF""}, ""capex_ppe"": {""cumulative"": 44524148812.0, ""thstrm_amount"": [44524148812.0], ""thstrm_add_amount"": [null], ""amount_method"": ""sum_distinct_capex_rows"", ""selection_rule"": ""exact_label_sum"", ""account_id"": null, ""account_nm"": null, ""sj_div"": ""CF"", ""row_count"": 1, ""rows"": [{""account_id"": ""-표준계정코드 미사용-"", ""account_nm"": ""유형자산의 취득"", ""cumulative"": 44524148812.0, ""thstrm_amount"": 44524148812.0, ""thstrm_add_amount"": null, ""method"": ""q1_thstrm_amount""}]}, ""capex_intangible"": {""cumulative"": 439324781.0, ""thstrm_amount"": [439324781.0], ""thstrm_add_amount"": [null], ""amount_method"": ""sum_distinct_capex_rows"", ""selection_rule"": ""exact_label_sum"", ""account_id"": null, ""account_nm"": null, ""sj_div"": ""CF"", ""row_count"": 1, ""rows"": [{""account_id"": ""-표준계정코드 미사용-"", ""account_nm"": ""무형자산의 취득"", ""cumulative"": 439324781.0, ""thstrm_amount"": 439324781.0, ""thstrm_add_amount"": null, ""method"": ""q1_thstrm_amount""}]}}",NOT_ASSIGNED_ACCOUNTING_STAGE,annual_reference_2015_2020_accept,True
00103006,고려제강,2016,Q2,11012,CFS,CFS,True,True,ok,19982931628.0,10801558070.0,14885110652.0,7381629299.0,1493184809764.0,87633920996.0,70623845171.0,87246613803.0,42722464991.0,7271463727.0,6832138946.0,49554603937.0,21069241234.0,cumulative_difference,cumulative_difference,cumulative_difference,"{""operating_profit"": {""cumulative"": 19982931628.0, ""thstrm_amount"": 10801558070.0, ""thstrm_add_amount"": 19982931628.0, ""amount_method"": ""cumulative_thstrm_add_amount"", ""selection_rule"": ""standard_id"", ""account_id"": ""dart_OperatingIncomeLoss"", ""account_nm"": ""영업이익(손실)"", ""sj_div"": ""CIS""}, ""net_income"": {""cumulative"": 14885110652.0, ""thstrm_amount"": 7381629299.0, ""thstrm_add_amount"": 14885110652.0, ""amount_method"": ""cumulative_thstrm_add_amount"", ""selection_rule"": ""standard_id"", ""account_id"": ""ifrs_ProfitLoss"", ""account_nm"": ""당기순이익"", ""sj_div"": ""CIS""}, ""equity"": {""cumulative"": 1493184809764.0, ""thstrm_amount"": 1493184809764.0, ""thstrm_add_amount"": null, ""amount_method"": ""instant_thstrm_amount"", ""selection_rule"": ""standard_id"", ""account_id"": ""ifrs_Equity"", ""account_nm"": ""자본총계"", ""sj_div"": ""BS""}, ""cfo"": {""cumulative"": 87633920996.0, ""thstrm_amount"": 87633920996.0, ""thstrm_add_amount"": null, ""amount_method"": ""cumulative_cf_thstrm_amount"", ""selection_rule"": ""standard_id"", ""account_id"": ""ifrs_CashFlowsFromUsedInOperatingActivities"", ""account_nm"": ""영업활동현금흐름"", ""sj_div"": ""CF""}, ""capex_ppe"": {""cumulative"": 87246613803.0, ""thstrm_amount"": [87246613803.0], ""thstrm_add_amount"": [null], ""amount_method"": ""sum_distinct_capex_rows"", ""selection_rule"": ""exact_label_sum"", ""account_id"": null, ""account_nm"": null, ""sj_div"": ""CF"", ""row_count"": 1, ""rows"": [{""account_id"": ""-표준계정코드 미사용-"", ""account_nm"": ""유형자산의 취득"", ""cumulative"": 87246613803.0, ""thstrm_amount"": 87246613803.0, ""thstrm_add_amount"": null, ""method"": ""cumulative_cf_thstrm_amount""}]}, ""capex_intangible"": {""cumulative"": 7271463727.0, ""thstrm_amount"": [7271463727.0], ""thstrm_add_amount"": [null], ""amount_method"": ""sum_distinct_capex_rows"", ""selection_rule"": ""exact_label_sum"", ""account_id"": null, ""account_nm"": null, ""sj_div"": ""CF"", ""row_count"": 1, ""rows"": [{""account_id"": ""-표준계정코드 미사용-"", ""account_nm"": ""무형자산의 취득"", ""cumulative"": 7271463727.0, ""thstrm_amount"": 7271463727.0, ""thstrm_add_amount"": null, ""method"": ""cumulative_cf_thstrm_amount""}]}}",NOT_ASSIGNED_ACCOUNTING_STAGE,annual_reference_2015_2020_accept,True
00103006,고려제강,2016,Q3,11014,CFS,CFS,True,True,ok,31743168752.0,11760237124.0,30580668980.0,15695558328.0,1464485960655.0,109917323622.0,22283402626.0,127641839804.0,40395226001.0,7850810984.0,579347257.0,40974573258.0,-18691170632.0,cumulative_difference,cumulative_difference,cumulative_difference,"{""operating_profit"": {""cumulative"": 31743168752.0, ""thstrm_amount"": 11760237124.0, ""thstrm_add_amount"": 31743168752.0, ""amount_method"": ""cumulative_thstrm_add_amount"", ""selection_rule"": ""standard_id"", ""account_id"": ""dart_OperatingIncomeLoss"", ""account_nm"": ""영업이익(손실)"", ""sj_div"": ""CIS""}, ""net_income"": {""cumulative"": 30580668980.0, ""thstrm_amount"": 15695558328.0, ""thstrm_add_amount"": 30580668980.0, ""amount_method"": ""cumulative_thstrm_add_amount"", ""selection_rule"": ""standard_id"", ""account_id"": ""ifrs_ProfitLoss"", ""account_nm"": ""분기순이익"", ""sj_div"": ""CIS""}, ""equity"": {""cumulative"": 1464485960655.0, ""thstrm_amount"": 1464485960655.0, ""thstrm_add_amount"": null, ""amount_method"": ""instant_thstrm_amount"", ""selection_rule"": ""standard_id"", ""account_id"": ""ifrs_Equity"", ""account_nm"": ""자본총계"", ""sj_div"": ""BS""}, ""cfo"": {""cumulative"": 109917323622.0, ""thstrm_amount"": 109917323622.0, ""thstrm_add_amount"": null, ""amount_method"": ""cumulative_cf_thstrm_amount"", ""selection_rule"": ""standard_id"", ""account_id"": ""ifrs_CashFlowsFromUsedInOperatingActivities"", ""account_nm"": ""영업활동현금흐름"", ""sj_div"": ""CF""}, ""capex_ppe"": {""cumulative"": 127641839804.0, ""thstrm_amount"": [127641839804.0], ""thstrm_add_amount"": [null], ""amount_method"": ""sum_distinct_capex_rows"", ""selection_rule"": ""exact_label_sum"", ""account_id"": null, ""account_nm"": null, ""sj_div"": ""CF"", ""row_count"": 1, ""rows"": [{""account_id"": ""-표준계정코드 미사용-"", ""account_nm"": ""유형자산의 취득"", ""cumulative"": 127641839804.0, ""thstrm_amount"": 127641839804.0, ""thstrm_add_amount"": null, ""method"": ""cumulative_cf_thstrm_amount""}]}, ""capex_intangible"": {""cumulative"": 7850810984.0, ""thstrm_amount"": [7850810984.0], ""thstrm_add_amount"": [null], ""amount_method"": ""sum_distinct_capex_rows"", ""selection_rule"": ""exact_label_sum"", ""account_id"": null, ""account_nm"": null, ""sj_div"": ""CF"", ""row_count"": 1, ""rows"": [{""account_id"": ""-표준계정코드 미사용-"", ""account_nm"": ""무형자산의 취득"", ""cumulative"": 7850810984.0, ""thstrm_amount"": 7850810984.0, ""thstrm_add_amount"": null, ""method"": ""cumulative_cf_thstrm_amount""}]}}",NOT_ASSIGNED_ACCOUNTING_STAGE,annual_reference_2015_2020_accept,True
00103042,(주)케이씨티시,2016,Q1,11013,CFS,CFS,True,True,ok,3179633533.0,3179633533.0,2649085652.0,2649085652.0,173670579625.0,-787023620.0,-787023620.0,2089284740.0,2089284740.0,47054310.0,47054310.0,2136339050.0,-2923362670.0,direct_q1,direct_q1,direct_q1,"{""operating_profit"": {""cumulative"": 3179633533.0, ""thstrm_amount"": 3179633533.0, ""thstrm_add_amount"": 3179633533.0, ""amount_method"": ""q1_thstrm_amount"", ""selection_rule"": ""standard_id"", ""account_id"": ""dart_OperatingIncomeLoss"", ""account_nm"": ""영업이익(손실)"", ""sj_div"": ""CIS""}, ""net_income"": {""cumulative"": 2649085652.0, ""thstrm_amount"": 2649085652.0, ""thstrm_add_amount"": 2649085652.0, ""amount_method"": ""q1_thstrm_amount"", ""selection_rule"": ""standard_id"", ""account_id"": ""ifrs_ProfitLoss"", ""account_nm"": ""당기순이익(손실)"", ""sj_div"": ""CIS""}, ""equity"": {""cumulative"": 173670579625.0, ""thstrm_amount"": 173670579625.0, ""thstrm_add_amount"": null, ""amount_method"": ""instant_thstrm_amount"", ""selection_rule"": ""standard_id"", ""account_id"": ""ifrs_Equity"", ""account_nm"": ""자본총계"", ""sj_div"": ""BS""}, ""cfo"": {""cumulative"": -787023620.0, ""thstrm_amount"": -787023620.0, ""thstrm_add_amount"": null, ""amount_method"": ""q1_thstrm_amount"", ""selection_rule"": ""standard_id"", ""account_id"": ""ifrs_CashFlowsFromUsedInOperatingActivities"", ""account_nm"": ""영업활동현금흐름"", ""sj_div"": ""CF""}, ""capex_ppe"": {""cumulative"": 2089284740.0, ""thstrm_amount"": [2089284740.0], ""thstrm_add_amount"": [null], ""amount_method"": ""sum_distinct_capex_rows"", ""selection_rule"": ""standard_id_sum"", ""account_id"": null, ""account_nm"": null, ""sj_div"": ""CF"", ""row_count"": 1, ""rows"": [{""account_id"": ""ifrs_PurchaseOfPropertyPlantAndEquipmentClassifiedAsInvestingActivities"", ""account_nm"": ""유형자산의 취득"", ""cumulative"": 2089284740.0, ""thstrm_amount"": 2089284740.0, ""thstrm_add_amount"": null, ""method"": ""q1_thstrm_amount""}]}, ""capex_intangible"": {""cumulative"": 47054310.0, ""thstrm_amount"": [47054310.0], ""thstrm_add_amount"": [null], ""amount_method"": ""sum_distinct_capex_rows"", ""selection_rule"": ""standard_id_sum"", ""account_id"": null, ""account_nm"": null, ""sj_div"": ""CF"", ""row_count"": 1, ""rows"": [{""account_id"": ""ifrs_PurchaseOfIntangibleAssetsClassifiedAsInvestingActivities"", ""account_nm"": ""무형자산의 취득"", ""cumulative"": 47054310.0, ""thstrm_amount"": 47054310.0, ""thstrm_add_amount"": null, ""method"": ""q1_thstrm_amount""}]}}",NOT_ASSIGNED_ACCOUNTING_STAGE,annual_reference_2015_2020_accept,True
00103042,(주)케이씨티시,2016,Q2,11012,CFS,CFS,True,True,ok,8567175177.0,5387541644.0,6758976762.0,4109891110.0,177631196000.0,7152634735.0,7939658355.0,4953539663.0,2864254923.0,47394310.0,340000.0,2864594923.0,5075063432.0,cumulative_difference,cumulative_difference,cumulative_difference,"{""operating_profit"": {""cumulative"": 8567175177.0, ""thstrm_amount"": 5387541644.0, ""thstrm_add_amount"": 8567175177.0, ""amount_method"": ""cumulative_thstrm_add_amount"", ""selection_rule"": ""standard_id"", ""account_id"": ""dart_OperatingIncomeLoss"", ""account_nm"": ""영업이익(손실)"", ""sj_div"": ""CIS""}, ""net_income"": {""cumulative"": 6758976762.0, ""thstrm_amount"": 4109891110.0, ""thstrm_add_amount"": 6758976762.0, ""amount_method"": ""cumulative_thstrm_add_amount"", ""selection_rule"": ""standard_id"", ""account_id"": ""ifrs_ProfitLoss"", ""account_nm"": ""당기순이익(손실)"", ""sj_div"": ""CIS""}, ""equity"": {""cumulative"": 177631196000.0, ""thstrm_amount"": 177631196000.0, ""thstrm_add_amount"": null, ""amount_method"": ""instant_thstrm_amount"", ""selection_rule"": ""standard_id"", ""account_id"": ""ifrs_Equity"", ""account_nm"": ""자본총계"", ""sj_div"": ""BS""}, ""cfo"": {""cumulative"": 7152634735.0, ""thstrm_amount"": 7152634735.0, ""thstrm_add_amount"": null, ""amount_method"": ""cumulative_cf_thstrm_amount"", ""selection_rule"": ""standard_id"", ""account_id"": ""ifrs_CashFlowsFromUsedInOperatingActivities"", ""account_nm"": ""영업활동현금흐름"", ""sj_div"": ""CF""}, ""capex_ppe"": {""cumulative"": 4953539663.0, ""thstrm_amount"": [4953539663.0], ""thstrm_add_amount"": [null], ""amount_method"": ""sum_distinct_capex_rows"", ""selection_rule"": ""standard_id_sum"", ""account_id"": null, ""account_nm"": null, ""sj_div"": ""CF"", ""row_count"": 1, ""rows"": [{""account_id"": ""ifrs_PurchaseOfPropertyPlantAndEquipmentClassifiedAsInvestingActivities"", ""account_nm"": ""유형자산의 취득"", ""cumulative"": 4953539663.0, ""thstrm_amount"": 4953539663.0, ""thstrm_add_amount"": null, ""method"": ""cumulative_cf_thstrm_amount""}]}, ""capex_intangible"": {""cumulative"": 47394310.0, ""thstrm_amount"": [47394310.0], ""thstrm_add_amount"": [null], ""amount_method"": ""sum_distinct_capex_rows"", ""selection_rule"": ""standard_id_sum"", ""account_id"": null, ""account_nm"": null, ""sj_div"": ""CF"", ""row_count"": 1, ""rows"": [{""account_id"": ""ifrs_PurchaseOfIntangibleAssetsClassifiedAsInvestingActivities"", ""account_nm"": ""무형자산의 취득"", ""cumulative"": 47394310.0, ""thstrm_amount"": 47394310.0, ""thstrm_add_amount"": null, ""method"": ""cumulative_cf_thstrm_amount""}]}}",NOT_ASSIGNED_ACCOUNTING_STAGE,annual_reference_2015_2020_accept,True
00103042,(주)케이씨티시,2016,Q3,11014,CFS,CFS,True,True,ok,11292527013.0,2725351836.0,6545694852.0,-213281910.0,177153955030.0,15631332865.0,8478698130.0,5110504206.0,156964543.0,47394310.0,0.0,156964543.0,8321733587.0,cumulative_difference,cumulative_difference,cumulative_difference,"{""operating_profit"": {""cumulative"": 11292527013.0, ""thstrm_amount"": 2725351836.0, ""thstrm_add_amount"": 11292527013.0, ""amount_method"": ""cumulative_thstrm_add_amount"", ""selection_rule"": ""standard_id"", ""account_id"": ""dart_OperatingIncomeLoss"", ""account_nm"": ""영업이익(손실)"", ""sj_div"": ""CIS""}, ""net_income"": {""cumulative"": 6545694852.0, ""thstrm_amount"": -213281910.0, ""thstrm_add_amount"": 6545694852.0, ""amount_method"": ""cumulative_thstrm_add_amount"", ""selection_rule"": ""standard_id"", ""account_id"": ""ifrs_ProfitLoss"", ""account_nm"": ""당기순이익(손실)"", ""sj_div"": ""CIS""}, ""equity"": {""cumulative"": 177153955030.0, ""thstrm_amount"": 177153955030.0, ""thstrm_add_amount"": null, ""amount_method"": ""instant_thstrm_amount"", ""selection_rule"": ""standard_id"", ""account_id"": ""ifrs_Equity"", ""account_nm"": ""자본총계"", ""sj_div"": ""BS""}, ""cfo"": {""cumulative"": 15631332865.0, ""thstrm_amount"": 15631332865.0, ""thstrm_add_amount"": null, ""amount_method"": ""cumulative_cf_thstrm_amount"", ""selection_rule"": ""standard_id"", ""account_id"": ""ifrs_CashFlowsFromUsedInOperatingActivities"", ""account_nm"": ""영업활동현금흐름"", ""sj_div"": ""CF""}, ""capex_ppe"": {""cumulative"": 5110504206.0, ""thstrm_amount"": [5110504206.0], ""thstrm_add_amount"": [null], ""amount_method"": ""sum_distinct_capex_rows"", ""selection_rule"": ""standard_id_sum"", ""account_id"": null, ""account_nm"": null, ""sj_div"": ""CF"", ""row_count"": 1, ""rows"": [{""account_id"": ""ifrs_PurchaseOfPropertyPlantAndEquipmentClassifiedAsInvestingActivities"", ""account_nm"": ""유형자산의 취득"", ""cumulative"": 5110504206.0, ""thstrm_amount"": 5110504206.0, ""thstrm_add_amount"": null, ""method"": ""cumulative_cf_thstrm_amount""}]}, ""capex_intangible"": {""cumulative"": 47394310.0, ""thstrm_amount"": [47394310.0], ""thstrm_add_amount"": [null], ""amount_method"": ""sum_distinct_capex_rows"", ""selection_rule"": ""standard_id_sum"", ""account_id"": null, ""account_nm"": null, ""sj_div"": ""CF"", ""row_count"": 1, ""rows"": [{""account_id"": ""ifrs_PurchaseOfIntangibleAssetsClassifiedAsInvestingActivities"", ""account_nm"": ""무형자산의 취득"", ""cumulative"": 47394310.0, ""thstrm_amount"": 47394310.0, ""thstrm_add_amount"": null, ""method"": ""cumulative_cf_thstrm_amount""}]}}",NOT_ASSIGNED_ACCOUNTING_STAGE,annual_reference_2015_2020_accept,True
00103510,인지컨트롤스(주),2016,Q1,11013,CFS,CFS,True,True,ok,5923875232.0,5923875232.0,4844177369.0,4844177369.0,204026139056.0,,,5263602802.0,5263602802.0,,,,,direct_q1,direct_q1,missing,"{""operating_profit"": {""cumulative"": 5923875232.0, ""thstrm_amount"": 5923875232.0, ""thstrm_add_amount"": 5923875232.0, ""amount_method"": ""q1_thstrm_amount"", ""selection_rule"": ""standard_id"", ""account_id"": ""dart_OperatingIncomeLoss"", ""account_nm"": ""영업이익"", ""sj_div"": ""CIS""}, ""net_income"": {""cumulative"": 4844177369.0, ""thstrm_amount"": 4844177369.0, ""thstrm_add_amount"": 4844177369.0, ""amount_method"": ""q1_thstrm_amount"", ""selection_rule"": ""standard_id"", ""account_id"": ""ifrs_ProfitLoss"", ""account_nm"": ""당기순이익(손실)"", ""sj_div"": ""CIS""}, ""equity"": {""cumulative"": 204026139056.0, ""thstrm_amount"": 204026139056.0, ""thstrm_add_amount"": null, ""amount_method"": ""instant_thstrm_amount"", ""selection_rule"": ""standard_id"", ""account_id"": ""ifrs_Equity"", ""account_nm"": ""자본총계"", ""sj_div"": ""BS""}, ""cfo"": {""cumulative"": null, ""thstrm_amount"": null, ""thstrm_add_amount"": null, ""amount_method"": ""missing"", ""selection_rule"": ""missing"", ""account_id"": null, ""account_nm"": null, ""sj_div"": null}, ""capex_ppe"": {""cumulative"": 5263602802.0, ""thstrm_amount"": [5263602802.0], ""thstrm_add_amount"": [null], ""amount_method"": ""sum_distinct_capex_rows"", ""selection_rule"": ""standard_id_sum"", ""account_id"": null, ""account_nm"": null, ""sj_div"": ""CF"", ""row_count"": 1, ""rows"": [{""account_id"": ""ifrs_PurchaseOfPropertyPlantAndEquipmentClassifiedAsInvestingActivities"", ""account_nm"": ""유형자산의 취득"", ""cumulative"": 5263602802.0, ""thstrm_amount"": 5263602802.0, ""thstrm_add_amount"": null, ""method"": ""q1_thstrm_amount""}]}, ""capex_intangible"": {""cumulative"": null, ""thstrm_amount"": [null], ""thstrm_add_amount"": [null], ""amount_method"": ""sum_distinct_capex_rows"", ""selection_rule"": ""standard_id_sum"", ""account_id"": null, ""account_nm"": null, ""sj_div"": ""CF"", ""row_count"": 1, ""rows"": [{""account_id"": ""ifrs_PurchaseOfIntangibleAssetsClassifiedAsInvestingActivities"", ""account_nm"": ""무형자산의 취득"", ""cumulative"": null, ""thstrm_amount"": null, ""thstrm_add_amount"": null, ""method"": ""missing""}]}}",NOT_ASSIGNED_ACCOUNTING_STAGE,annual_reference_2015_2020_accept,True
00103510,인지컨트롤스(주),2016,Q2,11012,CFS,CFS,True,True,ok,11723664664.0,5799789432.0,6571733592.0,1727556223.0,204228075710.0,,,13725683923.0,8462081121.0,306834833.0,,,,cumulative_difference,cumulative_difference,missing_predecessor_or_basis_change,"{""operating_profit"": {""cumulative"": 11723664664.0, ""thstrm_amount"": 5799789432.0, ""thstrm_add_amount"": 11723664664.0, ""amount_method"": ""cumulative_thstrm_add_amount"", ""selection_rule"": ""standard_id"", ""account_id"": ""dart_OperatingIncomeLoss"", ""account_nm"": ""영업이익"", ""sj_div"": ""CIS""}, ""net_income"": {""cumulative"": 6571733592.0, ""thstrm_amount"": 1851390421.0, ""thstrm_add_amount"": 6571733592.0, ""amount_method"": ""cumulative_thstrm_add_amount"", ""selection_rule"": ""standard_id"", ""account_id"": ""ifrs_ProfitLoss"", ""account_nm"": ""당기순이익(손실)"", ""sj_div"": ""CIS""}, ""equity"": {""cumulative"": 204228075710.0, ""thstrm_amount"": 204228075710.0, ""thstrm_add_amount"": null, ""amount_method"": ""instant_thstrm_amount"", ""selection_rule"": ""standard_id"", ""account_id"": ""ifrs_Equity"", ""account_nm"": ""자본총계"", ""sj_div"": ""BS""}, ""cfo"": {""cumulative"": null, ""thstrm_amount"": null, ""thstrm_add_amount"": null, ""amount_method"": ""missing"", ""selection_rule"": ""missing"", ""account_id"": null, ""account_nm"": null, ""sj_div"": null}, ""capex_ppe"": {""cumulative"": 13725683923.0, ""thstrm_amount"": [13725683923.0], ""thstrm_add_amount"": [null], ""amount_method"": ""sum_distinct_capex_rows"", ""selection_rule"": ""standard_id_sum"", ""account_id"": null, ""account_nm"": null, ""sj_div"": ""CF"", ""row_count"": 1, ""rows"": [{""account_id"": ""ifrs_PurchaseOfPropertyPlantAndEquipmentClassifiedAsInvestingActivities"", ""account_nm"": ""유형자산의 취득"", ""cumulative"": 13725683923.0, ""thstrm_amount"": 13725683923.0, ""thstrm_add_amount"": null, ""method"": ""cumulative_cf_thstrm_amount""}]}, ""capex_intangible"": {""cumulative"": 306834833.0, ""thstrm_amount"": [306834833.0], ""thstrm_add_amount"": [null], ""amount_method"": ""sum_distinct_capex_rows"", ""selection_rule"": ""standard_id_sum"", ""account_id"": null, ""account_nm"": null, ""sj_div"": ""CF"", ""row_count"": 1, ""rows"": [{""account_id"": ""ifrs_PurchaseOfIntangibleAssetsClassifiedAsInvestingActivities"", ""account_nm"": ""무형자산의 취득"", ""cumulative"": 306834833.0, ""thstrm_amount"": 306834833.0, ""thstrm_add_amount"": null, ""method"": ""cumulative_cf_thstrm_amount""}]}}",NOT_ASSIGNED_ACCOUNTING_STAGE,annual_reference_2015_2020_accept,True
00103510,인지컨트롤스(주),2016,Q3,11014,CFS,CFS,True,True,ok,15876832231.0,4153167567.0,8004445225.0,1432711633.0,201277900769.0,,,15848343087.0,2122659164.0,317726438.0,10891605.0,2133550769.0,,cumulative_difference,cumulative_difference,missing_predecessor_or_basis_change,"{""operating_profit"": {""cumulative"": 15876832231.0, ""thstrm_amount"": 4153167567.0, ""thstrm_add_amount"": 15876832231.0, ""amount_method"": ""cumulative_thstrm_add_amount"", ""selection_rule"": ""standard_id"", ""account_id"": ""dart_OperatingIncomeLoss"", ""account_nm"": ""영업이익"", ""sj_div"": ""CIS""}, ""net_income"": {""cumulative"": 8004445225.0, ""thstrm_amount"": 1432711633.0, ""thstrm_add_amount"": 8004445225.0, ""amount_method"": ""cumulative_thstrm_add_amount"", ""selection_rule"": ""standard_id"", ""account_id"": ""ifrs_ProfitLoss"", ""account_nm"": ""당기순이익(손실)"", ""sj_div"": ""CIS""}, ""equity"": {""cumulative"": 201277900769.0, ""thstrm_amount"": 201277900769.0, ""thstrm_add_amount"": null, ""amount_method"": ""instant_thstrm_amount"", ""selection_rule"": ""standard_id"", ""account_id"": ""ifrs_Equity"", ""account_nm"": ""자본총계"", ""sj_div"": ""BS""}, ""cfo"": {""cumulative"": null, ""thstrm_amount"": null, ""thstrm_add_amount"": null, ""amount_method"": ""missing"", ""selection_rule"": ""missing"", ""account_id"": null, ""account_nm"": null, ""sj_div"": null}, ""capex_ppe"": {""cumulative"": 15848343087.0, ""thstrm_amount"": [15848343087.0], ""thstrm_add_amount"": [null], ""amount_method"": ""sum_distinct_capex_rows"", ""selection_rule"": ""standard_id_sum"", ""account_id"": null, ""account_nm"": null, ""sj_div"": ""CF"", ""row_count"": 1, ""rows"": [{""account_id"": ""ifrs_PurchaseOfPropertyPlantAndEquipmentClassifiedAsInvestingActivities"", ""account_nm"": ""유형자산의 취득"", ""cumulative"": 15848343087.0, ""thstrm_amount"": 15848343087.0, ""thstrm_add_amount"": null, ""method"": ""cumulative_cf_thstrm_amount""}]}, ""capex_intangible"": {""cumulative"": 317726438.0, ""thstrm_amount"": [317726438.0], ""thstrm_add_amount"": [null], ""amount_method"": ""sum_distinct_capex_rows"", ""selection_rule"": ""standard_id_sum"", ""account_id"": null, ""account_nm"": null, ""sj_div"": ""CF"", ""row_count"": 1, ""rows"": [{""account_id"": ""ifrs_PurchaseOfIntangibleAssetsClassifiedAsInvestingActivities"", ""account_nm"": ""무형자산의 취득"", ""cumulative"": 317726438.0, ""thstrm_amount"": 317726438.0, ""thstrm_add_amount"": null, ""method"": ""cumulative_cf_thstrm_amount""}]}}",NOT_ASSIGNED_ACCOUNTING_STAGE,annual_reference_2015_2020_accept,True
