stock_code,corp_code,corp_name,year,period,reprt_code,fs_div_requested,fs_div_returned,sj_div,sj_nm,account_id,account_nm,account_classes,thstrm_nm,thstrm_amount,thstrm_add_amount,frmtrm_nm,frmtrm_amount,frmtrm_add_amount,ord,currency
005930,00126380,삼성전자,2015,FY,11011,CFS,,BS,재무상태표,ifrs_InvestmentAccountedForUsingEquityMethod,관계기업 및 공동기업 투자,equity,제 47 기,5276348000000,,제 46 기,5232461000000,,84,KRW
005930,00126380,삼성전자,2015,FY,11011,CFS,,BS,재무상태표,ifrs_EquityAttributableToOwnersOfParent,지배기업 소유주지분,equity,제 47 기,172876767000000,,제 46 기,162181725000000,,239,KRW
005930,00126380,삼성전자,2015,FY,11011,CFS,,BS,재무상태표,dart_ElementsOfOtherStockholdersEquity,기타자본항목,equity,제 47 기,-17580451000000,,제 46 기,-12729387000000,,248,KRW
005930,00126380,삼성전자,2015,FY,11011,CFS,,BS,재무상태표,ifrs_Equity,자본총계,equity,제 47 기,179059805000000,,제 46 기,168088188000000,,255,KRW
005930,00126380,삼성전자,2015,FY,11011,CFS,,BS,재무상태표,ifrs_EquityAndLiabilities,자본과부채총계,equity,제 47 기,242179521000000,,제 46 기,230422958000000,,256,KRW
005930,00126380,삼성전자,2015,FY,11011,CFS,,IS,손익계산서,dart_OperatingIncomeLoss,영업이익(손실),operating_profit,제 47 기,26413442000000,,제 46 기,25025071000000,,42,KRW
005930,00126380,삼성전자,2015,FY,11011,CFS,,IS,손익계산서,ifrs_ShareOfProfitLossOfAssociatesAndJointVenturesAccountedForUsingEquityMethod,지분법이익,net_income|equity,제 47 기,1101932000000,,제 46 기,342516000000,,72,KRW
005930,00126380,삼성전자,2015,FY,11011,CFS,,IS,손익계산서,ifrs_ProfitLossBeforeTax,법인세비용차감전순이익(손실),net_income,제 47 기,25960995000000,,제 46 기,27875034000000,,83,KRW
005930,00126380,삼성전자,2015,FY,11011,CFS,,IS,손익계산서,ifrs_ProfitLossFromContinuingOperations,계속영업이익(손실),operating_profit|net_income,제 47 기,19060144000000,,제 46 기,23394358000000,,85,KRW
005930,00126380,삼성전자,2015,FY,11011,CFS,,IS,손익계산서,ifrs_ProfitLoss,당기순이익(손실),net_income,제 47 기,19060144000000,,제 46 기,23394358000000,,87,KRW
005930,00126380,삼성전자,2015,FY,11011,CFS,,IS,손익계산서,ifrs_ProfitLossAttributableToOwnersOfParent,지배기업의 소유주에게 귀속되는 당기순이익(손실),net_income,제 47 기,18694628000000,,제 46 기,23082499000000,,89,KRW
005930,00126380,삼성전자,2015,FY,11011,CFS,,IS,손익계산서,ifrs_ProfitLossAttributableToNoncontrollingInterests,비지배지분에 귀속되는 당기순이익(손실),net_income,제 47 기,365516000000,,제 46 기,311859000000,,90,KRW
005930,00126380,삼성전자,2015,FY,11011,CFS,,CIS,포괄손익계산서,ifrs_ProfitLoss,당기순이익(손실),net_income,제 47 기,19060144000000,,제 46 기,23394358000000,,0,KRW
005930,00126380,삼성전자,2015,FY,11011,CFS,,CF,현금흐름표,ifrs_CashFlowsFromUsedInOperatingActivities,영업활동 현금흐름,cfo,제 47 기,40061761000000,,제 46 기,36975389000000,,0,KRW
005930,00126380,삼성전자,2015,FY,11011,CFS,,CF,현금흐름표,-표준계정코드 미사용-,당기순이익,net_income,제 47 기,19060144000000,,제 46 기,23394358000000,,3,KRW
005930,00126380,삼성전자,2015,FY,11011,CFS,,CF,현금흐름표,ifrs_PurchaseOfPropertyPlantAndEquipmentClassifiedAsInvestingActivities,유형자산의 취득,capex,제 47 기,25880222000000,,제 46 기,22042943000000,,172,KRW
005930,00126380,삼성전자,2015,FY,11011,CFS,,CF,현금흐름표,ifrs_PurchaseOfIntangibleAssetsClassifiedAsInvestingActivities,무형자산의 취득,capex,제 47 기,1501881000000,,제 46 기,1324307000000,,174,KRW
005930,00126380,삼성전자,2015,FY,11011,CFS,,SCE,자본변동표,dart_EquityAtBeginningOfPeriod,기초자본,equity,제 47 기,168088188000000,,제 46 기,150016010000000,,1,KRW
005930,00126380,삼성전자,2015,FY,11011,CFS,,SCE,자본변동표,dart_EquityAtBeginningOfPeriod,기초자본,equity,제 47 기,5906463000000,,제 46 기,5573394000000,,1,KRW
005930,00126380,삼성전자,2015,FY,11011,CFS,,SCE,자본변동표,dart_EquityAtBeginningOfPeriod,기초자본,equity,제 47 기,162181725000000,,제 46 기,144442616000000,,1,KRW
005930,00126380,삼성전자,2015,FY,11011,CFS,,SCE,자본변동표,dart_EquityAtBeginningOfPeriod,기초자본,equity,제 47 기,-12729387000000,,제 46 기,-9459073000000,,1,KRW
005930,00126380,삼성전자,2015,FY,11011,CFS,,SCE,자본변동표,dart_EquityAtBeginningOfPeriod,기초자본,equity,제 47 기,80101000000,,제 46 기,,,1,KRW
005930,00126380,삼성전자,2015,FY,11011,CFS,,SCE,자본변동표,dart_EquityAtBeginningOfPeriod,기초자본,equity,제 47 기,169529604000000,,제 46 기,148600282000000,,1,KRW
005930,00126380,삼성전자,2015,FY,11011,CFS,,SCE,자본변동표,dart_EquityAtBeginningOfPeriod,기초자본,equity,제 47 기,897514000000,,제 46 기,897514000000,,1,KRW
005930,00126380,삼성전자,2015,FY,11011,CFS,,SCE,자본변동표,dart_EquityAtBeginningOfPeriod,기초자본,equity,제 47 기,4403893000000,,제 46 기,4403893000000,,1,KRW
005930,00126380,삼성전자,2015,FY,11011,CFS,,SCE,자본변동표,-표준계정코드 미사용-,당기순이익,net_income,제 47 기,18694628000000,,제 46 기,23082499000000,,9,KRW
005930,00126380,삼성전자,2015,FY,11011,CFS,,SCE,자본변동표,-표준계정코드 미사용-,당기순이익,net_income,제 47 기,18694628000000,,제 46 기,23082499000000,,9,KRW
005930,00126380,삼성전자,2015,FY,11011,CFS,,SCE,자본변동표,-표준계정코드 미사용-,당기순이익,net_income,제 47 기,365516000000,,제 46 기,311859000000,,9,KRW
005930,00126380,삼성전자,2015,FY,11011,CFS,,SCE,자본변동표,-표준계정코드 미사용-,당기순이익,net_income,제 47 기,19060144000000,,제 46 기,23394358000000,,9,KRW
005930,00126380,삼성전자,2015,FY,11011,CFS,,SCE,자본변동표,ifrs_Equity,기말자본,equity,제 47 기,179059805000000,,제 46 기,168088188000000,,31,KRW
005930,00126380,삼성전자,2015,FY,11011,CFS,,SCE,자본변동표,ifrs_Equity,기말자본,equity,제 47 기,6183038000000,,제 46 기,5906463000000,,31,KRW
005930,00126380,삼성전자,2015,FY,11011,CFS,,SCE,자본변동표,ifrs_Equity,기말자본,equity,제 47 기,172876767000000,,제 46 기,162181725000000,,31,KRW
005930,00126380,삼성전자,2015,FY,11011,CFS,,SCE,자본변동표,ifrs_Equity,기말자본,equity,제 47 기,-17580451000000,,제 46 기,-12729387000000,,31,KRW
005930,00126380,삼성전자,2015,FY,11011,CFS,,SCE,자본변동표,ifrs_Equity,기말자본,equity,제 47 기,23797000000,,제 46 기,80101000000,,31,KRW
005930,00126380,삼성전자,2015,FY,11011,CFS,,SCE,자본변동표,ifrs_Equity,기말자본,equity,제 47 기,185132014000000,,제 46 기,169529604000000,,31,KRW
005930,00126380,삼성전자,2015,FY,11011,CFS,,SCE,자본변동표,ifrs_Equity,기말자본,equity,제 47 기,897514000000,,제 46 기,897514000000,,31,KRW
005930,00126380,삼성전자,2015,FY,11011,CFS,,SCE,자본변동표,ifrs_Equity,기말자본,equity,제 47 기,4403893000000,,제 46 기,4403893000000,,31,KRW
005930,00126380,삼성전자,2015,FY,11011,OFS,,BS,재무상태표,dart_ElementsOfOtherStockholdersEquity,기타자본항목,equity,제 47 기,-12526126000000,,제 46 기,-7113271000000,,252,KRW
005930,00126380,삼성전자,2015,FY,11011,OFS,,BS,재무상태표,ifrs_Equity,자본총계,equity,제 47 기,136428255000000,,제 46 기,132677075000000,,258,KRW
005930,00126380,삼성전자,2015,FY,11011,OFS,,BS,재무상태표,ifrs_EquityAndLiabilities,자본과부채총계,equity,제 47 기,168969630000000,,제 46 기,164060583000000,,259,KRW
005930,00126380,삼성전자,2015,FY,11011,OFS,,IS,손익계산서,dart_OperatingIncomeLoss,영업이익(손실),operating_profit,제 47 기,13398215000000,,제 46 기,13924994000000,,42,KRW
005930,00126380,삼성전자,2015,FY,11011,OFS,,IS,손익계산서,ifrs_ProfitLossBeforeTax,법인세비용차감전순이익(손실),net_income,제 47 기,14352617000000,,제 46 기,17280641000000,,84,KRW
005930,00126380,삼성전자,2015,FY,11011,OFS,,IS,손익계산서,ifrs_ProfitLossFromContinuingOperations,계속영업이익(손실),operating_profit|net_income,제 47 기,12238469000000,,제 46 기,14591781000000,,86,KRW
005930,00126380,삼성전자,2015,FY,11011,OFS,,IS,손익계산서,ifrs_ProfitLoss,당기순이익(손실),net_income,제 47 기,12238469000000,,제 46 기,14591781000000,,88,KRW
005930,00126380,삼성전자,2015,FY,11011,OFS,,CIS,포괄손익계산서,ifrs_ProfitLoss,당기순이익(손실),net_income,제 47 기,12238469000000,,제 46 기,14591781000000,,0,KRW
005930,00126380,삼성전자,2015,FY,11011,OFS,,CF,현금흐름표,ifrs_CashFlowsFromUsedInOperatingActivities,영업활동 현금흐름,cfo,제 47 기,19287521000000,,제 46 기,18653817000000,,0,KRW
005930,00126380,삼성전자,2015,FY,11011,OFS,,CF,현금흐름표,-표준계정코드 미사용-,당기순이익,net_income,제 47 기,12238469000000,,제 46 기,14591781000000,,3,KRW
005930,00126380,삼성전자,2015,FY,11011,OFS,,CF,현금흐름표,ifrs_PurchaseOfPropertyPlantAndEquipmentClassifiedAsInvestingActivities,유형자산의 취득,capex,제 47 기,12887965000000,,제 46 기,10867797000000,,172,KRW
005930,00126380,삼성전자,2015,FY,11011,OFS,,CF,현금흐름표,ifrs_PurchaseOfIntangibleAssetsClassifiedAsInvestingActivities,무형자산의 취득,capex,제 47 기,1365674000000,,제 46 기,1254109000000,,174,KRW
005930,00126380,삼성전자,2015,FY,11011,OFS,,SCE,자본변동표,dart_EquityAtBeginningOfPeriod,기초자본,equity,제 47 기,132677075000000,,제 46 기,122370767000000,,1,KRW
005930,00126380,삼성전자,2015,FY,11011,OFS,,SCE,자본변동표,dart_EquityAtBeginningOfPeriod,기초자본,equity,제 47 기,-7113271000000,,제 46 기,-4960059000000,,1,KRW
005930,00126380,삼성전자,2015,FY,11011,OFS,,SCE,자본변동표,dart_EquityAtBeginningOfPeriod,기초자본,equity,제 47 기,24750000000,,제 46 기,,,1,KRW
005930,00126380,삼성전자,2015,FY,11011,OFS,,SCE,자본변동표,dart_EquityAtBeginningOfPeriod,기초자본,equity,제 47 기,134464189000000,,제 46 기,122029419000000,,1,KRW
005930,00126380,삼성전자,2015,FY,11011,OFS,,SCE,자본변동표,dart_EquityAtBeginningOfPeriod,기초자본,equity,제 47 기,897514000000,,제 46 기,897514000000,,1,KRW
005930,00126380,삼성전자,2015,FY,11011,OFS,,SCE,자본변동표,dart_EquityAtBeginningOfPeriod,기초자본,equity,제 47 기,4403893000000,,제 46 기,4403893000000,,1,KRW
005930,00126380,삼성전자,2015,FY,11011,OFS,,SCE,자본변동표,-표준계정코드 미사용-,당기순이익(손실),net_income,제 47 기,12238469000000,,제 46 기,14591781000000,,11,KRW
005930,00126380,삼성전자,2015,FY,11011,OFS,,SCE,자본변동표,-표준계정코드 미사용-,당기순이익(손실),net_income,제 47 기,12238469000000,,제 46 기,14591781000000,,11,KRW
005930,00126380,삼성전자,2015,FY,11011,OFS,,SCE,자본변동표,ifrs_Equity,기말자본,equity,제 47 기,897514000000,,제 46 기,897514000000,,26,KRW
005930,00126380,삼성전자,2015,FY,11011,OFS,,SCE,자본변동표,ifrs_Equity,기말자본,equity,제 47 기,4403893000000,,제 46 기,4403893000000,,26,KRW
005930,00126380,삼성전자,2015,FY,11011,OFS,,SCE,자본변동표,ifrs_Equity,기말자본,equity,제 47 기,-12526126000000,,제 46 기,-7113271000000,,26,KRW
005930,00126380,삼성전자,2015,FY,11011,OFS,,SCE,자본변동표,ifrs_Equity,기말자본,equity,제 47 기,136428255000000,,제 46 기,132677075000000,,26,KRW
005930,00126380,삼성전자,2015,FY,11011,OFS,,SCE,자본변동표,ifrs_Equity,기말자본,equity,제 47 기,143629177000000,,제 46 기,134464189000000,,26,KRW
005930,00126380,삼성전자,2015,FY,11011,OFS,,SCE,자본변동표,ifrs_Equity,기말자본,equity,제 47 기,23797000000,,제 46 기,24750000000,,26,KRW
005930,00126380,삼성전자,2020,Q1,11013,CFS,,BS,재무상태표,ifrs-full_EquityAttributableToOwnersOfParent,지배기업 소유주지분,equity,제 52 기 1분기말,258481770000000,,제 51 기말,254915472000000,,44,KRW
005930,00126380,삼성전자,2020,Q1,11013,CFS,,BS,재무상태표,dart_ElementsOfOtherStockholdersEquity,기타자본항목,equity,제 52 기 1분기말,-3898556000000,,제 51 기말,-4968829000000,,50,KRW
005930,00126380,삼성전자,2020,Q1,11013,CFS,,BS,재무상태표,ifrs-full_Equity,자본총계,equity,제 52 기 1분기말,266387723000000,,제 51 기말,262880421000000,,52,KRW
005930,00126380,삼성전자,2020,Q1,11013,CFS,,BS,재무상태표,ifrs-full_EquityAndLiabilities,부채와자본총계,equity,제 52 기 1분기말,357457535000000,,제 51 기말,352564497000000,,53,KRW
005930,00126380,삼성전자,2020,Q1,11013,CFS,,IS,손익계산서,dart_OperatingIncomeLoss,영업이익,operating_profit,제 52 기 1분기,6447345000000,6447345000000,,,6233282000000,4,KRW
005930,00126380,삼성전자,2020,Q1,11013,CFS,,IS,손익계산서,ifrs-full_ProfitLossBeforeTax,법인세비용차감전순이익(손실),net_income,제 52 기 1분기,6756852000000,6756852000000,,,6912978000000,10,KRW
005930,00126380,삼성전자,2020,Q1,11013,CFS,,IS,손익계산서,ifrs-full_ProfitLossFromContinuingOperations,계속영업이익(손실),operating_profit|net_income,제 52 기 1분기,4884926000000,4884926000000,,,5043585000000,12,KRW
005930,00126380,삼성전자,2020,Q1,11013,CFS,,IS,손익계산서,ifrs-full_ProfitLoss,당기순이익(손실),net_income,제 52 기 1분기,4884926000000,4884926000000,,,5043585000000,13,KRW
005930,00126380,삼성전자,2020,Q1,11013,CFS,,IS,손익계산서,ifrs-full_ProfitLossAttributableToOwnersOfParent,지배기업의 소유주에게 귀속되는 당기순이익(손실),net_income,제 52 기 1분기,4889599000000,4889599000000,,,5107490000000,15,KRW
005930,00126380,삼성전자,2020,Q1,11013,CFS,,IS,손익계산서,ifrs-full_ProfitLossAttributableToNoncontrollingInterests,비지배지분에 귀속되는 당기순이익(손실),net_income,제 52 기 1분기,-4673000000,-4673000000,,,-63905000000,16,KRW
005930,00126380,삼성전자,2020,Q1,11013,CFS,,CIS,포괄손익계산서,ifrs-full_ProfitLoss,당기순이익(손실),net_income,제 52 기 1분기,4884926000000,4884926000000,,,5043585000000,0,KRW
005930,00126380,삼성전자,2020,Q1,11013,CFS,,CIS,포괄손익계산서,dart_ShareOfOtherComprehensiveIncomeOfAssociatesAndJointVenturesAccountedForUsingEquityMethodThatWillNotBeReclassifiedToProfitOrLossNetOfTax,관계기업 및 공동기업의 기타포괄손익에 대한 지분,equity,제 52 기 1분기,-46974000000,-46974000000,,,-2120000000,4,KRW
005930,00126380,삼성전자,2020,Q1,11013,CFS,,CIS,포괄손익계산서,dart_ShareOfOtherComprehensiveIncomeOfAssociatesAndJointVenturesAccountedForUsingEquityMethodThatWillBeReclassifiedToProfitOrLossNetOfTax,관계기업 및 공동기업의 기타포괄손익에 대한 지분,equity,제 52 기 1분기,28944000000,28944000000,,,37715000000,7,KRW
005930,00126380,삼성전자,2020,Q1,11013,CFS,,CF,현금흐름표,ifrs-full_CashFlowsFromUsedInOperatingActivities,영업활동 현금흐름,cfo,제 52 기 1분기,11829879000000,,,,,0,KRW
005930,00126380,삼성전자,2020,Q1,11013,CFS,,CF,현금흐름표,-표준계정코드 미사용-,당기순이익,net_income,제 52 기 1분기,4884926000000,,,,,2,KRW
005930,00126380,삼성전자,2020,Q1,11013,CFS,,CF,현금흐름표,ifrs-full_PurchaseOfPropertyPlantAndEquipmentClassifiedAsInvestingActivities,유형자산의 취득,capex,제 52 기 1분기,8564279000000,,,,,22,KRW
005930,00126380,삼성전자,2020,Q1,11013,CFS,,CF,현금흐름표,ifrs-full_PurchaseOfIntangibleAssetsClassifiedAsInvestingActivities,무형자산의 취득,capex,제 52 기 1분기,969194000000,,,,,24,KRW
005930,00126380,삼성전자,2020,Q1,11013,CFS,,SCE,자본변동표,dart_EquityAtBeginningOfPeriod,기초자본,equity,제 52 기 1분기,262880421000000,,,,,1,KRW
005930,00126380,삼성전자,2020,Q1,11013,CFS,,SCE,자본변동표,dart_EquityAtBeginningOfPeriod,기초자본,equity,제 52 기 1분기,7964949000000,,,,,1,KRW
005930,00126380,삼성전자,2020,Q1,11013,CFS,,SCE,자본변동표,dart_EquityAtBeginningOfPeriod,기초자본,equity,제 52 기 1분기,254915472000000,,,,,1,KRW
005930,00126380,삼성전자,2020,Q1,11013,CFS,,SCE,자본변동표,dart_EquityAtBeginningOfPeriod,기초자본,equity,제 52 기 1분기,254582894000000,,,,,1,KRW
005930,00126380,삼성전자,2020,Q1,11013,CFS,,SCE,자본변동표,dart_EquityAtBeginningOfPeriod,기초자본,equity,제 52 기 1분기,4403893000000,,,,,1,KRW
005930,00126380,삼성전자,2020,Q1,11013,CFS,,SCE,자본변동표,dart_EquityAtBeginningOfPeriod,기초자본,equity,제 52 기 1분기,897514000000,,,,,1,KRW
005930,00126380,삼성전자,2020,Q1,11013,CFS,,SCE,자본변동표,dart_EquityAtBeginningOfPeriod,기초자본,equity,제 52 기 1분기,-4968829000000,,,,,1,KRW
005930,00126380,삼성전자,2020,Q1,11013,CFS,,SCE,자본변동표,ifrs-full_ProfitLoss,당기순이익(손실),net_income,제 52 기 1분기,4889599000000,,,,,2,KRW
005930,00126380,삼성전자,2020,Q1,11013,CFS,,SCE,자본변동표,ifrs-full_ProfitLoss,당기순이익(손실),net_income,제 52 기 1분기,-4673000000,,,,,2,KRW
005930,00126380,삼성전자,2020,Q1,11013,CFS,,SCE,자본변동표,ifrs-full_ProfitLoss,당기순이익(손실),net_income,제 52 기 1분기,4889599000000,,,,,2,KRW
005930,00126380,삼성전자,2020,Q1,11013,CFS,,SCE,자본변동표,ifrs-full_ProfitLoss,당기순이익(손실),net_income,제 52 기 1분기,4884926000000,,,,,2,KRW
005930,00126380,삼성전자,2020,Q1,11013,CFS,,SCE,자본변동표,ifrs-full_Equity,기말자본,equity,제 52 기 1분기,257078919000000,,,,,12,KRW
005930,00126380,삼성전자,2020,Q1,11013,CFS,,SCE,자본변동표,ifrs-full_Equity,기말자본,equity,제 52 기 1분기,4403893000000,,,,,12,KRW
005930,00126380,삼성전자,2020,Q1,11013,CFS,,SCE,자본변동표,ifrs-full_Equity,기말자본,equity,제 52 기 1분기,-3898556000000,,,,,12,KRW
005930,00126380,삼성전자,2020,Q1,11013,CFS,,SCE,자본변동표,ifrs-full_Equity,기말자본,equity,제 52 기 1분기,258481770000000,,,,,12,KRW
005930,00126380,삼성전자,2020,Q1,11013,CFS,,SCE,자본변동표,ifrs-full_Equity,기말자본,equity,제 52 기 1분기,7905953000000,,,,,12,KRW
005930,00126380,삼성전자,2020,Q1,11013,CFS,,SCE,자본변동표,ifrs-full_Equity,기말자본,equity,제 52 기 1분기,266387723000000,,,,,12,KRW
005930,00126380,삼성전자,2020,Q1,11013,CFS,,SCE,자본변동표,ifrs-full_Equity,기말자본,equity,제 52 기 1분기,897514000000,,,,,12,KRW
005930,00126380,삼성전자,2020,Q1,11013,OFS,,BS,재무상태표,dart_ElementsOfOtherStockholdersEquity,기타자본항목,equity,제 52 기 1분기말,-61483000000,,제 51 기말,280514000000,,45,KRW
005930,00126380,삼성전자,2020,Q1,11013,OFS,,BS,재무상태표,ifrs-full_Equity,자본총계,equity,제 52 기 1분기말,177428753000000,,제 51 기말,177870247000000,,46,KRW
005930,00126380,삼성전자,2020,Q1,11013,OFS,,BS,재무상태표,ifrs-full_EquityAndLiabilities,부채와자본총계,equity,제 52 기 1분기말,220572391000000,,제 51 기말,216180920000000,,47,KRW
005930,00126380,삼성전자,2020,Q1,11013,OFS,,IS,손익계산서,dart_OperatingIncomeLoss,영업이익,operating_profit,제 52 기 1분기,3032343000000,3032343000000,,,3896923000000,4,KRW
005930,00126380,삼성전자,2020,Q1,11013,OFS,,IS,손익계산서,ifrs-full_ProfitLossBeforeTax,법인세비용차감전순이익(손실),net_income,제 52 기 1분기,3087628000000,3087628000000,,,4154401000000,9,KRW
005930,00126380,삼성전자,2020,Q1,11013,OFS,,IS,손익계산서,ifrs-full_ProfitLossFromContinuingOperations,계속영업이익(손실),operating_profit|net_income,제 52 기 1분기,2305931000000,2305931000000,,,3088628000000,11,KRW
005930,00126380,삼성전자,2020,Q1,11013,OFS,,IS,손익계산서,ifrs-full_ProfitLoss,당기순이익(손실),net_income,제 52 기 1분기,2305931000000,2305931000000,,,3088628000000,12,KRW
005930,00126380,삼성전자,2020,Q1,11013,OFS,,CIS,포괄손익계산서,ifrs-full_ProfitLoss,당기순이익(손실),net_income,제 52 기 1분기,2305931000000,2305931000000,,,3088628000000,0,KRW
005930,00126380,삼성전자,2020,Q1,11013,OFS,,CF,현금흐름표,ifrs-full_CashFlowsFromUsedInOperatingActivities,영업활동 현금흐름,cfo,제 52 기 1분기,10138408000000,,,,,0,KRW
005930,00126380,삼성전자,2020,Q1,11013,OFS,,CF,현금흐름표,dart_ProfitLossForStatementOfCashFlows,영업에서 창출된 현금흐름,net_income,제 52 기 1분기,10133759000000,,,,,1,KRW
005930,00126380,삼성전자,2020,Q1,11013,OFS,,CF,현금흐름표,-표준계정코드 미사용-,당기순이익,net_income,제 52 기 1분기,2305931000000,,,,,2,KRW
005930,00126380,삼성전자,2020,Q1,11013,OFS,,CF,현금흐름표,ifrs-full_PurchaseOfPropertyPlantAndEquipmentClassifiedAsInvestingActivities,유형자산의 취득,capex,제 52 기 1분기,5423126000000,,,,,16,KRW
005930,00126380,삼성전자,2020,Q1,11013,OFS,,CF,현금흐름표,ifrs-full_PurchaseOfIntangibleAssetsClassifiedAsInvestingActivities,무형자산의 취득,capex,제 52 기 1분기,1041942000000,,,,,18,KRW
005930,00126380,삼성전자,2020,Q1,11013,OFS,,SCE,자본변동표,dart_EquityAtBeginningOfPeriod,기초자본,equity,제 52 기 1분기,172288326000000,,,,,1,KRW
005930,00126380,삼성전자,2020,Q1,11013,OFS,,SCE,자본변동표,dart_EquityAtBeginningOfPeriod,기초자본,equity,제 52 기 1분기,4403893000000,,,,,1,KRW
005930,00126380,삼성전자,2020,Q1,11013,OFS,,SCE,자본변동표,dart_EquityAtBeginningOfPeriod,기초자본,equity,제 52 기 1분기,897514000000,,,,,1,KRW
005930,00126380,삼성전자,2020,Q1,11013,OFS,,SCE,자본변동표,dart_EquityAtBeginningOfPeriod,기초자본,equity,제 52 기 1분기,280514000000,,,,,1,KRW
005930,00126380,삼성전자,2020,Q1,11013,OFS,,SCE,자본변동표,dart_EquityAtBeginningOfPeriod,기초자본,equity,제 52 기 1분기,177870247000000,,,,,1,KRW
005930,00126380,삼성전자,2020,Q1,11013,OFS,,SCE,자본변동표,ifrs-full_ProfitLoss,당기순이익(손실),net_income,제 52 기 1분기,2305931000000,,,,,2,KRW
005930,00126380,삼성전자,2020,Q1,11013,OFS,,SCE,자본변동표,ifrs-full_ProfitLoss,당기순이익(손실),net_income,제 52 기 1분기,2305931000000,,,,,2,KRW
005930,00126380,삼성전자,2020,Q1,11013,OFS,,SCE,자본변동표,ifrs-full_Equity,기말자본,equity,제 52 기 1분기,172188829000000,,,,,6,KRW
005930,00126380,삼성전자,2020,Q1,11013,OFS,,SCE,자본변동표,ifrs-full_Equity,기말자본,equity,제 52 기 1분기,897514000000,,,,,6,KRW
005930,00126380,삼성전자,2020,Q1,11013,OFS,,SCE,자본변동표,ifrs-full_Equity,기말자본,equity,제 52 기 1분기,-61483000000,,,,,6,KRW
005930,00126380,삼성전자,2020,Q1,11013,OFS,,SCE,자본변동표,ifrs-full_Equity,기말자본,equity,제 52 기 1분기,4403893000000,,,,,6,KRW
005930,00126380,삼성전자,2020,Q1,11013,OFS,,SCE,자본변동표,ifrs-full_Equity,기말자본,equity,제 52 기 1분기,177428753000000,,,,,6,KRW
005930,00126380,삼성전자,2020,H1,11012,CFS,,BS,재무상태표,ifrs-full_EquityAttributableToOwnersOfParent,지배기업 소유주지분,equity,제 52 기 반기말,261745365000000,,제 51 기말,254915472000000,,44,KRW
005930,00126380,삼성전자,2020,H1,11012,CFS,,BS,재무상태표,dart_ElementsOfOtherStockholdersEquity,기타자본항목,equity,제 52 기 반기말,-3721095000000,,제 51 기말,-4968829000000,,50,KRW
005930,00126380,삼성전자,2020,H1,11012,CFS,,BS,재무상태표,ifrs-full_Equity,자본총계,equity,제 52 기 반기말,269807817000000,,제 51 기말,262880421000000,,52,KRW
005930,00126380,삼성전자,2020,H1,11012,CFS,,BS,재무상태표,ifrs-full_EquityAndLiabilities,부채와자본총계,equity,제 52 기 반기말,357959499000000,,제 51 기말,352564497000000,,53,KRW
005930,00126380,삼성전자,2020,H1,11012,CFS,,IS,손익계산서,dart_OperatingIncomeLoss,영업이익,operating_profit,제 52 기 반기,8146292000000,14593637000000,,,12830347000000,4,KRW
005930,00126380,삼성전자,2020,H1,11012,CFS,,IS,손익계산서,ifrs-full_ProfitLossBeforeTax,법인세비용차감전순이익(손실),net_income,제 52 기 반기,7769697000000,14526549000000,,,14092342000000,10,KRW
005930,00126380,삼성전자,2020,H1,11012,CFS,,IS,손익계산서,ifrs-full_ProfitLossFromContinuingOperations,계속영업이익(손실),operating_profit|net_income,제 52 기 반기,5555083000000,10440009000000,,,10224161000000,12,KRW
005930,00126380,삼성전자,2020,H1,11012,CFS,,IS,손익계산서,ifrs-full_ProfitLoss,당기순이익(손실),net_income,제 52 기 반기,5555083000000,10440009000000,,,10224161000000,13,KRW
005930,00126380,삼성전자,2020,H1,11012,CFS,,IS,손익계산서,ifrs-full_ProfitLossAttributableToOwnersOfParent,지배기업의 소유주에게 귀속되는 당기순이익(손실),net_income,제 52 기 반기,5488964000000,10378563000000,,,10172020000000,15,KRW
005930,00126380,삼성전자,2020,H1,11012,CFS,,IS,손익계산서,ifrs-full_ProfitLossAttributableToNoncontrollingInterests,비지배지분에 귀속되는 당기순이익(손실),net_income,제 52 기 반기,66119000000,61446000000,,,52141000000,16,KRW
005930,00126380,삼성전자,2020,H1,11012,CFS,,CIS,포괄손익계산서,ifrs-full_ProfitLoss,당기순이익(손실),net_income,제 52 기 반기,5555083000000,10440009000000,,,10224161000000,0,KRW
005930,00126380,삼성전자,2020,H1,11012,CFS,,CIS,포괄손익계산서,dart_ShareOfOtherComprehensiveIncomeOfAssociatesAndJointVenturesAccountedForUsingEquityMethodThatWillNotBeReclassifiedToProfitOrLossNetOfTax,관계기업 및 공동기업의 기타포괄손익에 대한 지분,equity,제 52 기 반기,21823000000,-25151000000,,,-1757000000,4,KRW
005930,00126380,삼성전자,2020,H1,11012,CFS,,CIS,포괄손익계산서,dart_ShareOfOtherComprehensiveIncomeOfAssociatesAndJointVenturesAccountedForUsingEquityMethodThatWillBeReclassifiedToProfitOrLossNetOfTax,관계기업 및 공동기업의 기타포괄손익에 대한 지분,equity,제 52 기 반기,-4661000000,24283000000,,,65419000000,7,KRW
005930,00126380,삼성전자,2020,H1,11012,CFS,,CF,현금흐름표,ifrs-full_CashFlowsFromUsedInOperatingActivities,영업활동 현금흐름,cfo,제 52 기 반기,26628032000000,,,,,0,KRW
005930,00126380,삼성전자,2020,H1,11012,CFS,,CF,현금흐름표,-표준계정코드 미사용-,당기순이익,net_income,제 52 기 반기,10440009000000,,,,,2,KRW
005930,00126380,삼성전자,2020,H1,11012,CFS,,CF,현금흐름표,ifrs-full_PurchaseOfPropertyPlantAndEquipmentClassifiedAsInvestingActivities,유형자산의 취득,capex,제 52 기 반기,18442051000000,,,,,24,KRW
005930,00126380,삼성전자,2020,H1,11012,CFS,,CF,현금흐름표,ifrs-full_PurchaseOfIntangibleAssetsClassifiedAsInvestingActivities,무형자산의 취득,capex,제 52 기 반기,1379268000000,,,,,26,KRW
005930,00126380,삼성전자,2020,H1,11012,CFS,,SCE,자본변동표,dart_EquityAtBeginningOfPeriod,기초자본,equity,제 52 기 반기,7964949000000,,,,,1,KRW
005930,00126380,삼성전자,2020,H1,11012,CFS,,SCE,자본변동표,dart_EquityAtBeginningOfPeriod,기초자본,equity,제 52 기 반기,254915472000000,,,,,1,KRW
005930,00126380,삼성전자,2020,H1,11012,CFS,,SCE,자본변동표,dart_EquityAtBeginningOfPeriod,기초자본,equity,제 52 기 반기,-4968829000000,,,,,1,KRW
005930,00126380,삼성전자,2020,H1,11012,CFS,,SCE,자본변동표,dart_EquityAtBeginningOfPeriod,기초자본,equity,제 52 기 반기,254582894000000,,,,,1,KRW
005930,00126380,삼성전자,2020,H1,11012,CFS,,SCE,자본변동표,dart_EquityAtBeginningOfPeriod,기초자본,equity,제 52 기 반기,897514000000,,,,,1,KRW
005930,00126380,삼성전자,2020,H1,11012,CFS,,SCE,자본변동표,dart_EquityAtBeginningOfPeriod,기초자본,equity,제 52 기 반기,262880421000000,,,,,1,KRW
005930,00126380,삼성전자,2020,H1,11012,CFS,,SCE,자본변동표,dart_EquityAtBeginningOfPeriod,기초자본,equity,제 52 기 반기,4403893000000,,,,,1,KRW
005930,00126380,삼성전자,2020,H1,11012,CFS,,SCE,자본변동표,ifrs-full_ProfitLoss,당기순이익(손실),net_income,제 52 기 반기,10378563000000,,,,,2,KRW
005930,00126380,삼성전자,2020,H1,11012,CFS,,SCE,자본변동표,ifrs-full_ProfitLoss,당기순이익(손실),net_income,제 52 기 반기,10378563000000,,,,,2,KRW
005930,00126380,삼성전자,2020,H1,11012,CFS,,SCE,자본변동표,ifrs-full_ProfitLoss,당기순이익(손실),net_income,제 52 기 반기,61446000000,,,,,2,KRW
005930,00126380,삼성전자,2020,H1,11012,CFS,,SCE,자본변동표,ifrs-full_ProfitLoss,당기순이익(손실),net_income,제 52 기 반기,5555083000000,,,,,2,KRW
005930,00126380,삼성전자,2020,H1,11012,CFS,,SCE,자본변동표,ifrs-full_Equity,기말자본,equity,제 52 기 반기,260165053000000,,,,,12,KRW
005930,00126380,삼성전자,2020,H1,11012,CFS,,SCE,자본변동표,ifrs-full_Equity,기말자본,equity,제 52 기 반기,4403893000000,,,,,12,KRW
005930,00126380,삼성전자,2020,H1,11012,CFS,,SCE,자본변동표,ifrs-full_Equity,기말자본,equity,제 52 기 반기,-3721095000000,,,,,12,KRW
005930,00126380,삼성전자,2020,H1,11012,CFS,,SCE,자본변동표,ifrs-full_Equity,기말자본,equity,제 52 기 반기,261745365000000,,,,,12,KRW
005930,00126380,삼성전자,2020,H1,11012,CFS,,SCE,자본변동표,ifrs-full_Equity,기말자본,equity,제 52 기 반기,8062452000000,,,,,12,KRW
005930,00126380,삼성전자,2020,H1,11012,CFS,,SCE,자본변동표,ifrs-full_Equity,기말자본,equity,제 52 기 반기,269807817000000,,,,,12,KRW
005930,00126380,삼성전자,2020,H1,11012,CFS,,SCE,자본변동표,ifrs-full_Equity,기말자본,equity,제 52 기 반기,897514000000,,,,,12,KRW
005930,00126380,삼성전자,2020,H1,11012,OFS,,BS,재무상태표,dart_ElementsOfOtherStockholdersEquity,기타자본항목,equity,제 52 기 반기말,142573000000,,제 51 기말,280514000000,,45,KRW
005930,00126380,삼성전자,2020,H1,11012,OFS,,BS,재무상태표,ifrs-full_Equity,자본총계,equity,제 52 기 반기말,178750445000000,,제 51 기말,177870247000000,,46,KRW
005930,00126380,삼성전자,2020,H1,11012,OFS,,BS,재무상태표,ifrs-full_EquityAndLiabilities,부채와자본총계,equity,제 52 기 반기말,218197402000000,,제 51 기말,216180920000000,,47,KRW
005930,00126380,삼성전자,2020,H1,11012,OFS,,IS,손익계산서,dart_OperatingIncomeLoss,영업이익,operating_profit,제 52 기 반기,4647974000000,7680317000000,,,6694081000000,4,KRW
005930,00126380,삼성전자,2020,H1,11012,OFS,,IS,손익계산서,ifrs-full_ProfitLossBeforeTax,법인세비용차감전순이익(손실),net_income,제 52 기 반기,4683580000000,7771208000000,,,8459154000000,9,KRW
005930,00126380,삼성전자,2020,H1,11012,OFS,,IS,손익계산서,ifrs-full_ProfitLossFromContinuingOperations,계속영업이익(손실),operating_profit|net_income,제 52 기 반기,3522241000000,5828172000000,,,7151797000000,11,KRW
005930,00126380,삼성전자,2020,H1,11012,OFS,,IS,손익계산서,ifrs-full_ProfitLoss,당기순이익(손실),net_income,제 52 기 반기,3522241000000,5828172000000,,,7151797000000,12,KRW
005930,00126380,삼성전자,2020,H1,11012,OFS,,CIS,포괄손익계산서,ifrs-full_ProfitLoss,당기순이익(손실),net_income,제 52 기 반기,3522241000000,5828172000000,,,7151797000000,0,KRW
005930,00126380,삼성전자,2020,H1,11012,OFS,,CF,현금흐름표,ifrs-full_CashFlowsFromUsedInOperatingActivities,영업활동 현금흐름,cfo,제 52 기 반기,18085788000000,,,,,0,KRW
005930,00126380,삼성전자,2020,H1,11012,OFS,,CF,현금흐름표,dart_ProfitLossForStatementOfCashFlows,영업에서 창출된 현금흐름,net_income,제 52 기 반기,18998078000000,,,,,1,KRW
005930,00126380,삼성전자,2020,H1,11012,OFS,,CF,현금흐름표,-표준계정코드 미사용-,당기순이익,net_income,제 52 기 반기,5828172000000,,,,,2,KRW
005930,00126380,삼성전자,2020,H1,11012,OFS,,CF,현금흐름표,ifrs-full_PurchaseOfPropertyPlantAndEquipmentClassifiedAsInvestingActivities,유형자산의 취득,capex,제 52 기 반기,13000016000000,,,,,17,KRW
005930,00126380,삼성전자,2020,H1,11012,OFS,,CF,현금흐름표,ifrs-full_PurchaseOfIntangibleAssetsClassifiedAsInvestingActivities,무형자산의 취득,capex,제 52 기 반기,1237786000000,,,,,19,KRW
005930,00126380,삼성전자,2020,H1,11012,OFS,,SCE,자본변동표,dart_EquityAtBeginningOfPeriod,기초자본,equity,제 52 기 반기,280514000000,,,,,1,KRW
005930,00126380,삼성전자,2020,H1,11012,OFS,,SCE,자본변동표,dart_EquityAtBeginningOfPeriod,기초자본,equity,제 52 기 반기,4403893000000,,,,,1,KRW
005930,00126380,삼성전자,2020,H1,11012,OFS,,SCE,자본변동표,dart_EquityAtBeginningOfPeriod,기초자본,equity,제 52 기 반기,897514000000,,,,,1,KRW
005930,00126380,삼성전자,2020,H1,11012,OFS,,SCE,자본변동표,dart_EquityAtBeginningOfPeriod,기초자본,equity,제 52 기 반기,172288326000000,,,,,1,KRW
005930,00126380,삼성전자,2020,H1,11012,OFS,,SCE,자본변동표,dart_EquityAtBeginningOfPeriod,기초자본,equity,제 52 기 반기,177870247000000,,,,,1,KRW
005930,00126380,삼성전자,2020,H1,11012,OFS,,SCE,자본변동표,ifrs-full_ProfitLoss,당기순이익(손실),net_income,제 52 기 반기,5828172000000,,,,,2,KRW
005930,00126380,삼성전자,2020,H1,11012,OFS,,SCE,자본변동표,ifrs-full_ProfitLoss,당기순이익(손실),net_income,제 52 기 반기,3522241000000,,,,,2,KRW
005930,00126380,삼성전자,2020,H1,11012,OFS,,SCE,자본변동표,ifrs-full_Equity,기말자본,equity,제 52 기 반기,173306465000000,,,,,6,KRW
005930,00126380,삼성전자,2020,H1,11012,OFS,,SCE,자본변동표,ifrs-full_Equity,기말자본,equity,제 52 기 반기,897514000000,,,,,6,KRW
005930,00126380,삼성전자,2020,H1,11012,OFS,,SCE,자본변동표,ifrs-full_Equity,기말자본,equity,제 52 기 반기,142573000000,,,,,6,KRW
005930,00126380,삼성전자,2020,H1,11012,OFS,,SCE,자본변동표,ifrs-full_Equity,기말자본,equity,제 52 기 반기,4403893000000,,,,,6,KRW
005930,00126380,삼성전자,2020,H1,11012,OFS,,SCE,자본변동표,ifrs-full_Equity,기말자본,equity,제 52 기 반기,178750445000000,,,,,6,KRW
005930,00126380,삼성전자,2020,Q3,11014,CFS,,BS,재무상태표,ifrs-full_EquityAttributableToOwnersOfParent,지배기업 소유주지분,equity,제 52 기 3분기말,267942140000000,,제 51 기말,254915472000000,,46,KRW
005930,00126380,삼성전자,2020,Q3,11014,CFS,,BS,재무상태표,dart_ElementsOfOtherStockholdersEquity,기타자본항목,equity,제 52 기 3분기말,-4398825000000,,제 51 기말,-4968829000000,,52,KRW
005930,00126380,삼성전자,2020,Q3,11014,CFS,,BS,재무상태표,ifrs-full_Equity,자본총계,equity,제 52 기 3분기말,276136188000000,,제 51 기말,262880421000000,,55,KRW
005930,00126380,삼성전자,2020,Q3,11014,CFS,,BS,재무상태표,ifrs-full_EquityAndLiabilities,부채와자본총계,equity,제 52 기 3분기말,375788742000000,,제 51 기말,352564497000000,,56,KRW
005930,00126380,삼성전자,2020,Q3,11014,CFS,,IS,손익계산서,dart_OperatingIncomeLoss,영업이익,operating_profit,제 52 기 3분기,12353238000000,26946875000000,,,20608239000000,4,KRW
005930,00126380,삼성전자,2020,Q3,11014,CFS,,IS,손익계산서,ifrs-full_ProfitLossBeforeTax,법인세비용차감전순이익(손실),net_income,제 52 기 3분기,12844106000000,27370655000000,,,22713070000000,10,KRW
005930,00126380,삼성전자,2020,Q3,11014,CFS,,IS,손익계산서,ifrs-full_ProfitLossFromContinuingOperations,계속영업이익(손실),operating_profit|net_income,제 52 기 3분기,9360693000000,19800702000000,,,16511825000000,12,KRW
005930,00126380,삼성전자,2020,Q3,11014,CFS,,IS,손익계산서,ifrs-full_ProfitLoss,당기순이익(손실),net_income,제 52 기 3분기,9360693000000,19800702000000,,,16511825000000,13,KRW
005930,00126380,삼성전자,2020,Q3,11014,CFS,,IS,손익계산서,ifrs-full_ProfitLossAttributableToOwnersOfParent,지배기업의 소유주에게 귀속되는 당기순이익(손실),net_income,제 52 기 3분기,9266814000000,19645377000000,,,16277059000000,15,KRW
005930,00126380,삼성전자,2020,Q3,11014,CFS,,IS,손익계산서,ifrs-full_ProfitLossAttributableToNoncontrollingInterests,비지배지분에 귀속되는 당기순이익(손실),net_income,제 52 기 3분기,93879000000,155325000000,,,234766000000,16,KRW
005930,00126380,삼성전자,2020,Q3,11014,CFS,,CIS,포괄손익계산서,ifrs-full_ProfitLoss,당기순이익(손실),net_income,제 52 기 3분기,9360693000000,19800702000000,,,16511825000000,0,KRW
005930,00126380,삼성전자,2020,Q3,11014,CFS,,CIS,포괄손익계산서,dart_ShareOfOtherComprehensiveIncomeOfAssociatesAndJointVenturesAccountedForUsingEquityMethodThatWillNotBeReclassifiedToProfitOrLossNetOfTax,관계기업 및 공동기업의 기타포괄손익에 대한 지분,equity,제 52 기 3분기,-6345000000,-31496000000,,,-2662000000,4,KRW
005930,00126380,삼성전자,2020,Q3,11014,CFS,,CIS,포괄손익계산서,dart_ShareOfOtherComprehensiveIncomeOfAssociatesAndJointVenturesAccountedForUsingEquityMethodThatWillBeReclassifiedToProfitOrLossNetOfTax,관계기업 및 공동기업의 기타포괄손익에 대한 지분,equity,제 52 기 3분기,-15349000000,8934000000,,,101816000000,7,KRW
005930,00126380,삼성전자,2020,Q3,11014,CFS,,CF,현금흐름표,ifrs-full_CashFlowsFromUsedInOperatingActivities,영업활동 현금흐름,cfo,제 52 기 3분기,40772425000000,,,,,0,KRW
005930,00126380,삼성전자,2020,Q3,11014,CFS,,CF,현금흐름표,-표준계정코드 미사용-,당기순이익,net_income,제 52 기 3분기,19800702000000,,,,,2,KRW
005930,00126380,삼성전자,2020,Q3,11014,CFS,,CF,현금흐름표,ifrs-full_PurchaseOfPropertyPlantAndEquipmentClassifiedAsInvestingActivities,유형자산의 취득,capex,제 52 기 3분기,26979206000000,,,,,24,KRW
005930,00126380,삼성전자,2020,Q3,11014,CFS,,CF,현금흐름표,ifrs-full_PurchaseOfIntangibleAssetsClassifiedAsInvestingActivities,무형자산의 취득,capex,제 52 기 3분기,1891145000000,,,,,26,KRW
005930,00126380,삼성전자,2020,Q3,11014,CFS,,SCE,자본변동표,dart_EquityAtBeginningOfPeriod,기초자본,equity,제 52 기 3분기,262880421000000,,,,,1,KRW
005930,00126380,삼성전자,2020,Q3,11014,CFS,,SCE,자본변동표,dart_EquityAtBeginningOfPeriod,기초자본,equity,제 52 기 3분기,7964949000000,,,,,1,KRW
005930,00126380,삼성전자,2020,Q3,11014,CFS,,SCE,자본변동표,dart_EquityAtBeginningOfPeriod,기초자본,equity,제 52 기 3분기,254915472000000,,,,,1,KRW
005930,00126380,삼성전자,2020,Q3,11014,CFS,,SCE,자본변동표,dart_EquityAtBeginningOfPeriod,기초자본,equity,제 52 기 3분기,0,,,,,1,KRW
005930,00126380,삼성전자,2020,Q3,11014,CFS,,SCE,자본변동표,dart_EquityAtBeginningOfPeriod,기초자본,equity,제 52 기 3분기,4403893000000,,,,,1,KRW
005930,00126380,삼성전자,2020,Q3,11014,CFS,,SCE,자본변동표,dart_EquityAtBeginningOfPeriod,기초자본,equity,제 52 기 3분기,897514000000,,,,,1,KRW
005930,00126380,삼성전자,2020,Q3,11014,CFS,,SCE,자본변동표,dart_EquityAtBeginningOfPeriod,기초자본,equity,제 52 기 3분기,254582894000000,,,,,1,KRW
005930,00126380,삼성전자,2020,Q3,11014,CFS,,SCE,자본변동표,dart_EquityAtBeginningOfPeriod,기초자본,equity,제 52 기 3분기,-4968829000000,,,,,1,KRW
005930,00126380,삼성전자,2020,Q3,11014,CFS,,SCE,자본변동표,ifrs-full_ProfitLoss,당기순이익(손실),net_income,제 52 기 3분기,19645377000000,,,,,2,KRW
005930,00126380,삼성전자,2020,Q3,11014,CFS,,SCE,자본변동표,ifrs-full_ProfitLoss,당기순이익(손실),net_income,제 52 기 3분기,9360693000000,,,,,2,KRW
005930,00126380,삼성전자,2020,Q3,11014,CFS,,SCE,자본변동표,ifrs-full_ProfitLoss,당기순이익(손실),net_income,제 52 기 3분기,19645377000000,,,,,2,KRW
005930,00126380,삼성전자,2020,Q3,11014,CFS,,SCE,자본변동표,ifrs-full_ProfitLoss,당기순이익(손실),net_income,제 52 기 3분기,155325000000,,,,,2,KRW
005930,00126380,삼성전자,2020,Q3,11014,CFS,,SCE,자본변동표,ifrs-full_Equity,기말자본,equity,제 52 기 3분기,14646000000,,,,,13,KRW
005930,00126380,삼성전자,2020,Q3,11014,CFS,,SCE,자본변동표,ifrs-full_Equity,기말자본,equity,제 52 기 3분기,897514000000,,,,,13,KRW
005930,00126380,삼성전자,2020,Q3,11014,CFS,,SCE,자본변동표,ifrs-full_Equity,기말자본,equity,제 52 기 3분기,4403893000000,,,,,13,KRW
005930,00126380,삼성전자,2020,Q3,11014,CFS,,SCE,자본변동표,ifrs-full_Equity,기말자본,equity,제 52 기 3분기,-4398825000000,,,,,13,KRW
005930,00126380,삼성전자,2020,Q3,11014,CFS,,SCE,자본변동표,ifrs-full_Equity,기말자본,equity,제 52 기 3분기,267942140000000,,,,,13,KRW
005930,00126380,삼성전자,2020,Q3,11014,CFS,,SCE,자본변동표,ifrs-full_Equity,기말자본,equity,제 52 기 3분기,8194048000000,,,,,13,KRW
005930,00126380,삼성전자,2020,Q3,11014,CFS,,SCE,자본변동표,ifrs-full_Equity,기말자본,equity,제 52 기 3분기,276136188000000,,,,,13,KRW
005930,00126380,삼성전자,2020,Q3,11014,CFS,,SCE,자본변동표,ifrs-full_Equity,기말자본,equity,제 52 기 3분기,267024912000000,,,,,13,KRW
005930,00126380,삼성전자,2020,Q3,11014,OFS,,BS,재무상태표,dart_ElementsOfOtherStockholdersEquity,기타자본항목,equity,제 52 기 3분기말,114275000000,,제 51 기말,280514000000,,46,KRW
005930,00126380,삼성전자,2020,Q3,11014,OFS,,BS,재무상태표,ifrs-full_Equity,자본총계,equity,제 52 기 3분기말,181587637000000,,제 51 기말,177870247000000,,47,KRW
005930,00126380,삼성전자,2020,Q3,11014,OFS,,BS,재무상태표,ifrs-full_EquityAndLiabilities,부채와자본총계,equity,제 52 기 3분기말,228286881000000,,제 51 기말,216180920000000,,48,KRW
005930,00126380,삼성전자,2020,Q3,11014,OFS,,IS,손익계산서,dart_OperatingIncomeLoss,영업이익,operating_profit,제 52 기 3분기,7036350000000,14716667000000,,,9360048000000,4,KRW
005930,00126380,삼성전자,2020,Q3,11014,OFS,,IS,손익계산서,ifrs-full_ProfitLossBeforeTax,법인세비용차감전순이익(손실),net_income,제 52 기 3분기,6925347000000,14696555000000,,,14245611000000,9,KRW
005930,00126380,삼성전자,2020,Q3,11014,OFS,,IS,손익계산서,ifrs-full_ProfitLossFromContinuingOperations,계속영업이익(손실),operating_profit|net_income,제 52 기 3분기,5270095000000,11098267000000,,,11737687000000,11,KRW
005930,00126380,삼성전자,2020,Q3,11014,OFS,,IS,손익계산서,ifrs-full_ProfitLoss,당기순이익(손실),net_income,제 52 기 3분기,5270095000000,11098267000000,,,11737687000000,12,KRW
005930,00126380,삼성전자,2020,Q3,11014,OFS,,CIS,포괄손익계산서,ifrs-full_ProfitLoss,당기순이익(손실),net_income,제 52 기 3분기,5270095000000,11098267000000,,,11737687000000,0,KRW
005930,00126380,삼성전자,2020,Q3,11014,OFS,,CF,현금흐름표,ifrs-full_CashFlowsFromUsedInOperatingActivities,영업활동 현금흐름,cfo,제 52 기 3분기,24802533000000,,,,,0,KRW
005930,00126380,삼성전자,2020,Q3,11014,OFS,,CF,현금흐름표,dart_ProfitLossForStatementOfCashFlows,영업에서 창출된 현금흐름,net_income,제 52 기 3분기,26255711000000,,,,,1,KRW
005930,00126380,삼성전자,2020,Q3,11014,OFS,,CF,현금흐름표,-표준계정코드 미사용-,당기순이익,net_income,제 52 기 3분기,11098267000000,,,,,2,KRW
005930,00126380,삼성전자,2020,Q3,11014,OFS,,CF,현금흐름표,ifrs-full_PurchaseOfPropertyPlantAndEquipmentClassifiedAsInvestingActivities,유형자산의 취득,capex,제 52 기 3분기,19150071000000,,,,,18,KRW
005930,00126380,삼성전자,2020,Q3,11014,OFS,,CF,현금흐름표,ifrs-full_PurchaseOfIntangibleAssetsClassifiedAsInvestingActivities,무형자산의 취득,capex,제 52 기 3분기,1711090000000,,,,,20,KRW
005930,00126380,삼성전자,2020,Q3,11014,OFS,,SCE,자본변동표,dart_EquityAtBeginningOfPeriod,기초자본,equity,제 52 기 3분기,177870247000000,,,,,1,KRW
005930,00126380,삼성전자,2020,Q3,11014,OFS,,SCE,자본변동표,dart_EquityAtBeginningOfPeriod,기초자본,equity,제 52 기 3분기,4403893000000,,,,,1,KRW
005930,00126380,삼성전자,2020,Q3,11014,OFS,,SCE,자본변동표,dart_EquityAtBeginningOfPeriod,기초자본,equity,제 52 기 3분기,897514000000,,,,,1,KRW
005930,00126380,삼성전자,2020,Q3,11014,OFS,,SCE,자본변동표,dart_EquityAtBeginningOfPeriod,기초자본,equity,제 52 기 3분기,172288326000000,,,,,1,KRW
005930,00126380,삼성전자,2020,Q3,11014,OFS,,SCE,자본변동표,dart_EquityAtBeginningOfPeriod,기초자본,equity,제 52 기 3분기,280514000000,,,,,1,KRW
005930,00126380,삼성전자,2020,Q3,11014,OFS,,SCE,자본변동표,ifrs-full_ProfitLoss,당기순이익(손실),net_income,제 52 기 3분기,11098267000000,,,,,2,KRW
005930,00126380,삼성전자,2020,Q3,11014,OFS,,SCE,자본변동표,ifrs-full_ProfitLoss,당기순이익(손실),net_income,제 52 기 3분기,5270095000000,,,,,2,KRW
005930,00126380,삼성전자,2020,Q3,11014,OFS,,SCE,자본변동표,ifrs-full_Equity,기말자본,equity,제 52 기 3분기,176171955000000,,,,,6,KRW
005930,00126380,삼성전자,2020,Q3,11014,OFS,,SCE,자본변동표,ifrs-full_Equity,기말자본,equity,제 52 기 3분기,897514000000,,,,,6,KRW
005930,00126380,삼성전자,2020,Q3,11014,OFS,,SCE,자본변동표,ifrs-full_Equity,기말자본,equity,제 52 기 3분기,114275000000,,,,,6,KRW
005930,00126380,삼성전자,2020,Q3,11014,OFS,,SCE,자본변동표,ifrs-full_Equity,기말자본,equity,제 52 기 3분기,4403893000000,,,,,6,KRW
005930,00126380,삼성전자,2020,Q3,11014,OFS,,SCE,자본변동표,ifrs-full_Equity,기말자본,equity,제 52 기 3분기,181587637000000,,,,,6,KRW
005930,00126380,삼성전자,2020,FY,11011,CFS,,BS,재무상태표,ifrs-full_EquityAttributableToOwnersOfParent,지배기업 소유주지분,equity,제 52 기,267670331000000,,제 51 기,254915472000000,,46,KRW
005930,00126380,삼성전자,2020,FY,11011,CFS,,BS,재무상태표,dart_ElementsOfOtherStockholdersEquity,기타자본항목,equity,제 52 기,-8687155000000,,제 51 기,-4968829000000,,52,KRW
005930,00126380,삼성전자,2020,FY,11011,CFS,,BS,재무상태표,ifrs-full_Equity,자본총계,equity,제 52 기,275948016000000,,제 51 기,262880421000000,,55,KRW
005930,00126380,삼성전자,2020,FY,11011,CFS,,BS,재무상태표,ifrs-full_EquityAndLiabilities,부채와자본총계,equity,제 52 기,378235718000000,,제 51 기,352564497000000,,56,KRW
005930,00126380,삼성전자,2020,FY,11011,CFS,,IS,손익계산서,dart_OperatingIncomeLoss,영업이익,operating_profit,제 52 기,35993876000000,,제 51 기,27768509000000,,4,KRW
005930,00126380,삼성전자,2020,FY,11011,CFS,,IS,손익계산서,ifrs-full_ProfitLossBeforeTax,법인세비용차감전순이익(손실),net_income,제 52 기,36345117000000,,제 51 기,30432189000000,,10,KRW
005930,00126380,삼성전자,2020,FY,11011,CFS,,IS,손익계산서,ifrs-full_ProfitLossFromContinuingOperations,계속영업이익(손실),operating_profit|net_income,제 52 기,26407832000000,,제 51 기,21738865000000,,12,KRW
005930,00126380,삼성전자,2020,FY,11011,CFS,,IS,손익계산서,ifrs-full_ProfitLoss,당기순이익(손실),net_income,제 52 기,26407832000000,,제 51 기,21738865000000,,13,KRW
005930,00126380,삼성전자,2020,FY,11011,CFS,,IS,손익계산서,ifrs-full_ProfitLossAttributableToOwnersOfParent,지배기업의 소유주에게 귀속되는 당기순이익(손실),net_income,제 52 기,26090846000000,,제 51 기,21505054000000,,15,KRW
005930,00126380,삼성전자,2020,FY,11011,CFS,,IS,손익계산서,ifrs-full_ProfitLossAttributableToNoncontrollingInterests,비지배지분에 귀속되는 당기순이익(손실),net_income,제 52 기,316986000000,,제 51 기,233811000000,,16,KRW
005930,00126380,삼성전자,2020,FY,11011,CFS,,CIS,포괄손익계산서,ifrs-full_ProfitLoss,당기순이익(손실),net_income,제 52 기,26407832000000,,제 51 기,21738865000000,,0,KRW
005930,00126380,삼성전자,2020,FY,11011,CFS,,CIS,포괄손익계산서,dart_ShareOfOtherComprehensiveIncomeOfAssociatesAndJointVenturesAccountedForUsingEquityMethodThatWillNotBeReclassifiedToProfitOrLossNetOfTax,관계기업 및 공동기업의 기타포괄손익에 대한 지분,equity,제 52 기,5591000000,,제 51 기,-16896000000,,4,KRW
005930,00126380,삼성전자,2020,FY,11011,CFS,,CIS,포괄손익계산서,dart_ShareOfOtherComprehensiveIncomeOfAssociatesAndJointVenturesAccountedForUsingEquityMethodThatWillBeReclassifiedToProfitOrLossNetOfTax,관계기업 및 공동기업의 기타포괄손익에 대한 지분,equity,제 52 기,-48888000000,,제 51 기,48649000000,,7,KRW
005930,00126380,삼성전자,2020,FY,11011,CFS,,CF,현금흐름표,ifrs-full_CashFlowsFromUsedInOperatingActivities,영업활동 현금흐름,cfo,제 52 기,65287009000000,,제 51 기,45382915000000,,0,KRW
005930,00126380,삼성전자,2020,FY,11011,CFS,,CF,현금흐름표,-표준계정코드 미사용-,당기순이익,net_income,제 52 기,26407832000000,,제 51 기,21738865000000,,2,KRW
005930,00126380,삼성전자,2020,FY,11011,CFS,,CF,현금흐름표,ifrs-full_PurchaseOfPropertyPlantAndEquipmentClassifiedAsInvestingActivities,유형자산의 취득,capex,제 52 기,37592034000000,,제 51 기,25367756000000,,24,KRW
005930,00126380,삼성전자,2020,FY,11011,CFS,,CF,현금흐름표,ifrs-full_PurchaseOfIntangibleAssetsClassifiedAsInvestingActivities,무형자산의 취득,capex,제 52 기,2679779000000,,제 51 기,3249914000000,,26,KRW
005930,00126380,삼성전자,2020,FY,11011,CFS,,SCE,자본변동표,dart_EquityAtBeginningOfPeriod,기초자본,equity,제 52 기,262880421000000,,제 51 기,247753177000000,,1,KRW
005930,00126380,삼성전자,2020,FY,11011,CFS,,SCE,자본변동표,dart_EquityAtBeginningOfPeriod,기초자본,equity,제 52 기,-4968829000000,,제 51 기,-7931370000000,,1,KRW
005930,00126380,삼성전자,2020,FY,11011,CFS,,SCE,자본변동표,dart_EquityAtBeginningOfPeriod,기초자본,equity,제 52 기,254915472000000,,제 51 기,240068993000000,,1,KRW
005930,00126380,삼성전자,2020,FY,11011,CFS,,SCE,자본변동표,dart_EquityAtBeginningOfPeriod,기초자본,equity,제 52 기,7964949000000,,제 51 기,7684184000000,,1,KRW
005930,00126380,삼성전자,2020,FY,11011,CFS,,SCE,자본변동표,dart_EquityAtBeginningOfPeriod,기초자본,equity,제 52 기,0,,제 51 기,0,,1,KRW
005930,00126380,삼성전자,2020,FY,11011,CFS,,SCE,자본변동표,dart_EquityAtBeginningOfPeriod,기초자본,equity,제 52 기,254582894000000,,제 51 기,242698956000000,,1,KRW
005930,00126380,삼성전자,2020,FY,11011,CFS,,SCE,자본변동표,dart_EquityAtBeginningOfPeriod,기초자본,equity,제 52 기,897514000000,,제 51 기,897514000000,,1,KRW
005930,00126380,삼성전자,2020,FY,11011,CFS,,SCE,자본변동표,dart_EquityAtBeginningOfPeriod,기초자본,equity,제 52 기,4403893000000,,제 51 기,4403893000000,,1,KRW
005930,00126380,삼성전자,2020,FY,11011,CFS,,SCE,자본변동표,ifrs-full_ProfitLoss,당기순이익(손실),net_income,제 52 기,26407832000000,,제 51 기,21738865000000,,4,KRW
005930,00126380,삼성전자,2020,FY,11011,CFS,,SCE,자본변동표,ifrs-full_ProfitLoss,당기순이익(손실),net_income,제 52 기,316986000000,,제 51 기,233811000000,,4,KRW
005930,00126380,삼성전자,2020,FY,11011,CFS,,SCE,자본변동표,ifrs-full_ProfitLoss,당기순이익(손실),net_income,제 52 기,26090846000000,,제 51 기,21505054000000,,4,KRW
005930,00126380,삼성전자,2020,FY,11011,CFS,,SCE,자본변동표,ifrs-full_ProfitLoss,당기순이익(손실),net_income,제 52 기,26090846000000,,제 51 기,21505054000000,,4,KRW
005930,00126380,삼성전자,2020,FY,11011,CFS,,SCE,자본변동표,ifrs-full_Equity,기말자본,equity,제 52 기,-12132000000,,제 51 기,0,,17,KRW
005930,00126380,삼성전자,2020,FY,11011,CFS,,SCE,자본변동표,ifrs-full_Equity,기말자본,equity,제 52 기,271068211000000,,제 51 기,254582894000000,,17,KRW
005930,00126380,삼성전자,2020,FY,11011,CFS,,SCE,자본변동표,ifrs-full_Equity,기말자본,equity,제 52 기,275948016000000,,제 51 기,262880421000000,,17,KRW
005930,00126380,삼성전자,2020,FY,11011,CFS,,SCE,자본변동표,ifrs-full_Equity,기말자본,equity,제 52 기,8277685000000,,제 51 기,7964949000000,,17,KRW
005930,00126380,삼성전자,2020,FY,11011,CFS,,SCE,자본변동표,ifrs-full_Equity,기말자본,equity,제 52 기,267670331000000,,제 51 기,254915472000000,,17,KRW
005930,00126380,삼성전자,2020,FY,11011,CFS,,SCE,자본변동표,ifrs-full_Equity,기말자본,equity,제 52 기,-8687155000000,,제 51 기,-4968829000000,,17,KRW
005930,00126380,삼성전자,2020,FY,11011,CFS,,SCE,자본변동표,ifrs-full_Equity,기말자본,equity,제 52 기,897514000000,,제 51 기,897514000000,,17,KRW
005930,00126380,삼성전자,2020,FY,11011,CFS,,SCE,자본변동표,ifrs-full_Equity,기말자본,equity,제 52 기,4403893000000,,제 51 기,4403893000000,,17,KRW
005930,00126380,삼성전자,2020,FY,11011,OFS,,BS,재무상태표,dart_ElementsOfOtherStockholdersEquity,기타자본항목,equity,제 52 기,-268785000000,,제 51 기,280514000000,,44,KRW
005930,00126380,삼성전자,2020,FY,11011,OFS,,BS,재무상태표,ifrs-full_Equity,자본총계,equity,제 52 기,183316724000000,,제 51 기,177870247000000,,45,KRW
005930,00126380,삼성전자,2020,FY,11011,OFS,,BS,재무상태표,ifrs-full_EquityAndLiabilities,부채와자본총계,equity,제 52 기,229664427000000,,제 51 기,216180920000000,,46,KRW
005930,00126380,삼성전자,2020,FY,11011,OFS,,IS,손익계산서,dart_OperatingIncomeLoss,영업이익,operating_profit,제 52 기,20518974000000,,제 51 기,14115067000000,,4,KRW
005930,00126380,삼성전자,2020,FY,11011,OFS,,IS,손익계산서,ifrs-full_ProfitLossBeforeTax,법인세비용차감전순이익(손실),net_income,제 52 기,20451923000000,,제 51 기,19032469000000,,9,KRW
005930,00126380,삼성전자,2020,FY,11011,OFS,,IS,손익계산서,ifrs-full_ProfitLossFromContinuingOperations,계속영업이익(손실),operating_profit|net_income,제 52 기,15615018000000,,제 51 기,15353323000000,,11,KRW
005930,00126380,삼성전자,2020,FY,11011,OFS,,IS,손익계산서,ifrs-full_ProfitLoss,당기순이익(손실),net_income,제 52 기,15615018000000,,제 51 기,15353323000000,,12,KRW
005930,00126380,삼성전자,2020,FY,11011,OFS,,CIS,포괄손익계산서,ifrs-full_ProfitLoss,당기순이익(손실),net_income,제 52 기,15615018000000,,제 51 기,15353323000000,,0,KRW
005930,00126380,삼성전자,2020,FY,11011,OFS,,CF,현금흐름표,ifrs-full_CashFlowsFromUsedInOperatingActivities,영업활동 현금흐름,cfo,제 52 기,37509025000000,,제 51 기,22796257000000,,0,KRW
005930,00126380,삼성전자,2020,FY,11011,OFS,,CF,현금흐름표,dart_ProfitLossForStatementOfCashFlows,영업에서 창출된 현금흐름,net_income,제 52 기,39541654000000,,제 51 기,28344706000000,,1,KRW
005930,00126380,삼성전자,2020,FY,11011,OFS,,CF,현금흐름표,-표준계정코드 미사용-,당기순이익,net_income,제 52 기,15615018000000,,제 51 기,15353323000000,,2,KRW
005930,00126380,삼성전자,2020,FY,11011,OFS,,CF,현금흐름표,ifrs-full_PurchaseOfPropertyPlantAndEquipmentClassifiedAsInvestingActivities,유형자산의 취득,capex,제 52 기,26962042000000,,제 51 기,17240242000000,,20,KRW
005930,00126380,삼성전자,2020,FY,11011,OFS,,CF,현금흐름표,ifrs-full_PurchaseOfIntangibleAssetsClassifiedAsInvestingActivities,무형자산의 취득,capex,제 52 기,2239834000000,,제 51 기,2855959000000,,22,KRW
005930,00126380,삼성전자,2020,FY,11011,OFS,,SCE,자본변동표,dart_EquityAtBeginningOfPeriod,기초자본,equity,제 52 기,280514000000,,제 51 기,1131186000000,,1,KRW
005930,00126380,삼성전자,2020,FY,11011,OFS,,SCE,자본변동표,dart_EquityAtBeginningOfPeriod,기초자본,equity,제 52 기,4403893000000,,제 51 기,4403893000000,,1,KRW
005930,00126380,삼성전자,2020,FY,11011,OFS,,SCE,자본변동표,dart_EquityAtBeginningOfPeriod,기초자본,equity,제 52 기,897514000000,,제 51 기,897514000000,,1,KRW
005930,00126380,삼성전자,2020,FY,11011,OFS,,SCE,자본변동표,dart_EquityAtBeginningOfPeriod,기초자본,equity,제 52 기,172288326000000,,제 51 기,166555532000000,,1,KRW
005930,00126380,삼성전자,2020,FY,11011,OFS,,SCE,자본변동표,dart_EquityAtBeginningOfPeriod,기초자본,equity,제 52 기,177870247000000,,제 51 기,172988125000000,,1,KRW
005930,00126380,삼성전자,2020,FY,11011,OFS,,SCE,자본변동표,ifrs-full_ProfitLoss,당기순이익(손실),net_income,제 52 기,15615018000000,,제 51 기,15353323000000,,4,KRW
005930,00126380,삼성전자,2020,FY,11011,OFS,,SCE,자본변동표,ifrs-full_ProfitLoss,당기순이익(손실),net_income,제 52 기,15615018000000,,제 51 기,15353323000000,,4,KRW
005930,00126380,삼성전자,2020,FY,11011,OFS,,SCE,자본변동표,ifrs-full_Equity,기말자본,equity,제 52 기,183316724000000,,제 51 기,177870247000000,,10,KRW
005930,00126380,삼성전자,2020,FY,11011,OFS,,SCE,자본변동표,ifrs-full_Equity,기말자본,equity,제 52 기,-268785000000,,제 51 기,280514000000,,10,KRW
005930,00126380,삼성전자,2020,FY,11011,OFS,,SCE,자본변동표,ifrs-full_Equity,기말자본,equity,제 52 기,4403893000000,,제 51 기,4403893000000,,10,KRW
005930,00126380,삼성전자,2020,FY,11011,OFS,,SCE,자본변동표,ifrs-full_Equity,기말자본,equity,제 52 기,897514000000,,제 51 기,897514000000,,10,KRW
005930,00126380,삼성전자,2020,FY,11011,OFS,,SCE,자본변동표,ifrs-full_Equity,기말자본,equity,제 52 기,178284102000000,,제 51 기,172288326000000,,10,KRW
005930,00126380,삼성전자,2022,Q1,11013,CFS,,BS,재무상태표,ifrs-full_EquityAttributableToOwnersOfParent,지배기업 소유주지분,equity,제 54 기 1분기말,306391870000000,,제 53 기말,296237697000000,,43,KRW
005930,00126380,삼성전자,2022,Q1,11013,CFS,,BS,재무상태표,dart_ElementsOfOtherStockholdersEquity,기타자본항목,equity,제 54 기 1분기말,-652689000000,,제 53 기말,-2128473000000,,49,KRW
005930,00126380,삼성전자,2022,Q1,11013,CFS,,BS,재무상태표,ifrs-full_Equity,자본총계,equity,제 54 기 1분기말,315290919000000,,제 53 기말,304899931000000,,51,KRW
005930,00126380,삼성전자,2022,Q1,11013,CFS,,BS,재무상태표,ifrs-full_EquityAndLiabilities,부채와자본총계,equity,제 54 기 1분기말,439326959000000,,제 53 기말,426621158000000,,52,KRW
005930,00126380,삼성전자,2022,Q1,11013,CFS,,IS,손익계산서,dart_OperatingIncomeLoss,영업이익,operating_profit,제 54 기 1분기,14121409000000,14121409000000,,,9382868000000,4,KRW
005930,00126380,삼성전자,2022,Q1,11013,CFS,,IS,손익계산서,ifrs-full_ProfitLossBeforeTax,법인세비용차감전순이익(손실),net_income,제 54 기 1분기,15069840000000,15069840000000,,,9750645000000,10,KRW
005930,00126380,삼성전자,2022,Q1,11013,CFS,,IS,손익계산서,ifrs-full_ProfitLossFromContinuingOperations,계속영업이익(손실),operating_profit|net_income,제 54 기 1분기,11324628000000,11324628000000,,,7141685000000,12,KRW
005930,00126380,삼성전자,2022,Q1,11013,CFS,,IS,손익계산서,ifrs-full_ProfitLoss,당기순이익(손실),net_income,제 54 기 1분기,11324628000000,11324628000000,,,7141685000000,13,KRW
005930,00126380,삼성전자,2022,Q1,11013,CFS,,IS,손익계산서,ifrs-full_ProfitLossAttributableToOwnersOfParent,지배기업의 소유주에게 귀속되는 당기순이익(손실),net_income,제 54 기 1분기,11129094000000,11129094000000,,,7092786000000,15,KRW
005930,00126380,삼성전자,2022,Q1,11013,CFS,,IS,손익계산서,ifrs-full_ProfitLossAttributableToNoncontrollingInterests,비지배지분에 귀속되는 당기순이익(손실),net_income,제 54 기 1분기,195534000000,195534000000,,,48899000000,16,KRW
005930,00126380,삼성전자,2022,Q1,11013,CFS,,CIS,포괄손익계산서,ifrs-full_ProfitLoss,당기순이익(손실),net_income,제 54 기 1분기,11324628000000,11324628000000,,,7141685000000,0,KRW
005930,00126380,삼성전자,2022,Q1,11013,CFS,,CIS,포괄손익계산서,dart_ShareOfOtherComprehensiveIncomeOfAssociatesAndJointVenturesAccountedForUsingEquityMethodThatWillNotBeReclassifiedToProfitOrLossNetOfTax,관계기업 및 공동기업의 기타포괄손익에 대한 지분,equity,제 54 기 1분기,3752000000,3752000000,,,14425000000,4,KRW
005930,00126380,삼성전자,2022,Q1,11013,CFS,,CIS,포괄손익계산서,dart_ShareOfOtherComprehensiveIncomeOfAssociatesAndJointVenturesAccountedForUsingEquityMethodThatWillBeReclassifiedToProfitOrLossNetOfTax,관계기업 및 공동기업의 기타포괄손익에 대한 지분,equity,제 54 기 1분기,-260583000000,-260583000000,,,-53921000000,7,KRW
005930,00126380,삼성전자,2022,Q1,11013,CFS,,CF,현금흐름표,ifrs-full_CashFlowsFromUsedInOperatingActivities,영업활동 현금흐름,cfo,제 54 기 1분기,10453069000000,,,,,0,KRW
005930,00126380,삼성전자,2022,Q1,11013,CFS,,CF,현금흐름표,-표준계정코드 미사용-,당기순이익,net_income,제 54 기 1분기,11324628000000,,,,,2,KRW
005930,00126380,삼성전자,2022,Q1,11013,CFS,,CF,현금흐름표,ifrs-full_PurchaseOfPropertyPlantAndEquipmentClassifiedAsInvestingActivities,유형자산의 취득,capex,제 54 기 1분기,8706839000000,,,,,22,KRW
005930,00126380,삼성전자,2022,Q1,11013,CFS,,CF,현금흐름표,ifrs-full_PurchaseOfIntangibleAssetsClassifiedAsInvestingActivities,무형자산의 취득,capex,제 54 기 1분기,853443000000,,,,,24,KRW
005930,00126380,삼성전자,2022,Q1,11013,CFS,,SCE,자본변동표,dart_EquityAtBeginningOfPeriod,기초자본,equity,제 54 기 1분기,8662234000000,,,,,1,KRW
005930,00126380,삼성전자,2022,Q1,11013,CFS,,SCE,자본변동표,dart_EquityAtBeginningOfPeriod,기초자본,equity,제 54 기 1분기,304899931000000,,,,,1,KRW
005930,00126380,삼성전자,2022,Q1,11013,CFS,,SCE,자본변동표,dart_EquityAtBeginningOfPeriod,기초자본,equity,제 54 기 1분기,296237697000000,,,,,1,KRW
005930,00126380,삼성전자,2022,Q1,11013,CFS,,SCE,자본변동표,dart_EquityAtBeginningOfPeriod,기초자본,equity,제 54 기 1분기,4403893000000,,,,,1,KRW
005930,00126380,삼성전자,2022,Q1,11013,CFS,,SCE,자본변동표,dart_EquityAtBeginningOfPeriod,기초자본,equity,제 54 기 1분기,897514000000,,,,,1,KRW
005930,00126380,삼성전자,2022,Q1,11013,CFS,,SCE,자본변동표,dart_EquityAtBeginningOfPeriod,기초자본,equity,제 54 기 1분기,293064763000000,,,,,1,KRW
005930,00126380,삼성전자,2022,Q1,11013,CFS,,SCE,자본변동표,dart_EquityAtBeginningOfPeriod,기초자본,equity,제 54 기 1분기,0,,,,,1,KRW
005930,00126380,삼성전자,2022,Q1,11013,CFS,,SCE,자본변동표,dart_EquityAtBeginningOfPeriod,기초자본,equity,제 54 기 1분기,-2128473000000,,,,,1,KRW
005930,00126380,삼성전자,2022,Q1,11013,CFS,,SCE,자본변동표,ifrs-full_ProfitLoss,당기순이익(손실),net_income,제 54 기 1분기,11129094000000,,,,,2,KRW
005930,00126380,삼성전자,2022,Q1,11013,CFS,,SCE,자본변동표,ifrs-full_ProfitLoss,당기순이익(손실),net_income,제 54 기 1분기,11324628000000,,,,,2,KRW
005930,00126380,삼성전자,2022,Q1,11013,CFS,,SCE,자본변동표,ifrs-full_ProfitLoss,당기순이익(손실),net_income,제 54 기 1분기,11129094000000,,,,,2,KRW
005930,00126380,삼성전자,2022,Q1,11013,CFS,,SCE,자본변동표,ifrs-full_ProfitLoss,당기순이익(손실),net_income,제 54 기 1분기,195534000000,,,,,2,KRW
005930,00126380,삼성전자,2022,Q1,11013,CFS,,SCE,자본변동표,ifrs-full_Equity,기말자본,equity,제 54 기 1분기,0,,,,,12,KRW
005930,00126380,삼성전자,2022,Q1,11013,CFS,,SCE,자본변동표,ifrs-full_Equity,기말자본,equity,제 54 기 1분기,897514000000,,,,,12,KRW
005930,00126380,삼성전자,2022,Q1,11013,CFS,,SCE,자본변동표,ifrs-full_Equity,기말자본,equity,제 54 기 1분기,4403893000000,,,,,12,KRW
005930,00126380,삼성전자,2022,Q1,11013,CFS,,SCE,자본변동표,ifrs-full_Equity,기말자본,equity,제 54 기 1분기,-652689000000,,,,,12,KRW
005930,00126380,삼성전자,2022,Q1,11013,CFS,,SCE,자본변동표,ifrs-full_Equity,기말자본,equity,제 54 기 1분기,306391870000000,,,,,12,KRW
005930,00126380,삼성전자,2022,Q1,11013,CFS,,SCE,자본변동표,ifrs-full_Equity,기말자본,equity,제 54 기 1분기,8899049000000,,,,,12,KRW
005930,00126380,삼성전자,2022,Q1,11013,CFS,,SCE,자본변동표,ifrs-full_Equity,기말자본,equity,제 54 기 1분기,315290919000000,,,,,12,KRW
005930,00126380,삼성전자,2022,Q1,11013,CFS,,SCE,자본변동표,ifrs-full_Equity,기말자본,equity,제 54 기 1분기,301743152000000,,,,,12,KRW
005930,00126380,삼성전자,2022,Q1,11013,OFS,,BS,재무상태표,dart_ElementsOfOtherStockholdersEquity,기타자본항목,equity,제 54 기 1분기말,-998938000000,,제 53 기말,-882010000000,,44,KRW
005930,00126380,삼성전자,2022,Q1,11013,OFS,,BS,재무상태표,ifrs-full_Equity,자본총계,equity,제 54 기 1분기말,198275770000000,,제 53 기말,193193732000000,,45,KRW
005930,00126380,삼성전자,2022,Q1,11013,OFS,,BS,재무상태표,ifrs-full_EquityAndLiabilities,부채와자본총계,equity,제 54 기 1분기말,259354011000000,,제 53 기말,251112184000000,,46,KRW
005930,00126380,삼성전자,2022,Q1,11013,OFS,,IS,손익계산서,dart_OperatingIncomeLoss,영업이익,operating_profit,제 54 기 1분기,9151831000000,9151831000000,,,4445476000000,4,KRW
005930,00126380,삼성전자,2022,Q1,11013,OFS,,IS,손익계산서,ifrs-full_ProfitLossBeforeTax,법인세비용차감전순이익(손실),net_income,제 54 기 1분기,9678020000000,9678020000000,,,5817356000000,9,KRW
005930,00126380,삼성전자,2022,Q1,11013,OFS,,IS,손익계산서,ifrs-full_ProfitLossFromContinuingOperations,계속영업이익(손실),operating_profit|net_income,제 54 기 1분기,7651943000000,7651943000000,,,4547604000000,11,KRW
005930,00126380,삼성전자,2022,Q1,11013,OFS,,IS,손익계산서,ifrs-full_ProfitLoss,당기순이익(손실),net_income,제 54 기 1분기,7651943000000,7651943000000,,,4547604000000,12,KRW
005930,00126380,삼성전자,2022,Q1,11013,OFS,,CIS,포괄손익계산서,ifrs-full_ProfitLoss,당기순이익(손실),net_income,제 54 기 1분기,7651943000000,7651943000000,,,4547604000000,0,KRW
005930,00126380,삼성전자,2022,Q1,11013,OFS,,CF,현금흐름표,ifrs-full_CashFlowsFromUsedInOperatingActivities,영업활동 현금흐름,cfo,제 54 기 1분기,9736848000000,,,,,0,KRW
005930,00126380,삼성전자,2022,Q1,11013,OFS,,CF,현금흐름표,dart_ProfitLossForStatementOfCashFlows,영업에서 창출된 현금흐름,net_income,제 54 기 1분기,9796140000000,,,,,1,KRW
005930,00126380,삼성전자,2022,Q1,11013,OFS,,CF,현금흐름표,-표준계정코드 미사용-,당기순이익,net_income,제 54 기 1분기,7651943000000,,,,,2,KRW
005930,00126380,삼성전자,2022,Q1,11013,OFS,,CF,현금흐름표,ifrs-full_PurchaseOfPropertyPlantAndEquipmentClassifiedAsInvestingActivities,유형자산의 취득,capex,제 54 기 1분기,6939519000000,,,,,16,KRW
005930,00126380,삼성전자,2022,Q1,11013,OFS,,CF,현금흐름표,ifrs-full_PurchaseOfIntangibleAssetsClassifiedAsInvestingActivities,무형자산의 취득,capex,제 54 기 1분기,863935000000,,,,,18,KRW
005930,00126380,삼성전자,2022,Q1,11013,OFS,,SCE,자본변동표,dart_EquityAtBeginningOfPeriod,기초자본,equity,제 54 기 1분기,-882010000000,,,,,1,KRW
005930,00126380,삼성전자,2022,Q1,11013,OFS,,SCE,자본변동표,dart_EquityAtBeginningOfPeriod,기초자본,equity,제 54 기 1분기,193193732000000,,,,,1,KRW
005930,00126380,삼성전자,2022,Q1,11013,OFS,,SCE,자본변동표,dart_EquityAtBeginningOfPeriod,기초자본,equity,제 54 기 1분기,897514000000,,,,,1,KRW
005930,00126380,삼성전자,2022,Q1,11013,OFS,,SCE,자본변동표,dart_EquityAtBeginningOfPeriod,기초자본,equity,제 54 기 1분기,188774335000000,,,,,1,KRW
005930,00126380,삼성전자,2022,Q1,11013,OFS,,SCE,자본변동표,dart_EquityAtBeginningOfPeriod,기초자본,equity,제 54 기 1분기,4403893000000,,,,,1,KRW
005930,00126380,삼성전자,2022,Q1,11013,OFS,,SCE,자본변동표,ifrs-full_ProfitLoss,당기순이익(손실),net_income,제 54 기 1분기,7651943000000,,,,,2,KRW
005930,00126380,삼성전자,2022,Q1,11013,OFS,,SCE,자본변동표,ifrs-full_ProfitLoss,당기순이익(손실),net_income,제 54 기 1분기,7651943000000,,,,,2,KRW
005930,00126380,삼성전자,2022,Q1,11013,OFS,,SCE,자본변동표,ifrs-full_Equity,기말자본,equity,제 54 기 1분기,4403893000000,,,,,6,KRW
005930,00126380,삼성전자,2022,Q1,11013,OFS,,SCE,자본변동표,ifrs-full_Equity,기말자본,equity,제 54 기 1분기,897514000000,,,,,6,KRW
005930,00126380,삼성전자,2022,Q1,11013,OFS,,SCE,자본변동표,ifrs-full_Equity,기말자본,equity,제 54 기 1분기,193973301000000,,,,,6,KRW
005930,00126380,삼성전자,2022,Q1,11013,OFS,,SCE,자본변동표,ifrs-full_Equity,기말자본,equity,제 54 기 1분기,198275770000000,,,,,6,KRW
005930,00126380,삼성전자,2022,Q1,11013,OFS,,SCE,자본변동표,ifrs-full_Equity,기말자본,equity,제 54 기 1분기,-998938000000,,,,,6,KRW
005930,00126380,삼성전자,2022,H1,11012,CFS,,BS,재무상태표,ifrs-full_EquityAttributableToOwnersOfParent,지배기업 소유주지분,equity,제 54 기 반기말,318830612000000,,제 53 기말,296237697000000,,43,KRW
005930,00126380,삼성전자,2022,H1,11012,CFS,,BS,재무상태표,dart_ElementsOfOtherStockholdersEquity,기타자본항목,equity,제 54 기 반기말,3312420000000,,제 53 기말,-2128473000000,,49,KRW
005930,00126380,삼성전자,2022,H1,11012,CFS,,BS,재무상태표,ifrs-full_Equity,자본총계,equity,제 54 기 반기말,327906664000000,,제 53 기말,304899931000000,,51,KRW
005930,00126380,삼성전자,2022,H1,11012,CFS,,BS,재무상태표,ifrs-full_EquityAndLiabilities,부채와자본총계,equity,제 54 기 반기말,448040650000000,,제 53 기말,426621158000000,,52,KRW
005930,00126380,삼성전자,2022,H1,11012,CFS,,IS,손익계산서,dart_OperatingIncomeLoss,영업이익,operating_profit,제 54 기 반기,14097045000000,28218454000000,,,21949613000000,4,KRW
005930,00126380,삼성전자,2022,H1,11012,CFS,,IS,손익계산서,ifrs-full_ProfitLossBeforeTax,법인세비용차감전순이익(손실),net_income,제 54 기 반기,14460758000000,29530598000000,,,22633075000000,10,KRW
005930,00126380,삼성전자,2022,H1,11012,CFS,,IS,손익계산서,ifrs-full_ProfitLossFromContinuingOperations,계속영업이익(손실),operating_profit|net_income,제 54 기 반기,11098805000000,22423433000000,,,16776171000000,12,KRW
005930,00126380,삼성전자,2022,H1,11012,CFS,,IS,손익계산서,ifrs-full_ProfitLoss,당기순이익(손실),net_income,제 54 기 반기,11098805000000,22423433000000,,,16776171000000,13,KRW
005930,00126380,삼성전자,2022,H1,11012,CFS,,IS,손익계산서,ifrs-full_ProfitLossAttributableToOwnersOfParent,지배기업의 소유주에게 귀속되는 당기순이익(손실),net_income,제 54 기 반기,10954515000000,22083609000000,,,16543462000000,15,KRW
005930,00126380,삼성전자,2022,H1,11012,CFS,,IS,손익계산서,ifrs-full_ProfitLossAttributableToNoncontrollingInterests,비지배지분에 귀속되는 당기순이익(손실),net_income,제 54 기 반기,144290000000,339824000000,,,232709000000,16,KRW
005930,00126380,삼성전자,2022,H1,11012,CFS,,CIS,포괄손익계산서,ifrs-full_ProfitLoss,당기순이익(손실),net_income,제 54 기 반기,11098805000000,22423433000000,,,16776171000000,0,KRW
005930,00126380,삼성전자,2022,H1,11012,CFS,,CIS,포괄손익계산서,dart_ShareOfOtherComprehensiveIncomeOfAssociatesAndJointVenturesAccountedForUsingEquityMethodThatWillNotBeReclassifiedToProfitOrLossNetOfTax,관계기업 및 공동기업의 기타포괄손익에 대한 지분,equity,제 54 기 반기,-15627000000,-11875000000,,,65631000000,4,KRW
005930,00126380,삼성전자,2022,H1,11012,CFS,,CIS,포괄손익계산서,dart_ShareOfOtherComprehensiveIncomeOfAssociatesAndJointVenturesAccountedForUsingEquityMethodThatWillBeReclassifiedToProfitOrLossNetOfTax,관계기업 및 공동기업의 기타포괄손익에 대한 지분,equity,제 54 기 반기,295429000000,34846000000,,,41659000000,7,KRW
005930,00126380,삼성전자,2022,H1,11012,CFS,,CF,현금흐름표,ifrs-full_CashFlowsFromUsedInOperatingActivities,영업활동 현금흐름,cfo,제 54 기 반기,24589135000000,,,,,0,KRW
005930,00126380,삼성전자,2022,H1,11012,CFS,,CF,현금흐름표,-표준계정코드 미사용-,당기순이익,net_income,제 54 기 반기,22423433000000,,,,,2,KRW
005930,00126380,삼성전자,2022,H1,11012,CFS,,CF,현금흐름표,ifrs-full_PurchaseOfPropertyPlantAndEquipmentClassifiedAsInvestingActivities,유형자산의 취득,capex,제 54 기 반기,20157775000000,,,,,22,KRW
005930,00126380,삼성전자,2022,H1,11012,CFS,,CF,현금흐름표,ifrs-full_PurchaseOfIntangibleAssetsClassifiedAsInvestingActivities,무형자산의 취득,capex,제 54 기 반기,1576361000000,,,,,24,KRW
005930,00126380,삼성전자,2022,H1,11012,CFS,,SCE,자본변동표,dart_EquityAtBeginningOfPeriod,기초자본,equity,제 54 기 반기,304899931000000,,,,,1,KRW
005930,00126380,삼성전자,2022,H1,11012,CFS,,SCE,자본변동표,dart_EquityAtBeginningOfPeriod,기초자본,equity,제 54 기 반기,897514000000,,,,,1,KRW
005930,00126380,삼성전자,2022,H1,11012,CFS,,SCE,자본변동표,dart_EquityAtBeginningOfPeriod,기초자본,equity,제 54 기 반기,293064763000000,,,,,1,KRW
005930,00126380,삼성전자,2022,H1,11012,CFS,,SCE,자본변동표,dart_EquityAtBeginningOfPeriod,기초자본,equity,제 54 기 반기,4403893000000,,,,,1,KRW
005930,00126380,삼성전자,2022,H1,11012,CFS,,SCE,자본변동표,dart_EquityAtBeginningOfPeriod,기초자본,equity,제 54 기 반기,0,,,,,1,KRW
005930,00126380,삼성전자,2022,H1,11012,CFS,,SCE,자본변동표,dart_EquityAtBeginningOfPeriod,기초자본,equity,제 54 기 반기,-2128473000000,,,,,1,KRW
005930,00126380,삼성전자,2022,H1,11012,CFS,,SCE,자본변동표,dart_EquityAtBeginningOfPeriod,기초자본,equity,제 54 기 반기,296237697000000,,,,,1,KRW
005930,00126380,삼성전자,2022,H1,11012,CFS,,SCE,자본변동표,dart_EquityAtBeginningOfPeriod,기초자본,equity,제 54 기 반기,8662234000000,,,,,1,KRW
005930,00126380,삼성전자,2022,H1,11012,CFS,,SCE,자본변동표,ifrs-full_ProfitLoss,당기순이익(손실),net_income,제 54 기 반기,22083609000000,,,,,2,KRW
005930,00126380,삼성전자,2022,H1,11012,CFS,,SCE,자본변동표,ifrs-full_ProfitLoss,당기순이익(손실),net_income,제 54 기 반기,11098805000000,,,,,2,KRW
005930,00126380,삼성전자,2022,H1,11012,CFS,,SCE,자본변동표,ifrs-full_ProfitLoss,당기순이익(손실),net_income,제 54 기 반기,339824000000,,,,,2,KRW
005930,00126380,삼성전자,2022,H1,11012,CFS,,SCE,자본변동표,ifrs-full_ProfitLoss,당기순이익(손실),net_income,제 54 기 반기,22083609000000,,,,,2,KRW
005930,00126380,삼성전자,2022,H1,11012,CFS,,SCE,자본변동표,ifrs-full_Equity,기말자본,equity,제 54 기 반기,0,,,,,13,KRW
005930,00126380,삼성전자,2022,H1,11012,CFS,,SCE,자본변동표,ifrs-full_Equity,기말자본,equity,제 54 기 반기,310216785000000,,,,,13,KRW
005930,00126380,삼성전자,2022,H1,11012,CFS,,SCE,자본변동표,ifrs-full_Equity,기말자본,equity,제 54 기 반기,897514000000,,,,,13,KRW
005930,00126380,삼성전자,2022,H1,11012,CFS,,SCE,자본변동표,ifrs-full_Equity,기말자본,equity,제 54 기 반기,4403893000000,,,,,13,KRW
005930,00126380,삼성전자,2022,H1,11012,CFS,,SCE,자본변동표,ifrs-full_Equity,기말자본,equity,제 54 기 반기,327906664000000,,,,,13,KRW
005930,00126380,삼성전자,2022,H1,11012,CFS,,SCE,자본변동표,ifrs-full_Equity,기말자본,equity,제 54 기 반기,9076052000000,,,,,13,KRW
005930,00126380,삼성전자,2022,H1,11012,CFS,,SCE,자본변동표,ifrs-full_Equity,기말자본,equity,제 54 기 반기,3312420000000,,,,,13,KRW
005930,00126380,삼성전자,2022,H1,11012,CFS,,SCE,자본변동표,ifrs-full_Equity,기말자본,equity,제 54 기 반기,318830612000000,,,,,13,KRW
005930,00126380,삼성전자,2022,H1,11012,OFS,,BS,재무상태표,dart_ElementsOfOtherStockholdersEquity,기타자본항목,equity,제 54 기 반기말,-1099416000000,,제 53 기말,-882010000000,,44,KRW
005930,00126380,삼성전자,2022,H1,11012,OFS,,BS,재무상태표,ifrs-full_Equity,자본총계,equity,제 54 기 반기말,203914447000000,,제 53 기말,193193732000000,,45,KRW
005930,00126380,삼성전자,2022,H1,11012,OFS,,BS,재무상태표,ifrs-full_EquityAndLiabilities,부채와자본총계,equity,제 54 기 반기말,258971297000000,,제 53 기말,251112184000000,,46,KRW
005930,00126380,삼성전자,2022,H1,11012,OFS,,IS,손익계산서,dart_OperatingIncomeLoss,영업이익,operating_profit,제 54 기 반기,10158878000000,19310709000000,,,12164230000000,4,KRW
005930,00126380,삼성전자,2022,H1,11012,OFS,,IS,손익계산서,ifrs-full_ProfitLossBeforeTax,법인세비용차감전순이익(손실),net_income,제 54 기 반기,10260105000000,19938125000000,,,17323223000000,9,KRW
005930,00126380,삼성전자,2022,H1,11012,OFS,,IS,손익계산서,ifrs-full_ProfitLossFromContinuingOperations,계속영업이익(손실),operating_profit|net_income,제 54 기 반기,8191308000000,15843251000000,,,13676794000000,11,KRW
005930,00126380,삼성전자,2022,H1,11012,OFS,,IS,손익계산서,ifrs-full_ProfitLoss,당기순이익(손실),net_income,제 54 기 반기,8191308000000,15843251000000,,,13676794000000,12,KRW
005930,00126380,삼성전자,2022,H1,11012,OFS,,CIS,포괄손익계산서,ifrs-full_ProfitLoss,당기순이익(손실),net_income,제 54 기 반기,8191308000000,15843251000000,,,13676794000000,0,KRW
005930,00126380,삼성전자,2022,H1,11012,OFS,,CF,현금흐름표,ifrs-full_CashFlowsFromUsedInOperatingActivities,영업활동 현금흐름,cfo,제 54 기 반기,21221889000000,,,,,0,KRW
005930,00126380,삼성전자,2022,H1,11012,OFS,,CF,현금흐름표,dart_ProfitLossForStatementOfCashFlows,영업에서 창출된 현금흐름,net_income,제 54 기 반기,26374703000000,,,,,1,KRW
005930,00126380,삼성전자,2022,H1,11012,OFS,,CF,현금흐름표,-표준계정코드 미사용-,당기순이익,net_income,제 54 기 반기,15843251000000,,,,,2,KRW
005930,00126380,삼성전자,2022,H1,11012,OFS,,CF,현금흐름표,ifrs-full_PurchaseOfPropertyPlantAndEquipmentClassifiedAsInvestingActivities,유형자산의 취득,capex,제 54 기 반기,16286602000000,,,,,16,KRW
005930,00126380,삼성전자,2022,H1,11012,OFS,,CF,현금흐름표,ifrs-full_PurchaseOfIntangibleAssetsClassifiedAsInvestingActivities,무형자산의 취득,capex,제 54 기 반기,1335396000000,,,,,18,KRW
005930,00126380,삼성전자,2022,H1,11012,OFS,,SCE,자본변동표,dart_EquityAtBeginningOfPeriod,기초자본,equity,제 54 기 반기,-882010000000,,,,,1,KRW
005930,00126380,삼성전자,2022,H1,11012,OFS,,SCE,자본변동표,dart_EquityAtBeginningOfPeriod,기초자본,equity,제 54 기 반기,193193732000000,,,,,1,KRW
005930,00126380,삼성전자,2022,H1,11012,OFS,,SCE,자본변동표,dart_EquityAtBeginningOfPeriod,기초자본,equity,제 54 기 반기,897514000000,,,,,1,KRW
005930,00126380,삼성전자,2022,H1,11012,OFS,,SCE,자본변동표,dart_EquityAtBeginningOfPeriod,기초자본,equity,제 54 기 반기,188774335000000,,,,,1,KRW
005930,00126380,삼성전자,2022,H1,11012,OFS,,SCE,자본변동표,dart_EquityAtBeginningOfPeriod,기초자본,equity,제 54 기 반기,4403893000000,,,,,1,KRW
005930,00126380,삼성전자,2022,H1,11012,OFS,,SCE,자본변동표,ifrs-full_ProfitLoss,당기순이익(손실),net_income,제 54 기 반기,15843251000000,,,,,2,KRW
005930,00126380,삼성전자,2022,H1,11012,OFS,,SCE,자본변동표,ifrs-full_ProfitLoss,당기순이익(손실),net_income,제 54 기 반기,8191308000000,,,,,2,KRW
005930,00126380,삼성전자,2022,H1,11012,OFS,,SCE,자본변동표,ifrs-full_Equity,기말자본,equity,제 54 기 반기,4403893000000,,,,,6,KRW
005930,00126380,삼성전자,2022,H1,11012,OFS,,SCE,자본변동표,ifrs-full_Equity,기말자본,equity,제 54 기 반기,897514000000,,,,,6,KRW
005930,00126380,삼성전자,2022,H1,11012,OFS,,SCE,자본변동표,ifrs-full_Equity,기말자본,equity,제 54 기 반기,199712456000000,,,,,6,KRW
005930,00126380,삼성전자,2022,H1,11012,OFS,,SCE,자본변동표,ifrs-full_Equity,기말자본,equity,제 54 기 반기,203914447000000,,,,,6,KRW
005930,00126380,삼성전자,2022,H1,11012,OFS,,SCE,자본변동표,ifrs-full_Equity,기말자본,equity,제 54 기 반기,-1099416000000,,,,,6,KRW
005930,00126380,삼성전자,2022,Q3,11014,CFS,,BS,재무상태표,ifrs-full_EquityAttributableToOwnersOfParent,지배기업 소유주지분,equity,제 54 기 3분기말,335470176000000,,제 53 기말,296237697000000,,43,KRW
005930,00126380,삼성전자,2022,Q3,11014,CFS,,BS,재무상태표,dart_ElementsOfOtherStockholdersEquity,기타자본항목,equity,제 54 기 3분기말,13278497000000,,제 53 기말,-2128473000000,,49,KRW
005930,00126380,삼성전자,2022,Q3,11014,CFS,,BS,재무상태표,ifrs-full_Equity,자본총계,equity,제 54 기 3분기말,344906889000000,,제 53 기말,304899931000000,,51,KRW
005930,00126380,삼성전자,2022,Q3,11014,CFS,,BS,재무상태표,ifrs-full_EquityAndLiabilities,부채와자본총계,equity,제 54 기 3분기말,470278409000000,,제 53 기말,426621158000000,,52,KRW
005930,00126380,삼성전자,2022,Q3,11014,CFS,,IS,손익계산서,dart_OperatingIncomeLoss,영업이익,operating_profit,제 54 기 3분기,10852045000000,39070499000000,,,37767144000000,4,KRW
005930,00126380,삼성전자,2022,Q3,11014,CFS,,IS,손익계산서,ifrs-full_ProfitLossBeforeTax,법인세비용차감전순이익(손실),net_income,제 54 기 3분기,11854958000000,41385556000000,,,38988944000000,10,KRW
005930,00126380,삼성전자,2022,Q3,11014,CFS,,IS,손익계산서,ifrs-full_ProfitLossFromContinuingOperations,계속영업이익(손실),operating_profit|net_income,제 54 기 3분기,9389198000000,31812631000000,,,29069502000000,12,KRW
005930,00126380,삼성전자,2022,Q3,11014,CFS,,IS,손익계산서,ifrs-full_ProfitLoss,당기순이익(손실),net_income,제 54 기 3분기,9389198000000,31812631000000,,,29069502000000,13,KRW
005930,00126380,삼성전자,2022,Q3,11014,CFS,,IS,손익계산서,ifrs-full_ProfitLossAttributableToOwnersOfParent,지배기업의 소유주에게 귀속되는 당기순이익(손실),net_income,제 54 기 3분기,9143900000000,31227509000000,,,28600669000000,15,KRW
005930,00126380,삼성전자,2022,Q3,11014,CFS,,IS,손익계산서,ifrs-full_ProfitLossAttributableToNoncontrollingInterests,비지배지분에 귀속되는 당기순이익(손실),net_income,제 54 기 3분기,245298000000,585122000000,,,468833000000,16,KRW
005930,00126380,삼성전자,2022,Q3,11014,CFS,,CIS,포괄손익계산서,ifrs-full_ProfitLoss,당기순이익(손실),net_income,제 54 기 3분기,9389198000000,31812631000000,,,29069502000000,0,KRW
005930,00126380,삼성전자,2022,Q3,11014,CFS,,CIS,포괄손익계산서,dart_ShareOfOtherComprehensiveIncomeOfAssociatesAndJointVenturesAccountedForUsingEquityMethodThatWillNotBeReclassifiedToProfitOrLossNetOfTax,관계기업 및 공동기업의 기타포괄손익에 대한 지분,equity,제 54 기 3분기,-25788000000,-37663000000,,,87503000000,4,KRW
005930,00126380,삼성전자,2022,Q3,11014,CFS,,CIS,포괄손익계산서,dart_ShareOfOtherComprehensiveIncomeOfAssociatesAndJointVenturesAccountedForUsingEquityMethodThatWillBeReclassifiedToProfitOrLossNetOfTax,관계기업 및 공동기업의 기타포괄손익에 대한 지분,equity,제 54 기 3분기,173955000000,208801000000,,,126157000000,7,KRW
005930,00126380,삼성전자,2022,Q3,11014,CFS,,CF,현금흐름표,ifrs-full_CashFlowsFromUsedInOperatingActivities,영업활동 현금흐름,cfo,제 54 기 3분기,43568446000000,,,,,0,KRW
005930,00126380,삼성전자,2022,Q3,11014,CFS,,CF,현금흐름표,-표준계정코드 미사용-,당기순이익,net_income,제 54 기 3분기,31812631000000,,,,,2,KRW
005930,00126380,삼성전자,2022,Q3,11014,CFS,,CF,현금흐름표,ifrs-full_PurchaseOfPropertyPlantAndEquipmentClassifiedAsInvestingActivities,유형자산의 취득,capex,제 54 기 3분기,32471328000000,,,,,22,KRW
005930,00126380,삼성전자,2022,Q3,11014,CFS,,CF,현금흐름표,ifrs-full_PurchaseOfIntangibleAssetsClassifiedAsInvestingActivities,무형자산의 취득,capex,제 54 기 3분기,3189459000000,,,,,24,KRW
005930,00126380,삼성전자,2022,Q3,11014,CFS,,SCE,자본변동표,dart_EquityAtBeginningOfPeriod,기초자본,equity,제 54 기 3분기,304899931000000,,,,,1,KRW
005930,00126380,삼성전자,2022,Q3,11014,CFS,,SCE,자본변동표,dart_EquityAtBeginningOfPeriod,기초자본,equity,제 54 기 3분기,897514000000,,,,,1,KRW
005930,00126380,삼성전자,2022,Q3,11014,CFS,,SCE,자본변동표,dart_EquityAtBeginningOfPeriod,기초자본,equity,제 54 기 3분기,293064763000000,,,,,1,KRW
005930,00126380,삼성전자,2022,Q3,11014,CFS,,SCE,자본변동표,dart_EquityAtBeginningOfPeriod,기초자본,equity,제 54 기 3분기,4403893000000,,,,,1,KRW
005930,00126380,삼성전자,2022,Q3,11014,CFS,,SCE,자본변동표,dart_EquityAtBeginningOfPeriod,기초자본,equity,제 54 기 3분기,0,,,,,1,KRW
005930,00126380,삼성전자,2022,Q3,11014,CFS,,SCE,자본변동표,dart_EquityAtBeginningOfPeriod,기초자본,equity,제 54 기 3분기,-2128473000000,,,,,1,KRW
005930,00126380,삼성전자,2022,Q3,11014,CFS,,SCE,자본변동표,dart_EquityAtBeginningOfPeriod,기초자본,equity,제 54 기 3분기,296237697000000,,,,,1,KRW
005930,00126380,삼성전자,2022,Q3,11014,CFS,,SCE,자본변동표,dart_EquityAtBeginningOfPeriod,기초자본,equity,제 54 기 3분기,8662234000000,,,,,1,KRW
005930,00126380,삼성전자,2022,Q3,11014,CFS,,SCE,자본변동표,ifrs-full_ProfitLoss,당기순이익(손실),net_income,제 54 기 3분기,31227509000000,,,,,2,KRW
005930,00126380,삼성전자,2022,Q3,11014,CFS,,SCE,자본변동표,ifrs-full_ProfitLoss,당기순이익(손실),net_income,제 54 기 3분기,9389198000000,,,,,2,KRW
005930,00126380,삼성전자,2022,Q3,11014,CFS,,SCE,자본변동표,ifrs-full_ProfitLoss,당기순이익(손실),net_income,제 54 기 3분기,585122000000,,,,,2,KRW
005930,00126380,삼성전자,2022,Q3,11014,CFS,,SCE,자본변동표,ifrs-full_ProfitLoss,당기순이익(손실),net_income,제 54 기 3분기,31227509000000,,,,,2,KRW
005930,00126380,삼성전자,2022,Q3,11014,CFS,,SCE,자본변동표,ifrs-full_Equity,기말자본,equity,제 54 기 3분기,0,,,,,13,KRW
005930,00126380,삼성전자,2022,Q3,11014,CFS,,SCE,자본변동표,ifrs-full_Equity,기말자본,equity,제 54 기 3분기,316890272000000,,,,,13,KRW
005930,00126380,삼성전자,2022,Q3,11014,CFS,,SCE,자본변동표,ifrs-full_Equity,기말자본,equity,제 54 기 3분기,897514000000,,,,,13,KRW
005930,00126380,삼성전자,2022,Q3,11014,CFS,,SCE,자본변동표,ifrs-full_Equity,기말자본,equity,제 54 기 3분기,4403893000000,,,,,13,KRW
005930,00126380,삼성전자,2022,Q3,11014,CFS,,SCE,자본변동표,ifrs-full_Equity,기말자본,equity,제 54 기 3분기,344906889000000,,,,,13,KRW
005930,00126380,삼성전자,2022,Q3,11014,CFS,,SCE,자본변동표,ifrs-full_Equity,기말자본,equity,제 54 기 3분기,9436713000000,,,,,13,KRW
005930,00126380,삼성전자,2022,Q3,11014,CFS,,SCE,자본변동표,ifrs-full_Equity,기말자본,equity,제 54 기 3분기,13278497000000,,,,,13,KRW
005930,00126380,삼성전자,2022,Q3,11014,CFS,,SCE,자본변동표,ifrs-full_Equity,기말자본,equity,제 54 기 3분기,335470176000000,,,,,13,KRW
005930,00126380,삼성전자,2022,Q3,11014,OFS,,BS,재무상태표,dart_ElementsOfOtherStockholdersEquity,기타자본항목,equity,제 54 기 3분기말,-1261149000000,,제 53 기말,-882010000000,,44,KRW
005930,00126380,삼성전자,2022,Q3,11014,OFS,,BS,재무상태표,ifrs-full_Equity,자본총계,equity,제 54 기 3분기말,207045706000000,,제 53 기말,193193732000000,,45,KRW
005930,00126380,삼성전자,2022,Q3,11014,OFS,,BS,재무상태표,ifrs-full_EquityAndLiabilities,부채와자본총계,equity,제 54 기 3분기말,261029078000000,,제 53 기말,251112184000000,,46,KRW
005930,00126380,삼성전자,2022,Q3,11014,OFS,,IS,손익계산서,dart_OperatingIncomeLoss,영업이익,operating_profit,제 54 기 3분기,6430056000000,25740765000000,,,22745411000000,4,KRW
005930,00126380,삼성전자,2022,Q3,11014,OFS,,IS,손익계산서,ifrs-full_ProfitLossBeforeTax,법인세비용차감전순이익(손실),net_income,제 54 기 3분기,6540908000000,26479033000000,,,27992110000000,9,KRW
005930,00126380,삼성전자,2022,Q3,11014,OFS,,IS,손익계산서,ifrs-full_ProfitLossFromContinuingOperations,계속영업이익(손실),operating_profit|net_income,제 54 기 3분기,5748478000000,21591729000000,,,22271460000000,11,KRW
005930,00126380,삼성전자,2022,Q3,11014,OFS,,IS,손익계산서,ifrs-full_ProfitLoss,당기순이익(손실),net_income,제 54 기 3분기,5748478000000,21591729000000,,,22271460000000,12,KRW
005930,00126380,삼성전자,2022,Q3,11014,OFS,,CIS,포괄손익계산서,ifrs-full_ProfitLoss,당기순이익(손실),net_income,제 54 기 3분기,5748478000000,21591729000000,,,22271460000000,0,KRW
005930,00126380,삼성전자,2022,Q3,11014,OFS,,CF,현금흐름표,ifrs-full_CashFlowsFromUsedInOperatingActivities,영업활동 현금흐름,cfo,제 54 기 3분기,32668076000000,,,,,0,KRW
005930,00126380,삼성전자,2022,Q3,11014,OFS,,CF,현금흐름표,dart_ProfitLossForStatementOfCashFlows,영업에서 창출된 현금흐름,net_income,제 54 기 3분기,39316849000000,,,,,1,KRW
005930,00126380,삼성전자,2022,Q3,11014,OFS,,CF,현금흐름표,-표준계정코드 미사용-,당기순이익,net_income,제 54 기 3분기,21591729000000,,,,,2,KRW
005930,00126380,삼성전자,2022,Q3,11014,OFS,,CF,현금흐름표,ifrs-full_PurchaseOfPropertyPlantAndEquipmentClassifiedAsInvestingActivities,유형자산의 취득,capex,제 54 기 3분기,26103575000000,,,,,16,KRW
005930,00126380,삼성전자,2022,Q3,11014,OFS,,CF,현금흐름표,ifrs-full_PurchaseOfIntangibleAssetsClassifiedAsInvestingActivities,무형자산의 취득,capex,제 54 기 3분기,2885624000000,,,,,18,KRW
005930,00126380,삼성전자,2022,Q3,11014,OFS,,SCE,자본변동표,dart_EquityAtBeginningOfPeriod,기초자본,equity,제 54 기 3분기,193193732000000,,,,,1,KRW
005930,00126380,삼성전자,2022,Q3,11014,OFS,,SCE,자본변동표,dart_EquityAtBeginningOfPeriod,기초자본,equity,제 54 기 3분기,4403893000000,,,,,1,KRW
005930,00126380,삼성전자,2022,Q3,11014,OFS,,SCE,자본변동표,dart_EquityAtBeginningOfPeriod,기초자본,equity,제 54 기 3분기,897514000000,,,,,1,KRW
005930,00126380,삼성전자,2022,Q3,11014,OFS,,SCE,자본변동표,dart_EquityAtBeginningOfPeriod,기초자본,equity,제 54 기 3분기,188774335000000,,,,,1,KRW
005930,00126380,삼성전자,2022,Q3,11014,OFS,,SCE,자본변동표,dart_EquityAtBeginningOfPeriod,기초자본,equity,제 54 기 3분기,-882010000000,,,,,1,KRW
005930,00126380,삼성전자,2022,Q3,11014,OFS,,SCE,자본변동표,ifrs-full_ProfitLoss,당기순이익(손실),net_income,제 54 기 3분기,21591729000000,,,,,2,KRW
005930,00126380,삼성전자,2022,Q3,11014,OFS,,SCE,자본변동표,ifrs-full_ProfitLoss,당기순이익(손실),net_income,제 54 기 3분기,5748478000000,,,,,2,KRW
005930,00126380,삼성전자,2022,Q3,11014,OFS,,SCE,자본변동표,ifrs-full_Equity,기말자본,equity,제 54 기 3분기,203005448000000,,,,,6,KRW
005930,00126380,삼성전자,2022,Q3,11014,OFS,,SCE,자본변동표,ifrs-full_Equity,기말자본,equity,제 54 기 3분기,207045706000000,,,,,6,KRW
005930,00126380,삼성전자,2022,Q3,11014,OFS,,SCE,자본변동표,ifrs-full_Equity,기말자본,equity,제 54 기 3분기,4403893000000,,,,,6,KRW
005930,00126380,삼성전자,2022,Q3,11014,OFS,,SCE,자본변동표,ifrs-full_Equity,기말자본,equity,제 54 기 3분기,897514000000,,,,,6,KRW
005930,00126380,삼성전자,2022,Q3,11014,OFS,,SCE,자본변동표,ifrs-full_Equity,기말자본,equity,제 54 기 3분기,-1261149000000,,,,,6,KRW
005930,00126380,삼성전자,2022,FY,11011,CFS,,BS,재무상태표,ifrs-full_EquityAttributableToOwnersOfParent,지배기업 소유주지분,equity,제 54 기,345186142000000,,제 53 기,296237697000000,,45,KRW
005930,00126380,삼성전자,2022,FY,11011,CFS,,BS,재무상태표,dart_ElementsOfOtherStockholdersEquity,기타자본항목,equity,제 54 기,1938328000000,,제 53 기,-2128473000000,,51,KRW
005930,00126380,삼성전자,2022,FY,11011,CFS,,BS,재무상태표,ifrs-full_Equity,자본총계,equity,제 54 기,354749604000000,,제 53 기,304899931000000,,54,KRW
005930,00126380,삼성전자,2022,FY,11011,CFS,,BS,재무상태표,ifrs-full_EquityAndLiabilities,부채와자본총계,equity,제 54 기,448424507000000,,제 53 기,426621158000000,,55,KRW
005930,00126380,삼성전자,2022,FY,11011,CFS,,IS,손익계산서,dart_OperatingIncomeLoss,영업이익,operating_profit,제 54 기,43376630000000,,제 53 기,51633856000000,,4,KRW
005930,00126380,삼성전자,2022,FY,11011,CFS,,IS,손익계산서,ifrs-full_ProfitLossBeforeTax,법인세비용차감전순이익(손실),net_income,제 54 기,46440474000000,,제 53 기,53351827000000,,10,KRW
005930,00126380,삼성전자,2022,FY,11011,CFS,,IS,손익계산서,ifrs-full_ProfitLossFromContinuingOperations,계속영업이익(손실),operating_profit|net_income,제 54 기,55654077000000,,제 53 기,39907450000000,,12,KRW
005930,00126380,삼성전자,2022,FY,11011,CFS,,IS,손익계산서,ifrs-full_ProfitLoss,당기순이익(손실),net_income,제 54 기,55654077000000,,제 53 기,39907450000000,,13,KRW
005930,00126380,삼성전자,2022,FY,11011,CFS,,IS,손익계산서,ifrs-full_ProfitLossAttributableToOwnersOfParent,지배기업의 소유주에게 귀속되는 당기순이익(손실),net_income,제 54 기,54730018000000,,제 53 기,39243791000000,,15,KRW
005930,00126380,삼성전자,2022,FY,11011,CFS,,IS,손익계산서,ifrs-full_ProfitLossAttributableToNoncontrollingInterests,비지배지분에 귀속되는 당기순이익(손실),net_income,제 54 기,924059000000,,제 53 기,663659000000,,16,KRW
005930,00126380,삼성전자,2022,FY,11011,CFS,,CIS,포괄손익계산서,ifrs-full_ProfitLoss,당기순이익(손실),net_income,제 54 기,55654077000000,,제 53 기,39907450000000,,0,KRW
005930,00126380,삼성전자,2022,FY,11011,CFS,,CIS,포괄손익계산서,dart_ShareOfOtherComprehensiveIncomeOfAssociatesAndJointVenturesAccountedForUsingEquityMethodThatWillNotBeReclassifiedToProfitOrLossNetOfTax,관계기업 및 공동기업의 기타포괄손익에 대한 지분,equity,제 54 기,-6318000000,,제 53 기,51816000000,,4,KRW
005930,00126380,삼성전자,2022,FY,11011,CFS,,CIS,포괄손익계산서,dart_ShareOfOtherComprehensiveIncomeOfAssociatesAndJointVenturesAccountedForUsingEquityMethodThatWillBeReclassifiedToProfitOrLossNetOfTax,관계기업 및 공동기업의 기타포괄손익에 대한 지분,equity,제 54 기,-44192000000,,제 53 기,160163000000,,7,KRW
005930,00126380,삼성전자,2022,FY,11011,CFS,,CF,현금흐름표,ifrs-full_CashFlowsFromUsedInOperatingActivities,영업활동 현금흐름,cfo,제 54 기,62181346000000,,제 53 기,65105448000000,,0,KRW
005930,00126380,삼성전자,2022,FY,11011,CFS,,CF,현금흐름표,-표준계정코드 미사용-,당기순이익,net_income,제 54 기,55654077000000,,제 53 기,39907450000000,,2,KRW
005930,00126380,삼성전자,2022,FY,11011,CFS,,CF,현금흐름표,ifrs-full_PurchaseOfPropertyPlantAndEquipmentClassifiedAsInvestingActivities,유형자산의 취득,capex,제 54 기,49430428000000,,제 53 기,47122106000000,,24,KRW
005930,00126380,삼성전자,2022,FY,11011,CFS,,CF,현금흐름표,ifrs-full_PurchaseOfIntangibleAssetsClassifiedAsInvestingActivities,무형자산의 취득,capex,제 54 기,3696304000000,,제 53 기,2706915000000,,26,KRW
005930,00126380,삼성전자,2022,FY,11011,CFS,,SCE,자본변동표,dart_EquityAtBeginningOfPeriod,기초자본,equity,제 54 기,8662234000000,,제 53 기,8277685000000,,1,KRW
005930,00126380,삼성전자,2022,FY,11011,CFS,,SCE,자본변동표,dart_EquityAtBeginningOfPeriod,기초자본,equity,제 54 기,304899931000000,,제 53 기,275948016000000,,1,KRW
005930,00126380,삼성전자,2022,FY,11011,CFS,,SCE,자본변동표,dart_EquityAtBeginningOfPeriod,기초자본,equity,제 54 기,296237697000000,,제 53 기,267670331000000,,1,KRW
005930,00126380,삼성전자,2022,FY,11011,CFS,,SCE,자본변동표,dart_EquityAtBeginningOfPeriod,기초자본,equity,제 54 기,4403893000000,,제 53 기,4403893000000,,1,KRW
005930,00126380,삼성전자,2022,FY,11011,CFS,,SCE,자본변동표,dart_EquityAtBeginningOfPeriod,기초자본,equity,제 54 기,897514000000,,제 53 기,897514000000,,1,KRW
005930,00126380,삼성전자,2022,FY,11011,CFS,,SCE,자본변동표,dart_EquityAtBeginningOfPeriod,기초자본,equity,제 54 기,293064763000000,,제 53 기,271068211000000,,1,KRW
005930,00126380,삼성전자,2022,FY,11011,CFS,,SCE,자본변동표,dart_EquityAtBeginningOfPeriod,기초자본,equity,제 54 기,0,,제 53 기,-12132000000,,1,KRW
005930,00126380,삼성전자,2022,FY,11011,CFS,,SCE,자본변동표,dart_EquityAtBeginningOfPeriod,기초자본,equity,제 54 기,-2128473000000,,제 53 기,-8687155000000,,1,KRW
005930,00126380,삼성전자,2022,FY,11011,CFS,,SCE,자본변동표,ifrs-full_ProfitLoss,당기순이익(손실),net_income,제 54 기,54730018000000,,제 53 기,39243791000000,,2,KRW
005930,00126380,삼성전자,2022,FY,11011,CFS,,SCE,자본변동표,ifrs-full_ProfitLoss,당기순이익(손실),net_income,제 54 기,55654077000000,,제 53 기,39907450000000,,2,KRW
005930,00126380,삼성전자,2022,FY,11011,CFS,,SCE,자본변동표,ifrs-full_ProfitLoss,당기순이익(손실),net_income,제 54 기,54730018000000,,제 53 기,39243791000000,,2,KRW
005930,00126380,삼성전자,2022,FY,11011,CFS,,SCE,자본변동표,ifrs-full_ProfitLoss,당기순이익(손실),net_income,제 54 기,924059000000,,제 53 기,663659000000,,2,KRW
005930,00126380,삼성전자,2022,FY,11011,CFS,,SCE,자본변동표,ifrs-full_Equity,기말자본,equity,제 54 기,897514000000,,제 53 기,897514000000,,13,KRW
005930,00126380,삼성전자,2022,FY,11011,CFS,,SCE,자본변동표,ifrs-full_Equity,기말자본,equity,제 54 기,4403893000000,,제 53 기,4403893000000,,13,KRW
005930,00126380,삼성전자,2022,FY,11011,CFS,,SCE,자본변동표,ifrs-full_Equity,기말자본,equity,제 54 기,,,제 53 기,0,,13,KRW
005930,00126380,삼성전자,2022,FY,11011,CFS,,SCE,자본변동표,ifrs-full_Equity,기말자본,equity,제 54 기,1938328000000,,제 53 기,-2128473000000,,13,KRW
005930,00126380,삼성전자,2022,FY,11011,CFS,,SCE,자본변동표,ifrs-full_Equity,기말자본,equity,제 54 기,345186142000000,,제 53 기,296237697000000,,13,KRW
005930,00126380,삼성전자,2022,FY,11011,CFS,,SCE,자본변동표,ifrs-full_Equity,기말자본,equity,제 54 기,9563462000000,,제 53 기,8662234000000,,13,KRW
005930,00126380,삼성전자,2022,FY,11011,CFS,,SCE,자본변동표,ifrs-full_Equity,기말자본,equity,제 54 기,354749604000000,,제 53 기,304899931000000,,13,KRW
005930,00126380,삼성전자,2022,FY,11011,CFS,,SCE,자본변동표,ifrs-full_Equity,기말자본,equity,제 54 기,337946407000000,,제 53 기,293064763000000,,13,KRW
005930,00126380,삼성전자,2022,FY,11011,OFS,,BS,재무상태표,dart_ElementsOfOtherStockholdersEquity,기타자본항목,equity,제 54 기,-273232000000,,제 53 기,-882010000000,,44,KRW
005930,00126380,삼성전자,2022,FY,11011,OFS,,BS,재무상태표,ifrs-full_Equity,자본총계,equity,제 54 기,209416191000000,,제 53 기,193193732000000,,45,KRW
005930,00126380,삼성전자,2022,FY,11011,OFS,,BS,재무상태표,ifrs-full_EquityAndLiabilities,부채와자본총계,equity,제 54 기,260083750000000,,제 53 기,251112184000000,,46,KRW
005930,00126380,삼성전자,2022,FY,11011,OFS,,IS,손익계산서,dart_OperatingIncomeLoss,영업이익,operating_profit,제 54 기,25319329000000,,제 53 기,31993162000000,,4,KRW
005930,00126380,삼성전자,2022,FY,11011,OFS,,IS,손익계산서,ifrs-full_ProfitLossBeforeTax,법인세비용차감전순이익(손실),net_income,제 54 기,29691920000000,,제 53 기,38704492000000,,9,KRW
005930,00126380,삼성전자,2022,FY,11011,OFS,,IS,손익계산서,ifrs-full_ProfitLossFromContinuingOperations,계속영업이익(손실),operating_profit|net_income,제 54 기,25418778000000,,제 53 기,30970954000000,,11,KRW
005930,00126380,삼성전자,2022,FY,11011,OFS,,IS,손익계산서,ifrs-full_ProfitLoss,당기순이익(손실),net_income,제 54 기,25418778000000,,제 53 기,30970954000000,,12,KRW
005930,00126380,삼성전자,2022,FY,11011,OFS,,CIS,포괄손익계산서,ifrs-full_ProfitLoss,당기순이익(손실),net_income,제 54 기,25418778000000,,제 53 기,30970954000000,,0,KRW
005930,00126380,삼성전자,2022,FY,11011,OFS,,CF,현금흐름표,ifrs-full_CashFlowsFromUsedInOperatingActivities,영업활동 현금흐름,cfo,제 54 기,44788749000000,,제 53 기,51250069000000,,0,KRW
005930,00126380,삼성전자,2022,FY,11011,OFS,,CF,현금흐름표,dart_ProfitLossForStatementOfCashFlows,영업에서 창출된 현금흐름,net_income,제 54 기,49589897000000,,제 53 기,50357361000000,,1,KRW
005930,00126380,삼성전자,2022,FY,11011,OFS,,CF,현금흐름표,-표준계정코드 미사용-,당기순이익,net_income,제 54 기,25418778000000,,제 53 기,30970954000000,,2,KRW
005930,00126380,삼성전자,2022,FY,11011,OFS,,CF,현금흐름표,ifrs-full_PurchaseOfPropertyPlantAndEquipmentClassifiedAsInvestingActivities,유형자산의 취득,capex,제 54 기,39160176000000,,제 53 기,36021504000000,,17,KRW
005930,00126380,삼성전자,2022,FY,11011,OFS,,CF,현금흐름표,ifrs-full_PurchaseOfIntangibleAssetsClassifiedAsInvestingActivities,무형자산의 취득,capex,제 54 기,3298378000000,,제 53 기,2459929000000,,19,KRW
005930,00126380,삼성전자,2022,FY,11011,OFS,,SCE,자본변동표,dart_EquityAtBeginningOfPeriod,기초자본,equity,제 54 기,-882010000000,,제 53 기,-268785000000,,1,KRW
005930,00126380,삼성전자,2022,FY,11011,OFS,,SCE,자본변동표,dart_EquityAtBeginningOfPeriod,기초자본,equity,제 54 기,4403893000000,,제 53 기,4403893000000,,1,KRW
005930,00126380,삼성전자,2022,FY,11011,OFS,,SCE,자본변동표,dart_EquityAtBeginningOfPeriod,기초자본,equity,제 54 기,897514000000,,제 53 기,897514000000,,1,KRW
005930,00126380,삼성전자,2022,FY,11011,OFS,,SCE,자본변동표,dart_EquityAtBeginningOfPeriod,기초자본,equity,제 54 기,188774335000000,,제 53 기,178284102000000,,1,KRW
005930,00126380,삼성전자,2022,FY,11011,OFS,,SCE,자본변동표,dart_EquityAtBeginningOfPeriod,기초자본,equity,제 54 기,193193732000000,,제 53 기,183316724000000,,1,KRW
005930,00126380,삼성전자,2022,FY,11011,OFS,,SCE,자본변동표,ifrs-full_ProfitLoss,당기순이익(손실),net_income,제 54 기,25418778000000,,제 53 기,30970954000000,,2,KRW
005930,00126380,삼성전자,2022,FY,11011,OFS,,SCE,자본변동표,ifrs-full_ProfitLoss,당기순이익(손실),net_income,제 54 기,25418778000000,,제 53 기,30970954000000,,2,KRW
005930,00126380,삼성전자,2022,FY,11011,OFS,,SCE,자본변동표,ifrs-full_Equity,기말자본,equity,제 54 기,209416191000000,,제 53 기,193193732000000,,6,KRW
005930,00126380,삼성전자,2022,FY,11011,OFS,,SCE,자본변동표,ifrs-full_Equity,기말자본,equity,제 54 기,204388016000000,,제 53 기,188774335000000,,6,KRW
005930,00126380,삼성전자,2022,FY,11011,OFS,,SCE,자본변동표,ifrs-full_Equity,기말자본,equity,제 54 기,4403893000000,,제 53 기,4403893000000,,6,KRW
005930,00126380,삼성전자,2022,FY,11011,OFS,,SCE,자본변동표,ifrs-full_Equity,기말자본,equity,제 54 기,897514000000,,제 53 기,897514000000,,6,KRW
005930,00126380,삼성전자,2022,FY,11011,OFS,,SCE,자본변동표,ifrs-full_Equity,기말자본,equity,제 54 기,-273232000000,,제 53 기,-882010000000,,6,KRW
000660,00164779,SK하이닉스,2015,FY,11011,CFS,,BS,재무상태표,ifrs_InvestmentAccountedForUsingEquityMethod,관계기업 및 공동기업투자,equity,제 68 기,122609000000,,제 67 기,97090000000,,12,KRW
000660,00164779,SK하이닉스,2015,FY,11011,CFS,,BS,재무상태표,ifrs_EquityAttributableToOwnersOfParent,지배기업의 소유주에게 귀속되는 자본,equity,제 68 기,21386863000000,,제 67 기,18036453000000,,41,KRW
000660,00164779,SK하이닉스,2015,FY,11011,CFS,,BS,재무상태표,dart_ContributedEquity,자본금,equity,제 68 기,3657652000000,,제 67 기,3657652000000,,42,KRW
000660,00164779,SK하이닉스,2015,FY,11011,CFS,,BS,재무상태표,dart_ElementsOfOtherStockholdersEquity,자본잉여금,equity,제 68 기,4143736000000,,제 67 기,4143736000000,,43,KRW
000660,00164779,SK하이닉스,2015,FY,11011,CFS,,BS,재무상태표,ifrs_Equity,자본총계,equity,제 68 기,21387703000000,,제 67 기,18036303000000,,48,KRW
000660,00164779,SK하이닉스,2015,FY,11011,CFS,,BS,재무상태표,ifrs_EquityAndLiabilities,자본과부채총계,equity,제 68 기,29677906000000,,제 67 기,26883278000000,,49,KRW
000660,00164779,SK하이닉스,2015,FY,11011,CFS,,CIS,포괄손익계산서,dart_OperatingIncomeLoss,영업이익(손실),operating_profit,제 68 기,5336100000000,,제 67 기,5109466000000,,4,KRW
000660,00164779,SK하이닉스,2015,FY,11011,CFS,,CIS,포괄손익계산서,ifrs_ShareOfProfitLossOfAssociatesAndJointVenturesAccountedForUsingEquityMethod,지분법 손익,net_income|equity,제 68 기,24642000000,,제 67 기,23145000000,,7,KRW
000660,00164779,SK하이닉스,2015,FY,11011,CFS,,CIS,포괄손익계산서,ifrs_ProfitLossBeforeTax,법인세비용차감전순이익(손실),net_income,제 68 기,5269121000000,,제 67 기,5047670000000,,10,KRW
000660,00164779,SK하이닉스,2015,FY,11011,CFS,,CIS,포괄손익계산서,ifrs_ProfitLoss,당기순이익(손실),net_income,제 68 기,4323595000000,,제 67 기,4195169000000,,12,KRW
000660,00164779,SK하이닉스,2015,FY,11011,CFS,,CIS,포괄손익계산서,dart_ShareOfOtherComprehensiveIncomeOfAssociatesAndJointVenturesAccountedForUsingEquityMethodThatWillNotBeReclassifiedToProfitOrLossNetOfTax,관계기업의 기타포괄손익에 대한 지분,equity,제 68 기,6487000000,,제 67 기,3706000000,,19,KRW
000660,00164779,SK하이닉스,2015,FY,11011,CFS,,CIS,포괄손익계산서,ifrs_ProfitLossAttributableToOwnersOfParent,지배기업의 소유지분,net_income,제 68 기,4322356000000,,제 67 기,4195456000000,,22,KRW
000660,00164779,SK하이닉스,2015,FY,11011,CFS,,CIS,포괄손익계산서,ifrs_ProfitLossAttributableToNoncontrollingInterests,비지배지분,net_income,제 68 기,1239000000,,제 67 기,-287000000,,23,KRW
000660,00164779,SK하이닉스,2015,FY,11011,CFS,,CF,현금흐름표,ifrs_CashFlowsFromUsedInOperatingActivities,영업활동현금흐름,cfo,제 68 기,9319520000000,,제 67 기,5866691000000,,0,KRW
000660,00164779,SK하이닉스,2015,FY,11011,CFS,,CF,현금흐름표,ifrs_AdjustmentsForReconcileProfitLoss,영업으로부터 창출된 현금흐름,net_income,제 68 기,10357267000000,,제 67 기,6305229000000,,1,KRW
000660,00164779,SK하이닉스,2015,FY,11011,CFS,,CF,현금흐름표,ifrs_PurchaseOfPropertyPlantAndEquipmentClassifiedAsInvestingActivities,유형자산의 취득,capex,제 68 기,6774625000000,,제 67 기,4800722000000,,17,KRW
000660,00164779,SK하이닉스,2015,FY,11011,CFS,,CF,현금흐름표,ifrs_PurchaseOfIntangibleAssetsClassifiedAsInvestingActivities,무형자산의 취득,capex,제 68 기,623743000000,,제 67 기,336291000000,,19,KRW
000660,00164779,SK하이닉스,2015,FY,11011,CFS,,SCE,자본변동표,dart_EquityAtBeginningOfPeriod,기초자본,equity,제 68 기,10276904000000,,제 67 기,6201322000000,,1,KRW
000660,00164779,SK하이닉스,2015,FY,11011,CFS,,SCE,자본변동표,dart_EquityAtBeginningOfPeriod,기초자본,equity,제 68 기,-41815000000,,제 67 기,-108807000000,,1,KRW
000660,00164779,SK하이닉스,2015,FY,11011,CFS,,SCE,자본변동표,dart_EquityAtBeginningOfPeriod,기초자본,equity,제 68 기,-24000000,,제 67 기,,,1,KRW
000660,00164779,SK하이닉스,2015,FY,11011,CFS,,SCE,자본변동표,dart_EquityAtBeginningOfPeriod,기초자본,equity,제 68 기,3657652000000,,제 67 기,3568645000000,,1,KRW
000660,00164779,SK하이닉스,2015,FY,11011,CFS,,SCE,자본변동표,dart_EquityAtBeginningOfPeriod,기초자본,equity,제 68 기,4143736000000,,제 67 기,3406083000000,,1,KRW
000660,00164779,SK하이닉스,2015,FY,11011,CFS,,SCE,자본변동표,dart_EquityAtBeginningOfPeriod,기초자본,equity,제 68 기,18036303000000,,제 67 기,13066859000000,,1,KRW
000660,00164779,SK하이닉스,2015,FY,11011,CFS,,SCE,자본변동표,dart_EquityAtBeginningOfPeriod,기초자본,equity,제 68 기,-150000000,,제 67 기,-384000000,,1,KRW
000660,00164779,SK하이닉스,2015,FY,11011,CFS,,SCE,자본변동표,dart_EquityAtBeginningOfPeriod,기초자본,equity,제 68 기,18036453000000,,제 67 기,13067243000000,,1,KRW
000660,00164779,SK하이닉스,2015,FY,11011,CFS,,SCE,자본변동표,ifrs_ProfitLoss,당기순이익(손실),net_income,제 68 기,4322356000000,,제 67 기,4195456000000,,4,KRW
000660,00164779,SK하이닉스,2015,FY,11011,CFS,,SCE,자본변동표,ifrs_ProfitLoss,당기순이익(손실),net_income,제 68 기,4322356000000,,제 67 기,4195456000000,,4,KRW
000660,00164779,SK하이닉스,2015,FY,11011,CFS,,SCE,자본변동표,ifrs_ProfitLoss,당기순이익(손실),net_income,제 68 기,4323595000000,,제 67 기,4195169000000,,4,KRW
000660,00164779,SK하이닉스,2015,FY,11011,CFS,,SCE,자본변동표,ifrs_ProfitLoss,당기순이익(손실),net_income,제 68 기,1239000000,,제 67 기,-287000000,,4,KRW
000660,00164779,SK하이닉스,2015,FY,11011,CFS,,SCE,자본변동표,dart_ComprehensiveIncomeForStatementOfChangesInEquity,총포괄손익,equity,제 68 기,4300485000000,,제 67 기,4075582000000,,9,KRW
000660,00164779,SK하이닉스,2015,FY,11011,CFS,,SCE,자본변동표,dart_ComprehensiveIncomeForStatementOfChangesInEquity,총포괄손익,equity,제 68 기,40215000000,,제 67 기,66992000000,,9,KRW
000660,00164779,SK하이닉스,2015,FY,11011,CFS,,SCE,자본변동표,dart_ComprehensiveIncomeForStatementOfChangesInEquity,총포괄손익,equity,제 68 기,4340700000000,,제 67 기,4142574000000,,9,KRW
000660,00164779,SK하이닉스,2015,FY,11011,CFS,,SCE,자본변동표,dart_ComprehensiveIncomeForStatementOfChangesInEquity,총포괄손익,equity,제 68 기,4341690000000,,제 67 기,4142808000000,,9,KRW
000660,00164779,SK하이닉스,2015,FY,11011,CFS,,SCE,자본변동표,dart_ComprehensiveIncomeForStatementOfChangesInEquity,총포괄손익,equity,제 68 기,990000000,,제 67 기,234000000,,9,KRW
000660,00164779,SK하이닉스,2015,FY,11011,CFS,,SCE,자본변동표,ifrs_Equity,기말자본,equity,제 68 기,4143736000000,,제 67 기,4143736000000,,18,KRW
000660,00164779,SK하이닉스,2015,FY,11011,CFS,,SCE,자본변동표,ifrs_Equity,기말자본,equity,제 68 기,3657652000000,,제 67 기,3657652000000,,18,KRW
000660,00164779,SK하이닉스,2015,FY,11011,CFS,,SCE,자본변동표,ifrs_Equity,기말자본,equity,제 68 기,14358988000000,,제 67 기,10276904000000,,18,KRW
000660,00164779,SK하이닉스,2015,FY,11011,CFS,,SCE,자본변동표,ifrs_Equity,기말자본,equity,제 68 기,-771913000000,,제 67 기,-24000000,,18,KRW
000660,00164779,SK하이닉스,2015,FY,11011,CFS,,SCE,자본변동표,ifrs_Equity,기말자본,equity,제 68 기,21386863000000,,제 67 기,18036453000000,,18,KRW
000660,00164779,SK하이닉스,2015,FY,11011,CFS,,SCE,자본변동표,ifrs_Equity,기말자본,equity,제 68 기,840000000,,제 67 기,-150000000,,18,KRW
000660,00164779,SK하이닉스,2015,FY,11011,CFS,,SCE,자본변동표,ifrs_Equity,기말자본,equity,제 68 기,21387703000000,,제 67 기,18036303000000,,18,KRW
000660,00164779,SK하이닉스,2015,FY,11011,CFS,,SCE,자본변동표,ifrs_Equity,기말자본,equity,제 68 기,-1600000000,,제 67 기,-41815000000,,18,KRW
000660,00164779,SK하이닉스,2015,FY,11011,OFS,,BS,재무상태표,dart_ContributedEquity,자본금,equity,제 68 기,3657652000000,,제 67 기,3657652000000,,40,KRW
000660,00164779,SK하이닉스,2015,FY,11011,OFS,,BS,재무상태표,dart_ElementsOfOtherStockholdersEquity,자본잉여금,equity,제 68 기,4182016000000,,제 67 기,4182016000000,,41,KRW
000660,00164779,SK하이닉스,2015,FY,11011,OFS,,BS,재무상태표,ifrs_Equity,자본총계,equity,제 68 기,20682465000000,,제 67 기,17674664000000,,45,KRW
000660,00164779,SK하이닉스,2015,FY,11011,OFS,,BS,재무상태표,ifrs_EquityAndLiabilities,자본과부채총계,equity,제 68 기,28742198000000,,제 67 기,25348900000000,,46,KRW
000660,00164779,SK하이닉스,2015,FY,11011,OFS,,CIS,포괄손익계산서,dart_OperatingIncomeLoss,영업이익(손실),operating_profit,제 68 기,5076507000000,,제 67 기,5047353000000,,4,KRW
000660,00164779,SK하이닉스,2015,FY,11011,OFS,,CIS,포괄손익계산서,ifrs_ProfitLossBeforeTax,법인세비용차감전순이익(손실),net_income,제 68 기,5002479000000,,제 67 기,4541112000000,,9,KRW
000660,00164779,SK하이닉스,2015,FY,11011,OFS,,CIS,포괄손익계산서,ifrs_ProfitLoss,당기순이익(손실),net_income,제 68 기,4019080000000,,제 67 기,3771761000000,,11,KRW
000660,00164779,SK하이닉스,2015,FY,11011,OFS,,CF,현금흐름표,ifrs_CashFlowsFromUsedInOperatingActivities,영업활동현금흐름,cfo,제 68 기,7747769000000,,제 67 기,5100398000000,,0,KRW
000660,00164779,SK하이닉스,2015,FY,11011,OFS,,CF,현금흐름표,ifrs_AdjustmentsForReconcileProfitLoss,영업으로부터 창출된 현금흐름,net_income,제 68 기,8660737000000,,제 67 기,5483275000000,,1,KRW
000660,00164779,SK하이닉스,2015,FY,11011,OFS,,CF,현금흐름표,ifrs_PurchaseOfPropertyPlantAndEquipmentClassifiedAsInvestingActivities,유형자산의 취득,capex,제 68 기,5980619000000,,제 67 기,3530499000000,,17,KRW
000660,00164779,SK하이닉스,2015,FY,11011,OFS,,CF,현금흐름표,ifrs_PurchaseOfIntangibleAssetsClassifiedAsInvestingActivities,무형자산의 취득,capex,제 68 기,576334000000,,제 67 기,328198000000,,19,KRW
000660,00164779,SK하이닉스,2015,FY,11011,OFS,,SCE,자본변동표,dart_EquityAtBeginningOfPeriod,기초자본,equity,제 68 기,,,제 67 기,7824000000,,1,KRW
000660,00164779,SK하이닉스,2015,FY,11011,OFS,,SCE,자본변동표,dart_EquityAtBeginningOfPeriod,기초자본,equity,제 68 기,4182016000000,,제 67 기,3444363000000,,1,KRW
000660,00164779,SK하이닉스,2015,FY,11011,OFS,,SCE,자본변동표,dart_EquityAtBeginningOfPeriod,기초자본,equity,제 68 기,3657652000000,,제 67 기,3568645000000,,1,KRW
000660,00164779,SK하이닉스,2015,FY,11011,OFS,,SCE,자본변동표,dart_EquityAtBeginningOfPeriod,기초자본,equity,제 68 기,9835020000000,,제 67 기,6181779000000,,1,KRW
000660,00164779,SK하이닉스,2015,FY,11011,OFS,,SCE,자본변동표,dart_EquityAtBeginningOfPeriod,기초자본,equity,제 68 기,-24000000,,제 67 기,,,1,KRW
000660,00164779,SK하이닉스,2015,FY,11011,OFS,,SCE,자본변동표,dart_EquityAtBeginningOfPeriod,기초자본,equity,제 68 기,17674664000000,,제 67 기,13202611000000,,1,KRW
000660,00164779,SK하이닉스,2015,FY,11011,OFS,,SCE,자본변동표,ifrs_ProfitLoss,당기순이익(손실),net_income,제 68 기,4019080000000,,제 67 기,3771761000000,,4,KRW
000660,00164779,SK하이닉스,2015,FY,11011,OFS,,SCE,자본변동표,ifrs_ProfitLoss,당기순이익(손실),net_income,제 68 기,4019080000000,,제 67 기,3771761000000,,4,KRW
000660,00164779,SK하이닉스,2015,FY,11011,OFS,,SCE,자본변동표,dart_ComprehensiveIncomeForStatementOfChangesInEquity,총포괄손익,equity,제 68 기,3998091000000,,제 67 기,3653241000000,,7,KRW
000660,00164779,SK하이닉스,2015,FY,11011,OFS,,SCE,자본변동표,dart_ComprehensiveIncomeForStatementOfChangesInEquity,총포괄손익,equity,제 68 기,3998091000000,,제 67 기,3645417000000,,7,KRW
000660,00164779,SK하이닉스,2015,FY,11011,OFS,,SCE,자본변동표,dart_ComprehensiveIncomeForStatementOfChangesInEquity,총포괄손익,equity,제 68 기,,,제 67 기,-7824000000,,7,KRW
000660,00164779,SK하이닉스,2015,FY,11011,OFS,,SCE,자본변동표,ifrs_Equity,기말자본,equity,제 68 기,4182016000000,,제 67 기,4182016000000,,12,KRW
000660,00164779,SK하이닉스,2015,FY,11011,OFS,,SCE,자본변동표,ifrs_Equity,기말자본,equity,제 68 기,13614710000000,,제 67 기,9835020000000,,12,KRW
000660,00164779,SK하이닉스,2015,FY,11011,OFS,,SCE,자본변동표,ifrs_Equity,기말자본,equity,제 68 기,,,제 67 기,,,12,KRW
000660,00164779,SK하이닉스,2015,FY,11011,OFS,,SCE,자본변동표,ifrs_Equity,기말자본,equity,제 68 기,-771913000000,,제 67 기,-24000000,,12,KRW
000660,00164779,SK하이닉스,2015,FY,11011,OFS,,SCE,자본변동표,ifrs_Equity,기말자본,equity,제 68 기,20682465000000,,제 67 기,17674664000000,,12,KRW
000660,00164779,SK하이닉스,2015,FY,11011,OFS,,SCE,자본변동표,ifrs_Equity,기말자본,equity,제 68 기,3657652000000,,제 67 기,3657652000000,,12,KRW
000660,00164779,SK하이닉스,2020,Q1,11013,CFS,,BS,재무상태표,ifrs-full_EquityAttributableToOwnersOfParent,지배기업의 소유지분,equity,제 73 기 1분기말,48231010000000,,제 72 기말,47928415000000,,45,KRW
000660,00164779,SK하이닉스,2020,Q1,11013,CFS,,BS,재무상태표,dart_ElementsOfOtherStockholdersEquity,기타자본,equity,제 73 기 1분기말,-2504332000000,,제 72 기말,-2504713000000,,48,KRW
000660,00164779,SK하이닉스,2020,Q1,11013,CFS,,BS,재무상태표,ifrs-full_Equity,자본총계,equity,제 73 기 1분기말,48247724000000,,제 72 기말,47943195000000,,52,KRW
000660,00164779,SK하이닉스,2020,Q1,11013,CFS,,BS,재무상태표,ifrs-full_EquityAndLiabilities,부채및자본총계,equity,제 73 기 1분기말,67142787000000,,제 72 기말,64789494000000,,53,KRW
000660,00164779,SK하이닉스,2020,Q1,11013,CFS,,CIS,포괄손익계산서,dart_OperatingIncomeLoss,영업이익,operating_profit,제 73 기 1분기,800301000000,800301000000,,,1366490000000,4,KRW
000660,00164779,SK하이닉스,2020,Q1,11013,CFS,,CIS,포괄손익계산서,ifrs-full_ProfitLossBeforeTax,법인세비용차감전순이익,net_income,제 73 기 1분기,928533000000,928533000000,,,1479547000000,10,KRW
000660,00164779,SK하이닉스,2020,Q1,11013,CFS,,CIS,포괄손익계산서,ifrs-full_ProfitLoss,분기순이익,net_income,제 73 기 1분기,649050000000,649050000000,,,1102130000000,12,KRW
000660,00164779,SK하이닉스,2020,Q1,11013,CFS,,CIS,포괄손익계산서,dart_ShareOfOtherComprehensiveIncomeOfAssociatesAndJointVenturesAccountedForUsingEquityMethodThatWillBeReclassifiedToProfitOrLossNetOfTax,관계기업의 기타포괄손익에 대한 지분,equity,제 73 기 1분기,43818000000,43818000000,,,17598000000,19,KRW
000660,00164779,SK하이닉스,2020,Q1,11013,CFS,,CIS,포괄손익계산서,ifrs-full_ProfitLossAttributableToOwnersOfParent,지배기업의 소유주지분,net_income,제 73 기 1분기,648154000000,648154000000,,,1102753000000,22,KRW
000660,00164779,SK하이닉스,2020,Q1,11013,CFS,,CIS,포괄손익계산서,ifrs-full_ProfitLossAttributableToNoncontrollingInterests,비지배지분,net_income,제 73 기 1분기,896000000,896000000,,,-623000000,23,KRW
000660,00164779,SK하이닉스,2020,Q1,11013,CFS,,CIS,포괄손익계산서,ifrs-full_BasicEarningsLossPerShare,기본주당분기순이익,net_income,제 73 기 1분기,948,948,,,1612,28,KRW
000660,00164779,SK하이닉스,2020,Q1,11013,CFS,,CIS,포괄손익계산서,ifrs-full_DilutedEarningsLossPerShare,희석주당분기순이익,net_income,제 73 기 1분기,947,947,,,1612,29,KRW
000660,00164779,SK하이닉스,2020,Q1,11013,CFS,,CF,현금흐름표,ifrs-full_CashFlowsFromUsedInOperatingActivities,영업활동현금흐름,cfo,제 73 기 1분기,2331545000000,,,,,0,KRW
000660,00164779,SK하이닉스,2020,Q1,11013,CFS,,CF,현금흐름표,ifrs-full_PurchaseOfPropertyPlantAndEquipmentClassifiedAsInvestingActivities,유형자산의 취득,capex,제 73 기 1분기,2784909000000,,,,,17,KRW
000660,00164779,SK하이닉스,2020,Q1,11013,CFS,,CF,현금흐름표,ifrs-full_PurchaseOfIntangibleAssetsClassifiedAsInvestingActivities,무형자산의 취득,capex,제 73 기 1분기,153066000000,,,,,19,KRW
000660,00164779,SK하이닉스,2020,Q1,11013,CFS,,SCE,자본변동표,dart_EquityAtBeginningOfPeriod,기초자본,equity,제 73 기 1분기,3657652000000,,,,,1,KRW
000660,00164779,SK하이닉스,2020,Q1,11013,CFS,,SCE,자본변동표,dart_EquityAtBeginningOfPeriod,기초자본,equity,제 73 기 1분기,42930675000000,,,,,1,KRW
000660,00164779,SK하이닉스,2020,Q1,11013,CFS,,SCE,자본변동표,dart_EquityAtBeginningOfPeriod,기초자본,equity,제 73 기 1분기,-298935000000,,,,,1,KRW
000660,00164779,SK하이닉스,2020,Q1,11013,CFS,,SCE,자본변동표,dart_EquityAtBeginningOfPeriod,기초자본,equity,제 73 기 1분기,4143736000000,,,,,1,KRW
000660,00164779,SK하이닉스,2020,Q1,11013,CFS,,SCE,자본변동표,dart_EquityAtBeginningOfPeriod,기초자본,equity,제 73 기 1분기,47943195000000,,,,,1,KRW
000660,00164779,SK하이닉스,2020,Q1,11013,CFS,,SCE,자본변동표,dart_EquityAtBeginningOfPeriod,기초자본,equity,제 73 기 1분기,14780000000,,,,,1,KRW
000660,00164779,SK하이닉스,2020,Q1,11013,CFS,,SCE,자본변동표,dart_EquityAtBeginningOfPeriod,기초자본,equity,제 73 기 1분기,47928415000000,,,,,1,KRW
000660,00164779,SK하이닉스,2020,Q1,11013,CFS,,SCE,자본변동표,dart_EquityAtBeginningOfPeriod,기초자본,equity,제 73 기 1분기,-2504713000000,,,,,1,KRW
000660,00164779,SK하이닉스,2020,Q1,11013,CFS,,SCE,자본변동표,ifrs-full_ProfitLoss,분기순이익,net_income,제 73 기 1분기,649050000000,,,,,2,KRW
000660,00164779,SK하이닉스,2020,Q1,11013,CFS,,SCE,자본변동표,ifrs-full_ProfitLoss,분기순이익,net_income,제 73 기 1분기,648154000000,,,,,2,KRW
000660,00164779,SK하이닉스,2020,Q1,11013,CFS,,SCE,자본변동표,ifrs-full_ProfitLoss,분기순이익,net_income,제 73 기 1분기,648154000000,,,,,2,KRW
000660,00164779,SK하이닉스,2020,Q1,11013,CFS,,SCE,자본변동표,ifrs-full_ProfitLoss,분기순이익,net_income,제 73 기 1분기,896000000,,,,,2,KRW
000660,00164779,SK하이닉스,2020,Q1,11013,CFS,,SCE,자본변동표,dart_OtherComprehensiveIncomeForStatementOfChangesInEquity,관계기업의 기타포괄손익에 대한 지분,equity,제 73 기 1분기,43818000000,,,,,4,KRW
000660,00164779,SK하이닉스,2020,Q1,11013,CFS,,SCE,자본변동표,dart_OtherComprehensiveIncomeForStatementOfChangesInEquity,관계기업의 기타포괄손익에 대한 지분,equity,제 73 기 1분기,43818000000,,,,,4,KRW
000660,00164779,SK하이닉스,2020,Q1,11013,CFS,,SCE,자본변동표,dart_OtherComprehensiveIncomeForStatementOfChangesInEquity,관계기업의 기타포괄손익에 대한 지분,equity,제 73 기 1분기,43818000000,,,,,4,KRW
000660,00164779,SK하이닉스,2020,Q1,11013,CFS,,SCE,자본변동표,ifrs-full_Equity,기말자본,equity,제 73 기 1분기,4143736000000,,,,,9,KRW
000660,00164779,SK하이닉스,2020,Q1,11013,CFS,,SCE,자본변동표,ifrs-full_Equity,기말자본,equity,제 73 기 1분기,48247724000000,,,,,9,KRW
000660,00164779,SK하이닉스,2020,Q1,11013,CFS,,SCE,자본변동표,ifrs-full_Equity,기말자본,equity,제 73 기 1분기,-2504332000000,,,,,9,KRW
000660,00164779,SK하이닉스,2020,Q1,11013,CFS,,SCE,자본변동표,ifrs-full_Equity,기말자본,equity,제 73 기 1분기,48231010000000,,,,,9,KRW
000660,00164779,SK하이닉스,2020,Q1,11013,CFS,,SCE,자본변동표,ifrs-full_Equity,기말자본,equity,제 73 기 1분기,16714000000,,,,,9,KRW
000660,00164779,SK하이닉스,2020,Q1,11013,CFS,,SCE,자본변동표,ifrs-full_Equity,기말자본,equity,제 73 기 1분기,3657652000000,,,,,9,KRW
000660,00164779,SK하이닉스,2020,Q1,11013,CFS,,SCE,자본변동표,ifrs-full_Equity,기말자본,equity,제 73 기 1분기,42890187000000,,,,,9,KRW
000660,00164779,SK하이닉스,2020,Q1,11013,CFS,,SCE,자본변동표,ifrs-full_Equity,기말자본,equity,제 73 기 1분기,43767000000,,,,,9,KRW
000660,00164779,SK하이닉스,2020,Q1,11013,OFS,,BS,재무상태표,dart_ElementsOfOtherStockholdersEquity,기타자본,equity,제 73 기 1분기말,-2504332000000,,제 72 기말,-2504713000000,,43,KRW
000660,00164779,SK하이닉스,2020,Q1,11013,OFS,,BS,재무상태표,ifrs-full_Equity,자본총계,equity,제 73 기 1분기말,46029505000000,,제 72 기말,46044221000000,,46,KRW
000660,00164779,SK하이닉스,2020,Q1,11013,OFS,,BS,재무상태표,ifrs-full_EquityAndLiabilities,부채및자본총계,equity,제 73 기 1분기말,59082683000000,,제 72 기말,57710070000000,,47,KRW
000660,00164779,SK하이닉스,2020,Q1,11013,OFS,,CIS,포괄손익계산서,dart_OperatingIncomeLoss,영업이익,operating_profit,제 73 기 1분기,721380000000,721380000000,,,1216990000000,4,KRW
000660,00164779,SK하이닉스,2020,Q1,11013,OFS,,CIS,포괄손익계산서,ifrs-full_ProfitLossBeforeTax,법인세비용차감전순이익,net_income,제 73 기 1분기,968180000000,968180000000,,,1296029000000,9,KRW
000660,00164779,SK하이닉스,2020,Q1,11013,OFS,,CIS,포괄손익계산서,ifrs-full_ProfitLoss,분기순이익,net_income,제 73 기 1분기,691938000000,691938000000,,,944276000000,11,KRW
000660,00164779,SK하이닉스,2020,Q1,11013,OFS,,CIS,포괄손익계산서,ifrs-full_BasicEarningsLossPerShare,기본주당분기순이익,net_income,제 73 기 1분기,1012,1012,,,1381,19,KRW
000660,00164779,SK하이닉스,2020,Q1,11013,OFS,,CIS,포괄손익계산서,ifrs-full_DilutedEarningsLossPerShare,희석주당분기순이익,net_income,제 73 기 1분기,1011,1011,,,1380,20,KRW
000660,00164779,SK하이닉스,2020,Q1,11013,OFS,,CF,현금흐름표,ifrs-full_CashFlowsFromUsedInOperatingActivities,영업활동현금흐름,cfo,제 73 기 1분기,1814607000000,,,,,0,KRW
000660,00164779,SK하이닉스,2020,Q1,11013,OFS,,CF,현금흐름표,ifrs-full_PurchaseOfPropertyPlantAndEquipmentClassifiedAsInvestingActivities,유형자산의 취득,capex,제 73 기 1분기,2087895000000,,,,,14,KRW
000660,00164779,SK하이닉스,2020,Q1,11013,OFS,,CF,현금흐름표,ifrs-full_PurchaseOfIntangibleAssetsClassifiedAsInvestingActivities,무형자산의 취득,capex,제 73 기 1분기,146693000000,,,,,16,KRW
000660,00164779,SK하이닉스,2020,Q1,11013,OFS,,SCE,자본변동표,dart_EquityAtBeginningOfPeriod,기초자본,equity,제 73 기 1분기,3657652000000,,,,,1,KRW
000660,00164779,SK하이닉스,2020,Q1,11013,OFS,,SCE,자본변동표,dart_EquityAtBeginningOfPeriod,기초자본,equity,제 73 기 1분기,40694965000000,,,,,1,KRW
000660,00164779,SK하이닉스,2020,Q1,11013,OFS,,SCE,자본변동표,dart_EquityAtBeginningOfPeriod,기초자본,equity,제 73 기 1분기,12753000000,,,,,1,KRW
000660,00164779,SK하이닉스,2020,Q1,11013,OFS,,SCE,자본변동표,dart_EquityAtBeginningOfPeriod,기초자본,equity,제 73 기 1분기,-2504713000000,,,,,1,KRW
000660,00164779,SK하이닉스,2020,Q1,11013,OFS,,SCE,자본변동표,dart_EquityAtBeginningOfPeriod,기초자본,equity,제 73 기 1분기,4183564000000,,,,,1,KRW
000660,00164779,SK하이닉스,2020,Q1,11013,OFS,,SCE,자본변동표,dart_EquityAtBeginningOfPeriod,기초자본,equity,제 73 기 1분기,46044221000000,,,,,1,KRW
000660,00164779,SK하이닉스,2020,Q1,11013,OFS,,SCE,자본변동표,ifrs-full_ProfitLoss,분기순이익,net_income,제 73 기 1분기,691938000000,,,,,2,KRW
000660,00164779,SK하이닉스,2020,Q1,11013,OFS,,SCE,자본변동표,ifrs-full_ProfitLoss,분기순이익,net_income,제 73 기 1분기,691938000000,,,,,2,KRW
000660,00164779,SK하이닉스,2020,Q1,11013,OFS,,SCE,자본변동표,ifrs-full_Equity,기말자본,equity,제 73 기 1분기,4183564000000,,,,,7,KRW
000660,00164779,SK하이닉스,2020,Q1,11013,OFS,,SCE,자본변동표,ifrs-full_Equity,기말자본,equity,제 73 기 1분기,3657652000000,,,,,7,KRW
000660,00164779,SK하이닉스,2020,Q1,11013,OFS,,SCE,자본변동표,ifrs-full_Equity,기말자본,equity,제 73 기 1분기,40698305000000,,,,,7,KRW
000660,00164779,SK하이닉스,2020,Q1,11013,OFS,,SCE,자본변동표,ifrs-full_Equity,기말자본,equity,제 73 기 1분기,-2504332000000,,,,,7,KRW
000660,00164779,SK하이닉스,2020,Q1,11013,OFS,,SCE,자본변동표,ifrs-full_Equity,기말자본,equity,제 73 기 1분기,46029505000000,,,,,7,KRW
000660,00164779,SK하이닉스,2020,Q1,11013,OFS,,SCE,자본변동표,ifrs-full_Equity,기말자본,equity,제 73 기 1분기,-5684000000,,,,,7,KRW
000660,00164779,SK하이닉스,2020,H1,11012,CFS,,BS,재무상태표,ifrs-full_EquityAttributableToOwnersOfParent,지배기업의 소유지분,equity,제 73 기 반기말,49382862000000,,제 72 기말,47928415000000,,46,KRW
000660,00164779,SK하이닉스,2020,H1,11012,CFS,,BS,재무상태표,dart_ElementsOfOtherStockholdersEquity,기타자본,equity,제 73 기 반기말,-2503931000000,,제 72 기말,-2504713000000,,49,KRW
000660,00164779,SK하이닉스,2020,H1,11012,CFS,,BS,재무상태표,ifrs-full_Equity,자본총계,equity,제 73 기 반기말,49402876000000,,제 72 기말,47943195000000,,53,KRW
000660,00164779,SK하이닉스,2020,H1,11012,CFS,,BS,재무상태표,ifrs-full_EquityAndLiabilities,부채및자본총계,equity,제 73 기 반기말,69259297000000,,제 72 기말,64789494000000,,54,KRW
000660,00164779,SK하이닉스,2020,H1,11012,CFS,,CIS,포괄손익계산서,dart_OperatingIncomeLoss,영업이익,operating_profit,제 73 기 반기,1946715000000,2747016000000,,,2004120000000,4,KRW
000660,00164779,SK하이닉스,2020,H1,11012,CFS,,CIS,포괄손익계산서,ifrs-full_ProfitLossBeforeTax,법인세비용차감전순이익,net_income,제 73 기 반기,1726981000000,2655514000000,,,2155561000000,10,KRW
000660,00164779,SK하이닉스,2020,H1,11012,CFS,,CIS,포괄손익계산서,ifrs-full_ProfitLoss,반기순이익,net_income,제 73 기 반기,1264260000000,1913310000000,,,1639155000000,12,KRW
000660,00164779,SK하이닉스,2020,H1,11012,CFS,,CIS,포괄손익계산서,dart_ShareOfOtherComprehensiveIncomeOfAssociatesAndJointVenturesAccountedForUsingEquityMethodThatWillBeReclassifiedToProfitOrLossNetOfTax,관계기업의 기타포괄손익에 대한 지분,equity,제 73 기 반기,-21550000000,22268000000,,,28889000000,19,KRW
000660,00164779,SK하이닉스,2020,H1,11012,CFS,,CIS,포괄손익계산서,ifrs-full_ProfitLossAttributableToOwnersOfParent,지배기업의 소유주지분,net_income,제 73 기 반기,1262890000000,1911044000000,,,1638282000000,22,KRW
000660,00164779,SK하이닉스,2020,H1,11012,CFS,,CIS,포괄손익계산서,ifrs-full_ProfitLossAttributableToNoncontrollingInterests,비지배지분,net_income,제 73 기 반기,1370000000,2266000000,,,873000000,23,KRW
000660,00164779,SK하이닉스,2020,H1,11012,CFS,,CIS,포괄손익계산서,ifrs-full_BasicEarningsLossPerShare,기본주당반기순이익,net_income,제 73 기 반기,1846,2794,,,2395,28,KRW
000660,00164779,SK하이닉스,2020,H1,11012,CFS,,CIS,포괄손익계산서,ifrs-full_DilutedEarningsLossPerShare,희석주당반기순이익,net_income,제 73 기 반기,1846,2793,,,2395,29,KRW
000660,00164779,SK하이닉스,2020,H1,11012,CFS,,CF,현금흐름표,ifrs-full_CashFlowsFromUsedInOperatingActivities,영업활동현금흐름,cfo,제 73 기 반기,5686029000000,,,,,0,KRW
000660,00164779,SK하이닉스,2020,H1,11012,CFS,,CF,현금흐름표,ifrs-full_PurchaseOfPropertyPlantAndEquipmentClassifiedAsInvestingActivities,유형자산의 취득,capex,제 73 기 반기,5000340000000,,,,,18,KRW
000660,00164779,SK하이닉스,2020,H1,11012,CFS,,CF,현금흐름표,ifrs-full_PurchaseOfIntangibleAssetsClassifiedAsInvestingActivities,무형자산의 취득,capex,제 73 기 반기,320235000000,,,,,20,KRW
000660,00164779,SK하이닉스,2020,H1,11012,CFS,,SCE,자본변동표,dart_EquityAtBeginningOfPeriod,기초자본,equity,제 73 기 반기,3657652000000,,,,,1,KRW
000660,00164779,SK하이닉스,2020,H1,11012,CFS,,SCE,자본변동표,dart_EquityAtBeginningOfPeriod,기초자본,equity,제 73 기 반기,42930675000000,,,,,1,KRW
000660,00164779,SK하이닉스,2020,H1,11012,CFS,,SCE,자본변동표,dart_EquityAtBeginningOfPeriod,기초자본,equity,제 73 기 반기,-298935000000,,,,,1,KRW
000660,00164779,SK하이닉스,2020,H1,11012,CFS,,SCE,자본변동표,dart_EquityAtBeginningOfPeriod,기초자본,equity,제 73 기 반기,4143736000000,,,,,1,KRW
000660,00164779,SK하이닉스,2020,H1,11012,CFS,,SCE,자본변동표,dart_EquityAtBeginningOfPeriod,기초자본,equity,제 73 기 반기,47943195000000,,,,,1,KRW
000660,00164779,SK하이닉스,2020,H1,11012,CFS,,SCE,자본변동표,dart_EquityAtBeginningOfPeriod,기초자본,equity,제 73 기 반기,14780000000,,,,,1,KRW
000660,00164779,SK하이닉스,2020,H1,11012,CFS,,SCE,자본변동표,dart_EquityAtBeginningOfPeriod,기초자본,equity,제 73 기 반기,47928415000000,,,,,1,KRW
000660,00164779,SK하이닉스,2020,H1,11012,CFS,,SCE,자본변동표,dart_EquityAtBeginningOfPeriod,기초자본,equity,제 73 기 반기,-2504713000000,,,,,1,KRW
000660,00164779,SK하이닉스,2020,H1,11012,CFS,,SCE,자본변동표,ifrs-full_ProfitLoss,반기순이익,net_income,제 73 기 반기,1264260000000,,,,,2,KRW
000660,00164779,SK하이닉스,2020,H1,11012,CFS,,SCE,자본변동표,ifrs-full_ProfitLoss,반기순이익,net_income,제 73 기 반기,1911044000000,,,,,2,KRW
000660,00164779,SK하이닉스,2020,H1,11012,CFS,,SCE,자본변동표,ifrs-full_ProfitLoss,반기순이익,net_income,제 73 기 반기,2266000000,,,,,2,KRW
000660,00164779,SK하이닉스,2020,H1,11012,CFS,,SCE,자본변동표,ifrs-full_ProfitLoss,반기순이익,net_income,제 73 기 반기,1911044000000,,,,,2,KRW
000660,00164779,SK하이닉스,2020,H1,11012,CFS,,SCE,자본변동표,dart_OtherComprehensiveIncomeForStatementOfChangesInEquity,관계기업의 기타포괄손익에 대한 지분,equity,제 73 기 반기,22268000000,,,,,4,KRW
000660,00164779,SK하이닉스,2020,H1,11012,CFS,,SCE,자본변동표,dart_OtherComprehensiveIncomeForStatementOfChangesInEquity,관계기업의 기타포괄손익에 대한 지분,equity,제 73 기 반기,22268000000,,,,,4,KRW
000660,00164779,SK하이닉스,2020,H1,11012,CFS,,SCE,자본변동표,dart_OtherComprehensiveIncomeForStatementOfChangesInEquity,관계기업의 기타포괄손익에 대한 지분,equity,제 73 기 반기,22268000000,,,,,4,KRW
000660,00164779,SK하이닉스,2020,H1,11012,CFS,,SCE,자본변동표,ifrs-full_Equity,기말자본,equity,제 73 기 반기,49402876000000,,,,,10,KRW
000660,00164779,SK하이닉스,2020,H1,11012,CFS,,SCE,자본변동표,ifrs-full_Equity,기말자본,equity,제 73 기 반기,3657652000000,,,,,10,KRW
000660,00164779,SK하이닉스,2020,H1,11012,CFS,,SCE,자본변동표,ifrs-full_Equity,기말자본,equity,제 73 기 반기,44148533000000,,,,,10,KRW
000660,00164779,SK하이닉스,2020,H1,11012,CFS,,SCE,자본변동표,ifrs-full_Equity,기말자본,equity,제 73 기 반기,-63128000000,,,,,10,KRW
000660,00164779,SK하이닉스,2020,H1,11012,CFS,,SCE,자본변동표,ifrs-full_Equity,기말자본,equity,제 73 기 반기,-2503931000000,,,,,10,KRW
000660,00164779,SK하이닉스,2020,H1,11012,CFS,,SCE,자본변동표,ifrs-full_Equity,기말자본,equity,제 73 기 반기,49382862000000,,,,,10,KRW
000660,00164779,SK하이닉스,2020,H1,11012,CFS,,SCE,자본변동표,ifrs-full_Equity,기말자본,equity,제 73 기 반기,20014000000,,,,,10,KRW
000660,00164779,SK하이닉스,2020,H1,11012,CFS,,SCE,자본변동표,ifrs-full_Equity,기말자본,equity,제 73 기 반기,4143736000000,,,,,10,KRW
000660,00164779,SK하이닉스,2020,H1,11012,OFS,,BS,재무상태표,dart_ElementsOfOtherStockholdersEquity,기타자본,equity,제 73 기 반기말,-2503931000000,,제 72 기말,-2504713000000,,44,KRW
000660,00164779,SK하이닉스,2020,H1,11012,OFS,,BS,재무상태표,ifrs-full_Equity,자본총계,equity,제 73 기 반기말,47237480000000,,제 72 기말,46044221000000,,47,KRW
000660,00164779,SK하이닉스,2020,H1,11012,OFS,,BS,재무상태표,ifrs-full_EquityAndLiabilities,부채및자본총계,equity,제 73 기 반기말,61238070000000,,제 72 기말,57710070000000,,48,KRW
000660,00164779,SK하이닉스,2020,H1,11012,OFS,,CIS,포괄손익계산서,dart_OperatingIncomeLoss,영업이익,operating_profit,제 73 기 반기,1758937000000,2480317000000,,,1582391000000,4,KRW
000660,00164779,SK하이닉스,2020,H1,11012,OFS,,CIS,포괄손익계산서,ifrs-full_ProfitLossBeforeTax,법인세비용차감전순이익,net_income,제 73 기 반기,1597155000000,2565335000000,,,1783304000000,9,KRW
000660,00164779,SK하이닉스,2020,H1,11012,OFS,,CIS,포괄손익계산서,ifrs-full_ProfitLoss,반기순이익,net_income,제 73 기 반기,1203627000000,1895565000000,,,1321511000000,11,KRW
000660,00164779,SK하이닉스,2020,H1,11012,OFS,,CIS,포괄손익계산서,ifrs-full_BasicEarningsLossPerShare,기본주당반기순이익,net_income,제 73 기 반기,1760,2771,,,1932,19,KRW
000660,00164779,SK하이닉스,2020,H1,11012,OFS,,CIS,포괄손익계산서,ifrs-full_DilutedEarningsLossPerShare,희석주당반기순이익,net_income,제 73 기 반기,1759,2771,,,1932,20,KRW
000660,00164779,SK하이닉스,2020,H1,11012,OFS,,CF,현금흐름표,ifrs-full_CashFlowsFromUsedInOperatingActivities,영업활동현금흐름,cfo,제 73 기 반기,4861343000000,,,,,0,KRW
000660,00164779,SK하이닉스,2020,H1,11012,OFS,,CF,현금흐름표,ifrs-full_PurchaseOfPropertyPlantAndEquipmentClassifiedAsInvestingActivities,유형자산의 취득,capex,제 73 기 반기,3781942000000,,,,,18,KRW
000660,00164779,SK하이닉스,2020,H1,11012,OFS,,CF,현금흐름표,ifrs-full_PurchaseOfIntangibleAssetsClassifiedAsInvestingActivities,무형자산의 취득,capex,제 73 기 반기,309530000000,,,,,20,KRW
000660,00164779,SK하이닉스,2020,H1,11012,OFS,,SCE,자본변동표,dart_EquityAtBeginningOfPeriod,기초자본,equity,제 73 기 반기,46044221000000,,,,,1,KRW
000660,00164779,SK하이닉스,2020,H1,11012,OFS,,SCE,자본변동표,dart_EquityAtBeginningOfPeriod,기초자본,equity,제 73 기 반기,-2504713000000,,,,,1,KRW
000660,00164779,SK하이닉스,2020,H1,11012,OFS,,SCE,자본변동표,dart_EquityAtBeginningOfPeriod,기초자본,equity,제 73 기 반기,12753000000,,,,,1,KRW
000660,00164779,SK하이닉스,2020,H1,11012,OFS,,SCE,자본변동표,dart_EquityAtBeginningOfPeriod,기초자본,equity,제 73 기 반기,40694965000000,,,,,1,KRW
000660,00164779,SK하이닉스,2020,H1,11012,OFS,,SCE,자본변동표,dart_EquityAtBeginningOfPeriod,기초자본,equity,제 73 기 반기,3657652000000,,,,,1,KRW
000660,00164779,SK하이닉스,2020,H1,11012,OFS,,SCE,자본변동표,dart_EquityAtBeginningOfPeriod,기초자본,equity,제 73 기 반기,4183564000000,,,,,1,KRW
000660,00164779,SK하이닉스,2020,H1,11012,OFS,,SCE,자본변동표,ifrs-full_ProfitLoss,반기순이익,net_income,제 73 기 반기,1203627000000,,,,,2,KRW
000660,00164779,SK하이닉스,2020,H1,11012,OFS,,SCE,자본변동표,ifrs-full_ProfitLoss,반기순이익,net_income,제 73 기 반기,1895565000000,,,,,2,KRW
000660,00164779,SK하이닉스,2020,H1,11012,OFS,,SCE,자본변동표,ifrs-full_Equity,기말자본,equity,제 73 기 반기,4183564000000,,,,,7,KRW
000660,00164779,SK하이닉스,2020,H1,11012,OFS,,SCE,자본변동표,ifrs-full_Equity,기말자본,equity,제 73 기 반기,3657652000000,,,,,7,KRW
000660,00164779,SK하이닉스,2020,H1,11012,OFS,,SCE,자본변동표,ifrs-full_Equity,기말자본,equity,제 73 기 반기,41897422000000,,,,,7,KRW
000660,00164779,SK하이닉스,2020,H1,11012,OFS,,SCE,자본변동표,ifrs-full_Equity,기말자본,equity,제 73 기 반기,-2503931000000,,,,,7,KRW
000660,00164779,SK하이닉스,2020,H1,11012,OFS,,SCE,자본변동표,ifrs-full_Equity,기말자본,equity,제 73 기 반기,47237480000000,,,,,7,KRW
000660,00164779,SK하이닉스,2020,H1,11012,OFS,,SCE,자본변동표,ifrs-full_Equity,기말자본,equity,제 73 기 반기,2773000000,,,,,7,KRW
000660,00164779,SK하이닉스,2020,Q3,11014,CFS,,BS,재무상태표,ifrs-full_EquityAttributableToOwnersOfParent,지배기업의 소유지분,equity,제 73 기 3분기말,50479072000000,,제 72 기말,47928415000000,,47,KRW
000660,00164779,SK하이닉스,2020,Q3,11014,CFS,,BS,재무상태표,dart_ElementsOfOtherStockholdersEquity,기타자본,equity,제 73 기 3분기말,-2503527000000,,제 72 기말,-2504713000000,,50,KRW
000660,00164779,SK하이닉스,2020,Q3,11014,CFS,,BS,재무상태표,ifrs-full_Equity,자본총계,equity,제 73 기 3분기말,50499059000000,,제 72 기말,47943195000000,,54,KRW
000660,00164779,SK하이닉스,2020,Q3,11014,CFS,,BS,재무상태표,ifrs-full_EquityAndLiabilities,부채및자본총계,equity,제 73 기 3분기말,69267173000000,,제 72 기말,64789494000000,,55,KRW
000660,00164779,SK하이닉스,2020,Q3,11014,CFS,,CIS,포괄손익계산서,dart_OperatingIncomeLoss,영업이익,operating_profit,제 73 기 3분기,1299696000000,4046712000000,,,2476681000000,4,KRW
000660,00164779,SK하이닉스,2020,Q3,11014,CFS,,CIS,포괄손익계산서,ifrs-full_ProfitLossBeforeTax,법인세비용차감전순이익,net_income,제 73 기 3분기,1348708000000,4004222000000,,,2675860000000,10,KRW
000660,00164779,SK하이닉스,2020,Q3,11014,CFS,,CIS,포괄손익계산서,ifrs-full_ProfitLoss,분기순이익,net_income,제 73 기 3분기,1077862000000,2991172000000,,,2134639000000,12,KRW
000660,00164779,SK하이닉스,2020,Q3,11014,CFS,,CIS,포괄손익계산서,dart_ShareOfOtherComprehensiveIncomeOfAssociatesAndJointVenturesAccountedForUsingEquityMethodThatWillBeReclassifiedToProfitOrLossNetOfTax,관계기업의 기타포괄손익에 대한 지분,equity,제 73 기 3분기,-13133000000,9135000000,,,47127000000,19,KRW
000660,00164779,SK하이닉스,2020,Q3,11014,CFS,,CIS,포괄손익계산서,ifrs-full_ProfitLossAttributableToOwnersOfParent,지배기업의 소유주지분,net_income,제 73 기 3분기,1077262000000,2988306000000,,,2131483000000,22,KRW
000660,00164779,SK하이닉스,2020,Q3,11014,CFS,,CIS,포괄손익계산서,ifrs-full_ProfitLossAttributableToNoncontrollingInterests,비지배지분,net_income,제 73 기 3분기,600000000,2866000000,,,3156000000,23,KRW
000660,00164779,SK하이닉스,2020,Q3,11014,CFS,,CIS,포괄손익계산서,ifrs-full_BasicEarningsLossPerShare,기본주당분기순이익,net_income,제 73 기 3분기,1575,4369,,,3116,28,KRW
000660,00164779,SK하이닉스,2020,Q3,11014,CFS,,CIS,포괄손익계산서,ifrs-full_DilutedEarningsLossPerShare,희석주당분기순이익,net_income,제 73 기 3분기,1575,4368,,,3116,29,KRW
000660,00164779,SK하이닉스,2020,Q3,11014,CFS,,CF,현금흐름표,ifrs-full_CashFlowsFromUsedInOperatingActivities,영업활동현금흐름,cfo,제 73 기 3분기,9052744000000,,,,,0,KRW
000660,00164779,SK하이닉스,2020,Q3,11014,CFS,,CF,현금흐름표,ifrs-full_PurchaseOfPropertyPlantAndEquipmentClassifiedAsInvestingActivities,유형자산의 취득,capex,제 73 기 3분기,7539113000000,,,,,18,KRW
000660,00164779,SK하이닉스,2020,Q3,11014,CFS,,CF,현금흐름표,ifrs-full_PurchaseOfIntangibleAssetsClassifiedAsInvestingActivities,무형자산의 취득,capex,제 73 기 3분기,530128000000,,,,,20,KRW
000660,00164779,SK하이닉스,2020,Q3,11014,CFS,,SCE,자본변동표,dart_EquityAtBeginningOfPeriod,기초자본,equity,제 73 기 3분기,3657652000000,,,,,1,KRW
000660,00164779,SK하이닉스,2020,Q3,11014,CFS,,SCE,자본변동표,dart_EquityAtBeginningOfPeriod,기초자본,equity,제 73 기 3분기,42930675000000,,,,,1,KRW
000660,00164779,SK하이닉스,2020,Q3,11014,CFS,,SCE,자본변동표,dart_EquityAtBeginningOfPeriod,기초자본,equity,제 73 기 3분기,-298935000000,,,,,1,KRW
000660,00164779,SK하이닉스,2020,Q3,11014,CFS,,SCE,자본변동표,dart_EquityAtBeginningOfPeriod,기초자본,equity,제 73 기 3분기,4143736000000,,,,,1,KRW
000660,00164779,SK하이닉스,2020,Q3,11014,CFS,,SCE,자본변동표,dart_EquityAtBeginningOfPeriod,기초자본,equity,제 73 기 3분기,47943195000000,,,,,1,KRW
000660,00164779,SK하이닉스,2020,Q3,11014,CFS,,SCE,자본변동표,dart_EquityAtBeginningOfPeriod,기초자본,equity,제 73 기 3분기,14780000000,,,,,1,KRW
000660,00164779,SK하이닉스,2020,Q3,11014,CFS,,SCE,자본변동표,dart_EquityAtBeginningOfPeriod,기초자본,equity,제 73 기 3분기,47928415000000,,,,,1,KRW
000660,00164779,SK하이닉스,2020,Q3,11014,CFS,,SCE,자본변동표,dart_EquityAtBeginningOfPeriod,기초자본,equity,제 73 기 3분기,-2504713000000,,,,,1,KRW
000660,00164779,SK하이닉스,2020,Q3,11014,CFS,,SCE,자본변동표,ifrs-full_ProfitLoss,분기순이익,net_income,제 73 기 3분기,1077862000000,,,,,2,KRW
000660,00164779,SK하이닉스,2020,Q3,11014,CFS,,SCE,자본변동표,ifrs-full_ProfitLoss,분기순이익,net_income,제 73 기 3분기,2988306000000,,,,,2,KRW
000660,00164779,SK하이닉스,2020,Q3,11014,CFS,,SCE,자본변동표,ifrs-full_ProfitLoss,분기순이익,net_income,제 73 기 3분기,2866000000,,,,,2,KRW
000660,00164779,SK하이닉스,2020,Q3,11014,CFS,,SCE,자본변동표,ifrs-full_ProfitLoss,분기순이익,net_income,제 73 기 3분기,2988306000000,,,,,2,KRW
000660,00164779,SK하이닉스,2020,Q3,11014,CFS,,SCE,자본변동표,dart_OtherComprehensiveIncomeForStatementOfChangesInEquity,관계기업의 기타포괄손익에 대한 지분,equity,제 73 기 3분기,9135000000,,,,,4,KRW
000660,00164779,SK하이닉스,2020,Q3,11014,CFS,,SCE,자본변동표,dart_OtherComprehensiveIncomeForStatementOfChangesInEquity,관계기업의 기타포괄손익에 대한 지분,equity,제 73 기 3분기,9135000000,,,,,4,KRW
000660,00164779,SK하이닉스,2020,Q3,11014,CFS,,SCE,자본변동표,dart_OtherComprehensiveIncomeForStatementOfChangesInEquity,관계기업의 기타포괄손익에 대한 지분,equity,제 73 기 3분기,9135000000,,,,,4,KRW
000660,00164779,SK하이닉스,2020,Q3,11014,CFS,,SCE,자본변동표,ifrs-full_Equity,기말자본,equity,제 73 기 3분기,4143736000000,,,,,10,KRW
000660,00164779,SK하이닉스,2020,Q3,11014,CFS,,SCE,자본변동표,ifrs-full_Equity,기말자본,equity,제 73 기 3분기,3657652000000,,,,,10,KRW
000660,00164779,SK하이닉스,2020,Q3,11014,CFS,,SCE,자본변동표,ifrs-full_Equity,기말자본,equity,제 73 기 3분기,45221291000000,,,,,10,KRW
000660,00164779,SK하이닉스,2020,Q3,11014,CFS,,SCE,자본변동표,ifrs-full_Equity,기말자본,equity,제 73 기 3분기,-40080000000,,,,,10,KRW
000660,00164779,SK하이닉스,2020,Q3,11014,CFS,,SCE,자본변동표,ifrs-full_Equity,기말자본,equity,제 73 기 3분기,-2503527000000,,,,,10,KRW
000660,00164779,SK하이닉스,2020,Q3,11014,CFS,,SCE,자본변동표,ifrs-full_Equity,기말자본,equity,제 73 기 3분기,50479072000000,,,,,10,KRW
000660,00164779,SK하이닉스,2020,Q3,11014,CFS,,SCE,자본변동표,ifrs-full_Equity,기말자본,equity,제 73 기 3분기,50499059000000,,,,,10,KRW
000660,00164779,SK하이닉스,2020,Q3,11014,CFS,,SCE,자본변동표,ifrs-full_Equity,기말자본,equity,제 73 기 3분기,19987000000,,,,,10,KRW
000660,00164779,SK하이닉스,2020,Q3,11014,OFS,,BS,재무상태표,dart_ElementsOfOtherStockholdersEquity,기타자본,equity,제 73 기 3분기말,-2503527000000,,제 72 기말,-2504713000000,,44,KRW
000660,00164779,SK하이닉스,2020,Q3,11014,OFS,,BS,재무상태표,ifrs-full_Equity,자본총계,equity,제 73 기 3분기말,48120935000000,,제 72 기말,46044221000000,,47,KRW
000660,00164779,SK하이닉스,2020,Q3,11014,OFS,,BS,재무상태표,ifrs-full_EquityAndLiabilities,부채및자본총계,equity,제 73 기 3분기말,61466574000000,,제 72 기말,57710070000000,,48,KRW
000660,00164779,SK하이닉스,2020,Q3,11014,OFS,,CIS,포괄손익계산서,dart_OperatingIncomeLoss,영업이익,operating_profit,제 73 기 3분기,1213523000000,3693840000000,,,1891304000000,4,KRW
000660,00164779,SK하이닉스,2020,Q3,11014,OFS,,CIS,포괄손익계산서,ifrs-full_ProfitLossBeforeTax,법인세비용차감전순이익,net_income,제 73 기 3분기,1117197000000,3682532000000,,,2214102000000,9,KRW
000660,00164779,SK하이닉스,2020,Q3,11014,OFS,,CIS,포괄손익계산서,ifrs-full_ProfitLoss,분기순이익,net_income,제 73 기 3분기,888283000000,2783848000000,,,1740198000000,11,KRW
000660,00164779,SK하이닉스,2020,Q3,11014,OFS,,CIS,포괄손익계산서,ifrs-full_BasicEarningsLossPerShare,기본주당분기순이익,net_income,제 73 기 3분기,1299,4070,,,2544,19,KRW
000660,00164779,SK하이닉스,2020,Q3,11014,OFS,,CIS,포괄손익계산서,ifrs-full_DilutedEarningsLossPerShare,희석주당분기순이익,net_income,제 73 기 3분기,1298,4069,,,2544,20,KRW
000660,00164779,SK하이닉스,2020,Q3,11014,OFS,,CF,현금흐름표,ifrs-full_CashFlowsFromUsedInOperatingActivities,영업활동현금흐름,cfo,제 73 기 3분기,8054865000000,,,,,0,KRW
000660,00164779,SK하이닉스,2020,Q3,11014,OFS,,CF,현금흐름표,ifrs-full_PurchaseOfPropertyPlantAndEquipmentClassifiedAsInvestingActivities,유형자산의 취득,capex,제 73 기 3분기,5275884000000,,,,,18,KRW
000660,00164779,SK하이닉스,2020,Q3,11014,OFS,,CF,현금흐름표,ifrs-full_PurchaseOfIntangibleAssetsClassifiedAsInvestingActivities,무형자산의 취득,capex,제 73 기 3분기,511837000000,,,,,20,KRW
000660,00164779,SK하이닉스,2020,Q3,11014,OFS,,SCE,자본변동표,dart_EquityAtBeginningOfPeriod,기초자본,equity,제 73 기 3분기,46044221000000,,,,,1,KRW
000660,00164779,SK하이닉스,2020,Q3,11014,OFS,,SCE,자본변동표,dart_EquityAtBeginningOfPeriod,기초자본,equity,제 73 기 3분기,-2504713000000,,,,,1,KRW
000660,00164779,SK하이닉스,2020,Q3,11014,OFS,,SCE,자본변동표,dart_EquityAtBeginningOfPeriod,기초자본,equity,제 73 기 3분기,12753000000,,,,,1,KRW
000660,00164779,SK하이닉스,2020,Q3,11014,OFS,,SCE,자본변동표,dart_EquityAtBeginningOfPeriod,기초자본,equity,제 73 기 3분기,40694965000000,,,,,1,KRW
000660,00164779,SK하이닉스,2020,Q3,11014,OFS,,SCE,자본변동표,dart_EquityAtBeginningOfPeriod,기초자본,equity,제 73 기 3분기,3657652000000,,,,,1,KRW
000660,00164779,SK하이닉스,2020,Q3,11014,OFS,,SCE,자본변동표,dart_EquityAtBeginningOfPeriod,기초자본,equity,제 73 기 3분기,4183564000000,,,,,1,KRW
000660,00164779,SK하이닉스,2020,Q3,11014,OFS,,SCE,자본변동표,ifrs-full_ProfitLoss,분기순이익,net_income,제 73 기 3분기,888283000000,,,,,2,KRW
000660,00164779,SK하이닉스,2020,Q3,11014,OFS,,SCE,자본변동표,ifrs-full_ProfitLoss,분기순이익,net_income,제 73 기 3분기,2783848000000,,,,,2,KRW
000660,00164779,SK하이닉스,2020,Q3,11014,OFS,,SCE,자본변동표,ifrs-full_Equity,기말자본,equity,제 73 기 3분기,4183564000000,,,,,7,KRW
000660,00164779,SK하이닉스,2020,Q3,11014,OFS,,SCE,자본변동표,ifrs-full_Equity,기말자본,equity,제 73 기 3분기,3657652000000,,,,,7,KRW
000660,00164779,SK하이닉스,2020,Q3,11014,OFS,,SCE,자본변동표,ifrs-full_Equity,기말자본,equity,제 73 기 3분기,42781239000000,,,,,7,KRW
000660,00164779,SK하이닉스,2020,Q3,11014,OFS,,SCE,자본변동표,ifrs-full_Equity,기말자본,equity,제 73 기 3분기,-2503527000000,,,,,7,KRW
000660,00164779,SK하이닉스,2020,Q3,11014,OFS,,SCE,자본변동표,ifrs-full_Equity,기말자본,equity,제 73 기 3분기,48120935000000,,,,,7,KRW
000660,00164779,SK하이닉스,2020,Q3,11014,OFS,,SCE,자본변동표,ifrs-full_Equity,기말자본,equity,제 73 기 3분기,2007000000,,,,,7,KRW
000660,00164779,SK하이닉스,2020,FY,11011,CFS,,BS,재무상태표,ifrs-full_EquityAttributableToOwnersOfParent,지배기업의 소유지분,equity,제 73 기,51888541000000,,제 72 기,47921102000000,,47,KRW
000660,00164779,SK하이닉스,2020,FY,11011,CFS,,BS,재무상태표,dart_ElementsOfOtherStockholdersEquity,기타자본,equity,제 73 기,-2503122000000,,제 72 기,-2504713000000,,50,KRW
000660,00164779,SK하이닉스,2020,FY,11011,CFS,,BS,재무상태표,ifrs-full_Equity,자본총계,equity,제 73 기,51909097000000,,제 72 기,47935882000000,,54,KRW
000660,00164779,SK하이닉스,2020,FY,11011,CFS,,BS,재무상태표,ifrs-full_EquityAndLiabilities,부채및자본총계,equity,제 73 기,71173853000000,,제 72 기,65248350000000,,55,KRW
000660,00164779,SK하이닉스,2020,FY,11011,CFS,,CIS,포괄손익계산서,dart_OperatingIncomeLoss,영업이익,operating_profit,제 73 기,5012624000000,,제 72 기,2719179000000,,4,KRW
000660,00164779,SK하이닉스,2020,FY,11011,CFS,,CIS,포괄손익계산서,ifrs-full_ProfitLossBeforeTax,법인세비용차감전순이익,net_income,제 73 기,6237037000000,,제 72 기,2432639000000,,10,KRW
000660,00164779,SK하이닉스,2020,FY,11011,CFS,,CIS,포괄손익계산서,ifrs-full_ProfitLoss,당기순이익,net_income,제 73 기,4758914000000,,제 72 기,2009078000000,,12,KRW
000660,00164779,SK하이닉스,2020,FY,11011,CFS,,CIS,포괄손익계산서,dart_ShareOfOtherComprehensiveIncomeOfAssociatesAndJointVenturesAccountedForUsingEquityMethodThatWillBeReclassifiedToProfitOrLossNetOfTax,관계기업의 기타포괄손익에 대한 지분,equity,제 73 기,-60820000000,,제 72 기,21444000000,,19,KRW
000660,00164779,SK하이닉스,2020,FY,11011,CFS,,CIS,포괄손익계산서,ifrs-full_ProfitLossAttributableToOwnersOfParent,지배기업의 소유주지분,net_income,제 73 기,4755102000000,,제 72 기,2005975000000,,22,KRW
000660,00164779,SK하이닉스,2020,FY,11011,CFS,,CIS,포괄손익계산서,ifrs-full_ProfitLossAttributableToNoncontrollingInterests,비지배지분,net_income,제 73 기,3812000000,,제 72 기,3103000000,,23,KRW
000660,00164779,SK하이닉스,2020,FY,11011,CFS,,CF,현금흐름표,ifrs-full_CashFlowsFromUsedInOperatingActivities,영업활동 현금흐름,cfo,제 73 기,12314571000000,,제 72 기,6549736000000,,0,KRW
000660,00164779,SK하이닉스,2020,FY,11011,CFS,,CF,현금흐름표,ifrs-full_PurchaseOfPropertyPlantAndEquipmentClassifiedAsInvestingActivities,유형자산의 취득,capex,제 73 기,10068662000000,,제 72 기,13920244000000,,17,KRW
000660,00164779,SK하이닉스,2020,FY,11011,CFS,,CF,현금흐름표,ifrs-full_PurchaseOfIntangibleAssetsClassifiedAsInvestingActivities,무형자산의 취득,capex,제 73 기,800729000000,,제 72 기,673356000000,,19,KRW
000660,00164779,SK하이닉스,2020,FY,11011,CFS,,SCE,자본변동표,dart_EquityAtBeginningOfPeriod,기초자본,equity,제 73 기,14780000000,,제 72 기,6612000000,,1,KRW
000660,00164779,SK하이닉스,2020,FY,11011,CFS,,SCE,자본변동표,dart_EquityAtBeginningOfPeriod,기초자본,equity,제 73 기,47921102000000,,제 72 기,46845719000000,,1,KRW
000660,00164779,SK하이닉스,2020,FY,11011,CFS,,SCE,자본변동표,dart_EquityAtBeginningOfPeriod,기초자본,equity,제 73 기,-2504713000000,,제 72 기,-2506451000000,,1,KRW
000660,00164779,SK하이닉스,2020,FY,11011,CFS,,SCE,자본변동표,dart_EquityAtBeginningOfPeriod,기초자본,equity,제 73 기,47935882000000,,제 72 기,46852331000000,,1,KRW
000660,00164779,SK하이닉스,2020,FY,11011,CFS,,SCE,자본변동표,dart_EquityAtBeginningOfPeriod,기초자본,equity,제 73 기,42923362000000,,제 72 기,42033601000000,,1,KRW
000660,00164779,SK하이닉스,2020,FY,11011,CFS,,SCE,자본변동표,dart_EquityAtBeginningOfPeriod,기초자본,equity,제 73 기,-298935000000,,제 72 기,-482819000000,,1,KRW
000660,00164779,SK하이닉스,2020,FY,11011,CFS,,SCE,자본변동표,dart_EquityAtBeginningOfPeriod,기초자본,equity,제 73 기,4143736000000,,제 72 기,4143736000000,,1,KRW
000660,00164779,SK하이닉스,2020,FY,11011,CFS,,SCE,자본변동표,dart_EquityAtBeginningOfPeriod,기초자본,equity,제 73 기,3657652000000,,제 72 기,3657652000000,,1,KRW
000660,00164779,SK하이닉스,2020,FY,11011,CFS,,SCE,자본변동표,ifrs-full_ProfitLoss,당기순이익,net_income,제 73 기,4755102000000,,제 72 기,2005975000000,,2,KRW
000660,00164779,SK하이닉스,2020,FY,11011,CFS,,SCE,자본변동표,ifrs-full_ProfitLoss,당기순이익,net_income,제 73 기,4755102000000,,제 72 기,2005975000000,,2,KRW
000660,00164779,SK하이닉스,2020,FY,11011,CFS,,SCE,자본변동표,ifrs-full_ProfitLoss,당기순이익,net_income,제 73 기,3812000000,,제 72 기,3103000000,,2,KRW
000660,00164779,SK하이닉스,2020,FY,11011,CFS,,SCE,자본변동표,ifrs-full_ProfitLoss,당기순이익,net_income,제 73 기,4758914000000,,제 72 기,2009078000000,,2,KRW
000660,00164779,SK하이닉스,2020,FY,11011,CFS,,SCE,자본변동표,dart_ChangesInReserveOfGainsAndLossesOnHedgingInstrumentsThatHedgeInvestmentsInEquityInstruments,파생상품평가손익,equity,제 73 기,-417000000,,제 72 기,12753000000,,5,KRW
000660,00164779,SK하이닉스,2020,FY,11011,CFS,,SCE,자본변동표,dart_ChangesInReserveOfGainsAndLossesOnHedgingInstrumentsThatHedgeInvestmentsInEquityInstruments,파생상품평가손익,equity,제 73 기,-417000000,,제 72 기,12753000000,,5,KRW
000660,00164779,SK하이닉스,2020,FY,11011,CFS,,SCE,자본변동표,dart_ChangesInReserveOfGainsAndLossesOnHedgingInstrumentsThatHedgeInvestmentsInEquityInstruments,파생상품평가손익,equity,제 73 기,-417000000,,제 72 기,12753000000,,5,KRW
000660,00164779,SK하이닉스,2020,FY,11011,CFS,,SCE,자본변동표,ifrs-full_Equity,기말자본,equity,제 73 기,3657652000000,,제 72 기,3657652000000,,11,KRW
000660,00164779,SK하이닉스,2020,FY,11011,CFS,,SCE,자본변동표,ifrs-full_Equity,기말자본,equity,제 73 기,4143736000000,,제 72 기,4143736000000,,11,KRW
000660,00164779,SK하이닉스,2020,FY,11011,CFS,,SCE,자본변동표,ifrs-full_Equity,기말자본,equity,제 73 기,20556000000,,제 72 기,14780000000,,11,KRW
000660,00164779,SK하이닉스,2020,FY,11011,CFS,,SCE,자본변동표,ifrs-full_Equity,기말자본,equity,제 73 기,51888541000000,,제 72 기,47921102000000,,11,KRW
000660,00164779,SK하이닉스,2020,FY,11011,CFS,,SCE,자본변동표,ifrs-full_Equity,기말자본,equity,제 73 기,46995728000000,,제 72 기,42923362000000,,11,KRW
000660,00164779,SK하이닉스,2020,FY,11011,CFS,,SCE,자본변동표,ifrs-full_Equity,기말자본,equity,제 73 기,-405453000000,,제 72 기,-298935000000,,11,KRW
000660,00164779,SK하이닉스,2020,FY,11011,CFS,,SCE,자본변동표,ifrs-full_Equity,기말자본,equity,제 73 기,-2503122000000,,제 72 기,-2504713000000,,11,KRW
000660,00164779,SK하이닉스,2020,FY,11011,CFS,,SCE,자본변동표,ifrs-full_Equity,기말자본,equity,제 73 기,51909097000000,,제 72 기,47935882000000,,11,KRW
000660,00164779,SK하이닉스,2020,FY,11011,OFS,,BS,재무상태표,dart_ElementsOfOtherStockholdersEquity,기타자본,equity,제 73 기,-2503122000000,,제 72 기,-2504713000000,,46,KRW
000660,00164779,SK하이닉스,2020,FY,11011,OFS,,BS,재무상태표,ifrs-full_Equity,자본총계,equity,제 73 기,49574304000000,,제 72 기,46036908000000,,49,KRW
000660,00164779,SK하이닉스,2020,FY,11011,OFS,,BS,재무상태표,ifrs-full_EquityAndLiabilities,부채및자본총계,equity,제 73 기,64071005000000,,제 72 기,58168926000000,,50,KRW
000660,00164779,SK하이닉스,2020,FY,11011,OFS,,CIS,포괄손익계산서,dart_OperatingIncomeLoss,영업이익,operating_profit,제 73 기,4545877000000,,제 72 기,1989700000000,,4,KRW
000660,00164779,SK하이닉스,2020,FY,11011,OFS,,CIS,포괄손익계산서,ifrs-full_ProfitLossBeforeTax,법인세비용차감전순이익,net_income,제 73 기,5650034000000,,제 72 기,1803514000000,,9,KRW
000660,00164779,SK하이닉스,2020,FY,11011,OFS,,CIS,포괄손익계산서,ifrs-full_ProfitLoss,당기순이익,net_income,제 73 기,4217841000000,,제 72 기,1476981000000,,11,KRW
000660,00164779,SK하이닉스,2020,FY,11011,OFS,,CF,현금흐름표,ifrs-full_CashFlowsFromUsedInOperatingActivities,영업활동 현금흐름,cfo,제 73 기,10890209000000,,제 72 기,4857081000000,,0,KRW
000660,00164779,SK하이닉스,2020,FY,11011,OFS,,CF,현금흐름표,ifrs-full_PurchaseOfPropertyPlantAndEquipmentClassifiedAsInvestingActivities,유형자산의 취득,capex,제 73 기,6836880000000,,제 72 기,8821230000000,,15,KRW
000660,00164779,SK하이닉스,2020,FY,11011,OFS,,CF,현금흐름표,ifrs-full_PurchaseOfIntangibleAssetsClassifiedAsInvestingActivities,무형자산의 취득,capex,제 73 기,778443000000,,제 72 기,623781000000,,17,KRW
000660,00164779,SK하이닉스,2020,FY,11011,OFS,,SCE,자본변동표,dart_EquityAtBeginningOfPeriod,기초자본,equity,제 73 기,46036908000000,,제 72 기,45660893000000,,1,KRW
000660,00164779,SK하이닉스,2020,FY,11011,OFS,,SCE,자본변동표,dart_EquityAtBeginningOfPeriod,기초자본,equity,제 73 기,-2504713000000,,제 72 기,-2506451000000,,1,KRW
000660,00164779,SK하이닉스,2020,FY,11011,OFS,,SCE,자본변동표,dart_EquityAtBeginningOfPeriod,기초자본,equity,제 73 기,12753000000,,제 72 기,,,1,KRW
000660,00164779,SK하이닉스,2020,FY,11011,OFS,,SCE,자본변동표,dart_EquityAtBeginningOfPeriod,기초자본,equity,제 73 기,40687652000000,,제 72 기,40326128000000,,1,KRW
000660,00164779,SK하이닉스,2020,FY,11011,OFS,,SCE,자본변동표,dart_EquityAtBeginningOfPeriod,기초자본,equity,제 73 기,3657652000000,,제 72 기,3657652000000,,1,KRW
000660,00164779,SK하이닉스,2020,FY,11011,OFS,,SCE,자본변동표,dart_EquityAtBeginningOfPeriod,기초자본,equity,제 73 기,4183564000000,,제 72 기,4183564000000,,1,KRW
000660,00164779,SK하이닉스,2020,FY,11011,OFS,,SCE,자본변동표,ifrs-full_ProfitLoss,당기순이익,net_income,제 73 기,4217841000000,,제 72 기,1476981000000,,2,KRW
000660,00164779,SK하이닉스,2020,FY,11011,OFS,,SCE,자본변동표,ifrs-full_ProfitLoss,당기순이익,net_income,제 73 기,4217841000000,,제 72 기,1476981000000,,2,KRW
000660,00164779,SK하이닉스,2020,FY,11011,OFS,,SCE,자본변동표,dart_ChangesInReserveOfGainsAndLossesOnHedgingInstrumentsThatHedgeInvestmentsInEquityInstruments,파생상품평가손익,equity,제 73 기,1793000000,,제 72 기,12753000000,,4,KRW
000660,00164779,SK하이닉스,2020,FY,11011,OFS,,SCE,자본변동표,dart_ChangesInReserveOfGainsAndLossesOnHedgingInstrumentsThatHedgeInvestmentsInEquityInstruments,파생상품평가손익,equity,제 73 기,1793000000,,제 72 기,12753000000,,4,KRW
000660,00164779,SK하이닉스,2020,FY,11011,OFS,,SCE,자본변동표,ifrs-full_Equity,기말자본,equity,제 73 기,4183564000000,,제 72 기,4183564000000,,8,KRW
000660,00164779,SK하이닉스,2020,FY,11011,OFS,,SCE,자본변동표,ifrs-full_Equity,기말자본,equity,제 73 기,3657652000000,,제 72 기,3657652000000,,8,KRW
000660,00164779,SK하이닉스,2020,FY,11011,OFS,,SCE,자본변동표,ifrs-full_Equity,기말자본,equity,제 73 기,44221664000000,,제 72 기,40687652000000,,8,KRW
000660,00164779,SK하이닉스,2020,FY,11011,OFS,,SCE,자본변동표,ifrs-full_Equity,기말자본,equity,제 73 기,14546000000,,제 72 기,12753000000,,8,KRW
000660,00164779,SK하이닉스,2020,FY,11011,OFS,,SCE,자본변동표,ifrs-full_Equity,기말자본,equity,제 73 기,-2503122000000,,제 72 기,-2504713000000,,8,KRW
000660,00164779,SK하이닉스,2020,FY,11011,OFS,,SCE,자본변동표,ifrs-full_Equity,기말자본,equity,제 73 기,49574304000000,,제 72 기,46036908000000,,8,KRW
000660,00164779,SK하이닉스,2022,Q1,11013,CFS,,BS,재무상태표,ifrs-full_EquityAttributableToOwnersOfParent,지배기업의 소유지분,equity,제 75 기 1분기말,63359463000000,,제 74 기말,62157072000000,,47,KRW
000660,00164779,SK하이닉스,2022,Q1,11013,CFS,,BS,재무상태표,dart_ElementsOfOtherStockholdersEquity,기타자본,equity,제 75 기 1분기말,-2320711000000,,제 74 기말,-2294562000000,,50,KRW
000660,00164779,SK하이닉스,2022,Q1,11013,CFS,,BS,재무상태표,ifrs-full_Equity,자본총계,equity,제 75 기 1분기말,63398639000000,,제 74 기말,62191058000000,,54,KRW
000660,00164779,SK하이닉스,2022,Q1,11013,CFS,,BS,재무상태표,ifrs-full_EquityAndLiabilities,부채및자본총계,equity,제 75 기 1분기말,99466056000000,,제 74 기말,96386474000000,,55,KRW
000660,00164779,SK하이닉스,2022,Q1,11013,CFS,,CIS,포괄손익계산서,dart_OperatingIncomeLoss,영업이익,operating_profit,제 75 기 1분기,2859615000000,2859615000000,,,1324421000000,4,KRW
000660,00164779,SK하이닉스,2022,Q1,11013,CFS,,CIS,포괄손익계산서,ifrs-full_ProfitLossBeforeTax,법인세비용차감전순이익,net_income,제 75 기 1분기,2774250000000,2774250000000,,,1350592000000,10,KRW
000660,00164779,SK하이닉스,2022,Q1,11013,CFS,,CIS,포괄손익계산서,ifrs-full_ProfitLoss,분기순이익,net_income,제 75 기 1분기,1982928000000,1982928000000,,,992640000000,12,KRW
000660,00164779,SK하이닉스,2022,Q1,11013,CFS,,CIS,포괄손익계산서,dart_ShareOfOtherComprehensiveIncomeOfAssociatesAndJointVenturesAccountedForUsingEquityMethodThatWillBeReclassifiedToProfitOrLossNetOfTax,관계기업의 기타포괄손익에 대한 지분,equity,제 75 기 1분기,52911000000,52911000000,,,42767000000,19,KRW
000660,00164779,SK하이닉스,2022,Q1,11013,CFS,,CIS,포괄손익계산서,ifrs-full_ProfitLossAttributableToOwnersOfParent,지배기업의 소유주지분,net_income,제 75 기 1분기,1978844000000,1978844000000,,,1266663000000,22,KRW
000660,00164779,SK하이닉스,2022,Q1,11013,CFS,,CIS,포괄손익계산서,ifrs-full_ProfitLossAttributableToNoncontrollingInterests,비지배지분,net_income,제 75 기 1분기,4084000000,4084000000,,,3112000000,23,KRW
000660,00164779,SK하이닉스,2022,Q1,11013,CFS,,CIS,포괄손익계산서,ifrs-full_BasicEarningsLossPerShare,기본주당분기순이익,net_income,제 75 기 1분기,2878,2878,,,1448,28,KRW
000660,00164779,SK하이닉스,2022,Q1,11013,CFS,,CIS,포괄손익계산서,ifrs-full_DilutedEarningsLossPerShare,희석주당분기순이익,net_income,제 75 기 1분기,2877,2877,,,1447,29,KRW
000660,00164779,SK하이닉스,2022,Q1,11013,CFS,,CF,현금흐름표,ifrs-full_CashFlowsFromUsedInOperatingActivities,영업활동 현금흐름,cfo,제 75 기 1분기,5141228000000,,,,,0,KRW
000660,00164779,SK하이닉스,2022,Q1,11013,CFS,,CF,현금흐름표,ifrs-full_PurchaseOfPropertyPlantAndEquipmentClassifiedAsInvestingActivities,유형자산의 취득,capex,제 75 기 1분기,5236776000000,,,,,17,KRW
000660,00164779,SK하이닉스,2022,Q1,11013,CFS,,CF,현금흐름표,ifrs-full_PurchaseOfIntangibleAssetsClassifiedAsInvestingActivities,무형자산의 취득,capex,제 75 기 1분기,198150000000,,,,,19,KRW
000660,00164779,SK하이닉스,2022,Q1,11013,CFS,,SCE,자본변동표,dart_EquityAtBeginningOfPeriod,기초자본,equity,제 75 기 1분기,3657652000000,,,,,1,KRW
000660,00164779,SK하이닉스,2022,Q1,11013,CFS,,SCE,자본변동표,dart_EquityAtBeginningOfPeriod,기초자본,equity,제 75 기 1분기,4334643000000,,,,,1,KRW
000660,00164779,SK하이닉스,2022,Q1,11013,CFS,,SCE,자본변동표,dart_EquityAtBeginningOfPeriod,기초자본,equity,제 75 기 1분기,675271000000,,,,,1,KRW
000660,00164779,SK하이닉스,2022,Q1,11013,CFS,,SCE,자본변동표,dart_EquityAtBeginningOfPeriod,기초자본,equity,제 75 기 1분기,33986000000,,,,,1,KRW
000660,00164779,SK하이닉스,2022,Q1,11013,CFS,,SCE,자본변동표,dart_EquityAtBeginningOfPeriod,기초자본,equity,제 75 기 1분기,62157072000000,,,,,1,KRW
000660,00164779,SK하이닉스,2022,Q1,11013,CFS,,SCE,자본변동표,dart_EquityAtBeginningOfPeriod,기초자본,equity,제 75 기 1분기,-2294562000000,,,,,1,KRW
000660,00164779,SK하이닉스,2022,Q1,11013,CFS,,SCE,자본변동표,dart_EquityAtBeginningOfPeriod,기초자본,equity,제 75 기 1분기,55784068000000,,,,,1,KRW
000660,00164779,SK하이닉스,2022,Q1,11013,CFS,,SCE,자본변동표,dart_EquityAtBeginningOfPeriod,기초자본,equity,제 75 기 1분기,62191058000000,,,,,1,KRW
000660,00164779,SK하이닉스,2022,Q1,11013,CFS,,SCE,자본변동표,ifrs-full_ProfitLoss,분기순이익,net_income,제 75 기 1분기,1978844000000,,,,,2,KRW
000660,00164779,SK하이닉스,2022,Q1,11013,CFS,,SCE,자본변동표,ifrs-full_ProfitLoss,분기순이익,net_income,제 75 기 1분기,1982928000000,,,,,2,KRW
000660,00164779,SK하이닉스,2022,Q1,11013,CFS,,SCE,자본변동표,ifrs-full_ProfitLoss,분기순이익,net_income,제 75 기 1분기,4084000000,,,,,2,KRW
000660,00164779,SK하이닉스,2022,Q1,11013,CFS,,SCE,자본변동표,ifrs-full_ProfitLoss,분기순이익,net_income,제 75 기 1분기,1978844000000,,,,,2,KRW
000660,00164779,SK하이닉스,2022,Q1,11013,CFS,,SCE,자본변동표,dart_ChangesInReserveOfGainsAndLossesOnHedgingInstrumentsThatHedgeInvestmentsInEquityInstruments,파생금융상품평가손익,equity,제 75 기 1분기,2337000000,,,,,5,KRW
000660,00164779,SK하이닉스,2022,Q1,11013,CFS,,SCE,자본변동표,dart_ChangesInReserveOfGainsAndLossesOnHedgingInstrumentsThatHedgeInvestmentsInEquityInstruments,파생금융상품평가손익,equity,제 75 기 1분기,2337000000,,,,,5,KRW
000660,00164779,SK하이닉스,2022,Q1,11013,CFS,,SCE,자본변동표,dart_ChangesInReserveOfGainsAndLossesOnHedgingInstrumentsThatHedgeInvestmentsInEquityInstruments,파생금융상품평가손익,equity,제 75 기 1분기,2337000000,,,,,5,KRW
000660,00164779,SK하이닉스,2022,Q1,11013,CFS,,SCE,자본변동표,ifrs-full_Equity,기말자본,equity,제 75 기 1분기,993775000000,,,,,12,KRW
000660,00164779,SK하이닉스,2022,Q1,11013,CFS,,SCE,자본변동표,ifrs-full_Equity,기말자본,equity,제 75 기 1분기,56692698000000,,,,,12,KRW
000660,00164779,SK하이닉스,2022,Q1,11013,CFS,,SCE,자본변동표,ifrs-full_Equity,기말자본,equity,제 75 기 1분기,3657652000000,,,,,12,KRW
000660,00164779,SK하이닉스,2022,Q1,11013,CFS,,SCE,자본변동표,ifrs-full_Equity,기말자본,equity,제 75 기 1분기,4336049000000,,,,,12,KRW
000660,00164779,SK하이닉스,2022,Q1,11013,CFS,,SCE,자본변동표,ifrs-full_Equity,기말자본,equity,제 75 기 1분기,63398639000000,,,,,12,KRW
000660,00164779,SK하이닉스,2022,Q1,11013,CFS,,SCE,자본변동표,ifrs-full_Equity,기말자본,equity,제 75 기 1분기,-2320711000000,,,,,12,KRW
000660,00164779,SK하이닉스,2022,Q1,11013,CFS,,SCE,자본변동표,ifrs-full_Equity,기말자본,equity,제 75 기 1분기,63359463000000,,,,,12,KRW
000660,00164779,SK하이닉스,2022,Q1,11013,CFS,,SCE,자본변동표,ifrs-full_Equity,기말자본,equity,제 75 기 1분기,39176000000,,,,,12,KRW
000660,00164779,SK하이닉스,2022,Q1,11013,OFS,,BS,재무상태표,dart_ElementsOfOtherStockholdersEquity,기타자본,equity,제 75 기 1분기말,-2320711000000,,제 74 기말,-2294562000000,,43,KRW
000660,00164779,SK하이닉스,2022,Q1,11013,OFS,,BS,재무상태표,ifrs-full_Equity,자본총계,equity,제 75 기 1분기말,59850117000000,,제 74 기말,58737614000000,,46,KRW
000660,00164779,SK하이닉스,2022,Q1,11013,OFS,,BS,재무상태표,ifrs-full_EquityAndLiabilities,부채및자본총계,equity,제 75 기 1분기말,87185591000000,,제 74 기말,84972544000000,,47,KRW
000660,00164779,SK하이닉스,2022,Q1,11013,OFS,,CIS,포괄손익계산서,dart_OperatingIncomeLoss,영업이익,operating_profit,제 75 기 1분기,2980093000000,2980093000000,,,1192738000000,4,KRW
000660,00164779,SK하이닉스,2022,Q1,11013,OFS,,CIS,포괄손익계산서,ifrs-full_ProfitLossBeforeTax,법인세비용차감전순이익,net_income,제 75 기 1분기,2963968000000,2963968000000,,,1298722000000,9,KRW
000660,00164779,SK하이닉스,2022,Q1,11013,OFS,,CIS,포괄손익계산서,ifrs-full_ProfitLoss,분기순이익,net_income,제 75 기 1분기,2206125000000,2206125000000,,,974571000000,11,KRW
000660,00164779,SK하이닉스,2022,Q1,11013,OFS,,CIS,포괄손익계산서,ifrs-full_BasicEarningsLossPerShare,기본주당분기순이익,net_income,제 75 기 1분기,3208,3208,,,1425,19,KRW
000660,00164779,SK하이닉스,2022,Q1,11013,OFS,,CIS,포괄손익계산서,ifrs-full_DilutedEarningsLossPerShare,희석주당분기순이익,net_income,제 75 기 1분기,3207,3207,,,1424,20,KRW
000660,00164779,SK하이닉스,2022,Q1,11013,OFS,,CF,현금흐름표,ifrs-full_CashFlowsFromUsedInOperatingActivities,영업활동 현금흐름,cfo,제 75 기 1분기,4110151000000,,,,,0,KRW
000660,00164779,SK하이닉스,2022,Q1,11013,OFS,,CF,현금흐름표,ifrs-full_PurchaseOfPropertyPlantAndEquipmentClassifiedAsInvestingActivities,유형자산의 취득,capex,제 75 기 1분기,4324041000000,,,,,15,KRW
000660,00164779,SK하이닉스,2022,Q1,11013,OFS,,CF,현금흐름표,ifrs-full_PurchaseOfIntangibleAssetsClassifiedAsInvestingActivities,무형자산의 취득,capex,제 75 기 1분기,161459000000,,,,,17,KRW
000660,00164779,SK하이닉스,2022,Q1,11013,OFS,,SCE,자본변동표,dart_EquityAtBeginningOfPeriod,기초자본,equity,제 75 기 1분기,3657652000000,,,,,1,KRW
000660,00164779,SK하이닉스,2022,Q1,11013,OFS,,SCE,자본변동표,dart_EquityAtBeginningOfPeriod,기초자본,equity,제 75 기 1분기,4374471000000,,,,,1,KRW
000660,00164779,SK하이닉스,2022,Q1,11013,OFS,,SCE,자본변동표,dart_EquityAtBeginningOfPeriod,기초자본,equity,제 75 기 1분기,52976872000000,,,,,1,KRW
000660,00164779,SK하이닉스,2022,Q1,11013,OFS,,SCE,자본변동표,dart_EquityAtBeginningOfPeriod,기초자본,equity,제 75 기 1분기,23181000000,,,,,1,KRW
000660,00164779,SK하이닉스,2022,Q1,11013,OFS,,SCE,자본변동표,dart_EquityAtBeginningOfPeriod,기초자본,equity,제 75 기 1분기,-2294562000000,,,,,1,KRW
000660,00164779,SK하이닉스,2022,Q1,11013,OFS,,SCE,자본변동표,dart_EquityAtBeginningOfPeriod,기초자본,equity,제 75 기 1분기,58737614000000,,,,,1,KRW
000660,00164779,SK하이닉스,2022,Q1,11013,OFS,,SCE,자본변동표,ifrs-full_ProfitLoss,분기순이익,net_income,제 75 기 1분기,2206125000000,,,,,2,KRW
000660,00164779,SK하이닉스,2022,Q1,11013,OFS,,SCE,자본변동표,ifrs-full_ProfitLoss,분기순이익,net_income,제 75 기 1분기,2206125000000,,,,,2,KRW
000660,00164779,SK하이닉스,2022,Q1,11013,OFS,,SCE,자본변동표,dart_ChangesInReserveOfGainsAndLossesOnHedgingInstrumentsThatHedgeInvestmentsInEquityInstruments,파생금융상품평가손익,equity,제 75 기 1분기,1203000000,,,,,4,KRW
000660,00164779,SK하이닉스,2022,Q1,11013,OFS,,SCE,자본변동표,dart_ChangesInReserveOfGainsAndLossesOnHedgingInstrumentsThatHedgeInvestmentsInEquityInstruments,파생금융상품평가손익,equity,제 75 기 1분기,1203000000,,,,,4,KRW
000660,00164779,SK하이닉스,2022,Q1,11013,OFS,,SCE,자본변동표,ifrs-full_Equity,기말자본,equity,제 75 기 1분기,24384000000,,,,,9,KRW
000660,00164779,SK하이닉스,2022,Q1,11013,OFS,,SCE,자본변동표,ifrs-full_Equity,기말자본,equity,제 75 기 1분기,54112915000000,,,,,9,KRW
000660,00164779,SK하이닉스,2022,Q1,11013,OFS,,SCE,자본변동표,ifrs-full_Equity,기말자본,equity,제 75 기 1분기,3657652000000,,,,,9,KRW
000660,00164779,SK하이닉스,2022,Q1,11013,OFS,,SCE,자본변동표,ifrs-full_Equity,기말자본,equity,제 75 기 1분기,-2320711000000,,,,,9,KRW
000660,00164779,SK하이닉스,2022,Q1,11013,OFS,,SCE,자본변동표,ifrs-full_Equity,기말자본,equity,제 75 기 1분기,59850117000000,,,,,9,KRW
000660,00164779,SK하이닉스,2022,Q1,11013,OFS,,SCE,자본변동표,ifrs-full_Equity,기말자본,equity,제 75 기 1분기,4375877000000,,,,,9,KRW
000660,00164779,SK하이닉스,2022,H1,11012,CFS,,BS,재무상태표,ifrs-full_EquityAttributableToOwnersOfParent,지배기업의 소유지분,equity,제 75 기 반기말,66715518000000,,제 74 기말,62157072000000,,47,KRW
000660,00164779,SK하이닉스,2022,H1,11012,CFS,,BS,재무상태표,dart_ElementsOfOtherStockholdersEquity,기타자본,equity,제 75 기 반기말,-2317827000000,,제 74 기말,-2294562000000,,50,KRW
000660,00164779,SK하이닉스,2022,H1,11012,CFS,,BS,재무상태표,ifrs-full_Equity,자본총계,equity,제 75 기 반기말,66760160000000,,제 74 기말,62191058000000,,54,KRW
000660,00164779,SK하이닉스,2022,H1,11012,CFS,,BS,재무상태표,ifrs-full_EquityAndLiabilities,부채및자본총계,equity,제 75 기 반기말,104147622000000,,제 74 기말,96386474000000,,55,KRW
000660,00164779,SK하이닉스,2022,H1,11012,CFS,,CIS,포괄손익계산서,dart_OperatingIncomeLoss,영업이익,operating_profit,제 75 기 반기,4192617000000,7052232000000,,,4018995000000,4,KRW
000660,00164779,SK하이닉스,2022,H1,11012,CFS,,CIS,포괄손익계산서,ifrs-full_ProfitLossBeforeTax,법인세비용차감전순이익,net_income,제 75 기 반기,3966727000000,6740975000000,,,4151700000000,10,KRW
000660,00164779,SK하이닉스,2022,H1,11012,CFS,,CIS,포괄손익계산서,ifrs-full_ProfitLoss,반기순이익,net_income,제 75 기 반기,2876821000000,4859749000000,,,2981064000000,12,KRW
000660,00164779,SK하이닉스,2022,H1,11012,CFS,,CIS,포괄손익계산서,dart_ShareOfOtherComprehensiveIncomeOfAssociatesAndJointVenturesAccountedForUsingEquityMethodThatWillBeReclassifiedToProfitOrLossNetOfTax,관계기업의 기타포괄손익에 대한 지분,equity,제 75 기 반기,51132000000,104043000000,,,45575000000,19,KRW
000660,00164779,SK하이닉스,2022,H1,11012,CFS,,CIS,포괄손익계산서,ifrs-full_ProfitLossAttributableToOwnersOfParent,지배기업의 소유주지분,net_income,제 75 기 반기,2871539000000,4850383000000,,,2974962000000,22,KRW
000660,00164779,SK하이닉스,2022,H1,11012,CFS,,CIS,포괄손익계산서,ifrs-full_ProfitLossAttributableToNoncontrollingInterests,비지배지분,net_income,제 75 기 반기,5282000000,9366000000,,,6102000000,23,KRW
000660,00164779,SK하이닉스,2022,H1,11012,CFS,,CIS,포괄손익계산서,ifrs-full_BasicEarningsLossPerShare,기본주당반기순이익,net_income,제 75 기 반기,4176,7054,,,4342,28,KRW
000660,00164779,SK하이닉스,2022,H1,11012,CFS,,CIS,포괄손익계산서,ifrs-full_DilutedEarningsLossPerShare,희석주당반기순이익,net_income,제 75 기 반기,4175,7052,,,4340,29,KRW
000660,00164779,SK하이닉스,2022,H1,11012,CFS,,CF,현금흐름표,ifrs-full_CashFlowsFromUsedInOperatingActivities,영업활동 현금흐름,cfo,제 75 기 반기,9714893000000,,,,,0,KRW
000660,00164779,SK하이닉스,2022,H1,11012,CFS,,CF,현금흐름표,ifrs-full_PurchaseOfPropertyPlantAndEquipmentClassifiedAsInvestingActivities,유형자산의 취득,capex,제 75 기 반기,10069382000000,,,,,19,KRW
000660,00164779,SK하이닉스,2022,H1,11012,CFS,,CF,현금흐름표,ifrs-full_PurchaseOfIntangibleAssetsClassifiedAsInvestingActivities,무형자산의 취득,capex,제 75 기 반기,344591000000,,,,,21,KRW
000660,00164779,SK하이닉스,2022,H1,11012,CFS,,SCE,자본변동표,dart_EquityAtBeginningOfPeriod,기초자본,equity,제 75 기 반기,33986000000,,,,,1,KRW
000660,00164779,SK하이닉스,2022,H1,11012,CFS,,SCE,자본변동표,dart_EquityAtBeginningOfPeriod,기초자본,equity,제 75 기 반기,62157072000000,,,,,1,KRW
000660,00164779,SK하이닉스,2022,H1,11012,CFS,,SCE,자본변동표,dart_EquityAtBeginningOfPeriod,기초자본,equity,제 75 기 반기,-2294562000000,,,,,1,KRW
000660,00164779,SK하이닉스,2022,H1,11012,CFS,,SCE,자본변동표,dart_EquityAtBeginningOfPeriod,기초자본,equity,제 75 기 반기,62191058000000,,,,,1,KRW
000660,00164779,SK하이닉스,2022,H1,11012,CFS,,SCE,자본변동표,dart_EquityAtBeginningOfPeriod,기초자본,equity,제 75 기 반기,55784068000000,,,,,1,KRW
000660,00164779,SK하이닉스,2022,H1,11012,CFS,,SCE,자본변동표,dart_EquityAtBeginningOfPeriod,기초자본,equity,제 75 기 반기,675271000000,,,,,1,KRW
000660,00164779,SK하이닉스,2022,H1,11012,CFS,,SCE,자본변동표,dart_EquityAtBeginningOfPeriod,기초자본,equity,제 75 기 반기,4334643000000,,,,,1,KRW
000660,00164779,SK하이닉스,2022,H1,11012,CFS,,SCE,자본변동표,dart_EquityAtBeginningOfPeriod,기초자본,equity,제 75 기 반기,3657652000000,,,,,1,KRW
000660,00164779,SK하이닉스,2022,H1,11012,CFS,,SCE,자본변동표,ifrs-full_ProfitLoss,반기순이익,net_income,제 75 기 반기,4850383000000,,,,,2,KRW
000660,00164779,SK하이닉스,2022,H1,11012,CFS,,SCE,자본변동표,ifrs-full_ProfitLoss,반기순이익,net_income,제 75 기 반기,4850383000000,,,,,2,KRW
000660,00164779,SK하이닉스,2022,H1,11012,CFS,,SCE,자본변동표,ifrs-full_ProfitLoss,반기순이익,net_income,제 75 기 반기,9366000000,,,,,2,KRW
000660,00164779,SK하이닉스,2022,H1,11012,CFS,,SCE,자본변동표,ifrs-full_ProfitLoss,반기순이익,net_income,제 75 기 반기,2876821000000,,,,,2,KRW
000660,00164779,SK하이닉스,2022,H1,11012,CFS,,SCE,자본변동표,dart_ChangesInReserveOfGainsAndLossesOnHedgingInstrumentsThatHedgeInvestmentsInEquityInstruments,파생금융상품평가손익,equity,제 75 기 반기,10676000000,,,,,5,KRW
000660,00164779,SK하이닉스,2022,H1,11012,CFS,,SCE,자본변동표,dart_ChangesInReserveOfGainsAndLossesOnHedgingInstrumentsThatHedgeInvestmentsInEquityInstruments,파생금융상품평가손익,equity,제 75 기 반기,10676000000,,,,,5,KRW
000660,00164779,SK하이닉스,2022,H1,11012,CFS,,SCE,자본변동표,dart_ChangesInReserveOfGainsAndLossesOnHedgingInstrumentsThatHedgeInvestmentsInEquityInstruments,파생금융상품평가손익,equity,제 75 기 반기,10676000000,,,,,5,KRW
000660,00164779,SK하이닉스,2022,H1,11012,CFS,,SCE,자본변동표,ifrs-full_Equity,기말자본,equity,제 75 기 반기,1692580000000,,,,,11,KRW
000660,00164779,SK하이닉스,2022,H1,11012,CFS,,SCE,자본변동표,ifrs-full_Equity,기말자본,equity,제 75 기 반기,59346943000000,,,,,11,KRW
000660,00164779,SK하이닉스,2022,H1,11012,CFS,,SCE,자본변동표,ifrs-full_Equity,기말자본,equity,제 75 기 반기,3657652000000,,,,,11,KRW
000660,00164779,SK하이닉스,2022,H1,11012,CFS,,SCE,자본변동표,ifrs-full_Equity,기말자본,equity,제 75 기 반기,4336170000000,,,,,11,KRW
000660,00164779,SK하이닉스,2022,H1,11012,CFS,,SCE,자본변동표,ifrs-full_Equity,기말자본,equity,제 75 기 반기,-2317827000000,,,,,11,KRW
000660,00164779,SK하이닉스,2022,H1,11012,CFS,,SCE,자본변동표,ifrs-full_Equity,기말자본,equity,제 75 기 반기,66715518000000,,,,,11,KRW
000660,00164779,SK하이닉스,2022,H1,11012,CFS,,SCE,자본변동표,ifrs-full_Equity,기말자본,equity,제 75 기 반기,44642000000,,,,,11,KRW
000660,00164779,SK하이닉스,2022,H1,11012,CFS,,SCE,자본변동표,ifrs-full_Equity,기말자본,equity,제 75 기 반기,66760160000000,,,,,11,KRW
000660,00164779,SK하이닉스,2022,H1,11012,OFS,,BS,재무상태표,dart_ElementsOfOtherStockholdersEquity,기타자본,equity,제 75 기 반기말,-2317826000000,,제 74 기말,-2294562000000,,42,KRW
000660,00164779,SK하이닉스,2022,H1,11012,OFS,,BS,재무상태표,ifrs-full_Equity,자본총계,equity,제 75 기 반기말,62952884000000,,제 74 기말,58737614000000,,45,KRW
000660,00164779,SK하이닉스,2022,H1,11012,OFS,,BS,재무상태표,ifrs-full_EquityAndLiabilities,부채및자본총계,equity,제 75 기 반기말,91270524000000,,제 74 기말,84972544000000,,46,KRW
000660,00164779,SK하이닉스,2022,H1,11012,OFS,,CIS,포괄손익계산서,dart_OperatingIncomeLoss,영업이익,operating_profit,제 75 기 반기,4263282000000,7243375000000,,,3870443000000,4,KRW
000660,00164779,SK하이닉스,2022,H1,11012,OFS,,CIS,포괄손익계산서,ifrs-full_ProfitLossBeforeTax,법인세비용차감전순이익,net_income,제 75 기 반기,4380679000000,7344647000000,,,3908556000000,9,KRW
000660,00164779,SK하이닉스,2022,H1,11012,OFS,,CIS,포괄손익계산서,ifrs-full_ProfitLoss,반기순이익,net_income,제 75 기 반기,3309553000000,5515678000000,,,2902346000000,11,KRW
000660,00164779,SK하이닉스,2022,H1,11012,OFS,,CIS,포괄손익계산서,ifrs-full_BasicEarningsLossPerShare,기본주당반기순이익,net_income,제 75 기 반기,4813,8021,,,4236,19,KRW
000660,00164779,SK하이닉스,2022,H1,11012,OFS,,CIS,포괄손익계산서,ifrs-full_DilutedEarningsLossPerShare,희석주당반기순이익,net_income,제 75 기 반기,4812,8019,,,4234,20,KRW
000660,00164779,SK하이닉스,2022,H1,11012,OFS,,CF,현금흐름표,ifrs-full_CashFlowsFromUsedInOperatingActivities,영업활동 현금흐름,cfo,제 75 기 반기,7802379000000,,,,,0,KRW
000660,00164779,SK하이닉스,2022,H1,11012,OFS,,CF,현금흐름표,ifrs-full_PurchaseOfPropertyPlantAndEquipmentClassifiedAsInvestingActivities,유형자산의 취득,capex,제 75 기 반기,8311834000000,,,,,15,KRW
000660,00164779,SK하이닉스,2022,H1,11012,OFS,,CF,현금흐름표,ifrs-full_PurchaseOfIntangibleAssetsClassifiedAsInvestingActivities,무형자산의 취득,capex,제 75 기 반기,294168000000,,,,,17,KRW
000660,00164779,SK하이닉스,2022,H1,11012,OFS,,SCE,자본변동표,dart_EquityAtBeginningOfPeriod,기초자본,equity,제 75 기 반기,23181000000,,,,,1,KRW
000660,00164779,SK하이닉스,2022,H1,11012,OFS,,SCE,자본변동표,dart_EquityAtBeginningOfPeriod,기초자본,equity,제 75 기 반기,4374471000000,,,,,1,KRW
000660,00164779,SK하이닉스,2022,H1,11012,OFS,,SCE,자본변동표,dart_EquityAtBeginningOfPeriod,기초자본,equity,제 75 기 반기,3657652000000,,,,,1,KRW
000660,00164779,SK하이닉스,2022,H1,11012,OFS,,SCE,자본변동표,dart_EquityAtBeginningOfPeriod,기초자본,equity,제 75 기 반기,52976872000000,,,,,1,KRW
000660,00164779,SK하이닉스,2022,H1,11012,OFS,,SCE,자본변동표,dart_EquityAtBeginningOfPeriod,기초자본,equity,제 75 기 반기,58737614000000,,,,,1,KRW
000660,00164779,SK하이닉스,2022,H1,11012,OFS,,SCE,자본변동표,dart_EquityAtBeginningOfPeriod,기초자본,equity,제 75 기 반기,-2294562000000,,,,,1,KRW
000660,00164779,SK하이닉스,2022,H1,11012,OFS,,SCE,자본변동표,ifrs-full_ProfitLoss,반기순이익,net_income,제 75 기 반기,5515678000000,,,,,2,KRW
000660,00164779,SK하이닉스,2022,H1,11012,OFS,,SCE,자본변동표,ifrs-full_ProfitLoss,반기순이익,net_income,제 75 기 반기,3309553000000,,,,,2,KRW
000660,00164779,SK하이닉스,2022,H1,11012,OFS,,SCE,자본변동표,dart_ChangesInReserveOfGainsAndLossesOnHedgingInstrumentsThatHedgeInvestmentsInEquityInstruments,파생금융상품평가손익,equity,제 75 기 반기,8607000000,,,,,4,KRW
000660,00164779,SK하이닉스,2022,H1,11012,OFS,,SCE,자본변동표,dart_ChangesInReserveOfGainsAndLossesOnHedgingInstrumentsThatHedgeInvestmentsInEquityInstruments,파생금융상품평가손익,equity,제 75 기 반기,8607000000,,,,,4,KRW
000660,00164779,SK하이닉스,2022,H1,11012,OFS,,SCE,자본변동표,ifrs-full_Equity,기말자본,equity,제 75 기 반기,4375998000000,,,,,9,KRW
000660,00164779,SK하이닉스,2022,H1,11012,OFS,,SCE,자본변동표,ifrs-full_Equity,기말자본,equity,제 75 기 반기,3657652000000,,,,,9,KRW
000660,00164779,SK하이닉스,2022,H1,11012,OFS,,SCE,자본변동표,ifrs-full_Equity,기말자본,equity,제 75 기 반기,57205272000000,,,,,9,KRW
000660,00164779,SK하이닉스,2022,H1,11012,OFS,,SCE,자본변동표,ifrs-full_Equity,기말자본,equity,제 75 기 반기,-2317826000000,,,,,9,KRW
000660,00164779,SK하이닉스,2022,H1,11012,OFS,,SCE,자본변동표,ifrs-full_Equity,기말자본,equity,제 75 기 반기,62952884000000,,,,,9,KRW
000660,00164779,SK하이닉스,2022,H1,11012,OFS,,SCE,자본변동표,ifrs-full_Equity,기말자본,equity,제 75 기 반기,31788000000,,,,,9,KRW
000660,00164779,SK하이닉스,2022,Q3,11014,CFS,,BS,재무상태표,ifrs-full_EquityAttributableToOwnersOfParent,지배기업의 소유지분,equity,제 75 기 3분기말,68674316000000,,제 74 기말,62157072000000,,47,KRW
000660,00164779,SK하이닉스,2022,Q3,11014,CFS,,BS,재무상태표,dart_ElementsOfOtherStockholdersEquity,기타자본,equity,제 75 기 3분기말,-2315171000000,,제 74 기말,-2294562000000,,50,KRW
000660,00164779,SK하이닉스,2022,Q3,11014,CFS,,BS,재무상태표,ifrs-full_Equity,자본총계,equity,제 75 기 3분기말,68723186000000,,제 74 기말,62191058000000,,54,KRW
000660,00164779,SK하이닉스,2022,Q3,11014,CFS,,BS,재무상태표,ifrs-full_EquityAndLiabilities,부채및자본총계,equity,제 75 기 3분기말,109545800000000,,제 74 기말,96386474000000,,55,KRW
000660,00164779,SK하이닉스,2022,Q3,11014,CFS,,CIS,포괄손익계산서,dart_OperatingIncomeLoss,영업이익,operating_profit,제 75 기 3분기,1655560000000,8707791000000,,,8190816000000,4,KRW
000660,00164779,SK하이닉스,2022,Q3,11014,CFS,,CIS,포괄손익계산서,ifrs-full_ProfitLossBeforeTax,법인세비용차감전순이익,net_income,제 75 기 3분기,1683246000000,8424221000000,,,8750334000000,10,KRW
000660,00164779,SK하이닉스,2022,Q3,11014,CFS,,CIS,포괄손익계산서,ifrs-full_ProfitLoss,분기순이익,net_income,제 75 기 3분기,1102653000000,5962401000000,,,6296315000000,12,KRW
000660,00164779,SK하이닉스,2022,Q3,11014,CFS,,CIS,포괄손익계산서,dart_ShareOfOtherComprehensiveIncomeOfAssociatesAndJointVenturesAccountedForUsingEquityMethodThatWillBeReclassifiedToProfitOrLossNetOfTax,관계기업의 기타포괄손익에 대한 지분,equity,제 75 기 3분기,102690000000,206733000000,,,97132000000,19,KRW
000660,00164779,SK하이닉스,2022,Q3,11014,CFS,,CIS,포괄손익계산서,ifrs-full_ProfitLossAttributableToOwnersOfParent,지배기업의 소유주지분,net_income,제 75 기 3분기,1106741000000,5957124000000,,,6285784000000,22,KRW
000660,00164779,SK하이닉스,2022,Q3,11014,CFS,,CIS,포괄손익계산서,ifrs-full_ProfitLossAttributableToNoncontrollingInterests,비지배지분,net_income,제 75 기 3분기,-4088000000,5277000000,,,10531000000,23,KRW
000660,00164779,SK하이닉스,2022,Q3,11014,CFS,,CIS,포괄손익계산서,ifrs-full_BasicEarningsLossPerShare,기본주당분기순이익,net_income,제 75 기 3분기,1609,8663,,,9163,28,KRW
000660,00164779,SK하이닉스,2022,Q3,11014,CFS,,CIS,포괄손익계산서,ifrs-full_DilutedEarningsLossPerShare,희석주당분기순이익,net_income,제 75 기 3분기,1609,8661,,,9159,29,KRW
000660,00164779,SK하이닉스,2022,Q3,11014,CFS,,CF,현금흐름표,ifrs-full_CashFlowsFromUsedInOperatingActivities,영업활동 현금흐름,cfo,제 75 기 3분기,13595720000000,,,,,0,KRW
000660,00164779,SK하이닉스,2022,Q3,11014,CFS,,CF,현금흐름표,ifrs-full_PurchaseOfPropertyPlantAndEquipmentClassifiedAsInvestingActivities,유형자산의 취득,capex,제 75 기 3분기,14873038000000,,,,,19,KRW
000660,00164779,SK하이닉스,2022,Q3,11014,CFS,,CF,현금흐름표,ifrs-full_PurchaseOfIntangibleAssetsClassifiedAsInvestingActivities,무형자산의 취득,capex,제 75 기 3분기,521587000000,,,,,21,KRW
000660,00164779,SK하이닉스,2022,Q3,11014,CFS,,SCE,자본변동표,dart_EquityAtBeginningOfPeriod,기초자본,equity,제 75 기 3분기,33986000000,,,,,1,KRW
000660,00164779,SK하이닉스,2022,Q3,11014,CFS,,SCE,자본변동표,dart_EquityAtBeginningOfPeriod,기초자본,equity,제 75 기 3분기,62157072000000,,,,,1,KRW
000660,00164779,SK하이닉스,2022,Q3,11014,CFS,,SCE,자본변동표,dart_EquityAtBeginningOfPeriod,기초자본,equity,제 75 기 3분기,-2294562000000,,,,,1,KRW
000660,00164779,SK하이닉스,2022,Q3,11014,CFS,,SCE,자본변동표,dart_EquityAtBeginningOfPeriod,기초자본,equity,제 75 기 3분기,62191058000000,,,,,1,KRW
000660,00164779,SK하이닉스,2022,Q3,11014,CFS,,SCE,자본변동표,dart_EquityAtBeginningOfPeriod,기초자본,equity,제 75 기 3분기,55784068000000,,,,,1,KRW
000660,00164779,SK하이닉스,2022,Q3,11014,CFS,,SCE,자본변동표,dart_EquityAtBeginningOfPeriod,기초자본,equity,제 75 기 3분기,675271000000,,,,,1,KRW
000660,00164779,SK하이닉스,2022,Q3,11014,CFS,,SCE,자본변동표,dart_EquityAtBeginningOfPeriod,기초자본,equity,제 75 기 3분기,4334643000000,,,,,1,KRW
000660,00164779,SK하이닉스,2022,Q3,11014,CFS,,SCE,자본변동표,dart_EquityAtBeginningOfPeriod,기초자본,equity,제 75 기 3분기,3657652000000,,,,,1,KRW
000660,00164779,SK하이닉스,2022,Q3,11014,CFS,,SCE,자본변동표,ifrs-full_ProfitLoss,분기순이익,net_income,제 75 기 3분기,5957124000000,,,,,2,KRW
000660,00164779,SK하이닉스,2022,Q3,11014,CFS,,SCE,자본변동표,ifrs-full_ProfitLoss,분기순이익,net_income,제 75 기 3분기,5957124000000,,,,,2,KRW
000660,00164779,SK하이닉스,2022,Q3,11014,CFS,,SCE,자본변동표,ifrs-full_ProfitLoss,분기순이익,net_income,제 75 기 3분기,5277000000,,,,,2,KRW
000660,00164779,SK하이닉스,2022,Q3,11014,CFS,,SCE,자본변동표,ifrs-full_ProfitLoss,분기순이익,net_income,제 75 기 3분기,1102653000000,,,,,2,KRW
000660,00164779,SK하이닉스,2022,Q3,11014,CFS,,SCE,자본변동표,dart_ChangesInReserveOfGainsAndLossesOnHedgingInstrumentsThatHedgeInvestmentsInEquityInstruments,파생상품평가손익,equity,제 75 기 3분기,9228000000,,,,,5,KRW
000660,00164779,SK하이닉스,2022,Q3,11014,CFS,,SCE,자본변동표,dart_ChangesInReserveOfGainsAndLossesOnHedgingInstrumentsThatHedgeInvestmentsInEquityInstruments,파생상품평가손익,equity,제 75 기 3분기,9228000000,,,,,5,KRW
000660,00164779,SK하이닉스,2022,Q3,11014,CFS,,SCE,자본변동표,dart_ChangesInReserveOfGainsAndLossesOnHedgingInstrumentsThatHedgeInvestmentsInEquityInstruments,파생상품평가손익,equity,제 75 기 3분기,9228000000,,,,,5,KRW
000660,00164779,SK하이닉스,2022,Q3,11014,CFS,,SCE,자본변동표,ifrs-full_Equity,기말자본,equity,제 75 기 3분기,2762757000000,,,,,11,KRW
000660,00164779,SK하이닉스,2022,Q3,11014,CFS,,SCE,자본변동표,ifrs-full_Equity,기말자본,equity,제 75 기 3분기,60232908000000,,,,,11,KRW
000660,00164779,SK하이닉스,2022,Q3,11014,CFS,,SCE,자본변동표,ifrs-full_Equity,기말자본,equity,제 75 기 3분기,3657652000000,,,,,11,KRW
000660,00164779,SK하이닉스,2022,Q3,11014,CFS,,SCE,자본변동표,ifrs-full_Equity,기말자본,equity,제 75 기 3분기,4336170000000,,,,,11,KRW
000660,00164779,SK하이닉스,2022,Q3,11014,CFS,,SCE,자본변동표,ifrs-full_Equity,기말자본,equity,제 75 기 3분기,-2315171000000,,,,,11,KRW
000660,00164779,SK하이닉스,2022,Q3,11014,CFS,,SCE,자본변동표,ifrs-full_Equity,기말자본,equity,제 75 기 3분기,68674316000000,,,,,11,KRW
000660,00164779,SK하이닉스,2022,Q3,11014,CFS,,SCE,자본변동표,ifrs-full_Equity,기말자본,equity,제 75 기 3분기,48870000000,,,,,11,KRW
000660,00164779,SK하이닉스,2022,Q3,11014,CFS,,SCE,자본변동표,ifrs-full_Equity,기말자본,equity,제 75 기 3분기,68723186000000,,,,,11,KRW
000660,00164779,SK하이닉스,2022,Q3,11014,OFS,,BS,재무상태표,dart_ElementsOfOtherStockholdersEquity,기타자본,equity,제 75 기 3분기말,-2315171000000,,제 74 기말,-2294562000000,,42,KRW
000660,00164779,SK하이닉스,2022,Q3,11014,OFS,,BS,재무상태표,ifrs-full_Equity,자본총계,equity,제 75 기 3분기말,64864257000000,,제 74 기말,58737614000000,,45,KRW
000660,00164779,SK하이닉스,2022,Q3,11014,OFS,,BS,재무상태표,ifrs-full_EquityAndLiabilities,부채및자본총계,equity,제 75 기 3분기말,95850394000000,,제 74 기말,84972544000000,,46,KRW
000660,00164779,SK하이닉스,2022,Q3,11014,OFS,,CIS,포괄손익계산서,dart_OperatingIncomeLoss,영업이익,operating_profit,제 75 기 3분기,2301868000000,9545243000000,,,8053034000000,4,KRW
000660,00164779,SK하이닉스,2022,Q3,11014,OFS,,CIS,포괄손익계산서,ifrs-full_ProfitLossBeforeTax,법인세비용차감전순이익,net_income,제 75 기 3분기,2810585000000,10155232000000,,,8499088000000,9,KRW
000660,00164779,SK하이닉스,2022,Q3,11014,OFS,,CIS,포괄손익계산서,ifrs-full_ProfitLoss,분기순이익,net_income,제 75 기 3분기,2131215000000,7646892000000,,,6260679000000,11,KRW
000660,00164779,SK하이닉스,2022,Q3,11014,OFS,,CIS,포괄손익계산서,ifrs-full_BasicEarningsLossPerShare,기본주당분기순이익,net_income,제 75 기 3분기,3099,11120,,,9126,19,KRW
000660,00164779,SK하이닉스,2022,Q3,11014,OFS,,CIS,포괄손익계산서,ifrs-full_DilutedEarningsLossPerShare,희석주당분기순이익,net_income,제 75 기 3분기,3099,11118,,,9123,20,KRW
000660,00164779,SK하이닉스,2022,Q3,11014,OFS,,CF,현금흐름표,ifrs-full_CashFlowsFromUsedInOperatingActivities,영업활동 현금흐름,cfo,제 75 기 3분기,11266614000000,,,,,0,KRW
000660,00164779,SK하이닉스,2022,Q3,11014,OFS,,CF,현금흐름표,ifrs-full_PurchaseOfPropertyPlantAndEquipmentClassifiedAsInvestingActivities,유형자산의 취득,capex,제 75 기 3분기,12093304000000,,,,,15,KRW
000660,00164779,SK하이닉스,2022,Q3,11014,OFS,,CF,현금흐름표,ifrs-full_PurchaseOfIntangibleAssetsClassifiedAsInvestingActivities,무형자산의 취득,capex,제 75 기 3분기,465554000000,,,,,17,KRW
000660,00164779,SK하이닉스,2022,Q3,11014,OFS,,SCE,자본변동표,dart_EquityAtBeginningOfPeriod,기초자본,equity,제 75 기 3분기,23181000000,,,,,1,KRW
000660,00164779,SK하이닉스,2022,Q3,11014,OFS,,SCE,자본변동표,dart_EquityAtBeginningOfPeriod,기초자본,equity,제 75 기 3분기,4374471000000,,,,,1,KRW
000660,00164779,SK하이닉스,2022,Q3,11014,OFS,,SCE,자본변동표,dart_EquityAtBeginningOfPeriod,기초자본,equity,제 75 기 3분기,3657652000000,,,,,1,KRW
000660,00164779,SK하이닉스,2022,Q3,11014,OFS,,SCE,자본변동표,dart_EquityAtBeginningOfPeriod,기초자본,equity,제 75 기 3분기,52976872000000,,,,,1,KRW
000660,00164779,SK하이닉스,2022,Q3,11014,OFS,,SCE,자본변동표,dart_EquityAtBeginningOfPeriod,기초자본,equity,제 75 기 3분기,58737614000000,,,,,1,KRW
000660,00164779,SK하이닉스,2022,Q3,11014,OFS,,SCE,자본변동표,dart_EquityAtBeginningOfPeriod,기초자본,equity,제 75 기 3분기,-2294562000000,,,,,1,KRW
000660,00164779,SK하이닉스,2022,Q3,11014,OFS,,SCE,자본변동표,ifrs-full_ProfitLoss,분기순이익,net_income,제 75 기 3분기,2131215000000,,,,,2,KRW
000660,00164779,SK하이닉스,2022,Q3,11014,OFS,,SCE,자본변동표,ifrs-full_ProfitLoss,분기순이익,net_income,제 75 기 3분기,7646892000000,,,,,2,KRW
000660,00164779,SK하이닉스,2022,Q3,11014,OFS,,SCE,자본변동표,dart_ChangesInReserveOfGainsAndLossesOnHedgingInstrumentsThatHedgeInvestmentsInEquityInstruments,파생상품평가손익,equity,제 75 기 3분기,6797000000,,,,,4,KRW
000660,00164779,SK하이닉스,2022,Q3,11014,OFS,,SCE,자본변동표,dart_ChangesInReserveOfGainsAndLossesOnHedgingInstrumentsThatHedgeInvestmentsInEquityInstruments,파생상품평가손익,equity,제 75 기 3분기,6797000000,,,,,4,KRW
000660,00164779,SK하이닉스,2022,Q3,11014,OFS,,SCE,자본변동표,ifrs-full_Equity,기말자본,equity,제 75 기 3분기,4375998000000,,,,,9,KRW
000660,00164779,SK하이닉스,2022,Q3,11014,OFS,,SCE,자본변동표,ifrs-full_Equity,기말자본,equity,제 75 기 3분기,3657652000000,,,,,9,KRW
000660,00164779,SK하이닉스,2022,Q3,11014,OFS,,SCE,자본변동표,ifrs-full_Equity,기말자본,equity,제 75 기 3분기,59115800000000,,,,,9,KRW
000660,00164779,SK하이닉스,2022,Q3,11014,OFS,,SCE,자본변동표,ifrs-full_Equity,기말자본,equity,제 75 기 3분기,-2315171000000,,,,,9,KRW
000660,00164779,SK하이닉스,2022,Q3,11014,OFS,,SCE,자본변동표,ifrs-full_Equity,기말자본,equity,제 75 기 3분기,64864257000000,,,,,9,KRW
000660,00164779,SK하이닉스,2022,Q3,11014,OFS,,SCE,자본변동표,ifrs-full_Equity,기말자본,equity,제 75 기 3분기,29978000000,,,,,9,KRW
000660,00164779,SK하이닉스,2022,FY,11011,CFS,,BS,재무상태표,ifrs-full_EquityAttributableToOwnersOfParent,지배기업의 소유지분,equity,제 75 기,63266355000000,,제 74 기,62157072000000,,47,KRW
000660,00164779,SK하이닉스,2022,FY,11011,CFS,,BS,재무상태표,dart_ElementsOfOtherStockholdersEquity,기타자본,equity,제 75 기,-2311409000000,,제 74 기,-2294562000000,,50,KRW
000660,00164779,SK하이닉스,2022,FY,11011,CFS,,BS,재무상태표,ifrs-full_Equity,자본총계,equity,제 75 기,63290542000000,,제 74 기,62191058000000,,54,KRW
000660,00164779,SK하이닉스,2022,FY,11011,CFS,,BS,재무상태표,ifrs-full_EquityAndLiabilities,부채및자본총계,equity,제 75 기,103871512000000,,제 74 기,96346525000000,,55,KRW
000660,00164779,SK하이닉스,2022,FY,11011,CFS,,CIS,포괄손익계산서,dart_OperatingIncomeLoss,영업이익,operating_profit,제 75 기,6809417000000,,제 74 기,12410340000000,,4,KRW
000660,00164779,SK하이닉스,2022,FY,11011,CFS,,CIS,포괄손익계산서,ifrs-full_ProfitLossBeforeTax,법인세비용차감전순이익,net_income,제 75 기,4002780000000,,제 74 기,13415987000000,,10,KRW
000660,00164779,SK하이닉스,2022,FY,11011,CFS,,CIS,포괄손익계산서,ifrs-full_ProfitLoss,당기순이익,net_income,제 75 기,2241669000000,,제 74 기,9616188000000,,12,KRW
000660,00164779,SK하이닉스,2022,FY,11011,CFS,,CIS,포괄손익계산서,dart_ShareOfOtherComprehensiveIncomeOfAssociatesAndJointVenturesAccountedForUsingEquityMethodThatWillBeReclassifiedToProfitOrLossNetOfTax,관계기업의 기타포괄손익에 대한 지분,equity,제 75 기,71000000000,,제 74 기,111593000000,,19,KRW
000660,00164779,SK하이닉스,2022,FY,11011,CFS,,CIS,포괄손익계산서,ifrs-full_ProfitLossAttributableToOwnersOfParent,지배기업의 소유주지분,net_income,제 75 기,2229560000000,,제 74 기,9602316000000,,22,KRW
000660,00164779,SK하이닉스,2022,FY,11011,CFS,,CIS,포괄손익계산서,ifrs-full_ProfitLossAttributableToNoncontrollingInterests,비지배지분,net_income,제 75 기,12109000000,,제 74 기,13872000000,,23,KRW
000660,00164779,SK하이닉스,2022,FY,11011,CFS,,CF,현금흐름표,ifrs-full_CashFlowsFromUsedInOperatingActivities,영업활동 현금흐름,cfo,제 75 기,14780517000000,,제 74 기,19797648000000,,0,KRW
000660,00164779,SK하이닉스,2022,FY,11011,CFS,,CF,현금흐름표,ifrs-full_PurchaseOfPropertyPlantAndEquipmentClassifiedAsInvestingActivities,유형자산의 취득,capex,제 75 기,19010261000000,,제 74 기,12486635000000,,17,KRW
000660,00164779,SK하이닉스,2022,FY,11011,CFS,,CF,현금흐름표,ifrs-full_PurchaseOfIntangibleAssetsClassifiedAsInvestingActivities,무형자산의 취득,capex,제 75 기,738621000000,,제 74 기,973893000000,,19,KRW
000660,00164779,SK하이닉스,2022,FY,11011,CFS,,SCE,자본변동표,dart_EquityAtBeginningOfPeriod,기초자본,equity,제 75 기,55784068000000,,제 74 기,46995728000000,,1,KRW
000660,00164779,SK하이닉스,2022,FY,11011,CFS,,SCE,자본변동표,dart_EquityAtBeginningOfPeriod,기초자본,equity,제 75 기,3657652000000,,제 74 기,3657652000000,,1,KRW
000660,00164779,SK하이닉스,2022,FY,11011,CFS,,SCE,자본변동표,dart_EquityAtBeginningOfPeriod,기초자본,equity,제 75 기,4334643000000,,제 74 기,4143736000000,,1,KRW
000660,00164779,SK하이닉스,2022,FY,11011,CFS,,SCE,자본변동표,dart_EquityAtBeginningOfPeriod,기초자본,equity,제 75 기,62191058000000,,제 74 기,51909097000000,,1,KRW
000660,00164779,SK하이닉스,2022,FY,11011,CFS,,SCE,자본변동표,dart_EquityAtBeginningOfPeriod,기초자본,equity,제 75 기,33986000000,,제 74 기,20556000000,,1,KRW
000660,00164779,SK하이닉스,2022,FY,11011,CFS,,SCE,자본변동표,dart_EquityAtBeginningOfPeriod,기초자본,equity,제 75 기,62157072000000,,제 74 기,51888541000000,,1,KRW
000660,00164779,SK하이닉스,2022,FY,11011,CFS,,SCE,자본변동표,dart_EquityAtBeginningOfPeriod,기초자본,equity,제 75 기,-2294562000000,,제 74 기,-2503122000000,,1,KRW
000660,00164779,SK하이닉스,2022,FY,11011,CFS,,SCE,자본변동표,dart_EquityAtBeginningOfPeriod,기초자본,equity,제 75 기,675271000000,,제 74 기,-405453000000,,1,KRW
000660,00164779,SK하이닉스,2022,FY,11011,CFS,,SCE,자본변동표,ifrs-full_ProfitLoss,당기순이익,net_income,제 75 기,2229560000000,,제 74 기,9602316000000,,2,KRW
000660,00164779,SK하이닉스,2022,FY,11011,CFS,,SCE,자본변동표,ifrs-full_ProfitLoss,당기순이익,net_income,제 75 기,2241669000000,,제 74 기,9616188000000,,2,KRW
000660,00164779,SK하이닉스,2022,FY,11011,CFS,,SCE,자본변동표,ifrs-full_ProfitLoss,당기순이익,net_income,제 75 기,12109000000,,제 74 기,13872000000,,2,KRW
000660,00164779,SK하이닉스,2022,FY,11011,CFS,,SCE,자본변동표,ifrs-full_ProfitLoss,당기순이익,net_income,제 75 기,2229560000000,,제 74 기,9602316000000,,2,KRW
000660,00164779,SK하이닉스,2022,FY,11011,CFS,,SCE,자본변동표,dart_ChangesInReserveOfGainsAndLossesOnHedgingInstrumentsThatHedgeInvestmentsInEquityInstruments,파생금융상품평가이익,equity,제 75 기,5725000000,,제 74 기,10143000000,,5,KRW
000660,00164779,SK하이닉스,2022,FY,11011,CFS,,SCE,자본변동표,dart_ChangesInReserveOfGainsAndLossesOnHedgingInstrumentsThatHedgeInvestmentsInEquityInstruments,파생금융상품평가이익,equity,제 75 기,5725000000,,제 74 기,10143000000,,5,KRW
000660,00164779,SK하이닉스,2022,FY,11011,CFS,,SCE,자본변동표,dart_ChangesInReserveOfGainsAndLossesOnHedgingInstrumentsThatHedgeInvestmentsInEquityInstruments,파생금융상품평가이익,equity,제 75 기,5725000000,,제 74 기,10143000000,,5,KRW
000660,00164779,SK하이닉스,2022,FY,11011,CFS,,SCE,자본변동표,ifrs-full_Equity,기말자본,equity,제 75 기,898682000000,,제 74 기,675271000000,,12,KRW
000660,00164779,SK하이닉스,2022,FY,11011,CFS,,SCE,자본변동표,ifrs-full_Equity,기말자본,equity,제 75 기,56685260000000,,제 74 기,55784068000000,,12,KRW
000660,00164779,SK하이닉스,2022,FY,11011,CFS,,SCE,자본변동표,ifrs-full_Equity,기말자본,equity,제 75 기,3657652000000,,제 74 기,3657652000000,,12,KRW
000660,00164779,SK하이닉스,2022,FY,11011,CFS,,SCE,자본변동표,ifrs-full_Equity,기말자본,equity,제 75 기,4336170000000,,제 74 기,4334643000000,,12,KRW
000660,00164779,SK하이닉스,2022,FY,11011,CFS,,SCE,자본변동표,ifrs-full_Equity,기말자본,equity,제 75 기,63266355000000,,제 74 기,62157072000000,,12,KRW
000660,00164779,SK하이닉스,2022,FY,11011,CFS,,SCE,자본변동표,ifrs-full_Equity,기말자본,equity,제 75 기,24187000000,,제 74 기,33986000000,,12,KRW
000660,00164779,SK하이닉스,2022,FY,11011,CFS,,SCE,자본변동표,ifrs-full_Equity,기말자본,equity,제 75 기,63290542000000,,제 74 기,62191058000000,,12,KRW
000660,00164779,SK하이닉스,2022,FY,11011,CFS,,SCE,자본변동표,ifrs-full_Equity,기말자본,equity,제 75 기,-2311409000000,,제 74 기,-2294562000000,,12,KRW
000660,00164779,SK하이닉스,2022,FY,11011,OFS,,BS,재무상태표,dart_ElementsOfOtherStockholdersEquity,기타자본,equity,제 75 기,-2311408000000,,제 74 기,-2294562000000,,43,KRW
000660,00164779,SK하이닉스,2022,FY,11011,OFS,,BS,재무상태표,ifrs-full_Equity,자본총계,equity,제 75 기,60162822000000,,제 74 기,58737614000000,,46,KRW
000660,00164779,SK하이닉스,2022,FY,11011,OFS,,BS,재무상태표,ifrs-full_EquityAndLiabilities,부채및자본총계,equity,제 75 기,91800233000000,,제 74 기,84972544000000,,47,KRW
000660,00164779,SK하이닉스,2022,FY,11011,OFS,,CIS,포괄손익계산서,dart_OperatingIncomeLoss,영업이익,operating_profit,제 75 기,7660947000000,,제 74 기,12183360000000,,4,KRW
000660,00164779,SK하이닉스,2022,FY,11011,OFS,,CIS,포괄손익계산서,ifrs-full_ProfitLossBeforeTax,법인세비용차감전순이익,net_income,제 75 기,4467040000000,,제 74 기,13130428000000,,9,KRW
000660,00164779,SK하이닉스,2022,FY,11011,OFS,,CIS,포괄손익계산서,ifrs-full_ProfitLoss,당기순이익,net_income,제 75 기,2790457000000,,제 74 기,9567226000000,,11,KRW
000660,00164779,SK하이닉스,2022,FY,11011,OFS,,CF,현금흐름표,ifrs-full_CashFlowsFromUsedInOperatingActivities,영업활동 현금흐름,cfo,제 75 기,12556088000000,,제 74 기,17746280000000,,0,KRW
000660,00164779,SK하이닉스,2022,FY,11011,OFS,,CF,현금흐름표,ifrs-full_PurchaseOfPropertyPlantAndEquipmentClassifiedAsInvestingActivities,유형자산의 취득,capex,제 75 기,15158722000000,,제 74 기,10470625000000,,15,KRW
000660,00164779,SK하이닉스,2022,FY,11011,OFS,,CF,현금흐름표,ifrs-full_PurchaseOfIntangibleAssetsClassifiedAsInvestingActivities,무형자산의 취득,capex,제 75 기,719807000000,,제 74 기,860892000000,,17,KRW
000660,00164779,SK하이닉스,2022,FY,11011,OFS,,SCE,자본변동표,dart_EquityAtBeginningOfPeriod,기초자본,equity,제 75 기,23181000000,,제 74 기,14546000000,,1,KRW
000660,00164779,SK하이닉스,2022,FY,11011,OFS,,SCE,자본변동표,dart_EquityAtBeginningOfPeriod,기초자본,equity,제 75 기,4374471000000,,제 74 기,4183564000000,,1,KRW
000660,00164779,SK하이닉스,2022,FY,11011,OFS,,SCE,자본변동표,dart_EquityAtBeginningOfPeriod,기초자본,equity,제 75 기,3657652000000,,제 74 기,3657652000000,,1,KRW
000660,00164779,SK하이닉스,2022,FY,11011,OFS,,SCE,자본변동표,dart_EquityAtBeginningOfPeriod,기초자본,equity,제 75 기,52976872000000,,제 74 기,44221664000000,,1,KRW
000660,00164779,SK하이닉스,2022,FY,11011,OFS,,SCE,자본변동표,dart_EquityAtBeginningOfPeriod,기초자본,equity,제 75 기,58737614000000,,제 74 기,49574304000000,,1,KRW
000660,00164779,SK하이닉스,2022,FY,11011,OFS,,SCE,자본변동표,dart_EquityAtBeginningOfPeriod,기초자본,equity,제 75 기,-2294562000000,,제 74 기,-2503122000000,,1,KRW
000660,00164779,SK하이닉스,2022,FY,11011,OFS,,SCE,자본변동표,ifrs-full_ProfitLoss,당기순이익,net_income,제 75 기,2790457000000,,제 74 기,9567226000000,,2,KRW
000660,00164779,SK하이닉스,2022,FY,11011,OFS,,SCE,자본변동표,ifrs-full_ProfitLoss,당기순이익,net_income,제 75 기,2790457000000,,제 74 기,9567226000000,,2,KRW
000660,00164779,SK하이닉스,2022,FY,11011,OFS,,SCE,자본변동표,dart_ChangesInReserveOfGainsAndLossesOnHedgingInstrumentsThatHedgeInvestmentsInEquityInstruments,파생금융상품평가이익,equity,제 75 기,4189000000,,제 74 기,8635000000,,4,KRW
000660,00164779,SK하이닉스,2022,FY,11011,OFS,,SCE,자본변동표,dart_ChangesInReserveOfGainsAndLossesOnHedgingInstrumentsThatHedgeInvestmentsInEquityInstruments,파생금융상품평가이익,equity,제 75 기,4189000000,,제 74 기,8635000000,,4,KRW
000660,00164779,SK하이닉스,2022,FY,11011,OFS,,SCE,자본변동표,ifrs-full_Equity,기말자본,equity,제 75 기,4375998000000,,제 74 기,4374471000000,,9,KRW
000660,00164779,SK하이닉스,2022,FY,11011,OFS,,SCE,자본변동표,ifrs-full_Equity,기말자본,equity,제 75 기,3657652000000,,제 74 기,3657652000000,,9,KRW
000660,00164779,SK하이닉스,2022,FY,11011,OFS,,SCE,자본변동표,ifrs-full_Equity,기말자본,equity,제 75 기,54413210000000,,제 74 기,52976872000000,,9,KRW
000660,00164779,SK하이닉스,2022,FY,11011,OFS,,SCE,자본변동표,ifrs-full_Equity,기말자본,equity,제 75 기,-2311408000000,,제 74 기,-2294562000000,,9,KRW
000660,00164779,SK하이닉스,2022,FY,11011,OFS,,SCE,자본변동표,ifrs-full_Equity,기말자본,equity,제 75 기,60162822000000,,제 74 기,58737614000000,,9,KRW
000660,00164779,SK하이닉스,2022,FY,11011,OFS,,SCE,자본변동표,ifrs-full_Equity,기말자본,equity,제 75 기,27370000000,,제 74 기,23181000000,,9,KRW
035720,00258801,카카오,2015,FY,11011,CFS,,BS,재무상태표,dart_ContributedEquity,자본금,equity,제 21 기,30098044000,,제 20 기,29121102000,,223,KRW
035720,00258801,카카오,2015,FY,11011,CFS,,BS,재무상태표,dart_ElementsOfOtherStockholdersEquity,자본잉여금,equity,제 21 기,2274185945354,,제 20 기,2258974380241,,232,KRW
035720,00258801,카카오,2015,FY,11011,CFS,,BS,재무상태표,ifrs_Equity,자본총계,equity,제 21 기,2585474995627,,제 20 기,2463228066974,,242,KRW
035720,00258801,카카오,2015,FY,11011,CFS,,BS,재무상태표,ifrs_EquityAndLiabilities,자본과부채총계,equity,제 21 기,3188477733309,,제 20 기,2768024898489,,243,KRW
035720,00258801,카카오,2015,FY,11011,CFS,,CIS,포괄손익계산서,dart_OperatingIncomeLoss,영업이익,operating_profit,제 21 기,88588297005,,제 20 기,176427094294,,43,KRW
035720,00258801,카카오,2015,FY,11011,CFS,,CIS,포괄손익계산서,ifrs_ShareOfProfitLossOfAssociatesAndJointVenturesAccountedForUsingEquityMethod,지분법이익,net_income|equity,제 21 기,3450964137,,제 20 기,180723991,,82,KRW
035720,00258801,카카오,2015,FY,11011,CFS,,CIS,포괄손익계산서,ifrs_ProfitLoss,당기순이익,net_income,제 21 기,78764757714,,제 20 기,149821510168,,91,KRW
035720,00258801,카카오,2015,FY,11011,CFS,,CF,현금흐름표,ifrs_CashFlowsFromUsedInOperatingActivities,영업활동현금흐름,cfo,제 21 기,162217476110,,제 20 기,220333977059,,0,KRW
035720,00258801,카카오,2015,FY,11011,CFS,,CF,현금흐름표,ifrs_PurchaseOfPropertyPlantAndEquipmentClassifiedAsInvestingActivities,유형자산의 취득,capex,제 21 기,76083229407,,제 20 기,12828852800,,230,KRW
035720,00258801,카카오,2015,FY,11011,CFS,,CF,현금흐름표,ifrs_PurchaseOfIntangibleAssetsClassifiedAsInvestingActivities,무형자산의 취득,capex,제 21 기,8771763848,,제 20 기,9752128689,,236,KRW
035720,00258801,카카오,2015,FY,11011,CFS,,SCE,자본변동표,dart_EquityAtBeginningOfPeriod,기초자본,equity,제 21 기,2454619050317,,제 20 기,177256492818,,1,KRW
035720,00258801,카카오,2015,FY,11011,CFS,,SCE,자본변동표,dart_EquityAtBeginningOfPeriod,기초자본,equity,제 21 기,2258974380241,,제 20 기,112346892305,,1,KRW
035720,00258801,카카오,2015,FY,11011,CFS,,SCE,자본변동표,dart_EquityAtBeginningOfPeriod,기초자본,equity,제 21 기,190677912650,,제 20 기,40572907898,,1,KRW
035720,00258801,카카오,2015,FY,11011,CFS,,SCE,자본변동표,dart_EquityAtBeginningOfPeriod,기초자본,equity,제 21 기,,,제 20 기,5063197000,,1,KRW
035720,00258801,카카오,2015,FY,11011,CFS,,SCE,자본변동표,dart_EquityAtBeginningOfPeriod,기초자본,equity,제 21 기,2463228066974,,제 20 기,177256626342,,1,KRW
035720,00258801,카카오,2015,FY,11011,CFS,,SCE,자본변동표,dart_EquityAtBeginningOfPeriod,기초자본,equity,제 21 기,8609016657,,제 20 기,133524,,1,KRW
035720,00258801,카카오,2015,FY,11011,CFS,,SCE,자본변동표,dart_EquityAtBeginningOfPeriod,기초자본,equity,제 21 기,-26268390087,,제 20 기,6256524058,,1,KRW
035720,00258801,카카오,2015,FY,11011,CFS,,SCE,자본변동표,dart_EquityAtBeginningOfPeriod,기초자본,equity,제 21 기,2114045513,,제 20 기,-2916606443,,1,KRW
035720,00258801,카카오,2015,FY,11011,CFS,,SCE,자본변동표,dart_EquityAtBeginningOfPeriod,기초자본,equity,제 21 기,29121102000,,제 20 기,15933578000,,1,KRW
035720,00258801,카카오,2015,FY,11011,CFS,,SCE,자본변동표,ifrs_ProfitLoss,당기순이익,net_income,제 21 기,75665684938,,제 20 기,150105004752,,6,KRW
035720,00258801,카카오,2015,FY,11011,CFS,,SCE,자본변동표,ifrs_ProfitLoss,당기순이익,net_income,제 21 기,75665684938,,제 20 기,150105004752,,6,KRW
035720,00258801,카카오,2015,FY,11011,CFS,,SCE,자본변동표,ifrs_ProfitLoss,당기순이익,net_income,제 21 기,3099072776,,제 20 기,-283494584,,6,KRW
035720,00258801,카카오,2015,FY,11011,CFS,,SCE,자본변동표,ifrs_ProfitLoss,당기순이익,net_income,제 21 기,78764757714,,제 20 기,149821510168,,6,KRW
035720,00258801,카카오,2015,FY,11011,CFS,,SCE,자본변동표,ifrs_Equity,기말자본,equity,제 21 기,,,제 20 기,,,33,KRW
035720,00258801,카카오,2015,FY,11011,CFS,,SCE,자본변동표,ifrs_Equity,기말자본,equity,제 21 기,256313358089,,제 20 기,190677912650,,33,KRW
035720,00258801,카카오,2015,FY,11011,CFS,,SCE,자본변동표,ifrs_Equity,기말자본,equity,제 21 기,2274185945354,,제 20 기,2258974380241,,33,KRW
035720,00258801,카카오,2015,FY,11011,CFS,,SCE,자본변동표,ifrs_Equity,기말자본,equity,제 21 기,-9032037124,,제 20 기,-26268390087,,33,KRW
035720,00258801,카카오,2015,FY,11011,CFS,,SCE,자본변동표,ifrs_Equity,기말자본,equity,제 21 기,2585474995627,,제 20 기,2463228066974,,33,KRW
035720,00258801,카카오,2015,FY,11011,CFS,,SCE,자본변동표,ifrs_Equity,기말자본,equity,제 21 기,33080870803,,제 20 기,8609016657,,33,KRW
035720,00258801,카카오,2015,FY,11011,CFS,,SCE,자본변동표,ifrs_Equity,기말자본,equity,제 21 기,2552394124824,,제 20 기,2454619050317,,33,KRW
035720,00258801,카카오,2015,FY,11011,CFS,,SCE,자본변동표,ifrs_Equity,기말자본,equity,제 21 기,828814505,,제 20 기,2114045513,,33,KRW
035720,00258801,카카오,2015,FY,11011,CFS,,SCE,자본변동표,ifrs_Equity,기말자본,equity,제 21 기,30098044000,,제 20 기,29121102000,,33,KRW
035720,00258801,카카오,2015,FY,11011,OFS,,BS,재무상태표,dart_ContributedEquity,자본금,equity,제 21 기,30098044000,,제 20 기,29121102000,,225,KRW
035720,00258801,카카오,2015,FY,11011,OFS,,BS,재무상태표,dart_ElementsOfOtherStockholdersEquity,자본잉여금,equity,제 21 기,2291486340849,,제 20 기,2258975020444,,230,KRW
035720,00258801,카카오,2015,FY,11011,OFS,,BS,재무상태표,ifrs_Equity,자본총계,equity,제 21 기,2574881664876,,제 20 기,2460793426800,,241,KRW
035720,00258801,카카오,2015,FY,11011,OFS,,BS,재무상태표,ifrs_EquityAndLiabilities,자본과부채총계,equity,제 21 기,3117064029191,,제 20 기,2755830752445,,242,KRW
035720,00258801,카카오,2015,FY,11011,OFS,,CIS,포괄손익계산서,dart_OperatingIncomeLoss,영업이익,operating_profit,제 21 기,120590601375,,제 20 기,182518673851,,43,KRW
035720,00258801,카카오,2015,FY,11011,OFS,,CIS,포괄손익계산서,ifrs_ProfitLossBeforeTax,법인세비용차감전순이익,net_income,제 21 기,101204258334,,제 20 기,179232089982,,86,KRW
035720,00258801,카카오,2015,FY,11011,OFS,,CIS,포괄손익계산서,ifrs_ProfitLoss,당기순이익,net_income,제 21 기,72897764237,,제 20 기,160283686349,,90,KRW
035720,00258801,카카오,2015,FY,11011,OFS,,CF,현금흐름표,ifrs_CashFlowsFromUsedInOperatingActivities,영업활동현금흐름,cfo,제 21 기,188601008336,,제 20 기,226618355092,,0,KRW
035720,00258801,카카오,2015,FY,11011,OFS,,CF,현금흐름표,ifrs_PurchaseOfPropertyPlantAndEquipmentClassifiedAsInvestingActivities,유형자산의 취득,capex,제 21 기,71062655857,,제 20 기,12483690865,,161,KRW
035720,00258801,카카오,2015,FY,11011,OFS,,CF,현금흐름표,ifrs_PurchaseOfIntangibleAssetsClassifiedAsInvestingActivities,무형자산의 취득,capex,제 21 기,6834664828,,제 20 기,9056349943,,234,KRW
035720,00258801,카카오,2015,FY,11011,OFS,,SCE,자본변동표,dart_EquityAtBeginningOfPeriod,기초자본,equity,제 21 기,-252325369,,제 20 기,,,1,KRW
035720,00258801,카카오,2015,FY,11011,OFS,,SCE,자본변동표,dart_EquityAtBeginningOfPeriod,기초자본,equity,제 21 기,,,제 20 기,5063197000,,1,KRW
035720,00258801,카카오,2015,FY,11011,OFS,,SCE,자본변동표,dart_EquityAtBeginningOfPeriod,기초자본,equity,제 21 기,199218019812,,제 20 기,38934333463,,1,KRW
035720,00258801,카카오,2015,FY,11011,OFS,,SCE,자본변동표,dart_EquityAtBeginningOfPeriod,기초자본,equity,제 21 기,2258975020444,,제 20 기,112347415113,,1,KRW
035720,00258801,카카오,2015,FY,11011,OFS,,SCE,자본변동표,dart_EquityAtBeginningOfPeriod,기초자본,equity,제 21 기,2460793426800,,제 20 기,178535047634,,1,KRW
035720,00258801,카카오,2015,FY,11011,OFS,,SCE,자본변동표,dart_EquityAtBeginningOfPeriod,기초자본,equity,제 21 기,-26268390087,,제 20 기,6256524058,,1,KRW
035720,00258801,카카오,2015,FY,11011,OFS,,SCE,자본변동표,dart_EquityAtBeginningOfPeriod,기초자본,equity,제 21 기,29121102000,,제 20 기,15933578000,,1,KRW
035720,00258801,카카오,2015,FY,11011,OFS,,SCE,자본변동표,ifrs_ProfitLoss,당기순이익,net_income,제 21 기,72897764237,,제 20 기,160283686349,,6,KRW
035720,00258801,카카오,2015,FY,11011,OFS,,SCE,자본변동표,ifrs_ProfitLoss,당기순이익,net_income,제 21 기,72897764237,,제 20 기,160283686349,,6,KRW
035720,00258801,카카오,2015,FY,11011,OFS,,SCE,자본변동표,ifrs_Equity,기말자본,equity,제 21 기,30098044000,,제 20 기,29121102000,,32,KRW
035720,00258801,카카오,2015,FY,11011,OFS,,SCE,자본변동표,ifrs_Equity,기말자본,equity,제 21 기,,,제 20 기,,,32,KRW
035720,00258801,카카오,2015,FY,11011,OFS,,SCE,자본변동표,ifrs_Equity,기말자본,equity,제 21 기,262085544550,,제 20 기,199218019812,,32,KRW
035720,00258801,카카오,2015,FY,11011,OFS,,SCE,자본변동표,ifrs_Equity,기말자본,equity,제 21 기,2291486340849,,제 20 기,2258975020444,,32,KRW
035720,00258801,카카오,2015,FY,11011,OFS,,SCE,자본변동표,ifrs_Equity,기말자본,equity,제 21 기,-9032037123,,제 20 기,-26268390087,,32,KRW
035720,00258801,카카오,2015,FY,11011,OFS,,SCE,자본변동표,ifrs_Equity,기말자본,equity,제 21 기,243772600,,제 20 기,-252325369,,32,KRW
035720,00258801,카카오,2015,FY,11011,OFS,,SCE,자본변동표,ifrs_Equity,기말자본,equity,제 21 기,2574881664876,,제 20 기,2460793426800,,32,KRW
035720,00258801,카카오,2020,Q1,11013,CFS,,BS,재무상태표,ifrs-full_EquityAttributableToOwnersOfParent,지배기업 소유주지분,equity,제 26 기 1분기말,5453647823958,,제 25 기말,5225359119201,,65,KRW
035720,00258801,카카오,2020,Q1,11013,CFS,,BS,재무상태표,dart_ElementsOfOtherStockholdersEquity,자본조정,equity,제 26 기 1분기말,-607021363,,제 25 기말,7238239019,,68,KRW
035720,00258801,카카오,2020,Q1,11013,CFS,,BS,재무상태표,ifrs-full_Equity,자본총계,equity,제 26 기 1분기말,6047810353804,,제 25 기말,5740117751288,,72,KRW
035720,00258801,카카오,2020,Q1,11013,CFS,,BS,재무상태표,ifrs-full_EquityAndLiabilities,부채와자본총계,equity,제 26 기 1분기말,9495806064231,,제 25 기말,8737255755774,,73,KRW
035720,00258801,카카오,2020,Q1,11013,CFS,,CIS,포괄손익계산서,dart_OperatingIncomeLoss,영업이익(손실),operating_profit,제 26 기 1분기,88210720374,88210720374,,,27663385460,2,KRW
035720,00258801,카카오,2020,Q1,11013,CFS,,CIS,포괄손익계산서,ifrs-full_ProfitLossBeforeTax,법인세비용차감전순이익(손실),net_income,제 26 기 1분기,126598880672,126598880672,,,40511774966,11,KRW
035720,00258801,카카오,2020,Q1,11013,CFS,,CIS,포괄손익계산서,ifrs-full_ProfitLoss,당기순이익(손실),net_income,제 26 기 1분기,79899414481,79899414481,,,17563668178,13,KRW
035720,00258801,카카오,2020,Q1,11013,CFS,,CIS,포괄손익계산서,ifrs-full_ProfitLossAttributableToOwnersOfParent,지배기업 소유주지분,net_income,제 26 기 1분기,77460509665,77460509665,,,27511788406,15,KRW
035720,00258801,카카오,2020,Q1,11013,CFS,,CIS,포괄손익계산서,ifrs-full_ProfitLossAttributableToNoncontrollingInterests,비지배지분,net_income,제 26 기 1분기,2438904816,2438904816,,,-9948120228,16,KRW
035720,00258801,카카오,2020,Q1,11013,CFS,,CIS,포괄손익계산서,ifrs-full_OtherComprehensiveIncomeNetOfTaxGainsLossesFromInvestmentsInEquityInstruments,기타포괄손익-공정가치 측정 지분상품 평가손익,equity,제 26 기 1분기,-35467451176,-35467451176,,,641053943,20,KRW
035720,00258801,카카오,2020,Q1,11013,CFS,,CIS,포괄손익계산서,dart_ShareOfOtherComprehensiveIncomeOfAssociatesAndJointVenturesAccountedForUsingEquityMethodThatWillBeReclassifiedToProfitOrLossNetOfTax,부의지분법자본변동,equity,제 26 기 1분기,3034360993,3034360993,,,-3445531020,23,KRW
035720,00258801,카카오,2020,Q1,11013,CFS,,CF,현금흐름표,ifrs-full_CashFlowsFromUsedInOperatingActivities,영업활동현금흐름,cfo,제 26 기 1분기,209859051128,,,,,0,KRW
035720,00258801,카카오,2020,Q1,11013,CFS,,CF,현금흐름표,ifrs-full_PurchaseOfPropertyPlantAndEquipmentClassifiedAsInvestingActivities,유형자산의 취득,capex,제 26 기 1분기,40191147274,,,,,9,KRW
035720,00258801,카카오,2020,Q1,11013,CFS,,CF,현금흐름표,ifrs-full_PurchaseOfIntangibleAssetsClassifiedAsInvestingActivities,무형자산의 취득,capex,제 26 기 1분기,7259579262,,,,,11,KRW
035720,00258801,카카오,2020,Q1,11013,CFS,,CF,현금흐름표,ifrs-full_OtherCashPaymentsToAcquireEquityOrDebtInstrumentsOfOtherEntitiesClassifiedAsInvestingActivities,기타포괄손익-공정가치 측정 금융자산의 취득,equity,제 26 기 1분기,34687082880,,,,,15,KRW
035720,00258801,카카오,2020,Q1,11013,CFS,,CF,현금흐름표,ifrs-full_OtherCashReceiptsFromSalesOfEquityOrDebtInstrumentsOfOtherEntitiesClassifiedAsInvestingActivities,기타포괄손익-공정가치 측정 금융자산의 처분,equity,제 26 기 1분기,63816211430,,,,,16,KRW
035720,00258801,카카오,2020,Q1,11013,CFS,,SCE,자본변동표,dart_EquityAtBeginningOfPeriod,기초자본,equity,제 26 기 1분기,514758632087,,,,,1,KRW
035720,00258801,카카오,2020,Q1,11013,CFS,,SCE,자본변동표,dart_EquityAtBeginningOfPeriod,기초자본,equity,제 26 기 1분기,5225359119201,,,,,1,KRW
035720,00258801,카카오,2020,Q1,11013,CFS,,SCE,자본변동표,dart_EquityAtBeginningOfPeriod,기초자본,equity,제 26 기 1분기,-16393294393,,,,,1,KRW
035720,00258801,카카오,2020,Q1,11013,CFS,,SCE,자본변동표,dart_EquityAtBeginningOfPeriod,기초자본,equity,제 26 기 1분기,148154241860,,,,,1,KRW
035720,00258801,카카오,2020,Q1,11013,CFS,,SCE,자본변동표,dart_EquityAtBeginningOfPeriod,기초자본,equity,제 26 기 1분기,43161318000,,,,,1,KRW
035720,00258801,카카오,2020,Q1,11013,CFS,,SCE,자본변동표,dart_EquityAtBeginningOfPeriod,기초자본,equity,제 26 기 1분기,5043198614715,,,,,1,KRW
035720,00258801,카카오,2020,Q1,11013,CFS,,SCE,자본변동표,dart_EquityAtBeginningOfPeriod,기초자본,equity,제 26 기 1분기,7238239019,,,,,1,KRW
035720,00258801,카카오,2020,Q1,11013,CFS,,SCE,자본변동표,dart_EquityAtBeginningOfPeriod,기초자본,equity,제 26 기 1분기,5740117751288,,,,,1,KRW
035720,00258801,카카오,2020,Q1,11013,CFS,,SCE,자본변동표,ifrs-full_ProfitLoss,당기순이익(손실),net_income,제 26 기 1분기,0,,,,,2,KRW
035720,00258801,카카오,2020,Q1,11013,CFS,,SCE,자본변동표,ifrs-full_ProfitLoss,당기순이익(손실),net_income,제 26 기 1분기,0,,,,,2,KRW
035720,00258801,카카오,2020,Q1,11013,CFS,,SCE,자본변동표,ifrs-full_ProfitLoss,당기순이익(손실),net_income,제 26 기 1분기,0,,,,,2,KRW
035720,00258801,카카오,2020,Q1,11013,CFS,,SCE,자본변동표,ifrs-full_ProfitLoss,당기순이익(손실),net_income,제 26 기 1분기,77460509665,,,,,2,KRW
035720,00258801,카카오,2020,Q1,11013,CFS,,SCE,자본변동표,ifrs-full_ProfitLoss,당기순이익(손실),net_income,제 26 기 1분기,0,,,,,2,KRW
035720,00258801,카카오,2020,Q1,11013,CFS,,SCE,자본변동표,ifrs-full_ProfitLoss,당기순이익(손실),net_income,제 26 기 1분기,77460509665,,,,,2,KRW
035720,00258801,카카오,2020,Q1,11013,CFS,,SCE,자본변동표,ifrs-full_ProfitLoss,당기순이익(손실),net_income,제 26 기 1분기,79899414481,,,,,2,KRW
035720,00258801,카카오,2020,Q1,11013,CFS,,SCE,자본변동표,ifrs-full_ProfitLoss,당기순이익(손실),net_income,제 26 기 1분기,2438904816,,,,,2,KRW
035720,00258801,카카오,2020,Q1,11013,CFS,,SCE,자본변동표,dart_OtherComprehensiveIncomeForStatementOfChangesInEquity,기타포괄손익,equity,제 26 기 1분기,-52121698311,,,,,3,KRW
035720,00258801,카카오,2020,Q1,11013,CFS,,SCE,자본변동표,dart_OtherComprehensiveIncomeForStatementOfChangesInEquity,기타포괄손익,equity,제 26 기 1분기,0,,,,,3,KRW
035720,00258801,카카오,2020,Q1,11013,CFS,,SCE,자본변동표,dart_OtherComprehensiveIncomeForStatementOfChangesInEquity,기타포괄손익,equity,제 26 기 1분기,0,,,,,3,KRW
035720,00258801,카카오,2020,Q1,11013,CFS,,SCE,자본변동표,dart_OtherComprehensiveIncomeForStatementOfChangesInEquity,기타포괄손익,equity,제 26 기 1분기,0,,,,,3,KRW
035720,00258801,카카오,2020,Q1,11013,CFS,,SCE,자본변동표,dart_OtherComprehensiveIncomeForStatementOfChangesInEquity,기타포괄손익,equity,제 26 기 1분기,22959476399,,,,,3,KRW
035720,00258801,카카오,2020,Q1,11013,CFS,,SCE,자본변동표,dart_OtherComprehensiveIncomeForStatementOfChangesInEquity,기타포괄손익,equity,제 26 기 1분기,-29162221912,,,,,3,KRW
035720,00258801,카카오,2020,Q1,11013,CFS,,SCE,자본변동표,dart_OtherComprehensiveIncomeForStatementOfChangesInEquity,기타포괄손익,equity,제 26 기 1분기,1818359733,,,,,3,KRW
035720,00258801,카카오,2020,Q1,11013,CFS,,SCE,자본변동표,dart_OtherComprehensiveIncomeForStatementOfChangesInEquity,기타포괄손익,equity,제 26 기 1분기,-27343862179,,,,,3,KRW
035720,00258801,카카오,2020,Q1,11013,CFS,,SCE,자본변동표,ifrs-full_Equity,기말자본,equity,제 26 기 1분기,6047810353804,,,,,10,KRW
035720,00258801,카카오,2020,Q1,11013,CFS,,SCE,자본변동표,ifrs-full_Equity,기말자본,equity,제 26 기 1분기,5241079643889,,,,,10,KRW
035720,00258801,카카오,2020,Q1,11013,CFS,,SCE,자본변동표,ifrs-full_Equity,기말자본,equity,제 26 기 1분기,43528587500,,,,,10,KRW
035720,00258801,카카오,2020,Q1,11013,CFS,,SCE,자본변동표,ifrs-full_Equity,기말자본,equity,제 26 기 1분기,238161606636,,,,,10,KRW
035720,00258801,카카오,2020,Q1,11013,CFS,,SCE,자본변동표,ifrs-full_Equity,기말자본,equity,제 26 기 1분기,-68514992704,,,,,10,KRW
035720,00258801,카카오,2020,Q1,11013,CFS,,SCE,자본변동표,ifrs-full_Equity,기말자본,equity,제 26 기 1분기,5453647823958,,,,,10,KRW
035720,00258801,카카오,2020,Q1,11013,CFS,,SCE,자본변동표,ifrs-full_Equity,기말자본,equity,제 26 기 1분기,594162529846,,,,,10,KRW
035720,00258801,카카오,2020,Q1,11013,CFS,,SCE,자본변동표,ifrs-full_Equity,기말자본,equity,제 26 기 1분기,-607021363,,,,,10,KRW
035720,00258801,카카오,2020,Q1,11013,OFS,,BS,재무상태표,dart_ElementsOfOtherStockholdersEquity,자본조정,equity,제 26 기 1분기말,33447508196,,제 25 기말,41292768578,,45,KRW
035720,00258801,카카오,2020,Q1,11013,OFS,,BS,재무상태표,ifrs-full_Equity,자본총계,equity,제 26 기 1분기말,5016833543105,,제 25 기말,4858310828035,,48,KRW
035720,00258801,카카오,2020,Q1,11013,OFS,,BS,재무상태표,ifrs-full_EquityAndLiabilities,부채와자본총계,equity,제 26 기 1분기말,6540362668701,,제 25 기말,6484360616810,,49,KRW
035720,00258801,카카오,2020,Q1,11013,OFS,,CIS,포괄손익계산서,dart_OperatingIncomeLoss,영업이익(손실),operating_profit,제 26 기 1분기,65445258553,65445258553,,,34653646596,2,KRW
035720,00258801,카카오,2020,Q1,11013,OFS,,CIS,포괄손익계산서,ifrs-full_ProfitLossBeforeTax,법인세비용차감전순이익(손실),net_income,제 26 기 1분기,83380687527,83380687527,,,31638701237,10,KRW
035720,00258801,카카오,2020,Q1,11013,OFS,,CIS,포괄손익계산서,ifrs-full_ProfitLoss,당기순이익(손실),net_income,제 26 기 1분기,55725413873,55725413873,,,21204147088,12,KRW
035720,00258801,카카오,2020,Q1,11013,OFS,,CIS,포괄손익계산서,ifrs-full_OtherComprehensiveIncomeNetOfTaxGainsLossesFromInvestmentsInEquityInstruments,기타포괄손익-공정가치 측정 지분상품 평가손익,equity,제 26 기 1분기,-35795833858,-35795833858,,,-372216170,15,KRW
035720,00258801,카카오,2020,Q1,11013,OFS,,CF,현금흐름표,ifrs-full_CashFlowsFromUsedInOperatingActivities,영업활동현금흐름,cfo,제 26 기 1분기,128455449588,,,,,0,KRW
035720,00258801,카카오,2020,Q1,11013,OFS,,CF,현금흐름표,ifrs-full_PurchaseOfPropertyPlantAndEquipmentClassifiedAsInvestingActivities,유형자산의 취득,capex,제 26 기 1분기,19855883836,,,,,7,KRW
035720,00258801,카카오,2020,Q1,11013,OFS,,CF,현금흐름표,ifrs-full_PurchaseOfIntangibleAssetsClassifiedAsInvestingActivities,무형자산의 취득,capex,제 26 기 1분기,1756045140,,,,,9,KRW
035720,00258801,카카오,2020,Q1,11013,OFS,,SCE,자본변동표,dart_EquityAtBeginningOfPeriod,기초자본,equity,제 26 기 1분기,4858310828035,,,,,1,KRW
035720,00258801,카카오,2020,Q1,11013,OFS,,SCE,자본변동표,dart_EquityAtBeginningOfPeriod,기초자본,equity,제 26 기 1분기,41292768578,,,,,1,KRW
035720,00258801,카카오,2020,Q1,11013,OFS,,SCE,자본변동표,dart_EquityAtBeginningOfPeriod,기초자본,equity,제 26 기 1분기,4462249633278,,,,,1,KRW
035720,00258801,카카오,2020,Q1,11013,OFS,,SCE,자본변동표,dart_EquityAtBeginningOfPeriod,기초자본,equity,제 26 기 1분기,43161318000,,,,,1,KRW
035720,00258801,카카오,2020,Q1,11013,OFS,,SCE,자본변동표,dart_EquityAtBeginningOfPeriod,기초자본,equity,제 26 기 1분기,314504187531,,,,,1,KRW
035720,00258801,카카오,2020,Q1,11013,OFS,,SCE,자본변동표,dart_EquityAtBeginningOfPeriod,기초자본,equity,제 26 기 1분기,-2897079352,,,,,1,KRW
035720,00258801,카카오,2020,Q1,11013,OFS,,SCE,자본변동표,ifrs-full_ProfitLoss,당기순이익(손실),net_income,제 26 기 1분기,55725413873,,,,,2,KRW
035720,00258801,카카오,2020,Q1,11013,OFS,,SCE,자본변동표,ifrs-full_ProfitLoss,당기순이익(손실),net_income,제 26 기 1분기,55725413873,,,,,2,KRW
035720,00258801,카카오,2020,Q1,11013,OFS,,SCE,자본변동표,dart_OtherComprehensiveIncomeForStatementOfChangesInEquity,기타포괄손익,equity,제 26 기 1분기,-58732798668,,,,,3,KRW
035720,00258801,카카오,2020,Q1,11013,OFS,,SCE,자본변동표,dart_OtherComprehensiveIncomeForStatementOfChangesInEquity,기타포괄손익,equity,제 26 기 1분기,22936964810,,,,,3,KRW
035720,00258801,카카오,2020,Q1,11013,OFS,,SCE,자본변동표,dart_OtherComprehensiveIncomeForStatementOfChangesInEquity,기타포괄손익,equity,제 26 기 1분기,-35795833858,,,,,3,KRW
035720,00258801,카카오,2020,Q1,11013,OFS,,SCE,자본변동표,ifrs-full_Equity,기말자본,equity,제 26 기 1분기,4618733380503,,,,,8,KRW
035720,00258801,카카오,2020,Q1,11013,OFS,,SCE,자본변동표,ifrs-full_Equity,기말자본,equity,제 26 기 1분기,382753944926,,,,,8,KRW
035720,00258801,카카오,2020,Q1,11013,OFS,,SCE,자본변동표,ifrs-full_Equity,기말자본,equity,제 26 기 1분기,-61629878020,,,,,8,KRW
035720,00258801,카카오,2020,Q1,11013,OFS,,SCE,자본변동표,ifrs-full_Equity,기말자본,equity,제 26 기 1분기,5016833543105,,,,,8,KRW
035720,00258801,카카오,2020,Q1,11013,OFS,,SCE,자본변동표,ifrs-full_Equity,기말자본,equity,제 26 기 1분기,33447508196,,,,,8,KRW
035720,00258801,카카오,2020,Q1,11013,OFS,,SCE,자본변동표,ifrs-full_Equity,기말자본,equity,제 26 기 1분기,43528587500,,,,,8,KRW
035720,00258801,카카오,2020,H1,11012,CFS,,BS,재무상태표,ifrs-full_EquityAttributableToOwnersOfParent,지배기업 소유주지분,equity,제 26 기 반기말,6006005687454,,제 25 기말,5225359119201,,66,KRW
035720,00258801,카카오,2020,H1,11012,CFS,,BS,재무상태표,dart_ElementsOfOtherStockholdersEquity,자본조정,equity,제 26 기 반기말,-22785143426,,제 25 기말,7238239019,,69,KRW
035720,00258801,카카오,2020,H1,11012,CFS,,BS,재무상태표,ifrs-full_Equity,자본총계,equity,제 26 기 반기말,6701469731116,,제 25 기말,5740117751288,,73,KRW
035720,00258801,카카오,2020,H1,11012,CFS,,BS,재무상태표,ifrs-full_EquityAndLiabilities,부채와자본총계,equity,제 26 기 반기말,10042994999034,,제 25 기말,8737255755774,,74,KRW
035720,00258801,카카오,2020,H1,11012,CFS,,CIS,포괄손익계산서,dart_OperatingIncomeLoss,영업이익(손실),operating_profit,제 26 기 반기,97771189468,185981909842,,,68121964685,2,KRW
035720,00258801,카카오,2020,H1,11012,CFS,,CIS,포괄손익계산서,ifrs-full_ProfitLossBeforeTax,법인세비용차감전순이익(손실),net_income,제 26 기 반기,204123262300,330722142972,,,94078861381,11,KRW
035720,00258801,카카오,2020,H1,11012,CFS,,CIS,포괄손익계산서,ifrs-full_ProfitLoss,당기순이익(손실),net_income,제 26 기 반기,145222363913,225121778394,,,48556162160,13,KRW
035720,00258801,카카오,2020,H1,11012,CFS,,CIS,포괄손익계산서,ifrs-full_ProfitLossAttributableToOwnersOfParent,지배기업 소유주지분,net_income,제 26 기 반기,139761392780,217221902445,,,66286629295,15,KRW
035720,00258801,카카오,2020,H1,11012,CFS,,CIS,포괄손익계산서,ifrs-full_ProfitLossAttributableToNoncontrollingInterests,비지배지분,net_income,제 26 기 반기,5460971133,7899875949,,,-17730467135,16,KRW
035720,00258801,카카오,2020,H1,11012,CFS,,CIS,포괄손익계산서,ifrs-full_OtherComprehensiveIncomeNetOfTaxGainsLossesFromInvestmentsInEquityInstruments,기타포괄손익-공정가치 측정 지분상품 평가손익,equity,제 26 기 반기,44371101030,8903649854,,,-3750232454,20,KRW
035720,00258801,카카오,2020,H1,11012,CFS,,CIS,포괄손익계산서,dart_ShareOfOtherComprehensiveIncomeOfAssociatesAndJointVenturesAccountedForUsingEquityMethodThatWillBeReclassifiedToProfitOrLossNetOfTax,부의지분법자본변동,equity,제 26 기 반기,2538425686,5572786679,,,-2935024124,23,KRW
035720,00258801,카카오,2020,H1,11012,CFS,,CF,현금흐름표,ifrs-full_CashFlowsFromUsedInOperatingActivities,영업활동현금흐름,cfo,제 26 기 반기,278098124409,,,,,0,KRW
035720,00258801,카카오,2020,H1,11012,CFS,,CF,현금흐름표,ifrs-full_PurchaseOfPropertyPlantAndEquipmentClassifiedAsInvestingActivities,유형자산의 취득,capex,제 26 기 반기,48572437354,,,,,9,KRW
035720,00258801,카카오,2020,H1,11012,CFS,,CF,현금흐름표,ifrs-full_PurchaseOfIntangibleAssetsClassifiedAsInvestingActivities,무형자산의 취득,capex,제 26 기 반기,21484995396,,,,,11,KRW
035720,00258801,카카오,2020,H1,11012,CFS,,CF,현금흐름표,ifrs-full_OtherCashPaymentsToAcquireEquityOrDebtInstrumentsOfOtherEntitiesClassifiedAsInvestingActivities,기타포괄손익-공정가치 측정 금융자산의 취득,equity,제 26 기 반기,66351862454,,,,,15,KRW
035720,00258801,카카오,2020,H1,11012,CFS,,CF,현금흐름표,ifrs-full_OtherCashReceiptsFromSalesOfEquityOrDebtInstrumentsOfOtherEntitiesClassifiedAsInvestingActivities,기타포괄손익-공정가치 측정 금융자산의 처분,equity,제 26 기 반기,67583687342,,,,,16,KRW
035720,00258801,카카오,2020,H1,11012,CFS,,SCE,자본변동표,dart_EquityAtBeginningOfPeriod,기초자본,equity,제 26 기 반기,148154241860,,,,,1,KRW
035720,00258801,카카오,2020,H1,11012,CFS,,SCE,자본변동표,dart_EquityAtBeginningOfPeriod,기초자본,equity,제 26 기 반기,-16393294393,,,,,1,KRW
035720,00258801,카카오,2020,H1,11012,CFS,,SCE,자본변동표,dart_EquityAtBeginningOfPeriod,기초자본,equity,제 26 기 반기,5225359119201,,,,,1,KRW
035720,00258801,카카오,2020,H1,11012,CFS,,SCE,자본변동표,dart_EquityAtBeginningOfPeriod,기초자본,equity,제 26 기 반기,7238239019,,,,,1,KRW
035720,00258801,카카오,2020,H1,11012,CFS,,SCE,자본변동표,dart_EquityAtBeginningOfPeriod,기초자본,equity,제 26 기 반기,5043198614715,,,,,1,KRW
035720,00258801,카카오,2020,H1,11012,CFS,,SCE,자본변동표,dart_EquityAtBeginningOfPeriod,기초자본,equity,제 26 기 반기,43161318000,,,,,1,KRW
035720,00258801,카카오,2020,H1,11012,CFS,,SCE,자본변동표,dart_EquityAtBeginningOfPeriod,기초자본,equity,제 26 기 반기,5740117751288,,,,,1,KRW
035720,00258801,카카오,2020,H1,11012,CFS,,SCE,자본변동표,dart_EquityAtBeginningOfPeriod,기초자본,equity,제 26 기 반기,514758632087,,,,,1,KRW
035720,00258801,카카오,2020,H1,11012,CFS,,SCE,자본변동표,ifrs-full_ProfitLoss,당기순이익(손실),net_income,제 26 기 반기,217221902445,,,,,2,KRW
035720,00258801,카카오,2020,H1,11012,CFS,,SCE,자본변동표,ifrs-full_ProfitLoss,당기순이익(손실),net_income,제 26 기 반기,145222363913,,,,,2,KRW
035720,00258801,카카오,2020,H1,11012,CFS,,SCE,자본변동표,ifrs-full_ProfitLoss,당기순이익(손실),net_income,제 26 기 반기,217221902445,,,,,2,KRW
035720,00258801,카카오,2020,H1,11012,CFS,,SCE,자본변동표,ifrs-full_ProfitLoss,당기순이익(손실),net_income,제 26 기 반기,7899875949,,,,,2,KRW
035720,00258801,카카오,2020,H1,11012,CFS,,SCE,자본변동표,dart_OtherComprehensiveIncomeForStatementOfChangesInEquity,기타포괄손익,equity,제 26 기 반기,22959476409,,,,,3,KRW
035720,00258801,카카오,2020,H1,11012,CFS,,SCE,자본변동표,dart_OtherComprehensiveIncomeForStatementOfChangesInEquity,기타포괄손익,equity,제 26 기 반기,14850845821,,,,,3,KRW
035720,00258801,카카오,2020,H1,11012,CFS,,SCE,자본변동표,dart_OtherComprehensiveIncomeForStatementOfChangesInEquity,기타포괄손익,equity,제 26 기 반기,19400498118,,,,,3,KRW
035720,00258801,카카오,2020,H1,11012,CFS,,SCE,자본변동표,dart_OtherComprehensiveIncomeForStatementOfChangesInEquity,기타포괄손익,equity,제 26 기 반기,4549652297,,,,,3,KRW
035720,00258801,카카오,2020,H1,11012,CFS,,SCE,자본변동표,dart_OtherComprehensiveIncomeForStatementOfChangesInEquity,기타포괄손익,equity,제 26 기 반기,-8108630588,,,,,3,KRW
035720,00258801,카카오,2020,H1,11012,CFS,,SCE,자본변동표,ifrs-full_Equity,기말자본,equity,제 26 기 반기,5631396677435,,,,,10,KRW
035720,00258801,카카오,2020,H1,11012,CFS,,SCE,자본변동표,ifrs-full_Equity,기말자본,equity,제 26 기 반기,43973079000,,,,,10,KRW
035720,00258801,카카오,2020,H1,11012,CFS,,SCE,자본변동표,ifrs-full_Equity,기말자본,equity,제 26 기 반기,377922999426,,,,,10,KRW
035720,00258801,카카오,2020,H1,11012,CFS,,SCE,자본변동표,ifrs-full_Equity,기말자본,equity,제 26 기 반기,-24501924981,,,,,10,KRW
035720,00258801,카카오,2020,H1,11012,CFS,,SCE,자본변동표,ifrs-full_Equity,기말자본,equity,제 26 기 반기,6006005687454,,,,,10,KRW
035720,00258801,카카오,2020,H1,11012,CFS,,SCE,자본변동표,ifrs-full_Equity,기말자본,equity,제 26 기 반기,695464043662,,,,,10,KRW
035720,00258801,카카오,2020,H1,11012,CFS,,SCE,자본변동표,ifrs-full_Equity,기말자본,equity,제 26 기 반기,6701469731116,,,,,10,KRW
035720,00258801,카카오,2020,H1,11012,CFS,,SCE,자본변동표,ifrs-full_Equity,기말자본,equity,제 26 기 반기,-22785143426,,,,,10,KRW
035720,00258801,카카오,2020,H1,11012,OFS,,BS,재무상태표,dart_ElementsOfOtherStockholdersEquity,자본조정,equity,제 26 기 반기말,11269386133,,제 25 기말,41292768578,,46,KRW
035720,00258801,카카오,2020,H1,11012,OFS,,BS,재무상태표,ifrs-full_Equity,자본총계,equity,제 26 기 반기말,5356630891859,,제 25 기말,4858310828035,,49,KRW
035720,00258801,카카오,2020,H1,11012,OFS,,BS,재무상태표,ifrs-full_EquityAndLiabilities,부채와자본총계,equity,제 26 기 반기말,6675319329322,,제 25 기말,6484360616810,,50,KRW
035720,00258801,카카오,2020,H1,11012,OFS,,CIS,포괄손익계산서,dart_OperatingIncomeLoss,영업이익(손실),operating_profit,제 26 기 반기,55720954931,121166213484,,,80002025931,2,KRW
035720,00258801,카카오,2020,H1,11012,OFS,,CIS,포괄손익계산서,ifrs-full_ProfitLossBeforeTax,법인세비용차감전순이익(손실),net_income,제 26 기 반기,50443744798,133824432325,,,74318827384,10,KRW
035720,00258801,카카오,2020,H1,11012,OFS,,CIS,포괄손익계산서,ifrs-full_ProfitLoss,당기순이익(손실),net_income,제 26 기 반기,34118857947,89844271820,,,47341579985,12,KRW
035720,00258801,카카오,2020,H1,11012,OFS,,CIS,포괄손익계산서,ifrs-full_OtherComprehensiveIncomeNetOfTaxGainsLossesFromInvestmentsInEquityInstruments,기타포괄손익-공정가치 측정 지분상품 평가손익,equity,제 26 기 반기,37310220762,1514386904,,,-372216170,15,KRW
035720,00258801,카카오,2020,H1,11012,OFS,,CF,현금흐름표,ifrs-full_CashFlowsFromUsedInOperatingActivities,영업활동현금흐름,cfo,제 26 기 반기,226706292564,,,,,0,KRW
035720,00258801,카카오,2020,H1,11012,OFS,,CF,현금흐름표,ifrs-full_PurchaseOfPropertyPlantAndEquipmentClassifiedAsInvestingActivities,유형자산의 취득,capex,제 26 기 반기,24752434574,,,,,8,KRW
035720,00258801,카카오,2020,H1,11012,OFS,,CF,현금흐름표,ifrs-full_PurchaseOfIntangibleAssetsClassifiedAsInvestingActivities,무형자산의 취득,capex,제 26 기 반기,2497274805,,,,,10,KRW
035720,00258801,카카오,2020,H1,11012,OFS,,SCE,자본변동표,dart_EquityAtBeginningOfPeriod,기초자본,equity,제 26 기 반기,314504187531,,,,,1,KRW
035720,00258801,카카오,2020,H1,11012,OFS,,SCE,자본변동표,dart_EquityAtBeginningOfPeriod,기초자본,equity,제 26 기 반기,41292768578,,,,,1,KRW
035720,00258801,카카오,2020,H1,11012,OFS,,SCE,자본변동표,dart_EquityAtBeginningOfPeriod,기초자본,equity,제 26 기 반기,4462249633278,,,,,1,KRW
035720,00258801,카카오,2020,H1,11012,OFS,,SCE,자본변동표,dart_EquityAtBeginningOfPeriod,기초자본,equity,제 26 기 반기,43161318000,,,,,1,KRW
035720,00258801,카카오,2020,H1,11012,OFS,,SCE,자본변동표,dart_EquityAtBeginningOfPeriod,기초자본,equity,제 26 기 반기,-2897079352,,,,,1,KRW
035720,00258801,카카오,2020,H1,11012,OFS,,SCE,자본변동표,dart_EquityAtBeginningOfPeriod,기초자본,equity,제 26 기 반기,4858310828035,,,,,1,KRW
035720,00258801,카카오,2020,H1,11012,OFS,,SCE,자본변동표,ifrs-full_ProfitLoss,당기순이익(손실),net_income,제 26 기 반기,34118857947,,,,,2,KRW
035720,00258801,카카오,2020,H1,11012,OFS,,SCE,자본변동표,ifrs-full_ProfitLoss,당기순이익(손실),net_income,제 26 기 반기,89844271820,,,,,2,KRW
035720,00258801,카카오,2020,H1,11012,OFS,,SCE,자본변동표,dart_OtherComprehensiveIncomeForStatementOfChangesInEquity,기타포괄손익,equity,제 26 기 반기,1514386904,,,,,3,KRW
035720,00258801,카카오,2020,H1,11012,OFS,,SCE,자본변동표,dart_OtherComprehensiveIncomeForStatementOfChangesInEquity,기타포괄손익,equity,제 26 기 반기,-21422577906,,,,,3,KRW
035720,00258801,카카오,2020,H1,11012,OFS,,SCE,자본변동표,dart_OtherComprehensiveIncomeForStatementOfChangesInEquity,기타포괄손익,equity,제 26 기 반기,22936964810,,,,,3,KRW
035720,00258801,카카오,2020,H1,11012,OFS,,SCE,자본변동표,ifrs-full_Equity,기말자본,equity,제 26 기 반기,11269386133,,,,,8,KRW
035720,00258801,카카오,2020,H1,11012,OFS,,SCE,자본변동표,ifrs-full_Equity,기말자본,equity,제 26 기 반기,4908835281111,,,,,8,KRW
035720,00258801,카카오,2020,H1,11012,OFS,,SCE,자본변동표,ifrs-full_Equity,기말자본,equity,제 26 기 반기,43973079000,,,,,8,KRW
035720,00258801,카카오,2020,H1,11012,OFS,,SCE,자본변동표,ifrs-full_Equity,기말자본,equity,제 26 기 반기,-24319657258,,,,,8,KRW
035720,00258801,카카오,2020,H1,11012,OFS,,SCE,자본변동표,ifrs-full_Equity,기말자본,equity,제 26 기 반기,5356630891859,,,,,8,KRW
035720,00258801,카카오,2020,H1,11012,OFS,,SCE,자본변동표,ifrs-full_Equity,기말자본,equity,제 26 기 반기,416872802873,,,,,8,KRW
035720,00258801,카카오,2020,Q3,11014,CFS,,BS,재무상태표,ifrs-full_EquityAttributableToOwnersOfParent,지배기업 소유주지분,equity,제 26 기 3분기말,6393118492638,,제 25 기말,5225359119201,,65,KRW
035720,00258801,카카오,2020,Q3,11014,CFS,,BS,재무상태표,dart_ElementsOfOtherStockholdersEquity,자본조정,equity,제 26 기 3분기말,-19288677950,,제 25 기말,7238239019,,68,KRW
035720,00258801,카카오,2020,Q3,11014,CFS,,BS,재무상태표,ifrs-full_Equity,자본총계,equity,제 26 기 3분기말,7469816169125,,제 25 기말,5740117751288,,72,KRW
035720,00258801,카카오,2020,Q3,11014,CFS,,BS,재무상태표,ifrs-full_EquityAndLiabilities,부채와자본총계,equity,제 26 기 3분기말,11232623887656,,제 25 기말,8737255755774,,73,KRW
035720,00258801,카카오,2020,Q3,11014,CFS,,CIS,포괄손익계산서,dart_OperatingIncomeLoss,영업이익(손실),operating_profit,제 26 기 3분기,120214821162,306196731004,,,127204306772,2,KRW
035720,00258801,카카오,2020,Q3,11014,CFS,,CIS,포괄손익계산서,ifrs-full_ProfitLossBeforeTax,법인세비용차감전순이익(손실),net_income,제 26 기 3분기,179592595823,510314738795,,,182925560138,11,KRW
035720,00258801,카카오,2020,Q3,11014,CFS,,CIS,포괄손익계산서,ifrs-full_ProfitLoss,당기순이익(손실),net_income,제 26 기 3분기,143728038530,368849816924,,,100010476570,13,KRW
035720,00258801,카카오,2020,Q3,11014,CFS,,CIS,포괄손익계산서,ifrs-full_ProfitLossAttributableToOwnersOfParent,지배기업 소유주지분,net_income,제 26 기 3분기,127525813691,344747716136,,,122003453239,15,KRW
035720,00258801,카카오,2020,Q3,11014,CFS,,CIS,포괄손익계산서,ifrs-full_ProfitLossAttributableToNoncontrollingInterests,비지배지분,net_income,제 26 기 3분기,16202224839,24102100788,,,-21992976669,16,KRW
035720,00258801,카카오,2020,Q3,11014,CFS,,CIS,포괄손익계산서,ifrs-full_OtherComprehensiveIncomeNetOfTaxGainsLossesFromInvestmentsInEquityInstruments,기타포괄손익-공정가치 측정 지분상품 평가손익,equity,제 26 기 3분기,42080789070,50984438924,,,4524269224,20,KRW
035720,00258801,카카오,2020,Q3,11014,CFS,,CIS,포괄손익계산서,dart_ShareOfOtherComprehensiveIncomeOfAssociatesAndJointVenturesAccountedForUsingEquityMethodThatWillBeReclassifiedToProfitOrLossNetOfTax,부의지분법자본변동,equity,제 26 기 3분기,-182945884,5389840795,,,-803152387,23,KRW
035720,00258801,카카오,2020,Q3,11014,CFS,,CF,현금흐름표,ifrs-full_CashFlowsFromUsedInOperatingActivities,영업활동현금흐름,cfo,제 26 기 3분기,668795659773,,,,,0,KRW
035720,00258801,카카오,2020,Q3,11014,CFS,,CF,현금흐름표,ifrs-full_PurchaseOfPropertyPlantAndEquipmentClassifiedAsInvestingActivities,유형자산의 취득,capex,제 26 기 3분기,141593664731,,,,,9,KRW
035720,00258801,카카오,2020,Q3,11014,CFS,,CF,현금흐름표,ifrs-full_PurchaseOfIntangibleAssetsClassifiedAsInvestingActivities,무형자산의 취득,capex,제 26 기 3분기,37111340373,,,,,11,KRW
035720,00258801,카카오,2020,Q3,11014,CFS,,CF,현금흐름표,ifrs-full_OtherCashPaymentsToAcquireEquityOrDebtInstrumentsOfOtherEntitiesClassifiedAsInvestingActivities,기타포괄손익-공정가치 측정 금융자산의 취득,equity,제 26 기 3분기,169580071416,,,,,15,KRW
035720,00258801,카카오,2020,Q3,11014,CFS,,CF,현금흐름표,ifrs-full_OtherCashReceiptsFromSalesOfEquityOrDebtInstrumentsOfOtherEntitiesClassifiedAsInvestingActivities,기타포괄손익-공정가치 측정 금융자산의 처분,equity,제 26 기 3분기,67567037352,,,,,16,KRW
035720,00258801,카카오,2020,Q3,11014,CFS,,SCE,자본변동표,dart_EquityAtBeginningOfPeriod,기초자본,equity,제 26 기 3분기,148154241860,,,,,1,KRW
035720,00258801,카카오,2020,Q3,11014,CFS,,SCE,자본변동표,dart_EquityAtBeginningOfPeriod,기초자본,equity,제 26 기 3분기,-16393294393,,,,,1,KRW
035720,00258801,카카오,2020,Q3,11014,CFS,,SCE,자본변동표,dart_EquityAtBeginningOfPeriod,기초자본,equity,제 26 기 3분기,5225359119201,,,,,1,KRW
035720,00258801,카카오,2020,Q3,11014,CFS,,SCE,자본변동표,dart_EquityAtBeginningOfPeriod,기초자본,equity,제 26 기 3분기,7238239019,,,,,1,KRW
035720,00258801,카카오,2020,Q3,11014,CFS,,SCE,자본변동표,dart_EquityAtBeginningOfPeriod,기초자본,equity,제 26 기 3분기,5043198614715,,,,,1,KRW
035720,00258801,카카오,2020,Q3,11014,CFS,,SCE,자본변동표,dart_EquityAtBeginningOfPeriod,기초자본,equity,제 26 기 3분기,43161318000,,,,,1,KRW
035720,00258801,카카오,2020,Q3,11014,CFS,,SCE,자본변동표,dart_EquityAtBeginningOfPeriod,기초자본,equity,제 26 기 3분기,5740117751288,,,,,1,KRW
035720,00258801,카카오,2020,Q3,11014,CFS,,SCE,자본변동표,dart_EquityAtBeginningOfPeriod,기초자본,equity,제 26 기 3분기,514758632087,,,,,1,KRW
035720,00258801,카카오,2020,Q3,11014,CFS,,SCE,자본변동표,ifrs-full_ProfitLoss,당기순이익(손실),net_income,제 26 기 3분기,344747716136,,,,,2,KRW
035720,00258801,카카오,2020,Q3,11014,CFS,,SCE,자본변동표,ifrs-full_ProfitLoss,당기순이익(손실),net_income,제 26 기 3분기,143728038530,,,,,2,KRW
035720,00258801,카카오,2020,Q3,11014,CFS,,SCE,자본변동표,ifrs-full_ProfitLoss,당기순이익(손실),net_income,제 26 기 3분기,344747716136,,,,,2,KRW
035720,00258801,카카오,2020,Q3,11014,CFS,,SCE,자본변동표,ifrs-full_ProfitLoss,당기순이익(손실),net_income,제 26 기 3분기,24102100788,,,,,2,KRW
035720,00258801,카카오,2020,Q3,11014,CFS,,SCE,자본변동표,dart_OtherComprehensiveIncomeForStatementOfChangesInEquity,기타포괄손익,equity,제 26 기 3분기,22959476416,,,,,3,KRW
035720,00258801,카카오,2020,Q3,11014,CFS,,SCE,자본변동표,dart_OtherComprehensiveIncomeForStatementOfChangesInEquity,기타포괄손익,equity,제 26 기 3분기,58240621256,,,,,3,KRW
035720,00258801,카카오,2020,Q3,11014,CFS,,SCE,자본변동표,dart_OtherComprehensiveIncomeForStatementOfChangesInEquity,기타포괄손익,equity,제 26 기 3분기,62645014109,,,,,3,KRW
035720,00258801,카카오,2020,Q3,11014,CFS,,SCE,자본변동표,dart_OtherComprehensiveIncomeForStatementOfChangesInEquity,기타포괄손익,equity,제 26 기 3분기,4404392853,,,,,3,KRW
035720,00258801,카카오,2020,Q3,11014,CFS,,SCE,자본변동표,dart_OtherComprehensiveIncomeForStatementOfChangesInEquity,기타포괄손익,equity,제 26 기 3분기,35281144840,,,,,3,KRW
035720,00258801,카카오,2020,Q3,11014,CFS,,SCE,자본변동표,ifrs-full_Equity,기말자본,equity,제 26 기 3분기,5843896597517,,,,,10,KRW
035720,00258801,카카오,2020,Q3,11014,CFS,,SCE,자본변동표,ifrs-full_Equity,기말자본,equity,제 26 기 3분기,44173909500,,,,,10,KRW
035720,00258801,카카오,2020,Q3,11014,CFS,,SCE,자본변동표,ifrs-full_Equity,기말자본,equity,제 26 기 3분기,505448813124,,,,,10,KRW
035720,00258801,카카오,2020,Q3,11014,CFS,,SCE,자본변동표,ifrs-full_Equity,기말자본,equity,제 26 기 3분기,18887850447,,,,,10,KRW
035720,00258801,카카오,2020,Q3,11014,CFS,,SCE,자본변동표,ifrs-full_Equity,기말자본,equity,제 26 기 3분기,6393118492638,,,,,10,KRW
035720,00258801,카카오,2020,Q3,11014,CFS,,SCE,자본변동표,ifrs-full_Equity,기말자본,equity,제 26 기 3분기,1076697676487,,,,,10,KRW
035720,00258801,카카오,2020,Q3,11014,CFS,,SCE,자본변동표,ifrs-full_Equity,기말자본,equity,제 26 기 3분기,7469816169125,,,,,10,KRW
035720,00258801,카카오,2020,Q3,11014,CFS,,SCE,자본변동표,ifrs-full_Equity,기말자본,equity,제 26 기 3분기,-19288677950,,,,,10,KRW
035720,00258801,카카오,2020,Q3,11014,OFS,,BS,재무상태표,dart_ElementsOfOtherStockholdersEquity,자본조정,equity,제 26 기 3분기말,14765851609,,제 25 기말,41292768578,,46,KRW
035720,00258801,카카오,2020,Q3,11014,OFS,,BS,재무상태표,ifrs-full_Equity,자본총계,equity,제 26 기 3분기말,5527931541216,,제 25 기말,4858310828035,,49,KRW
035720,00258801,카카오,2020,Q3,11014,OFS,,BS,재무상태표,ifrs-full_EquityAndLiabilities,부채와자본총계,equity,제 26 기 3분기말,6997708199411,,제 25 기말,6484360616810,,50,KRW
035720,00258801,카카오,2020,Q3,11014,OFS,,CIS,포괄손익계산서,dart_OperatingIncomeLoss,영업이익(손실),operating_profit,제 26 기 3분기,72385109600,193551323084,,,129525983344,2,KRW
035720,00258801,카카오,2020,Q3,11014,OFS,,CIS,포괄손익계산서,ifrs-full_ProfitLossBeforeTax,법인세비용차감전순이익(손실),net_income,제 26 기 3분기,89969628770,223794061095,,,149859523190,10,KRW
035720,00258801,카카오,2020,Q3,11014,OFS,,CIS,포괄손익계산서,ifrs-full_ProfitLoss,당기순이익(손실),net_income,제 26 기 3분기,77061596758,166905868578,,,113491740968,12,KRW
035720,00258801,카카오,2020,Q3,11014,OFS,,CIS,포괄손익계산서,ifrs-full_OtherComprehensiveIncomeNetOfTaxGainsLossesFromInvestmentsInEquityInstruments,기타포괄손익-공정가치 측정 지분상품 평가손익,equity,제 26 기 3분기,42159504080,43673890984,,,5654313430,15,KRW
035720,00258801,카카오,2020,Q3,11014,OFS,,CF,현금흐름표,ifrs-full_CashFlowsFromUsedInOperatingActivities,영업활동현금흐름,cfo,제 26 기 3분기,394940446788,,,,,0,KRW
035720,00258801,카카오,2020,Q3,11014,OFS,,CF,현금흐름표,ifrs-full_PurchaseOfPropertyPlantAndEquipmentClassifiedAsInvestingActivities,유형자산의 취득,capex,제 26 기 3분기,88586345565,,,,,8,KRW
035720,00258801,카카오,2020,Q3,11014,OFS,,CF,현금흐름표,ifrs-full_PurchaseOfIntangibleAssetsClassifiedAsInvestingActivities,무형자산의 취득,capex,제 26 기 3분기,11897641746,,,,,10,KRW
035720,00258801,카카오,2020,Q3,11014,OFS,,SCE,자본변동표,dart_EquityAtBeginningOfPeriod,기초자본,equity,제 26 기 3분기,314504187531,,,,,1,KRW
035720,00258801,카카오,2020,Q3,11014,OFS,,SCE,자본변동표,dart_EquityAtBeginningOfPeriod,기초자본,equity,제 26 기 3분기,41292768578,,,,,1,KRW
035720,00258801,카카오,2020,Q3,11014,OFS,,SCE,자본변동표,dart_EquityAtBeginningOfPeriod,기초자본,equity,제 26 기 3분기,4462249633278,,,,,1,KRW
035720,00258801,카카오,2020,Q3,11014,OFS,,SCE,자본변동표,dart_EquityAtBeginningOfPeriod,기초자본,equity,제 26 기 3분기,43161318000,,,,,1,KRW
035720,00258801,카카오,2020,Q3,11014,OFS,,SCE,자본변동표,dart_EquityAtBeginningOfPeriod,기초자본,equity,제 26 기 3분기,-2897079352,,,,,1,KRW
035720,00258801,카카오,2020,Q3,11014,OFS,,SCE,자본변동표,dart_EquityAtBeginningOfPeriod,기초자본,equity,제 26 기 3분기,4858310828035,,,,,1,KRW
035720,00258801,카카오,2020,Q3,11014,OFS,,SCE,자본변동표,ifrs-full_ProfitLoss,당기순이익(손실),net_income,제 26 기 3분기,77061596758,,,,,2,KRW
035720,00258801,카카오,2020,Q3,11014,OFS,,SCE,자본변동표,ifrs-full_ProfitLoss,당기순이익(손실),net_income,제 26 기 3분기,166905868578,,,,,2,KRW
035720,00258801,카카오,2020,Q3,11014,OFS,,SCE,자본변동표,dart_OtherComprehensiveIncomeForStatementOfChangesInEquity,기타포괄손익,equity,제 26 기 3분기,43673890984,,,,,3,KRW
035720,00258801,카카오,2020,Q3,11014,OFS,,SCE,자본변동표,dart_OtherComprehensiveIncomeForStatementOfChangesInEquity,기타포괄손익,equity,제 26 기 3분기,20736926174,,,,,3,KRW
035720,00258801,카카오,2020,Q3,11014,OFS,,SCE,자본변동표,dart_OtherComprehensiveIncomeForStatementOfChangesInEquity,기타포괄손익,equity,제 26 기 3분기,22936964810,,,,,3,KRW
035720,00258801,카카오,2020,Q3,11014,OFS,,SCE,자본변동표,ifrs-full_Equity,기말자본,equity,제 26 기 3분기,14765851609,,,,,8,KRW
035720,00258801,카카오,2020,Q3,11014,OFS,,SCE,자본변동표,ifrs-full_Equity,기말자본,equity,제 26 기 3분기,4957217533654,,,,,8,KRW
035720,00258801,카카오,2020,Q3,11014,OFS,,SCE,자본변동표,ifrs-full_Equity,기말자본,equity,제 26 기 3분기,44173909500,,,,,8,KRW
035720,00258801,카카오,2020,Q3,11014,OFS,,SCE,자본변동표,ifrs-full_Equity,기말자본,equity,제 26 기 3분기,17839846822,,,,,8,KRW
035720,00258801,카카오,2020,Q3,11014,OFS,,SCE,자본변동표,ifrs-full_Equity,기말자본,equity,제 26 기 3분기,5527931541216,,,,,8,KRW
035720,00258801,카카오,2020,Q3,11014,OFS,,SCE,자본변동표,ifrs-full_Equity,기말자본,equity,제 26 기 3분기,493934399631,,,,,8,KRW
035720,00258801,카카오,2020,FY,11011,CFS,,BS,재무상태표,ifrs-full_EquityAttributableToOwnersOfParent,지배기업 소유주지분,equity,제 26 기,6283700331669,,제 25 기,5214066073050,,65,KRW
035720,00258801,카카오,2020,FY,11011,CFS,,BS,재무상태표,dart_ElementsOfOtherStockholdersEquity,자본조정,equity,제 26 기,18616904708,,제 25 기,7238239019,,68,KRW
035720,00258801,카카오,2020,FY,11011,CFS,,BS,재무상태표,ifrs-full_Equity,자본총계,equity,제 26 기,7411759473373,,제 25 기,5728528964581,,72,KRW
035720,00258801,카카오,2020,FY,11011,CFS,,BS,재무상태표,ifrs-full_EquityAndLiabilities,부채와자본총계,equity,제 26 기,11954146190738,,제 25 기,8737369043733,,73,KRW
035720,00258801,카카오,2020,FY,11011,CFS,,CIS,포괄손익계산서,dart_OperatingIncomeLoss,영업이익(손실),operating_profit,제 26 기,450519574781,,제 25 기,202191335143,,2,KRW
035720,00258801,카카오,2020,FY,11011,CFS,,CIS,포괄손익계산서,ifrs-full_ProfitLossBeforeTax,법인세비용차감전순이익(손실),net_income,제 26 기,408935484631,,제 25 기,-238851792345,,11,KRW
035720,00258801,카카오,2020,FY,11011,CFS,,CIS,포괄손익계산서,ifrs-full_ProfitLoss,당기순이익(손실),net_income,제 26 기,168978904480,,제 25 기,-345859064065,,13,KRW
035720,00258801,카카오,2020,FY,11011,CFS,,CIS,포괄손익계산서,ifrs-full_ProfitLossAttributableToOwnersOfParent,지배기업 소유주지분,net_income,제 26 기,151601165711,,제 25 기,-304814871214,,15,KRW
035720,00258801,카카오,2020,FY,11011,CFS,,CIS,포괄손익계산서,ifrs-full_ProfitLossAttributableToNoncontrollingInterests,비지배지분,net_income,제 26 기,17377738769,,제 25 기,-41044192851,,16,KRW
035720,00258801,카카오,2020,FY,11011,CFS,,CIS,포괄손익계산서,ifrs-full_OtherComprehensiveIncomeNetOfTaxGainsLossesFromInvestmentsInEquityInstruments,기타포괄손익-공정가치 측정 지분상품 평가손익,equity,제 26 기,157537445108,,제 25 기,-532111477,,20,KRW
035720,00258801,카카오,2020,FY,11011,CFS,,CIS,포괄손익계산서,dart_ShareOfOtherComprehensiveIncomeOfAssociatesAndJointVenturesAccountedForUsingEquityMethodThatWillBeReclassifiedToProfitOrLossNetOfTax,부의지분법자본변동,equity,제 26 기,681929676,,제 25 기,-3547027003,,24,KRW
035720,00258801,카카오,2020,FY,11011,CFS,,CF,현금흐름표,ifrs-full_CashFlowsFromUsedInOperatingActivities,영업활동현금흐름,cfo,제 26 기,971096476573,,제 25 기,752667420203,,0,KRW
035720,00258801,카카오,2020,FY,11011,CFS,,CF,현금흐름표,ifrs-full_PurchaseOfPropertyPlantAndEquipmentClassifiedAsInvestingActivities,유형자산의 취득,capex,제 26 기,183146811228,,제 25 기,106363615480,,9,KRW
035720,00258801,카카오,2020,FY,11011,CFS,,CF,현금흐름표,ifrs-full_PurchaseOfIntangibleAssetsClassifiedAsInvestingActivities,무형자산의 취득,capex,제 26 기,86882029536,,제 25 기,62337392187,,12,KRW
035720,00258801,카카오,2020,FY,11011,CFS,,CF,현금흐름표,ifrs-full_OtherCashPaymentsToAcquireEquityOrDebtInstrumentsOfOtherEntitiesClassifiedAsInvestingActivities,기타포괄손익-공정가치 측정 금융자산의 취득,equity,제 26 기,159064723413,,제 25 기,331688766762,,16,KRW
035720,00258801,카카오,2020,FY,11011,CFS,,CF,현금흐름표,ifrs-full_OtherCashReceiptsFromSalesOfEquityOrDebtInstrumentsOfOtherEntitiesClassifiedAsInvestingActivities,기타포괄손익-공정가치 측정 금융자산의 처분,equity,제 26 기,67567037352,,제 25 기,3910410056,,17,KRW
035720,00258801,카카오,2020,FY,11011,CFS,,SCE,자본변동표,dart_EquityAtBeginningOfPeriod,기초자본,equity,제 26 기,7238239019,,제 25 기,1492215635,,1,KRW
035720,00258801,카카오,2020,FY,11011,CFS,,SCE,자본변동표,dart_EquityAtBeginningOfPeriod,기초자본,equity,제 26 기,5043198738346,,제 25 기,4647543419240,,1,KRW
035720,00258801,카카오,2020,FY,11011,CFS,,SCE,자본변동표,dart_EquityAtBeginningOfPeriod,기초자본,equity,제 26 기,43161318000,,제 25 기,41743886500,,1,KRW
035720,00258801,카카오,2020,FY,11011,CFS,,SCE,자본변동표,dart_EquityAtBeginningOfPeriod,기초자본,equity,제 26 기,136861072078,,제 25 기,445919321632,,1,KRW
035720,00258801,카카오,2020,FY,11011,CFS,,SCE,자본변동표,dart_EquityAtBeginningOfPeriod,기초자본,equity,제 26 기,-16393294393,,제 25 기,-7329379679,,1,KRW
035720,00258801,카카오,2020,FY,11011,CFS,,SCE,자본변동표,dart_EquityAtBeginningOfPeriod,기초자본,equity,제 26 기,5214066073050,,제 25 기,5129369463328,,1,KRW
035720,00258801,카카오,2020,FY,11011,CFS,,SCE,자본변동표,dart_EquityAtBeginningOfPeriod,기초자본,equity,제 26 기,514462891531,,제 25 기,490133800050,,1,KRW
035720,00258801,카카오,2020,FY,11011,CFS,,SCE,자본변동표,dart_EquityAtBeginningOfPeriod,기초자본,equity,제 26 기,5728528964581,,제 25 기,5619503263378,,1,KRW
035720,00258801,카카오,2020,FY,11011,CFS,,SCE,자본변동표,ifrs-full_ProfitLoss,당기순이익(손실),net_income,제 26 기,168978904480,,제 25 기,-345859064065,,3,KRW
035720,00258801,카카오,2020,FY,11011,CFS,,SCE,자본변동표,ifrs-full_ProfitLoss,당기순이익(손실),net_income,제 26 기,17377738769,,제 25 기,-41044192851,,3,KRW
035720,00258801,카카오,2020,FY,11011,CFS,,SCE,자본변동표,ifrs-full_ProfitLoss,당기순이익(손실),net_income,제 26 기,0,,제 25 기,0,,3,KRW
035720,00258801,카카오,2020,FY,11011,CFS,,SCE,자본변동표,ifrs-full_ProfitLoss,당기순이익(손실),net_income,제 26 기,0,,제 25 기,0,,3,KRW
035720,00258801,카카오,2020,FY,11011,CFS,,SCE,자본변동표,ifrs-full_ProfitLoss,당기순이익(손실),net_income,제 26 기,0,,제 25 기,0,,3,KRW
035720,00258801,카카오,2020,FY,11011,CFS,,SCE,자본변동표,ifrs-full_ProfitLoss,당기순이익(손실),net_income,제 26 기,151601165711,,제 25 기,-304814871214,,3,KRW
035720,00258801,카카오,2020,FY,11011,CFS,,SCE,자본변동표,ifrs-full_ProfitLoss,당기순이익(손실),net_income,제 26 기,0,,제 25 기,0,,3,KRW
035720,00258801,카카오,2020,FY,11011,CFS,,SCE,자본변동표,ifrs-full_ProfitLoss,당기순이익(손실),net_income,제 26 기,151601165711,,제 25 기,-304814871214,,3,KRW
035720,00258801,카카오,2020,FY,11011,CFS,,SCE,자본변동표,dart_OtherComprehensiveIncomeForStatementOfChangesInEquity,기타포괄손익,equity,제 26 기,34291942373,,제 25 기,-903111998,,4,KRW
035720,00258801,카카오,2020,FY,11011,CFS,,SCE,자본변동표,dart_OtherComprehensiveIncomeForStatementOfChangesInEquity,기타포괄손익,equity,제 26 기,0,,제 25 기,0,,4,KRW
035720,00258801,카카오,2020,FY,11011,CFS,,SCE,자본변동표,dart_OtherComprehensiveIncomeForStatementOfChangesInEquity,기타포괄손익,equity,제 26 기,0,,제 25 기,0,,4,KRW
035720,00258801,카카오,2020,FY,11011,CFS,,SCE,자본변동표,dart_OtherComprehensiveIncomeForStatementOfChangesInEquity,기타포괄손익,equity,제 26 기,0,,제 25 기,0,,4,KRW
035720,00258801,카카오,2020,FY,11011,CFS,,SCE,자본변동표,dart_OtherComprehensiveIncomeForStatementOfChangesInEquity,기타포괄손익,equity,제 26 기,22959476438,,제 25 기,5809215347,,4,KRW
035720,00258801,카카오,2020,FY,11011,CFS,,SCE,자본변동표,dart_OtherComprehensiveIncomeForStatementOfChangesInEquity,기타포괄손익,equity,제 26 기,102970681261,,제 25 기,-9063914714,,4,KRW
035720,00258801,카카오,2020,FY,11011,CFS,,SCE,자본변동표,dart_OtherComprehensiveIncomeForStatementOfChangesInEquity,기타포괄손익,equity,제 26 기,125930157699,,제 25 기,-3254699367,,4,KRW
035720,00258801,카카오,2020,FY,11011,CFS,,SCE,자본변동표,dart_OtherComprehensiveIncomeForStatementOfChangesInEquity,기타포괄손익,equity,제 26 기,160222100072,,제 25 기,-4157811365,,4,KRW
035720,00258801,카카오,2020,FY,11011,CFS,,SCE,자본변동표,ifrs-full_IssueOfEquity,유상증자,equity,제 26 기,,,제 25 기,0,,6,KRW
035720,00258801,카카오,2020,FY,11011,CFS,,SCE,자본변동표,ifrs-full_IssueOfEquity,유상증자,equity,제 26 기,,,제 25 기,298847342119,,6,KRW
035720,00258801,카카오,2020,FY,11011,CFS,,SCE,자본변동표,ifrs-full_IssueOfEquity,유상증자,equity,제 26 기,,,제 25 기,1088700500,,6,KRW
035720,00258801,카카오,2020,FY,11011,CFS,,SCE,자본변동표,ifrs-full_IssueOfEquity,유상증자,equity,제 26 기,,,제 25 기,0,,6,KRW
035720,00258801,카카오,2020,FY,11011,CFS,,SCE,자본변동표,ifrs-full_IssueOfEquity,유상증자,equity,제 26 기,,,제 25 기,0,,6,KRW
035720,00258801,카카오,2020,FY,11011,CFS,,SCE,자본변동표,ifrs-full_IssueOfEquity,유상증자,equity,제 26 기,,,제 25 기,299936042619,,6,KRW
035720,00258801,카카오,2020,FY,11011,CFS,,SCE,자본변동표,ifrs-full_IssueOfEquity,유상증자,equity,제 26 기,,,제 25 기,0,,6,KRW
035720,00258801,카카오,2020,FY,11011,CFS,,SCE,자본변동표,ifrs-full_IssueOfEquity,유상증자,equity,제 26 기,,,제 25 기,299936042619,,6,KRW
035720,00258801,카카오,2020,FY,11011,CFS,,SCE,자본변동표,ifrs-full_Equity,기말자본,equity,제 26 기,7411759473373,,제 25 기,5728528964581,,13,KRW
035720,00258801,카카오,2020,FY,11011,CFS,,SCE,자본변동표,ifrs-full_Equity,기말자본,equity,제 26 기,5833195948154,,제 25 기,5043198738346,,13,KRW
035720,00258801,카카오,2020,FY,11011,CFS,,SCE,자본변동표,ifrs-full_Equity,기말자본,equity,제 26 기,44300999000,,제 25 기,43161318000,,13,KRW
035720,00258801,카카오,2020,FY,11011,CFS,,SCE,자본변동표,ifrs-full_Equity,기말자본,equity,제 26 기,301009092939,,제 25 기,136861072078,,13,KRW
035720,00258801,카카오,2020,FY,11011,CFS,,SCE,자본변동표,ifrs-full_Equity,기말자본,equity,제 26 기,86577386868,,제 25 기,-16393294393,,13,KRW
035720,00258801,카카오,2020,FY,11011,CFS,,SCE,자본변동표,ifrs-full_Equity,기말자본,equity,제 26 기,6283700331669,,제 25 기,5214066073050,,13,KRW
035720,00258801,카카오,2020,FY,11011,CFS,,SCE,자본변동표,ifrs-full_Equity,기말자본,equity,제 26 기,1128059141704,,제 25 기,514462891531,,13,KRW
035720,00258801,카카오,2020,FY,11011,CFS,,SCE,자본변동표,ifrs-full_Equity,기말자본,equity,제 26 기,18616904708,,제 25 기,7238239019,,13,KRW
035720,00258801,카카오,2020,FY,11011,OFS,,BS,재무상태표,dart_ElementsOfOtherStockholdersEquity,자본조정,equity,제 26 기,18616904707,,제 25 기,41292768578,,45,KRW
035720,00258801,카카오,2020,FY,11011,OFS,,BS,재무상태표,ifrs-full_Equity,자본총계,equity,제 26 기,5314075688355,,제 25 기,4849479726977,,48,KRW
035720,00258801,카카오,2020,FY,11011,OFS,,BS,재무상태표,ifrs-full_EquityAndLiabilities,부채와자본총계,equity,제 26 기,7345506484784,,제 25 기,6484360616810,,49,KRW
035720,00258801,카카오,2020,FY,11011,OFS,,CIS,포괄손익계산서,dart_OperatingIncomeLoss,영업이익(손실),operating_profit,제 26 기,296656217228,,제 25 기,193881291886,,2,KRW
035720,00258801,카카오,2020,FY,11011,OFS,,CIS,포괄손익계산서,ifrs-full_ProfitLossBeforeTax,법인세비용차감전순이익(손실),net_income,제 26 기,-38500159778,,제 25 기,-232811702594,,10,KRW
035720,00258801,카카오,2020,FY,11011,OFS,,CIS,포괄손익계산서,ifrs-full_ProfitLoss,당기순이익(손실),net_income,제 26 기,-120417114552,,제 25 기,-261360128431,,12,KRW
035720,00258801,카카오,2020,FY,11011,OFS,,CIS,포괄손익계산서,ifrs-full_OtherComprehensiveIncomeNetOfTaxGainsLossesFromInvestmentsInEquityInstruments,기타포괄손익-공정가치 측정 지분상품 평가손익,equity,제 26 기,91037435280,,제 25 기,5775639607,,18,KRW
035720,00258801,카카오,2020,FY,11011,OFS,,CF,현금흐름표,ifrs-full_CashFlowsFromUsedInOperatingActivities,영업활동현금흐름,cfo,제 26 기,630615476829,,제 25 기,533407163996,,0,KRW
035720,00258801,카카오,2020,FY,11011,OFS,,CF,현금흐름표,ifrs-full_PurchaseOfPropertyPlantAndEquipmentClassifiedAsInvestingActivities,유형자산의 취득,capex,제 26 기,110398002161,,제 25 기,74994780712,,8,KRW
035720,00258801,카카오,2020,FY,11011,OFS,,CF,현금흐름표,ifrs-full_PurchaseOfIntangibleAssetsClassifiedAsInvestingActivities,무형자산의 취득,capex,제 26 기,39229275903,,제 25 기,20361579712,,10,KRW
035720,00258801,카카오,2020,FY,11011,OFS,,SCE,자본변동표,dart_EquityAtBeginningOfPeriod,기초자본,equity,제 26 기,4462249633278,,제 25 기,4096216248276,,1,KRW
035720,00258801,카카오,2020,FY,11011,OFS,,SCE,자본변동표,dart_EquityAtBeginningOfPeriod,기초자본,equity,제 26 기,43161318000,,제 25 기,41743886500,,1,KRW
035720,00258801,카카오,2020,FY,11011,OFS,,SCE,자본변동표,dart_EquityAtBeginningOfPeriod,기초자본,equity,제 26 기,305673086473,,제 25 기,572265408591,,1,KRW
035720,00258801,카카오,2020,FY,11011,OFS,,SCE,자본변동표,dart_EquityAtBeginningOfPeriod,기초자본,equity,제 26 기,-2897079352,,제 25 기,-1605704190,,1,KRW
035720,00258801,카카오,2020,FY,11011,OFS,,SCE,자본변동표,dart_EquityAtBeginningOfPeriod,기초자본,equity,제 26 기,4849479726977,,제 25 기,4744166584372,,1,KRW
035720,00258801,카카오,2020,FY,11011,OFS,,SCE,자본변동표,dart_EquityAtBeginningOfPeriod,기초자본,equity,제 26 기,41292768578,,제 25 기,35546745195,,1,KRW
035720,00258801,카카오,2020,FY,11011,OFS,,SCE,자본변동표,ifrs-full_ProfitLoss,당기순이익(손실),net_income,제 26 기,0,,제 25 기,0,,3,KRW
035720,00258801,카카오,2020,FY,11011,OFS,,SCE,자본변동표,ifrs-full_ProfitLoss,당기순이익(손실),net_income,제 26 기,0,,제 25 기,0,,3,KRW
035720,00258801,카카오,2020,FY,11011,OFS,,SCE,자본변동표,ifrs-full_ProfitLoss,당기순이익(손실),net_income,제 26 기,0,,제 25 기,0,,3,KRW
035720,00258801,카카오,2020,FY,11011,OFS,,SCE,자본변동표,ifrs-full_ProfitLoss,당기순이익(손실),net_income,제 26 기,-120417114552,,제 25 기,-261360128431,,3,KRW
035720,00258801,카카오,2020,FY,11011,OFS,,SCE,자본변동표,ifrs-full_ProfitLoss,당기순이익(손실),net_income,제 26 기,-120417114552,,제 25 기,-261360128431,,3,KRW
035720,00258801,카카오,2020,FY,11011,OFS,,SCE,자본변동표,ifrs-full_ProfitLoss,당기순이익(손실),net_income,제 26 기,0,,제 25 기,0,,3,KRW
035720,00258801,카카오,2020,FY,11011,OFS,,SCE,자본변동표,dart_OtherComprehensiveIncomeForStatementOfChangesInEquity,기타포괄손익,equity,제 26 기,92348028682,,제 25 기,3529024838,,4,KRW
035720,00258801,카카오,2020,FY,11011,OFS,,SCE,자본변동표,dart_OtherComprehensiveIncomeForStatementOfChangesInEquity,기타포괄손익,equity,제 26 기,69411063872,,제 25 기,-1291375162,,4,KRW
035720,00258801,카카오,2020,FY,11011,OFS,,SCE,자본변동표,dart_OtherComprehensiveIncomeForStatementOfChangesInEquity,기타포괄손익,equity,제 26 기,22936964810,,제 25 기,4820400000,,4,KRW
035720,00258801,카카오,2020,FY,11011,OFS,,SCE,자본변동표,dart_OtherComprehensiveIncomeForStatementOfChangesInEquity,기타포괄손익,equity,제 26 기,0,,제 25 기,0,,4,KRW
035720,00258801,카카오,2020,FY,11011,OFS,,SCE,자본변동표,dart_OtherComprehensiveIncomeForStatementOfChangesInEquity,기타포괄손익,equity,제 26 기,0,,제 25 기,0,,4,KRW
035720,00258801,카카오,2020,FY,11011,OFS,,SCE,자본변동표,dart_OtherComprehensiveIncomeForStatementOfChangesInEquity,기타포괄손익,equity,제 26 기,0,,제 25 기,0,,4,KRW
035720,00258801,카카오,2020,FY,11011,OFS,,SCE,자본변동표,ifrs-full_IssueOfEquity,유상증자,equity,제 26 기,0,,제 25 기,298847342119,,6,KRW
035720,00258801,카카오,2020,FY,11011,OFS,,SCE,자본변동표,ifrs-full_IssueOfEquity,유상증자,equity,제 26 기,0,,제 25 기,0,,6,KRW
035720,00258801,카카오,2020,FY,11011,OFS,,SCE,자본변동표,ifrs-full_IssueOfEquity,유상증자,equity,제 26 기,0,,제 25 기,299936042619,,6,KRW
035720,00258801,카카오,2020,FY,11011,OFS,,SCE,자본변동표,ifrs-full_IssueOfEquity,유상증자,equity,제 26 기,0,,제 25 기,0,,6,KRW
035720,00258801,카카오,2020,FY,11011,OFS,,SCE,자본변동표,ifrs-full_IssueOfEquity,유상증자,equity,제 26 기,0,,제 25 기,0,,6,KRW
035720,00258801,카카오,2020,FY,11011,OFS,,SCE,자본변동표,ifrs-full_IssueOfEquity,유상증자,equity,제 26 기,0,,제 25 기,1088700500,,6,KRW
035720,00258801,카카오,2020,FY,11011,OFS,,SCE,자본변동표,ifrs-full_Equity,기말자본,equity,제 26 기,5314075688355,,제 25 기,4849479726977,,12,KRW
035720,00258801,카카오,2020,FY,11011,OFS,,SCE,자본변동표,ifrs-full_Equity,기말자본,equity,제 26 기,66513984520,,제 25 기,-2897079352,,12,KRW
035720,00258801,카카오,2020,FY,11011,OFS,,SCE,자본변동표,ifrs-full_Equity,기말자본,equity,제 26 기,197780315443,,제 25 기,305673086473,,12,KRW
035720,00258801,카카오,2020,FY,11011,OFS,,SCE,자본변동표,ifrs-full_Equity,기말자본,equity,제 26 기,44300999000,,제 25 기,43161318000,,12,KRW
035720,00258801,카카오,2020,FY,11011,OFS,,SCE,자본변동표,ifrs-full_Equity,기말자본,equity,제 26 기,4986863484685,,제 25 기,4462249633278,,12,KRW
035720,00258801,카카오,2020,FY,11011,OFS,,SCE,자본변동표,ifrs-full_Equity,기말자본,equity,제 26 기,18616904707,,제 25 기,41292768578,,12,KRW
035720,00258801,카카오,2022,Q1,11013,CFS,,BS,재무상태표,ifrs-full_EquityAttributableToOwnersOfParent,지배기업 소유주지분,equity,제 28 기 1분기말,11277502710246,,제 27 기말,9984379517747,,66,KRW
035720,00258801,카카오,2022,Q1,11013,CFS,,BS,재무상태표,dart_ElementsOfOtherStockholdersEquity,자본조정,equity,제 28 기 1분기말,101704206847,,제 27 기말,77070391410,,69,KRW
035720,00258801,카카오,2022,Q1,11013,CFS,,BS,재무상태표,ifrs-full_Equity,자본총계,equity,제 28 기 1분기말,14895766842128,,제 27 기말,13589972363696,,73,KRW
035720,00258801,카카오,2022,Q1,11013,CFS,,BS,재무상태표,ifrs-full_EquityAndLiabilities,부채와자본총계,equity,제 28 기 1분기말,24443792007317,,제 27 기말,22779558711233,,74,KRW
035720,00258801,카카오,2022,Q1,11013,CFS,,CIS,포괄손익계산서,dart_OperatingIncomeLoss,영업이익(손실),operating_profit,제 28 기 1분기,158655836682,158655836682,,,157544740046,2,KRW
035720,00258801,카카오,2022,Q1,11013,CFS,,CIS,포괄손익계산서,ifrs-full_ProfitLossBeforeTax,법인세비용차감전순이익(손실),net_income,제 28 기 1분기,1759594734212,1759594734212,,,318703052598,11,KRW
035720,00258801,카카오,2022,Q1,11013,CFS,,CIS,포괄손익계산서,ifrs-full_ProfitLoss,당기순이익(손실),net_income,제 28 기 1분기,1322133625257,1322133625257,,,239873772887,13,KRW
035720,00258801,카카오,2022,Q1,11013,CFS,,CIS,포괄손익계산서,ifrs-full_ProfitLossAttributableToOwnersOfParent,지배기업 소유주지분,net_income,제 28 기 1분기,1303136500472,1303136500472,,,224536277834,15,KRW
035720,00258801,카카오,2022,Q1,11013,CFS,,CIS,포괄손익계산서,ifrs-full_ProfitLossAttributableToNoncontrollingInterests,비지배지분,net_income,제 28 기 1분기,18997124785,18997124785,,,15337495053,16,KRW
035720,00258801,카카오,2022,Q1,11013,CFS,,CIS,포괄손익계산서,ifrs-full_OtherComprehensiveIncomeNetOfTaxGainsLossesFromInvestmentsInEquityInstruments,기타포괄손익-공정가치 측정 지분상품 평가손익,equity,제 28 기 1분기,-126438527972,-126438527972,,,70591042376,20,KRW
035720,00258801,카카오,2022,Q1,11013,CFS,,CIS,포괄손익계산서,dart_ShareOfOtherComprehensiveIncomeOfAssociatesAndJointVenturesAccountedForUsingEquityMethodThatWillNotBeReclassifiedToProfitOrLossNetOfTax,지분법자본변동,equity,제 28 기 1분기,-32741282114,-32741282114,,,,21,KRW
035720,00258801,카카오,2022,Q1,11013,CFS,,CIS,포괄손익계산서,dart_ShareOfOtherComprehensiveIncomeOfAssociatesAndJointVenturesAccountedForUsingEquityMethodThatWillBeReclassifiedToProfitOrLossNetOfTax,지분법자본변동,equity,제 28 기 1분기,437406075,437406075,,,-2817567088,24,KRW
035720,00258801,카카오,2022,Q1,11013,CFS,,CF,현금흐름표,ifrs-full_CashFlowsFromUsedInOperatingActivities,영업활동현금흐름,cfo,제 28 기 1분기,37256893407,,,,,0,KRW
035720,00258801,카카오,2022,Q1,11013,CFS,,CF,현금흐름표,ifrs-full_PurchaseOfPropertyPlantAndEquipmentClassifiedAsInvestingActivities,유형자산의 취득,capex,제 28 기 1분기,44840169729,,,,,9,KRW
035720,00258801,카카오,2022,Q1,11013,CFS,,CF,현금흐름표,ifrs-full_PurchaseOfIntangibleAssetsClassifiedAsInvestingActivities,무형자산의 취득,capex,제 28 기 1분기,39216499951,,,,,11,KRW
035720,00258801,카카오,2022,Q1,11013,CFS,,CF,현금흐름표,ifrs-full_OtherCashPaymentsToAcquireEquityOrDebtInstrumentsOfOtherEntitiesClassifiedAsInvestingActivities,기타포괄손익-공정가치 측정 금융자산의 취득,equity,제 28 기 1분기,80594198672,,,,,15,KRW
035720,00258801,카카오,2022,Q1,11013,CFS,,CF,현금흐름표,ifrs-full_OtherCashReceiptsFromSalesOfEquityOrDebtInstrumentsOfOtherEntitiesClassifiedAsInvestingActivities,기타포괄손익-공정가치 측정 금융자산의 처분,equity,제 28 기 1분기,276885947,,,,,16,KRW
035720,00258801,카카오,2022,Q1,11013,CFS,,SCE,자본변동표,dart_EquityAtBeginningOfPeriod,기초자본,equity,제 28 기 1분기,13589972363696,,,,,1,KRW
035720,00258801,카카오,2022,Q1,11013,CFS,,SCE,자본변동표,dart_EquityAtBeginningOfPeriod,기초자본,equity,제 28 기 1분기,77070391410,,,,,1,KRW
035720,00258801,카카오,2022,Q1,11013,CFS,,SCE,자본변동표,dart_EquityAtBeginningOfPeriod,기초자본,equity,제 28 기 1분기,7781245387618,,,,,1,KRW
035720,00258801,카카오,2022,Q1,11013,CFS,,SCE,자본변동표,dart_EquityAtBeginningOfPeriod,기초자본,equity,제 28 기 1분기,44640599000,,,,,1,KRW
035720,00258801,카카오,2022,Q1,11013,CFS,,SCE,자본변동표,dart_EquityAtBeginningOfPeriod,기초자본,equity,제 28 기 1분기,1709598569421,,,,,1,KRW
035720,00258801,카카오,2022,Q1,11013,CFS,,SCE,자본변동표,dart_EquityAtBeginningOfPeriod,기초자본,equity,제 28 기 1분기,371824570298,,,,,1,KRW
035720,00258801,카카오,2022,Q1,11013,CFS,,SCE,자본변동표,dart_EquityAtBeginningOfPeriod,기초자본,equity,제 28 기 1분기,9984379517747,,,,,1,KRW
035720,00258801,카카오,2022,Q1,11013,CFS,,SCE,자본변동표,dart_EquityAtBeginningOfPeriod,기초자본,equity,제 28 기 1분기,3605592845949,,,,,1,KRW
035720,00258801,카카오,2022,Q1,11013,CFS,,SCE,자본변동표,ifrs-full_ProfitLoss,당기순이익(손실),net_income,제 28 기 1분기,18997124785,,,,,2,KRW
035720,00258801,카카오,2022,Q1,11013,CFS,,SCE,자본변동표,ifrs-full_ProfitLoss,당기순이익(손실),net_income,제 28 기 1분기,1322133625257,,,,,2,KRW
035720,00258801,카카오,2022,Q1,11013,CFS,,SCE,자본변동표,ifrs-full_ProfitLoss,당기순이익(손실),net_income,제 28 기 1분기,1303136500472,,,,,2,KRW
035720,00258801,카카오,2022,Q1,11013,CFS,,SCE,자본변동표,ifrs-full_ProfitLoss,당기순이익(손실),net_income,제 28 기 1분기,1303136500472,,,,,2,KRW
035720,00258801,카카오,2022,Q1,11013,CFS,,SCE,자본변동표,dart_OtherComprehensiveIncomeForStatementOfChangesInEquity,기타포괄손익,equity,제 28 기 1분기,-84408596048,,,,,3,KRW
035720,00258801,카카오,2022,Q1,11013,CFS,,SCE,자본변동표,dart_OtherComprehensiveIncomeForStatementOfChangesInEquity,기타포괄손익,equity,제 28 기 1분기,-84389580435,,,,,3,KRW
035720,00258801,카카오,2022,Q1,11013,CFS,,SCE,자본변동표,dart_OtherComprehensiveIncomeForStatementOfChangesInEquity,기타포괄손익,equity,제 28 기 1분기,-71984576092,,,,,3,KRW
035720,00258801,카카오,2022,Q1,11013,CFS,,SCE,자본변동표,dart_OtherComprehensiveIncomeForStatementOfChangesInEquity,기타포괄손익,equity,제 28 기 1분기,-156374156527,,,,,3,KRW
035720,00258801,카카오,2022,Q1,11013,CFS,,SCE,자본변동표,dart_OtherComprehensiveIncomeForStatementOfChangesInEquity,기타포괄손익,equity,제 28 기 1분기,19015613,,,,,3,KRW
035720,00258801,카카오,2022,Q1,11013,CFS,,SCE,자본변동표,ifrs-full_Equity,기말자본,equity,제 28 기 1분기,7853941048743,,,,,10,KRW
035720,00258801,카카오,2022,Q1,11013,CFS,,SCE,자본변동표,ifrs-full_Equity,기말자본,equity,제 28 기 1분기,44677040600,,,,,10,KRW
035720,00258801,카카오,2022,Q1,11013,CFS,,SCE,자본변동표,ifrs-full_Equity,기말자본,equity,제 28 기 1분기,2989764439806,,,,,10,KRW
035720,00258801,카카오,2022,Q1,11013,CFS,,SCE,자본변동표,ifrs-full_Equity,기말자본,equity,제 28 기 1분기,287415974250,,,,,10,KRW
035720,00258801,카카오,2022,Q1,11013,CFS,,SCE,자본변동표,ifrs-full_Equity,기말자본,equity,제 28 기 1분기,11277502710246,,,,,10,KRW
035720,00258801,카카오,2022,Q1,11013,CFS,,SCE,자본변동표,ifrs-full_Equity,기말자본,equity,제 28 기 1분기,3618264131882,,,,,10,KRW
035720,00258801,카카오,2022,Q1,11013,CFS,,SCE,자본변동표,ifrs-full_Equity,기말자본,equity,제 28 기 1분기,14895766842128,,,,,10,KRW
035720,00258801,카카오,2022,Q1,11013,CFS,,SCE,자본변동표,ifrs-full_Equity,기말자본,equity,제 28 기 1분기,101704206847,,,,,10,KRW
035720,00258801,카카오,2022,Q1,11013,OFS,,BS,재무상태표,dart_ElementsOfOtherStockholdersEquity,자본조정,equity,제 28 기 1분기말,101704206839,,제 27 기말,77070391402,,44,KRW
035720,00258801,카카오,2022,Q1,11013,OFS,,BS,재무상태표,ifrs-full_Equity,자본총계,equity,제 28 기 1분기말,7726252938483,,제 27 기말,6554204694006,,47,KRW
035720,00258801,카카오,2022,Q1,11013,OFS,,BS,재무상태표,ifrs-full_EquityAndLiabilities,부채와자본총계,equity,제 28 기 1분기말,11741595769921,,제 27 기말,10024652294434,,48,KRW
035720,00258801,카카오,2022,Q1,11013,OFS,,CIS,포괄손익계산서,dart_OperatingIncomeLoss,영업이익(손실),operating_profit,제 28 기 1분기,123095775939,123095775939,,,76721035223,2,KRW
035720,00258801,카카오,2022,Q1,11013,OFS,,CIS,포괄손익계산서,ifrs-full_ProfitLossBeforeTax,법인세비용차감전순이익(손실),net_income,제 28 기 1분기,1527189793860,1527189793860,,,98918827199,10,KRW
035720,00258801,카카오,2022,Q1,11013,OFS,,CIS,포괄손익계산서,ifrs-full_ProfitLoss,당기순이익(손실),net_income,제 28 기 1분기,1144428789680,1144428789680,,,78604287253,12,KRW
035720,00258801,카카오,2022,Q1,11013,OFS,,CIS,포괄손익계산서,ifrs-full_OtherComprehensiveIncomeNetOfTaxGainsLossesFromInvestmentsInEquityInstruments,기타포괄손익-공정가치 측정 지분상품 평가손익,equity,제 28 기 1분기,-14081873082,-14081873082,,,68229309649,16,KRW
035720,00258801,카카오,2022,Q1,11013,OFS,,CF,현금흐름표,ifrs-full_CashFlowsFromUsedInOperatingActivities,영업활동현금흐름,cfo,제 28 기 1분기,205341313837,,,,,0,KRW
035720,00258801,카카오,2022,Q1,11013,OFS,,CF,현금흐름표,ifrs-full_PurchaseOfPropertyPlantAndEquipmentClassifiedAsInvestingActivities,유형자산의 취득,capex,제 28 기 1분기,21026564000,,,,,8,KRW
035720,00258801,카카오,2022,Q1,11013,OFS,,CF,현금흐름표,ifrs-full_PurchaseOfIntangibleAssetsClassifiedAsInvestingActivities,무형자산의 취득,capex,제 28 기 1분기,2478913241,,,,,10,KRW
035720,00258801,카카오,2022,Q1,11013,OFS,,SCE,자본변동표,dart_EquityAtBeginningOfPeriod,기초자본,equity,제 28 기 1분기,6554204694006,,,,,1,KRW
035720,00258801,카카오,2022,Q1,11013,OFS,,SCE,자본변동표,dart_EquityAtBeginningOfPeriod,기초자본,equity,제 28 기 1분기,77070391402,,,,,1,KRW
035720,00258801,카카오,2022,Q1,11013,OFS,,SCE,자본변동표,dart_EquityAtBeginningOfPeriod,기초자본,equity,제 28 기 1분기,5489187456902,,,,,1,KRW
035720,00258801,카카오,2022,Q1,11013,OFS,,SCE,자본변동표,dart_EquityAtBeginningOfPeriod,기초자본,equity,제 28 기 1분기,44640599000,,,,,1,KRW
035720,00258801,카카오,2022,Q1,11013,OFS,,SCE,자본변동표,dart_EquityAtBeginningOfPeriod,기초자본,equity,제 28 기 1분기,702819547879,,,,,1,KRW
035720,00258801,카카오,2022,Q1,11013,OFS,,SCE,자본변동표,dart_EquityAtBeginningOfPeriod,기초자본,equity,제 28 기 1분기,240486698823,,,,,1,KRW
035720,00258801,카카오,2022,Q1,11013,OFS,,SCE,자본변동표,ifrs-full_ProfitLoss,당기순이익(손실),net_income,제 28 기 1분기,1144428789680,,,,,2,KRW
035720,00258801,카카오,2022,Q1,11013,OFS,,SCE,자본변동표,ifrs-full_ProfitLoss,당기순이익(손실),net_income,제 28 기 1분기,1144428789680,,,,,2,KRW
035720,00258801,카카오,2022,Q1,11013,OFS,,SCE,자본변동표,dart_OtherComprehensiveIncomeForStatementOfChangesInEquity,기타포괄손익,equity,제 28 기 1분기,-14073687162,,,,,3,KRW
035720,00258801,카카오,2022,Q1,11013,OFS,,SCE,자본변동표,dart_OtherComprehensiveIncomeForStatementOfChangesInEquity,기타포괄손익,equity,제 28 기 1분기,-14073687162,,,,,3,KRW
035720,00258801,카카오,2022,Q1,11013,OFS,,SCE,자본변동표,ifrs-full_Equity,기말자본,equity,제 28 기 1분기,44677040600,,,,,8,KRW
035720,00258801,카카오,2022,Q1,11013,OFS,,SCE,자본변동표,ifrs-full_Equity,기말자본,equity,제 28 기 1분기,1824258691859,,,,,8,KRW
035720,00258801,카카오,2022,Q1,11013,OFS,,SCE,자본변동표,ifrs-full_Equity,기말자본,equity,제 28 기 1분기,7726252938483,,,,,8,KRW
035720,00258801,카카오,2022,Q1,11013,OFS,,SCE,자본변동표,ifrs-full_Equity,기말자본,equity,제 28 기 1분기,101704206839,,,,,8,KRW
035720,00258801,카카오,2022,Q1,11013,OFS,,SCE,자본변동표,ifrs-full_Equity,기말자본,equity,제 28 기 1분기,5529199987524,,,,,8,KRW
035720,00258801,카카오,2022,Q1,11013,OFS,,SCE,자본변동표,ifrs-full_Equity,기말자본,equity,제 28 기 1분기,226413011661,,,,,8,KRW
035720,00258801,카카오,2022,H1,11012,CFS,,BS,재무상태표,ifrs-full_EquityAttributableToOwnersOfParent,지배기업 소유주지분,equity,제 28 기 반기말,11221736652439,,제 27 기말,9984379517747,,68,KRW
035720,00258801,카카오,2022,H1,11012,CFS,,BS,재무상태표,dart_ElementsOfOtherStockholdersEquity,자본조정,equity,제 28 기 반기말,19695763151,,제 27 기말,77070391410,,71,KRW
035720,00258801,카카오,2022,H1,11012,CFS,,BS,재무상태표,ifrs-full_Equity,자본총계,equity,제 28 기 반기말,14821152791339,,제 27 기말,13589972363696,,75,KRW
035720,00258801,카카오,2022,H1,11012,CFS,,BS,재무상태표,ifrs-full_EquityAndLiabilities,부채와자본총계,equity,제 28 기 반기말,24776951350731,,제 27 기말,22779558711233,,76,KRW
035720,00258801,카카오,2022,H1,11012,CFS,,CIS,포괄손익계산서,dart_OperatingIncomeLoss,영업이익(손실),operating_profit,제 28 기 반기,171021545573,329677382255,,,320154180038,2,KRW
035720,00258801,카카오,2022,H1,11012,CFS,,CIS,포괄손익계산서,ifrs-full_ProfitLossBeforeTax,법인세비용차감전순이익(손실),net_income,제 28 기 반기,236514269480,1996109003692,,,668384352433,11,KRW
035720,00258801,카카오,2022,H1,11012,CFS,,CIS,포괄손익계산서,ifrs-full_ProfitLoss,당기순이익(손실),net_income,제 28 기 반기,101202767716,1423336392973,,,555797905049,13,KRW
035720,00258801,카카오,2022,H1,11012,CFS,,CIS,포괄손익계산서,ifrs-full_ProfitLossAttributableToOwnersOfParent,지배기업 소유주지분,net_income,제 28 기 반기,67612758016,1370749258488,,,536196082256,15,KRW
035720,00258801,카카오,2022,H1,11012,CFS,,CIS,포괄손익계산서,ifrs-full_ProfitLossAttributableToNoncontrollingInterests,비지배지분,net_income,제 28 기 반기,33590009700,52587134485,,,19601822793,16,KRW
035720,00258801,카카오,2022,H1,11012,CFS,,CIS,포괄손익계산서,ifrs-full_OtherComprehensiveIncomeNetOfTaxGainsLossesFromInvestmentsInEquityInstruments,기타포괄손익-공정가치 측정 지분상품 평가손익,equity,제 28 기 반기,-132755006219,-259193534191,,,324348628588,20,KRW
035720,00258801,카카오,2022,H1,11012,CFS,,CIS,포괄손익계산서,dart_ShareOfOtherComprehensiveIncomeOfAssociatesAndJointVenturesAccountedForUsingEquityMethodThatWillNotBeReclassifiedToProfitOrLossNetOfTax,지분법자본변동,equity,제 28 기 반기,-13930594398,-46671876512,,,33161520596,21,KRW
035720,00258801,카카오,2022,H1,11012,CFS,,CIS,포괄손익계산서,dart_ShareOfOtherComprehensiveIncomeOfAssociatesAndJointVenturesAccountedForUsingEquityMethodThatWillBeReclassifiedToProfitOrLossNetOfTax,지분법자본변동,equity,제 28 기 반기,1743553866,2180959941,,,15491037,24,KRW
035720,00258801,카카오,2022,H1,11012,CFS,,CF,현금흐름표,ifrs-full_CashFlowsFromUsedInOperatingActivities,영업활동현금흐름,cfo,제 28 기 반기,37593017374,,,,,0,KRW
035720,00258801,카카오,2022,H1,11012,CFS,,CF,현금흐름표,ifrs-full_PurchaseOfPropertyPlantAndEquipmentClassifiedAsInvestingActivities,유형자산의 취득,capex,제 28 기 반기,164632563043,,,,,9,KRW
035720,00258801,카카오,2022,H1,11012,CFS,,CF,현금흐름표,ifrs-full_PurchaseOfIntangibleAssetsClassifiedAsInvestingActivities,무형자산의 취득,capex,제 28 기 반기,104956938961,,,,,11,KRW
035720,00258801,카카오,2022,H1,11012,CFS,,CF,현금흐름표,ifrs-full_OtherCashPaymentsToAcquireEquityOrDebtInstrumentsOfOtherEntitiesClassifiedAsInvestingActivities,기타포괄손익-공정가치 측정 금융자산의 취득,equity,제 28 기 반기,93462894187,,,,,15,KRW
035720,00258801,카카오,2022,H1,11012,CFS,,CF,현금흐름표,ifrs-full_OtherCashReceiptsFromSalesOfEquityOrDebtInstrumentsOfOtherEntitiesClassifiedAsInvestingActivities,기타포괄손익-공정가치 측정 금융자산의 처분,equity,제 28 기 반기,278650653,,,,,16,KRW
035720,00258801,카카오,2022,H1,11012,CFS,,SCE,자본변동표,dart_EquityAtBeginningOfPeriod,기초자본,equity,제 28 기 반기,13589972363696,,,,,1,KRW
035720,00258801,카카오,2022,H1,11012,CFS,,SCE,자본변동표,dart_EquityAtBeginningOfPeriod,기초자본,equity,제 28 기 반기,3605592845949,,,,,1,KRW
035720,00258801,카카오,2022,H1,11012,CFS,,SCE,자본변동표,dart_EquityAtBeginningOfPeriod,기초자본,equity,제 28 기 반기,9984379517747,,,,,1,KRW
035720,00258801,카카오,2022,H1,11012,CFS,,SCE,자본변동표,dart_EquityAtBeginningOfPeriod,기초자본,equity,제 28 기 반기,371824570298,,,,,1,KRW
035720,00258801,카카오,2022,H1,11012,CFS,,SCE,자본변동표,dart_EquityAtBeginningOfPeriod,기초자본,equity,제 28 기 반기,1709598569421,,,,,1,KRW
035720,00258801,카카오,2022,H1,11012,CFS,,SCE,자본변동표,dart_EquityAtBeginningOfPeriod,기초자본,equity,제 28 기 반기,44640599000,,,,,1,KRW
035720,00258801,카카오,2022,H1,11012,CFS,,SCE,자본변동표,dart_EquityAtBeginningOfPeriod,기초자본,equity,제 28 기 반기,7781245387618,,,,,1,KRW
035720,00258801,카카오,2022,H1,11012,CFS,,SCE,자본변동표,dart_EquityAtBeginningOfPeriod,기초자본,equity,제 28 기 반기,77070391410,,,,,1,KRW
035720,00258801,카카오,2022,H1,11012,CFS,,SCE,자본변동표,ifrs-full_ProfitLoss,당기순이익(손실),net_income,제 28 기 반기,0,,,,,2,KRW
035720,00258801,카카오,2022,H1,11012,CFS,,SCE,자본변동표,ifrs-full_ProfitLoss,당기순이익(손실),net_income,제 28 기 반기,0,,,,,2,KRW
035720,00258801,카카오,2022,H1,11012,CFS,,SCE,자본변동표,ifrs-full_ProfitLoss,당기순이익(손실),net_income,제 28 기 반기,0,,,,,2,KRW
035720,00258801,카카오,2022,H1,11012,CFS,,SCE,자본변동표,ifrs-full_ProfitLoss,당기순이익(손실),net_income,제 28 기 반기,1370749258488,,,,,2,KRW
035720,00258801,카카오,2022,H1,11012,CFS,,SCE,자본변동표,ifrs-full_ProfitLoss,당기순이익(손실),net_income,제 28 기 반기,0,,,,,2,KRW
035720,00258801,카카오,2022,H1,11012,CFS,,SCE,자본변동표,ifrs-full_ProfitLoss,당기순이익(손실),net_income,제 28 기 반기,1370749258488,,,,,2,KRW
035720,00258801,카카오,2022,H1,11012,CFS,,SCE,자본변동표,ifrs-full_ProfitLoss,당기순이익(손실),net_income,제 28 기 반기,101202767716,,,,,2,KRW
035720,00258801,카카오,2022,H1,11012,CFS,,SCE,자본변동표,ifrs-full_ProfitLoss,당기순이익(손실),net_income,제 28 기 반기,52587134485,,,,,2,KRW
035720,00258801,카카오,2022,H1,11012,CFS,,SCE,자본변동표,dart_OtherComprehensiveIncomeForStatementOfChangesInEquity,기타포괄손익,equity,제 28 기 반기,0,,,,,3,KRW
035720,00258801,카카오,2022,H1,11012,CFS,,SCE,자본변동표,dart_OtherComprehensiveIncomeForStatementOfChangesInEquity,기타포괄손익,equity,제 28 기 반기,0,,,,,3,KRW
035720,00258801,카카오,2022,H1,11012,CFS,,SCE,자본변동표,dart_OtherComprehensiveIncomeForStatementOfChangesInEquity,기타포괄손익,equity,제 28 기 반기,-35823241,,,,,3,KRW
035720,00258801,카카오,2022,H1,11012,CFS,,SCE,자본변동표,dart_OtherComprehensiveIncomeForStatementOfChangesInEquity,기타포괄손익,equity,제 28 기 반기,-162856638868,,,,,3,KRW
035720,00258801,카카오,2022,H1,11012,CFS,,SCE,자본변동표,dart_OtherComprehensiveIncomeForStatementOfChangesInEquity,기타포괄손익,equity,제 28 기 반기,-162892462109,,,,,3,KRW
035720,00258801,카카오,2022,H1,11012,CFS,,SCE,자본변동표,dart_OtherComprehensiveIncomeForStatementOfChangesInEquity,기타포괄손익,equity,제 28 기 반기,-79719006730,,,,,3,KRW
035720,00258801,카카오,2022,H1,11012,CFS,,SCE,자본변동표,dart_OtherComprehensiveIncomeForStatementOfChangesInEquity,기타포괄손익,equity,제 28 기 반기,-242611468839,,,,,3,KRW
035720,00258801,카카오,2022,H1,11012,CFS,,SCE,자본변동표,dart_OtherComprehensiveIncomeForStatementOfChangesInEquity,기타포괄손익,equity,제 28 기 반기,0,,,,,3,KRW
035720,00258801,카카오,2022,H1,11012,CFS,,SCE,자본변동표,ifrs-full_Equity,기말자본,equity,제 28 기 반기,19695763151,,,,,12,KRW
035720,00258801,카카오,2022,H1,11012,CFS,,SCE,자본변동표,ifrs-full_Equity,기말자본,equity,제 28 기 반기,7885287854552,,,,,12,KRW
035720,00258801,카카오,2022,H1,11012,CFS,,SCE,자본변동표,ifrs-full_Equity,기말자본,equity,제 28 기 반기,44544829100,,,,,12,KRW
035720,00258801,카카오,2022,H1,11012,CFS,,SCE,자본변동표,ifrs-full_Equity,기말자본,equity,제 28 기 반기,3599416138900,,,,,12,KRW
035720,00258801,카카오,2022,H1,11012,CFS,,SCE,자본변동표,ifrs-full_Equity,기말자본,equity,제 28 기 반기,11221736652439,,,,,12,KRW
035720,00258801,카카오,2022,H1,11012,CFS,,SCE,자본변동표,ifrs-full_Equity,기말자본,equity,제 28 기 반기,208967931430,,,,,12,KRW
035720,00258801,카카오,2022,H1,11012,CFS,,SCE,자본변동표,ifrs-full_Equity,기말자본,equity,제 28 기 반기,3063240274206,,,,,12,KRW
035720,00258801,카카오,2022,H1,11012,CFS,,SCE,자본변동표,ifrs-full_Equity,기말자본,equity,제 28 기 반기,14821152791339,,,,,12,KRW
035720,00258801,카카오,2022,H1,11012,OFS,,BS,재무상태표,dart_ElementsOfOtherStockholdersEquity,자본조정,equity,제 28 기 반기말,19695763144,,제 27 기말,77070391402,,45,KRW
035720,00258801,카카오,2022,H1,11012,OFS,,BS,재무상태표,ifrs-full_Equity,자본총계,equity,제 28 기 반기말,7757380824482,,제 27 기말,6554204694006,,48,KRW
035720,00258801,카카오,2022,H1,11012,OFS,,BS,재무상태표,ifrs-full_EquityAndLiabilities,부채와자본총계,equity,제 28 기 반기말,11780981814036,,제 27 기말,10024652294434,,49,KRW
035720,00258801,카카오,2022,H1,11012,OFS,,CIS,포괄손익계산서,dart_OperatingIncomeLoss,영업이익(손실),operating_profit,제 28 기 반기,137029719556,260125495495,,,174045116395,2,KRW
035720,00258801,카카오,2022,H1,11012,OFS,,CIS,포괄손익계산서,ifrs-full_ProfitLossBeforeTax,법인세비용차감전순이익(손실),net_income,제 28 기 반기,136473750131,1663663543991,,,207062766314,10,KRW
035720,00258801,카카오,2022,H1,11012,OFS,,CIS,포괄손익계산서,ifrs-full_ProfitLoss,당기순이익(손실),net_income,제 28 기 반기,106224138032,1250652927712,,,176773471534,12,KRW
035720,00258801,카카오,2022,H1,11012,OFS,,CIS,포괄손익계산서,ifrs-full_OtherComprehensiveIncomeNetOfTaxGainsLossesFromInvestmentsInEquityInstruments,기타포괄손익-공정가치 측정 지분상품 평가손익,equity,제 28 기 반기,-94088299896,-108170172978,,,107166871507,16,KRW
035720,00258801,카카오,2022,H1,11012,OFS,,CF,현금흐름표,ifrs-full_CashFlowsFromUsedInOperatingActivities,영업활동현금흐름,cfo,제 28 기 반기,313691074858,,,,,0,KRW
035720,00258801,카카오,2022,H1,11012,OFS,,CF,현금흐름표,ifrs-full_PurchaseOfPropertyPlantAndEquipmentClassifiedAsInvestingActivities,유형자산의 취득,capex,제 28 기 반기,98481811062,,,,,8,KRW
035720,00258801,카카오,2022,H1,11012,OFS,,CF,현금흐름표,ifrs-full_PurchaseOfIntangibleAssetsClassifiedAsInvestingActivities,무형자산의 취득,capex,제 28 기 반기,14677359155,,,,,10,KRW
035720,00258801,카카오,2022,H1,11012,OFS,,SCE,자본변동표,dart_EquityAtBeginningOfPeriod,기초자본,equity,제 28 기 반기,5489187456902,,,,,1,KRW
035720,00258801,카카오,2022,H1,11012,OFS,,SCE,자본변동표,dart_EquityAtBeginningOfPeriod,기초자본,equity,제 28 기 반기,44640599000,,,,,1,KRW
035720,00258801,카카오,2022,H1,11012,OFS,,SCE,자본변동표,dart_EquityAtBeginningOfPeriod,기초자본,equity,제 28 기 반기,702819547879,,,,,1,KRW
035720,00258801,카카오,2022,H1,11012,OFS,,SCE,자본변동표,dart_EquityAtBeginningOfPeriod,기초자본,equity,제 28 기 반기,240486698823,,,,,1,KRW
035720,00258801,카카오,2022,H1,11012,OFS,,SCE,자본변동표,dart_EquityAtBeginningOfPeriod,기초자본,equity,제 28 기 반기,6554204694006,,,,,1,KRW
035720,00258801,카카오,2022,H1,11012,OFS,,SCE,자본변동표,dart_EquityAtBeginningOfPeriod,기초자본,equity,제 28 기 반기,77070391402,,,,,1,KRW
035720,00258801,카카오,2022,H1,11012,OFS,,SCE,자본변동표,ifrs-full_ProfitLoss,당기순이익(손실),net_income,제 28 기 반기,0,,,,,2,KRW
035720,00258801,카카오,2022,H1,11012,OFS,,SCE,자본변동표,ifrs-full_ProfitLoss,당기순이익(손실),net_income,제 28 기 반기,0,,,,,2,KRW
035720,00258801,카카오,2022,H1,11012,OFS,,SCE,자본변동표,ifrs-full_ProfitLoss,당기순이익(손실),net_income,제 28 기 반기,0,,,,,2,KRW
035720,00258801,카카오,2022,H1,11012,OFS,,SCE,자본변동표,ifrs-full_ProfitLoss,당기순이익(손실),net_income,제 28 기 반기,1250652927712,,,,,2,KRW
035720,00258801,카카오,2022,H1,11012,OFS,,SCE,자본변동표,ifrs-full_ProfitLoss,당기순이익(손실),net_income,제 28 기 반기,106224138032,,,,,2,KRW
035720,00258801,카카오,2022,H1,11012,OFS,,SCE,자본변동표,ifrs-full_ProfitLoss,당기순이익(손실),net_income,제 28 기 반기,0,,,,,2,KRW
035720,00258801,카카오,2022,H1,11012,OFS,,SCE,자본변동표,dart_OtherComprehensiveIncomeForStatementOfChangesInEquity,기타포괄손익,equity,제 28 기 반기,-108166898610,,,,,3,KRW
035720,00258801,카카오,2022,H1,11012,OFS,,SCE,자본변동표,dart_OtherComprehensiveIncomeForStatementOfChangesInEquity,기타포괄손익,equity,제 28 기 반기,-108166898610,,,,,3,KRW
035720,00258801,카카오,2022,H1,11012,OFS,,SCE,자본변동표,dart_OtherComprehensiveIncomeForStatementOfChangesInEquity,기타포괄손익,equity,제 28 기 반기,0,,,,,3,KRW
035720,00258801,카카오,2022,H1,11012,OFS,,SCE,자본변동표,dart_OtherComprehensiveIncomeForStatementOfChangesInEquity,기타포괄손익,equity,제 28 기 반기,0,,,,,3,KRW
035720,00258801,카카오,2022,H1,11012,OFS,,SCE,자본변동표,dart_OtherComprehensiveIncomeForStatementOfChangesInEquity,기타포괄손익,equity,제 28 기 반기,0,,,,,3,KRW
035720,00258801,카카오,2022,H1,11012,OFS,,SCE,자본변동표,dart_OtherComprehensiveIncomeForStatementOfChangesInEquity,기타포괄손익,equity,제 28 기 반기,0,,,,,3,KRW
035720,00258801,카카오,2022,H1,11012,OFS,,SCE,자본변동표,ifrs-full_Equity,기말자본,equity,제 28 기 반기,5630337602134,,,,,9,KRW
035720,00258801,카카오,2022,H1,11012,OFS,,SCE,자본변동표,ifrs-full_Equity,기말자본,equity,제 28 기 반기,44544829100,,,,,9,KRW
035720,00258801,카카오,2022,H1,11012,OFS,,SCE,자본변동표,ifrs-full_Equity,기말자본,equity,제 28 기 반기,1930482829891,,,,,9,KRW
035720,00258801,카카오,2022,H1,11012,OFS,,SCE,자본변동표,ifrs-full_Equity,기말자본,equity,제 28 기 반기,132319800213,,,,,9,KRW
035720,00258801,카카오,2022,H1,11012,OFS,,SCE,자본변동표,ifrs-full_Equity,기말자본,equity,제 28 기 반기,7757380824482,,,,,9,KRW
035720,00258801,카카오,2022,H1,11012,OFS,,SCE,자본변동표,ifrs-full_Equity,기말자본,equity,제 28 기 반기,19695763144,,,,,9,KRW
035720,00258801,카카오,2022,Q3,11014,CFS,,BS,재무상태표,ifrs-full_EquityAttributableToOwnersOfParent,지배기업 소유주지분,equity,제 28 기 3분기말,11460385976463,,제 27 기말,9984379517747,,67,KRW
035720,00258801,카카오,2022,Q3,11014,CFS,,BS,재무상태표,dart_ElementsOfOtherStockholdersEquity,자본조정,equity,제 28 기 3분기말,31237353642,,제 27 기말,77070391410,,70,KRW
035720,00258801,카카오,2022,Q3,11014,CFS,,BS,재무상태표,ifrs-full_Equity,자본총계,equity,제 28 기 3분기말,15276812664302,,제 27 기말,13589972363696,,74,KRW
035720,00258801,카카오,2022,Q3,11014,CFS,,BS,재무상태표,ifrs-full_EquityAndLiabilities,부채와자본총계,equity,제 28 기 3분기말,25445219089660,,제 27 기말,22779558711233,,75,KRW
035720,00258801,카카오,2022,Q3,11014,CFS,,CIS,포괄손익계산서,dart_OperatingIncomeLoss,영업이익(손실),operating_profit,제 28 기 3분기,150331716201,480009098456,,,488328930526,2,KRW
035720,00258801,카카오,2022,Q3,11014,CFS,,CIS,포괄손익계산서,ifrs-full_ProfitLossBeforeTax,법인세비용차감전순이익(손실),net_income,제 28 기 3분기,236710885810,2232819889502,,,1740199754672,11,KRW
035720,00258801,카카오,2022,Q3,11014,CFS,,CIS,포괄손익계산서,ifrs-full_ProfitLoss,당기순이익(손실),net_income,제 28 기 3분기,137161081437,1560497474410,,,1422077003968,13,KRW
035720,00258801,카카오,2022,Q3,11014,CFS,,CIS,포괄손익계산서,ifrs-full_ProfitLossAttributableToOwnersOfParent,지배기업 소유주지분,net_income,제 28 기 3분기,106334776164,1477084034652,,,1315318577511,15,KRW
035720,00258801,카카오,2022,Q3,11014,CFS,,CIS,포괄손익계산서,ifrs-full_ProfitLossAttributableToNoncontrollingInterests,비지배지분,net_income,제 28 기 3분기,30826305273,83413439758,,,106758426457,16,KRW
035720,00258801,카카오,2022,Q3,11014,CFS,,CIS,포괄손익계산서,ifrs-full_OtherComprehensiveIncomeNetOfTaxGainsLossesFromInvestmentsInEquityInstruments,기타포괄손익-공정가치 측정 지분상품 평가손익,equity,제 28 기 3분기,-34845652895,-294039187086,,,419764916775,20,KRW
035720,00258801,카카오,2022,Q3,11014,CFS,,CIS,포괄손익계산서,dart_ShareOfOtherComprehensiveIncomeOfAssociatesAndJointVenturesAccountedForUsingEquityMethodThatWillNotBeReclassifiedToProfitOrLossNetOfTax,지분법자본변동,equity,제 28 기 3분기,-5595368885,-52267245397,,,36228681430,21,KRW
035720,00258801,카카오,2022,Q3,11014,CFS,,CIS,포괄손익계산서,dart_ShareOfOtherComprehensiveIncomeOfAssociatesAndJointVenturesAccountedForUsingEquityMethodThatWillBeReclassifiedToProfitOrLossNetOfTax,지분법자본변동,equity,제 28 기 3분기,3108235179,5289195120,,,0,24,KRW
035720,00258801,카카오,2022,Q3,11014,CFS,,CF,현금흐름표,ifrs-full_CashFlowsFromUsedInOperatingActivities,영업활동현금흐름,cfo,제 28 기 3분기,474503375856,,,,,0,KRW
035720,00258801,카카오,2022,Q3,11014,CFS,,CF,현금흐름표,ifrs-full_PurchaseOfPropertyPlantAndEquipmentClassifiedAsInvestingActivities,유형자산의 취득,capex,제 28 기 3분기,308027505823,,,,,9,KRW
035720,00258801,카카오,2022,Q3,11014,CFS,,CF,현금흐름표,ifrs-full_PurchaseOfIntangibleAssetsClassifiedAsInvestingActivities,무형자산의 취득,capex,제 28 기 3분기,148278076993,,,,,11,KRW
035720,00258801,카카오,2022,Q3,11014,CFS,,CF,현금흐름표,ifrs-full_OtherCashPaymentsToAcquireEquityOrDebtInstrumentsOfOtherEntitiesClassifiedAsInvestingActivities,기타포괄손익-공정가치 측정 금융자산의 취득,equity,제 28 기 3분기,50721533591,,,,,15,KRW
035720,00258801,카카오,2022,Q3,11014,CFS,,CF,현금흐름표,ifrs-full_OtherCashReceiptsFromSalesOfEquityOrDebtInstrumentsOfOtherEntitiesClassifiedAsInvestingActivities,기타포괄손익-공정가치 측정 금융자산의 처분,equity,제 28 기 3분기,37078815343,,,,,16,KRW
035720,00258801,카카오,2022,Q3,11014,CFS,,SCE,자본변동표,dart_EquityAtBeginningOfPeriod,기초자본,equity,제 28 기 3분기,3605592845949,,,,,1,KRW
035720,00258801,카카오,2022,Q3,11014,CFS,,SCE,자본변동표,dart_EquityAtBeginningOfPeriod,기초자본,equity,제 28 기 3분기,9984379517747,,,,,1,KRW
035720,00258801,카카오,2022,Q3,11014,CFS,,SCE,자본변동표,dart_EquityAtBeginningOfPeriod,기초자본,equity,제 28 기 3분기,371824570298,,,,,1,KRW
035720,00258801,카카오,2022,Q3,11014,CFS,,SCE,자본변동표,dart_EquityAtBeginningOfPeriod,기초자본,equity,제 28 기 3분기,1709598569421,,,,,1,KRW
035720,00258801,카카오,2022,Q3,11014,CFS,,SCE,자본변동표,dart_EquityAtBeginningOfPeriod,기초자본,equity,제 28 기 3분기,44640599000,,,,,1,KRW
035720,00258801,카카오,2022,Q3,11014,CFS,,SCE,자본변동표,dart_EquityAtBeginningOfPeriod,기초자본,equity,제 28 기 3분기,7781245387618,,,,,1,KRW
035720,00258801,카카오,2022,Q3,11014,CFS,,SCE,자본변동표,dart_EquityAtBeginningOfPeriod,기초자본,equity,제 28 기 3분기,77070391410,,,,,1,KRW
035720,00258801,카카오,2022,Q3,11014,CFS,,SCE,자본변동표,dart_EquityAtBeginningOfPeriod,기초자본,equity,제 28 기 3분기,13589972363696,,,,,1,KRW
035720,00258801,카카오,2022,Q3,11014,CFS,,SCE,자본변동표,ifrs-full_ProfitLoss,당기순이익(손실),net_income,제 28 기 3분기,0,,,,,2,KRW
035720,00258801,카카오,2022,Q3,11014,CFS,,SCE,자본변동표,ifrs-full_ProfitLoss,당기순이익(손실),net_income,제 28 기 3분기,0,,,,,2,KRW
035720,00258801,카카오,2022,Q3,11014,CFS,,SCE,자본변동표,ifrs-full_ProfitLoss,당기순이익(손실),net_income,제 28 기 3분기,0,,,,,2,KRW
035720,00258801,카카오,2022,Q3,11014,CFS,,SCE,자본변동표,ifrs-full_ProfitLoss,당기순이익(손실),net_income,제 28 기 3분기,1477084034652,,,,,2,KRW
035720,00258801,카카오,2022,Q3,11014,CFS,,SCE,자본변동표,ifrs-full_ProfitLoss,당기순이익(손실),net_income,제 28 기 3분기,0,,,,,2,KRW
035720,00258801,카카오,2022,Q3,11014,CFS,,SCE,자본변동표,ifrs-full_ProfitLoss,당기순이익(손실),net_income,제 28 기 3분기,1477084034652,,,,,2,KRW
035720,00258801,카카오,2022,Q3,11014,CFS,,SCE,자본변동표,ifrs-full_ProfitLoss,당기순이익(손실),net_income,제 28 기 3분기,137161081437,,,,,2,KRW
035720,00258801,카카오,2022,Q3,11014,CFS,,SCE,자본변동표,ifrs-full_ProfitLoss,당기순이익(손실),net_income,제 28 기 3분기,83413439758,,,,,2,KRW
035720,00258801,카카오,2022,Q3,11014,CFS,,SCE,자본변동표,dart_OtherComprehensiveIncomeForStatementOfChangesInEquity,기타포괄손익,equity,제 28 기 3분기,-71738168263,,,,,3,KRW
035720,00258801,카카오,2022,Q3,11014,CFS,,SCE,자본변동표,dart_OtherComprehensiveIncomeForStatementOfChangesInEquity,기타포괄손익,equity,제 28 기 3분기,0,,,,,3,KRW
035720,00258801,카카오,2022,Q3,11014,CFS,,SCE,자본변동표,dart_OtherComprehensiveIncomeForStatementOfChangesInEquity,기타포괄손익,equity,제 28 기 3분기,0,,,,,3,KRW
035720,00258801,카카오,2022,Q3,11014,CFS,,SCE,자본변동표,dart_OtherComprehensiveIncomeForStatementOfChangesInEquity,기타포괄손익,equity,제 28 기 3분기,0,,,,,3,KRW
035720,00258801,카카오,2022,Q3,11014,CFS,,SCE,자본변동표,dart_OtherComprehensiveIncomeForStatementOfChangesInEquity,기타포괄손익,equity,제 28 기 3분기,-228232881,,,,,3,KRW
035720,00258801,카카오,2022,Q3,11014,CFS,,SCE,자본변동표,dart_OtherComprehensiveIncomeForStatementOfChangesInEquity,기타포괄손익,equity,제 28 기 3분기,-71966401144,,,,,3,KRW
035720,00258801,카카오,2022,Q3,11014,CFS,,SCE,자본변동표,dart_OtherComprehensiveIncomeForStatementOfChangesInEquity,기타포괄손익,equity,제 28 기 3분기,-61739555928,,,,,3,KRW
035720,00258801,카카오,2022,Q3,11014,CFS,,SCE,자본변동표,dart_OtherComprehensiveIncomeForStatementOfChangesInEquity,기타포괄손익,equity,제 28 기 3분기,-133705957072,,,,,3,KRW
035720,00258801,카카오,2022,Q3,11014,CFS,,SCE,자본변동표,ifrs-full_Equity,기말자본,equity,제 28 기 3분기,31237353642,,,,,13,KRW
035720,00258801,카카오,2022,Q3,11014,CFS,,SCE,자본변동표,ifrs-full_Equity,기말자본,equity,제 28 기 3분기,7915097413956,,,,,13,KRW
035720,00258801,카카오,2022,Q3,11014,CFS,,SCE,자본변동표,ifrs-full_Equity,기말자본,equity,제 28 기 3분기,44582166100,,,,,13,KRW
035720,00258801,카카오,2022,Q3,11014,CFS,,SCE,자본변동표,ifrs-full_Equity,기말자본,equity,제 28 기 3분기,3816426687839,,,,,13,KRW
035720,00258801,카카오,2022,Q3,11014,CFS,,SCE,자본변동표,ifrs-full_Equity,기말자본,equity,제 28 기 3분기,11460385976463,,,,,13,KRW
035720,00258801,카카오,2022,Q3,11014,CFS,,SCE,자본변동표,ifrs-full_Equity,기말자본,equity,제 28 기 3분기,300086402035,,,,,13,KRW
035720,00258801,카카오,2022,Q3,11014,CFS,,SCE,자본변동표,ifrs-full_Equity,기말자본,equity,제 28 기 3분기,3169382640730,,,,,13,KRW
035720,00258801,카카오,2022,Q3,11014,CFS,,SCE,자본변동표,ifrs-full_Equity,기말자본,equity,제 28 기 3분기,15276812664302,,,,,13,KRW
035720,00258801,카카오,2022,Q3,11014,OFS,,BS,재무상태표,dart_ElementsOfOtherStockholdersEquity,자본조정,equity,제 28 기 3분기말,31237353634,,제 27 기말,77070391402,,45,KRW
035720,00258801,카카오,2022,Q3,11014,OFS,,BS,재무상태표,ifrs-full_Equity,자본총계,equity,제 28 기 3분기말,7818781532414,,제 27 기말,6554204694006,,48,KRW
035720,00258801,카카오,2022,Q3,11014,OFS,,BS,재무상태표,ifrs-full_EquityAndLiabilities,부채와자본총계,equity,제 28 기 3분기말,12021704918461,,제 27 기말,10024652294434,,49,KRW
035720,00258801,카카오,2022,Q3,11014,OFS,,CIS,포괄손익계산서,dart_OperatingIncomeLoss,영업이익(손실),operating_profit,제 28 기 3분기,120763968690,380889464185,,,270510486431,2,KRW
035720,00258801,카카오,2022,Q3,11014,OFS,,CIS,포괄손익계산서,ifrs-full_ProfitLossBeforeTax,법인세비용차감전순이익(손실),net_income,제 28 기 3분기,110199103611,1773862647602,,,371175639269,10,KRW
035720,00258801,카카오,2022,Q3,11014,OFS,,CIS,포괄손익계산서,ifrs-full_ProfitLoss,당기순이익(손실),net_income,제 28 기 3분기,76906757579,1327559685291,,,397228693641,12,KRW
035720,00258801,카카오,2022,Q3,11014,OFS,,CIS,포괄손익계산서,ifrs-full_OtherComprehensiveIncomeNetOfTaxGainsLossesFromInvestmentsInEquityInstruments,기타포괄손익-공정가치 측정 지분상품 평가손익,equity,제 28 기 3분기,7711694644,-135279000644,,,199406749854,16,KRW
035720,00258801,카카오,2022,Q3,11014,OFS,,CF,현금흐름표,ifrs-full_CashFlowsFromUsedInOperatingActivities,영업활동현금흐름,cfo,제 28 기 3분기,581469179913,,,,,0,KRW
035720,00258801,카카오,2022,Q3,11014,OFS,,CF,현금흐름표,ifrs-full_PurchaseOfPropertyPlantAndEquipmentClassifiedAsInvestingActivities,유형자산의 취득,capex,제 28 기 3분기,190781974144,,,,,8,KRW
035720,00258801,카카오,2022,Q3,11014,OFS,,CF,현금흐름표,ifrs-full_PurchaseOfIntangibleAssetsClassifiedAsInvestingActivities,무형자산의 취득,capex,제 28 기 3분기,23800529617,,,,,10,KRW
035720,00258801,카카오,2022,Q3,11014,OFS,,SCE,자본변동표,dart_EquityAtBeginningOfPeriod,기초자본,equity,제 28 기 3분기,6554204694006,,,,,1,KRW
035720,00258801,카카오,2022,Q3,11014,OFS,,SCE,자본변동표,dart_EquityAtBeginningOfPeriod,기초자본,equity,제 28 기 3분기,240486698823,,,,,1,KRW
035720,00258801,카카오,2022,Q3,11014,OFS,,SCE,자본변동표,dart_EquityAtBeginningOfPeriod,기초자본,equity,제 28 기 3분기,77070391402,,,,,1,KRW
035720,00258801,카카오,2022,Q3,11014,OFS,,SCE,자본변동표,dart_EquityAtBeginningOfPeriod,기초자본,equity,제 28 기 3분기,44640599000,,,,,1,KRW
035720,00258801,카카오,2022,Q3,11014,OFS,,SCE,자본변동표,dart_EquityAtBeginningOfPeriod,기초자본,equity,제 28 기 3분기,5489187456902,,,,,1,KRW
035720,00258801,카카오,2022,Q3,11014,OFS,,SCE,자본변동표,dart_EquityAtBeginningOfPeriod,기초자본,equity,제 28 기 3분기,702819547879,,,,,1,KRW
035720,00258801,카카오,2022,Q3,11014,OFS,,SCE,자본변동표,ifrs-full_ProfitLoss,당기순이익(손실),net_income,제 28 기 3분기,0,,,,,2,KRW
035720,00258801,카카오,2022,Q3,11014,OFS,,SCE,자본변동표,ifrs-full_ProfitLoss,당기순이익(손실),net_income,제 28 기 3분기,0,,,,,2,KRW
035720,00258801,카카오,2022,Q3,11014,OFS,,SCE,자본변동표,ifrs-full_ProfitLoss,당기순이익(손실),net_income,제 28 기 3분기,76906757579,,,,,2,KRW
035720,00258801,카카오,2022,Q3,11014,OFS,,SCE,자본변동표,ifrs-full_ProfitLoss,당기순이익(손실),net_income,제 28 기 3분기,,,,,,2,KRW
035720,00258801,카카오,2022,Q3,11014,OFS,,SCE,자본변동표,ifrs-full_ProfitLoss,당기순이익(손실),net_income,제 28 기 3분기,1327559685291,,,,,2,KRW
035720,00258801,카카오,2022,Q3,11014,OFS,,SCE,자본변동표,ifrs-full_ProfitLoss,당기순이익(손실),net_income,제 28 기 3분기,0,,,,,2,KRW
035720,00258801,카카오,2022,Q3,11014,OFS,,SCE,자본변동표,dart_OtherComprehensiveIncomeForStatementOfChangesInEquity,기타포괄손익,equity,제 28 기 3분기,0,,,,,3,KRW
035720,00258801,카카오,2022,Q3,11014,OFS,,SCE,자본변동표,dart_OtherComprehensiveIncomeForStatementOfChangesInEquity,기타포괄손익,equity,제 28 기 3분기,0,,,,,3,KRW
035720,00258801,카카오,2022,Q3,11014,OFS,,SCE,자본변동표,dart_OtherComprehensiveIncomeForStatementOfChangesInEquity,기타포괄손익,equity,제 28 기 3분기,0,,,,,3,KRW
035720,00258801,카카오,2022,Q3,11014,OFS,,SCE,자본변동표,dart_OtherComprehensiveIncomeForStatementOfChangesInEquity,기타포괄손익,equity,제 28 기 3분기,0,,,,,3,KRW
035720,00258801,카카오,2022,Q3,11014,OFS,,SCE,자본변동표,dart_OtherComprehensiveIncomeForStatementOfChangesInEquity,기타포괄손익,equity,제 28 기 3분기,-135274089091,,,,,3,KRW
035720,00258801,카카오,2022,Q3,11014,OFS,,SCE,자본변동표,dart_OtherComprehensiveIncomeForStatementOfChangesInEquity,기타포괄손익,equity,제 28 기 3분기,-135274089091,,,,,3,KRW
035720,00258801,카카오,2022,Q3,11014,OFS,,SCE,자본변동표,ifrs-full_Equity,기말자본,equity,제 28 기 3분기,5630359815478,,,,,11,KRW
035720,00258801,카카오,2022,Q3,11014,OFS,,SCE,자본변동표,ifrs-full_Equity,기말자본,equity,제 28 기 3분기,44582166100,,,,,11,KRW
035720,00258801,카카오,2022,Q3,11014,OFS,,SCE,자본변동표,ifrs-full_Equity,기말자본,equity,제 28 기 3분기,2007389587470,,,,,11,KRW
035720,00258801,카카오,2022,Q3,11014,OFS,,SCE,자본변동표,ifrs-full_Equity,기말자본,equity,제 28 기 3분기,105212609732,,,,,11,KRW
035720,00258801,카카오,2022,Q3,11014,OFS,,SCE,자본변동표,ifrs-full_Equity,기말자본,equity,제 28 기 3분기,7818781532414,,,,,11,KRW
035720,00258801,카카오,2022,Q3,11014,OFS,,SCE,자본변동표,ifrs-full_Equity,기말자본,equity,제 28 기 3분기,31237353634,,,,,11,KRW
035720,00258801,카카오,2022,FY,11011,CFS,,BS,재무상태표,ifrs-full_EquityAttributableToOwnersOfParent,지배기업 소유주지분,equity,제 28 기,9983694054133,,제 27 기,9964627991241,,71,KRW
035720,00258801,카카오,2022,FY,11011,CFS,,BS,재무상태표,dart_ElementsOfOtherStockholdersEquity,자본조정,equity,제 28 기,41031372904,,제 27 기,77070391410,,74,KRW
035720,00258801,카카오,2022,FY,11011,CFS,,BS,재무상태표,ifrs-full_Equity,자본총계,equity,제 28 기,13515682590325,,제 27 기,13568333645679,,78,KRW
035720,00258801,카카오,2022,FY,11011,CFS,,BS,재무상태표,ifrs-full_EquityAndLiabilities,부채와자본총계,equity,제 28 기,22963651561449,,제 27 기,22784559108590,,79,KRW
035720,00258801,카카오,2022,FY,11011,CFS,,CIS,포괄손익계산서,dart_OperatingIncomeLoss,영업이익(손실),operating_profit,제 28 기,569355650551,,제 27 기,587884339202,,2,KRW
035720,00258801,카카오,2022,FY,11011,CFS,,CIS,포괄손익계산서,ifrs-full_ProfitLossBeforeTax,법인세비용차감전순이익(손실),net_income,제 28 기,1268900224036,,제 27 기,2286661094605,,11,KRW
035720,00258801,카카오,2022,FY,11011,CFS,,CIS,포괄손익계산서,ifrs-full_ProfitLoss,당기순이익(손실),net_income,제 28 기,1066994242805,,제 27 기,1640484195406,,13,KRW
035720,00258801,카카오,2022,FY,11011,CFS,,CIS,포괄손익계산서,ifrs-full_ProfitLossAttributableToOwnersOfParent,지배기업 소유주지분,net_income,제 28 기,1357995839549,,제 27 기,1387314031334,,15,KRW
035720,00258801,카카오,2022,FY,11011,CFS,,CIS,포괄손익계산서,ifrs-full_ProfitLossAttributableToNoncontrollingInterests,비지배지분,net_income,제 28 기,-291001596744,,제 27 기,253170164072,,16,KRW
035720,00258801,카카오,2022,FY,11011,CFS,,CIS,포괄손익계산서,ifrs-full_OtherComprehensiveIncomeNetOfTaxGainsLossesFromInvestmentsInEquityInstruments,기타포괄손익-공정가치 측정 지분상품 평가손익,equity,제 28 기,-1721801203448,,제 27 기,368152262648,,20,KRW
035720,00258801,카카오,2022,FY,11011,CFS,,CIS,포괄손익계산서,dart_ShareOfOtherComprehensiveIncomeOfAssociatesAndJointVenturesAccountedForUsingEquityMethodThatWillNotBeReclassifiedToProfitOrLossNetOfTax,지분법자본변동,equity,제 28 기,-52475618837,,제 27 기,33126909845,,21,KRW
035720,00258801,카카오,2022,FY,11011,CFS,,CIS,포괄손익계산서,dart_ShareOfOtherComprehensiveIncomeOfAssociatesAndJointVenturesAccountedForUsingEquityMethodThatWillBeReclassifiedToProfitOrLossNetOfTax,지분법자본변동,equity,제 28 기,1926991158,,제 27 기,1290324072,,24,KRW
035720,00258801,카카오,2022,FY,11011,CFS,,CF,현금흐름표,ifrs-full_CashFlowsFromUsedInOperatingActivities,영업활동현금흐름,cfo,제 28 기,678376491408,,제 27 기,1306571526446,,0,KRW
035720,00258801,카카오,2022,FY,11011,CFS,,CF,현금흐름표,ifrs-full_PurchaseOfPropertyPlantAndEquipmentClassifiedAsInvestingActivities,유형자산의 취득,capex,제 28 기,452915990820,,제 27 기,216218815371,,9,KRW
035720,00258801,카카오,2022,FY,11011,CFS,,CF,현금흐름표,ifrs-full_PurchaseOfIntangibleAssetsClassifiedAsInvestingActivities,무형자산의 취득,capex,제 28 기,189959976297,,제 27 기,154484908022,,12,KRW
035720,00258801,카카오,2022,FY,11011,CFS,,CF,현금흐름표,ifrs-full_OtherCashPaymentsToAcquireEquityOrDebtInstrumentsOfOtherEntitiesClassifiedAsInvestingActivities,기타포괄손익-공정가치 측정 금융자산의 취득,equity,제 28 기,63014192808,,제 27 기,36281353240,,16,KRW
035720,00258801,카카오,2022,FY,11011,CFS,,CF,현금흐름표,ifrs-full_OtherCashReceiptsFromSalesOfEquityOrDebtInstrumentsOfOtherEntitiesClassifiedAsInvestingActivities,기타포괄손익-공정가치 측정 금융자산의 처분,equity,제 28 기,43395923485,,제 27 기,294465200,,17,KRW
035720,00258801,카카오,2022,FY,11011,CFS,,SCE,자본변동표,dart_EquityAtBeginningOfPeriod,기초자본,equity,제 28 기,3603705654438,,제 27 기,1128059141704,,1,KRW
035720,00258801,카카오,2022,FY,11011,CFS,,SCE,자본변동표,dart_EquityAtBeginningOfPeriod,기초자본,equity,제 28 기,9964627991241,,제 27 기,6283700331669,,1,KRW
035720,00258801,카카오,2022,FY,11011,CFS,,SCE,자본변동표,dart_EquityAtBeginningOfPeriod,기초자본,equity,제 28 기,371824570298,,제 27 기,86577386868,,1,KRW
035720,00258801,카카오,2022,FY,11011,CFS,,SCE,자본변동표,dart_EquityAtBeginningOfPeriod,기초자본,equity,제 28 기,1689444597928,,제 27 기,301009092939,,1,KRW
035720,00258801,카카오,2022,FY,11011,CFS,,SCE,자본변동표,dart_EquityAtBeginningOfPeriod,기초자본,equity,제 28 기,44640599000,,제 27 기,44300999000,,1,KRW
035720,00258801,카카오,2022,FY,11011,CFS,,SCE,자본변동표,dart_EquityAtBeginningOfPeriod,기초자본,equity,제 28 기,7781647832605,,제 27 기,5833195948154,,1,KRW
035720,00258801,카카오,2022,FY,11011,CFS,,SCE,자본변동표,dart_EquityAtBeginningOfPeriod,기초자본,equity,제 28 기,77070391410,,제 27 기,18616904708,,1,KRW
035720,00258801,카카오,2022,FY,11011,CFS,,SCE,자본변동표,dart_EquityAtBeginningOfPeriod,기초자본,equity,제 28 기,13568333645679,,제 27 기,7411759473373,,1,KRW
035720,00258801,카카오,2022,FY,11011,CFS,,SCE,자본변동표,ifrs-full_ProfitLoss,당기순이익(손실),net_income,제 28 기,0,,제 27 기,0,,2,KRW
035720,00258801,카카오,2022,FY,11011,CFS,,SCE,자본변동표,ifrs-full_ProfitLoss,당기순이익(손실),net_income,제 28 기,0,,제 27 기,0,,2,KRW
035720,00258801,카카오,2022,FY,11011,CFS,,SCE,자본변동표,ifrs-full_ProfitLoss,당기순이익(손실),net_income,제 28 기,0,,제 27 기,0,,2,KRW
035720,00258801,카카오,2022,FY,11011,CFS,,SCE,자본변동표,ifrs-full_ProfitLoss,당기순이익(손실),net_income,제 28 기,1357995839549,,제 27 기,1387314031334,,2,KRW
035720,00258801,카카오,2022,FY,11011,CFS,,SCE,자본변동표,ifrs-full_ProfitLoss,당기순이익(손실),net_income,제 28 기,0,,제 27 기,0,,2,KRW
035720,00258801,카카오,2022,FY,11011,CFS,,SCE,자본변동표,ifrs-full_ProfitLoss,당기순이익(손실),net_income,제 28 기,1357995839549,,제 27 기,1387314031334,,2,KRW
035720,00258801,카카오,2022,FY,11011,CFS,,SCE,자본변동표,ifrs-full_ProfitLoss,당기순이익(손실),net_income,제 28 기,1066994242805,,제 27 기,1640484195406,,2,KRW
035720,00258801,카카오,2022,FY,11011,CFS,,SCE,자본변동표,ifrs-full_ProfitLoss,당기순이익(손실),net_income,제 28 기,-291001596744,,제 27 기,253170164072,,2,KRW
035720,00258801,카카오,2022,FY,11011,CFS,,SCE,자본변동표,dart_OtherComprehensiveIncomeForStatementOfChangesInEquity,기타포괄손익,equity,제 28 기,-1621490606813,,제 27 기,285247183430,,3,KRW
035720,00258801,카카오,2022,FY,11011,CFS,,SCE,자본변동표,dart_OtherComprehensiveIncomeForStatementOfChangesInEquity,기타포괄손익,equity,제 28 기,0,,제 27 기,0,,3,KRW
035720,00258801,카카오,2022,FY,11011,CFS,,SCE,자본변동표,dart_OtherComprehensiveIncomeForStatementOfChangesInEquity,기타포괄손익,equity,제 28 기,0,,제 27 기,0,,3,KRW
035720,00258801,카카오,2022,FY,11011,CFS,,SCE,자본변동표,dart_OtherComprehensiveIncomeForStatementOfChangesInEquity,기타포괄손익,equity,제 28 기,0,,제 27 기,0,,3,KRW
035720,00258801,카카오,2022,FY,11011,CFS,,SCE,자본변동표,dart_OtherComprehensiveIncomeForStatementOfChangesInEquity,기타포괄손익,equity,제 28 기,995862900,,제 27 기,14023283255,,3,KRW
035720,00258801,카카오,2022,FY,11011,CFS,,SCE,자본변동표,dart_OtherComprehensiveIncomeForStatementOfChangesInEquity,기타포괄손익,equity,제 28 기,-1620494743913,,제 27 기,299270466685,,3,KRW
035720,00258801,카카오,2022,FY,11011,CFS,,SCE,자본변동표,dart_OtherComprehensiveIncomeForStatementOfChangesInEquity,기타포괄손익,equity,제 28 기,-109299355303,,제 27 기,132530634360,,3,KRW
035720,00258801,카카오,2022,FY,11011,CFS,,SCE,자본변동표,dart_OtherComprehensiveIncomeForStatementOfChangesInEquity,기타포괄손익,equity,제 28 기,-1729794099216,,제 27 기,431801101045,,3,KRW
035720,00258801,카카오,2022,FY,11011,CFS,,SCE,자본변동표,ifrs-full_Equity,기말자본,equity,제 28 기,8116371778929,,제 27 기,7781647832605,,14,KRW
035720,00258801,카카오,2022,FY,11011,CFS,,SCE,자본변동표,ifrs-full_Equity,기말자본,equity,제 28 기,44592368900,,제 27 기,44640599000,,14,KRW
035720,00258801,카카오,2022,FY,11011,CFS,,SCE,자본변동표,ifrs-full_Equity,기말자본,equity,제 28 기,3031364569915,,제 27 기,1689444597928,,14,KRW
035720,00258801,카카오,2022,FY,11011,CFS,,SCE,자본변동표,ifrs-full_Equity,기말자본,equity,제 28 기,-1249666036515,,제 27 기,371824570298,,14,KRW
035720,00258801,카카오,2022,FY,11011,CFS,,SCE,자본변동표,ifrs-full_Equity,기말자본,equity,제 28 기,9983694054133,,제 27 기,9964627991241,,14,KRW
035720,00258801,카카오,2022,FY,11011,CFS,,SCE,자본변동표,ifrs-full_Equity,기말자본,equity,제 28 기,3531988536192,,제 27 기,3603705654438,,14,KRW
035720,00258801,카카오,2022,FY,11011,CFS,,SCE,자본변동표,ifrs-full_Equity,기말자본,equity,제 28 기,13515682590325,,제 27 기,13568333645679,,14,KRW
035720,00258801,카카오,2022,FY,11011,CFS,,SCE,자본변동표,ifrs-full_Equity,기말자본,equity,제 28 기,41031372904,,제 27 기,77070391410,,14,KRW
035720,00258801,카카오,2022,FY,11011,OFS,,BS,재무상태표,dart_ElementsOfOtherStockholdersEquity,자본조정,equity,제 28 기,41031372896,,제 27 기,77070391402,,47,KRW
035720,00258801,카카오,2022,FY,11011,OFS,,BS,재무상태표,ifrs-full_Equity,자본총계,equity,제 28 기,7070854217052,,제 27 기,6539337501584,,50,KRW
035720,00258801,카카오,2022,FY,11011,OFS,,BS,재무상태표,ifrs-full_EquityAndLiabilities,부채와자본총계,equity,제 28 기,10791496254634,,제 27 기,10029502863845,,51,KRW
035720,00258801,카카오,2022,FY,11011,OFS,,CIS,포괄손익계산서,dart_OperatingIncomeLoss,영업이익(손실),operating_profit,제 28 기,543978112016,,제 27 기,397366297001,,2,KRW
035720,00258801,카카오,2022,FY,11011,OFS,,CIS,포괄손익계산서,ifrs-full_ProfitLossBeforeTax,법인세비용차감전순이익(손실),net_income,제 28 기,1872117275733,,제 27 기,570033501592,,10,KRW
035720,00258801,카카오,2022,FY,11011,OFS,,CIS,포괄손익계산서,ifrs-full_ProfitLoss,당기순이익(손실),net_income,제 28 기,1611790174060,,제 27 기,503123622467,,12,KRW
035720,00258801,카카오,2022,FY,11011,OFS,,CIS,포괄손익계산서,ifrs-full_OtherComprehensiveIncomeNetOfTaxGainsLossesFromInvestmentsInEquityInstruments,기타포괄손익-공정가치 측정 지분상품 평가손익,equity,제 28 기,-1171171180790,,제 27 기,174534093913,,16,KRW
035720,00258801,카카오,2022,FY,11011,OFS,,CF,현금흐름표,ifrs-full_CashFlowsFromUsedInOperatingActivities,영업활동현금흐름,cfo,제 28 기,879616636049,,제 27 기,815195396669,,0,KRW
035720,00258801,카카오,2022,FY,11011,OFS,,CF,현금흐름표,ifrs-full_PurchaseOfPropertyPlantAndEquipmentClassifiedAsInvestingActivities,유형자산의 취득,capex,제 28 기,284804768620,,제 27 기,102780765323,,8,KRW
035720,00258801,카카오,2022,FY,11011,OFS,,CF,현금흐름표,ifrs-full_PurchaseOfIntangibleAssetsClassifiedAsInvestingActivities,무형자산의 취득,capex,제 28 기,22852007442,,제 27 기,9904727261,,10,KRW
035720,00258801,카카오,2022,FY,11011,OFS,,SCE,자본변동표,dart_EquityAtBeginningOfPeriod,기초자본,equity,제 28 기,6539337501584,,제 27 기,5314075688355,,1,KRW
035720,00258801,카카오,2022,FY,11011,OFS,,SCE,자본변동표,dart_EquityAtBeginningOfPeriod,기초자본,equity,제 28 기,240486698823,,제 27 기,66513984520,,1,KRW
035720,00258801,카카오,2022,FY,11011,OFS,,SCE,자본변동표,dart_EquityAtBeginningOfPeriod,기초자본,equity,제 28 기,77070391402,,제 27 기,18616904707,,1,KRW
035720,00258801,카카오,2022,FY,11011,OFS,,SCE,자본변동표,dart_EquityAtBeginningOfPeriod,기초자본,equity,제 28 기,44640599000,,제 27 기,44300999000,,1,KRW
035720,00258801,카카오,2022,FY,11011,OFS,,SCE,자본변동표,dart_EquityAtBeginningOfPeriod,기초자본,equity,제 28 기,5489187456902,,제 27 기,4986863484685,,1,KRW
035720,00258801,카카오,2022,FY,11011,OFS,,SCE,자본변동표,dart_EquityAtBeginningOfPeriod,기초자본,equity,제 28 기,687952355457,,제 27 기,197780315443,,1,KRW
035720,00258801,카카오,2022,FY,11011,OFS,,SCE,자본변동표,ifrs-full_ProfitLoss,당기순이익(손실),net_income,제 28 기,0,,제 27 기,0,,2,KRW
035720,00258801,카카오,2022,FY,11011,OFS,,SCE,자본변동표,ifrs-full_ProfitLoss,당기순이익(손실),net_income,제 28 기,0,,제 27 기,0,,2,KRW
035720,00258801,카카오,2022,FY,11011,OFS,,SCE,자본변동표,ifrs-full_ProfitLoss,당기순이익(손실),net_income,제 28 기,1611790174060,,제 27 기,503123622467,,2,KRW
035720,00258801,카카오,2022,FY,11011,OFS,,SCE,자본변동표,ifrs-full_ProfitLoss,당기순이익(손실),net_income,제 28 기,0,,제 27 기,0,,2,KRW
035720,00258801,카카오,2022,FY,11011,OFS,,SCE,자본변동표,ifrs-full_ProfitLoss,당기순이익(손실),net_income,제 28 기,1611790174060,,제 27 기,503123622467,,2,KRW
035720,00258801,카카오,2022,FY,11011,OFS,,SCE,자본변동표,ifrs-full_ProfitLoss,당기순이익(손실),net_income,제 28 기,0,,제 27 기,0,,2,KRW
035720,00258801,카카오,2022,FY,11011,OFS,,SCE,자본변동표,dart_OtherComprehensiveIncomeForStatementOfChangesInEquity,기타포괄손익,equity,제 28 기,-1168730443945,,제 27 기,173922941450,,3,KRW
035720,00258801,카카오,2022,FY,11011,OFS,,SCE,자본변동표,dart_OtherComprehensiveIncomeForStatementOfChangesInEquity,기타포괄손익,equity,제 28 기,-229208630353,,제 27 기,173972714303,,3,KRW
035720,00258801,카카오,2022,FY,11011,OFS,,SCE,자본변동표,dart_OtherComprehensiveIncomeForStatementOfChangesInEquity,기타포괄손익,equity,제 28 기,-939521813592,,제 27 기,-49772853,,3,KRW
035720,00258801,카카오,2022,FY,11011,OFS,,SCE,자본변동표,dart_OtherComprehensiveIncomeForStatementOfChangesInEquity,기타포괄손익,equity,제 28 기,,,제 27 기,0,,3,KRW
035720,00258801,카카오,2022,FY,11011,OFS,,SCE,자본변동표,dart_OtherComprehensiveIncomeForStatementOfChangesInEquity,기타포괄손익,equity,제 28 기,,,제 27 기,0,,3,KRW
035720,00258801,카카오,2022,FY,11011,OFS,,SCE,자본변동표,dart_OtherComprehensiveIncomeForStatementOfChangesInEquity,기타포괄손익,equity,제 28 기,,,제 27 기,0,,3,KRW
035720,00258801,카카오,2022,FY,11011,OFS,,SCE,자본변동표,ifrs-full_Equity,기말자본,equity,제 28 기,7070854217052,,제 27 기,6539337501584,,11,KRW
035720,00258801,카카오,2022,FY,11011,OFS,,SCE,자본변동표,ifrs-full_Equity,기말자본,equity,제 28 기,11278068470,,제 27 기,240486698823,,11,KRW
035720,00258801,카카오,2022,FY,11011,OFS,,SCE,자본변동표,ifrs-full_Equity,기말자본,equity,제 28 기,1337231070225,,제 27 기,687952355457,,11,KRW
035720,00258801,카카오,2022,FY,11011,OFS,,SCE,자본변동표,ifrs-full_Equity,기말자본,equity,제 28 기,44592368900,,제 27 기,44640599000,,11,KRW
035720,00258801,카카오,2022,FY,11011,OFS,,SCE,자본변동표,ifrs-full_Equity,기말자본,equity,제 28 기,5636721336561,,제 27 기,5489187456902,,11,KRW
035720,00258801,카카오,2022,FY,11011,OFS,,SCE,자본변동표,ifrs-full_Equity,기말자본,equity,제 28 기,41031372896,,제 27 기,77070391402,,11,KRW
068270,00413046,셀트리온,2015,FY,11011,CFS,,BS,재무상태표,ifrs_InvestmentAccountedForUsingEquityMethod,관계기업투자,equity,제 25 기,8091787274,,제 24 기,3483914557,,12,KRW
068270,00413046,셀트리온,2015,FY,11011,CFS,,BS,재무상태표,ifrs_EquityAttributableToOwnersOfParent,지배기업의 소유주에게 귀속되는 자본,equity,제 25 기,1694233629176,,제 24 기,1247394391212,,32,KRW
068270,00413046,셀트리온,2015,FY,11011,CFS,,BS,재무상태표,dart_ContributedEquity,납입자본,equity,제 25 기,759618051630,,제 24 기,478171399348,,33,KRW
068270,00413046,셀트리온,2015,FY,11011,CFS,,BS,재무상태표,dart_ElementsOfOtherStockholdersEquity,기타자본구성요소,equity,제 25 기,-59409183924,,제 24 기,-75817440142,,37,KRW
068270,00413046,셀트리온,2015,FY,11011,CFS,,BS,재무상태표,ifrs_OtherEquityInterest,기타자본,equity,제 25 기,-67921650269,,제 24 기,-79253037616,,39,KRW
068270,00413046,셀트리온,2015,FY,11011,CFS,,BS,재무상태표,ifrs_Equity,자본총계,equity,제 25 기,1809840731285,,제 24 기,1347781344653,,41,KRW
068270,00413046,셀트리온,2015,FY,11011,CFS,,BS,재무상태표,ifrs_EquityAndLiabilities,자본과부채총계,equity,제 25 기,2748230541703,,제 24 기,2322385038800,,42,KRW
068270,00413046,셀트리온,2015,FY,11011,CFS,,IS,손익계산서,dart_OperatingIncomeLoss,영업이익(손실),operating_profit,제 25 기,258954318718,,제 24 기,201468888037,,4,KRW
068270,00413046,셀트리온,2015,FY,11011,CFS,,IS,손익계산서,ifrs_ShareOfProfitLossOfAssociatesAndJointVenturesAccountedForUsingEquityMethod,관계기업에 대한 지분법손익,net_income|equity,제 25 기,209472717,,제 24 기,-266396826,,9,KRW
068270,00413046,셀트리온,2015,FY,11011,CFS,,IS,손익계산서,ifrs_ProfitLossBeforeTax,법인세비용차감전순이익(손실),net_income,제 25 기,163110863213,,제 24 기,149111203827,,10,KRW
068270,00413046,셀트리온,2015,FY,11011,CFS,,IS,손익계산서,ifrs_ProfitLossAttributableToOwnersOfParent,지배기업의 소유주에게 귀속되는 당기순이익(손실),net_income,제 25 기,154089612464,,제 24 기,112676335295,,13,KRW
068270,00413046,셀트리온,2015,FY,11011,CFS,,IS,손익계산서,ifrs_ProfitLossAttributableToNoncontrollingInterests,비지배지분에 귀속되는 당기순이익(손실),net_income,제 25 기,4192137836,,제 24 기,4805292970,,14,KRW
068270,00413046,셀트리온,2015,FY,11011,CFS,,CIS,포괄손익계산서,ifrs_ProfitLoss,당기순이익(손실),net_income,제 25 기,158281750300,,제 24 기,117481628265,,0,KRW
068270,00413046,셀트리온,2015,FY,11011,CFS,,CF,현금흐름표,ifrs_CashFlowsFromUsedInOperatingActivities,영업활동현금흐름,cfo,제 25 기,77566858430,,제 24 기,145158529423,,0,KRW
068270,00413046,셀트리온,2015,FY,11011,CFS,,CF,현금흐름표,-표준계정코드 미사용-,유형자산의 취득,capex,제 25 기,-50585400952,,제 24 기,-31471762686,,22,KRW
068270,00413046,셀트리온,2015,FY,11011,CFS,,SCE,자본변동표,dart_EquityAtBeginningOfPeriod,기초자본,equity,제 25 기,1247394391212,,제 24 기,1087131958400,,1,KRW
068270,00413046,셀트리온,2015,FY,11011,CFS,,SCE,자본변동표,dart_EquityAtBeginningOfPeriod,기초자본,equity,제 25 기,103569771000,,제 24 기,100503857000,,1,KRW
068270,00413046,셀트리온,2015,FY,11011,CFS,,SCE,자본변동표,dart_EquityAtBeginningOfPeriod,기초자본,equity,제 25 기,845040432006,,제 24 기,735306099711,,1,KRW
068270,00413046,셀트리온,2015,FY,11011,CFS,,SCE,자본변동표,dart_EquityAtBeginningOfPeriod,기초자본,equity,제 25 기,3435597474,,제 24 기,94355572,,1,KRW
068270,00413046,셀트리온,2015,FY,11011,CFS,,SCE,자본변동표,dart_EquityAtBeginningOfPeriod,기초자본,equity,제 25 기,1347781344653,,제 24 기,1087131958400,,1,KRW
068270,00413046,셀트리온,2015,FY,11011,CFS,,SCE,자본변동표,dart_EquityAtBeginningOfPeriod,기초자본,equity,제 25 기,374601628348,,제 24 기,370966449166,,1,KRW
068270,00413046,셀트리온,2015,FY,11011,CFS,,SCE,자본변동표,dart_EquityAtBeginningOfPeriod,기초자본,equity,제 25 기,-79253037616,,제 24 기,-119738803049,,1,KRW
068270,00413046,셀트리온,2015,FY,11011,CFS,,SCE,자본변동표,ifrs_ProfitLoss,당기순이익(손실),net_income,제 25 기,154089612464,,제 24 기,112676335295,,4,KRW
068270,00413046,셀트리온,2015,FY,11011,CFS,,SCE,자본변동표,ifrs_ProfitLoss,당기순이익(손실),net_income,제 25 기,4192137836,,제 24 기,4805292970,,4,KRW
068270,00413046,셀트리온,2015,FY,11011,CFS,,SCE,자본변동표,ifrs_ProfitLoss,당기순이익(손실),net_income,제 25 기,158281750300,,제 24 기,117481628265,,4,KRW
068270,00413046,셀트리온,2015,FY,11011,CFS,,SCE,자본변동표,ifrs_ProfitLoss,당기순이익(손실),net_income,제 25 기,154089612464,,제 24 기,112676335295,,4,KRW
068270,00413046,셀트리온,2015,FY,11011,CFS,,SCE,자본변동표,ifrs_Equity,기말자본,equity,제 25 기,-67921650269,,제 24 기,-79253037616,,22,KRW
068270,00413046,셀트리온,2015,FY,11011,CFS,,SCE,자본변동표,ifrs_Equity,기말자본,equity,제 25 기,8512466345,,제 24 기,3435597474,,22,KRW
068270,00413046,셀트리온,2015,FY,11011,CFS,,SCE,자본변동표,ifrs_Equity,기말자본,equity,제 25 기,994024761470,,제 24 기,845040432006,,22,KRW
068270,00413046,셀트리온,2015,FY,11011,CFS,,SCE,자본변동표,ifrs_Equity,기말자본,equity,제 25 기,112431663000,,제 24 기,103569771000,,22,KRW
068270,00413046,셀트리온,2015,FY,11011,CFS,,SCE,자본변동표,ifrs_Equity,기말자본,equity,제 25 기,647186388630,,제 24 기,374601628348,,22,KRW
068270,00413046,셀트리온,2015,FY,11011,CFS,,SCE,자본변동표,ifrs_Equity,기말자본,equity,제 25 기,115607102109,,제 24 기,100386953441,,22,KRW
068270,00413046,셀트리온,2015,FY,11011,CFS,,SCE,자본변동표,ifrs_Equity,기말자본,equity,제 25 기,1809840731285,,제 24 기,1347781344653,,22,KRW
068270,00413046,셀트리온,2015,FY,11011,CFS,,SCE,자본변동표,ifrs_Equity,기말자본,equity,제 25 기,1694233629176,,제 24 기,1247394391212,,22,KRW
068270,00413046,셀트리온,2015,FY,11011,OFS,,BS,재무상태표,dart_ContributedEquity,납입자본,equity,제 25 기,759618051630,,제 24 기,478171399348,,31,KRW
068270,00413046,셀트리온,2015,FY,11011,OFS,,BS,재무상태표,dart_ElementsOfOtherStockholdersEquity,기타자본구성요소,equity,제 25 기,-66359488014,,제 24 기,-80349848170,,35,KRW
068270,00413046,셀트리온,2015,FY,11011,OFS,,BS,재무상태표,ifrs_OtherEquityInterest,기타자본,equity,제 25 기,-72518392469,,제 24 기,-81740314316,,37,KRW
068270,00413046,셀트리온,2015,FY,11011,OFS,,BS,재무상태표,ifrs_Equity,자본총계,equity,제 25 기,1751744676071,,제 24 기,1259408082641,,38,KRW
068270,00413046,셀트리온,2015,FY,11011,OFS,,BS,재무상태표,ifrs_EquityAndLiabilities,자본과부채총계,equity,제 25 기,2517717473793,,제 24 기,2098697248678,,39,KRW
068270,00413046,셀트리온,2015,FY,11011,OFS,,IS,손익계산서,dart_OperatingIncomeLoss,영업이익(손실),operating_profit,제 25 기,254129599657,,제 24 기,195764018071,,4,KRW
068270,00413046,셀트리온,2015,FY,11011,OFS,,IS,손익계산서,ifrs_ProfitLossBeforeTax,법인세비용차감전순이익(손실),net_income,제 25 기,223177638969,,제 24 기,162201484097,,9,KRW
068270,00413046,셀트리온,2015,FY,11011,OFS,,IS,손익계산서,ifrs_ProfitLoss,당기순이익(손실),net_income,제 25 기,202004863992,,제 24 기,128060383547,,11,KRW
068270,00413046,셀트리온,2015,FY,11011,OFS,,CIS,포괄손익계산서,ifrs_ProfitLoss,당기순이익(손실),net_income,제 25 기,202004863992,,제 24 기,128060383547,,0,KRW
068270,00413046,셀트리온,2015,FY,11011,OFS,,CF,현금흐름표,ifrs_CashFlowsFromUsedInOperatingActivities,영업활동현금흐름,cfo,제 25 기,59435735839,,제 24 기,135372089142,,0,KRW
068270,00413046,셀트리온,2015,FY,11011,OFS,,CF,현금흐름표,-표준계정코드 미사용-,영업활동으로 인한 현금흐름,cfo,제 25 기,68993406803,,제 24 기,162234369918,,1,KRW
068270,00413046,셀트리온,2015,FY,11011,OFS,,CF,현금흐름표,-표준계정코드 미사용-,유형자산의 취득,capex,제 25 기,-7790137558,,제 24 기,-8999742795,,21,KRW
068270,00413046,셀트리온,2015,FY,11011,OFS,,SCE,자본변동표,dart_EquityAtBeginningOfPeriod,기초자본,equity,제 25 기,1259408082641,,제 24 기,1088728464508,,1,KRW
068270,00413046,셀트리온,2015,FY,11011,OFS,,SCE,자본변동표,dart_EquityAtBeginningOfPeriod,기초자본,equity,제 25 기,-81740314316,,제 24 기,-119738803049,,1,KRW
068270,00413046,셀트리온,2015,FY,11011,OFS,,SCE,자본변동표,dart_EquityAtBeginningOfPeriod,기초자본,equity,제 25 기,1390466146,,제 24 기,528810475,,1,KRW
068270,00413046,셀트리온,2015,FY,11011,OFS,,SCE,자본변동표,dart_EquityAtBeginningOfPeriod,기초자본,equity,제 25 기,861586531463,,제 24 기,736468150916,,1,KRW
068270,00413046,셀트리온,2015,FY,11011,OFS,,SCE,자본변동표,dart_EquityAtBeginningOfPeriod,기초자본,equity,제 25 기,103569771000,,제 24 기,100503857000,,1,KRW
068270,00413046,셀트리온,2015,FY,11011,OFS,,SCE,자본변동표,dart_EquityAtBeginningOfPeriod,기초자본,equity,제 25 기,374601628348,,제 24 기,370966449166,,1,KRW
068270,00413046,셀트리온,2015,FY,11011,OFS,,SCE,자본변동표,ifrs_ProfitLoss,당기순이익(손실),net_income,제 25 기,202004863992,,제 24 기,128060383547,,4,KRW
068270,00413046,셀트리온,2015,FY,11011,OFS,,SCE,자본변동표,ifrs_ProfitLoss,당기순이익(손실),net_income,제 25 기,202004863992,,제 24 기,128060383547,,4,KRW
068270,00413046,셀트리온,2015,FY,11011,OFS,,SCE,자본변동표,ifrs_Equity,기말자본,equity,제 25 기,1058486112455,,제 24 기,861586531463,,17,KRW
068270,00413046,셀트리온,2015,FY,11011,OFS,,SCE,자본변동표,ifrs_Equity,기말자본,equity,제 25 기,6158904455,,제 24 기,1390466146,,17,KRW
068270,00413046,셀트리온,2015,FY,11011,OFS,,SCE,자본변동표,ifrs_Equity,기말자본,equity,제 25 기,-72518392469,,제 24 기,-81740314316,,17,KRW
068270,00413046,셀트리온,2015,FY,11011,OFS,,SCE,자본변동표,ifrs_Equity,기말자본,equity,제 25 기,112431663000,,제 24 기,103569771000,,17,KRW
068270,00413046,셀트리온,2015,FY,11011,OFS,,SCE,자본변동표,ifrs_Equity,기말자본,equity,제 25 기,647186388630,,제 24 기,374601628348,,17,KRW
068270,00413046,셀트리온,2015,FY,11011,OFS,,SCE,자본변동표,ifrs_Equity,기말자본,equity,제 25 기,1751744676071,,제 24 기,1259408082641,,17,KRW
068270,00413046,셀트리온,2020,Q1,11013,CFS,,BS,재무상태표,ifrs-full_EquityAttributableToOwnersOfParent,지배기업의 소유주에게 귀속되는 자본,equity,제 30 기 1분기말,2892297752534,,제 29 기말,2794154340545,,33,KRW
068270,00413046,셀트리온,2020,Q1,11013,CFS,,BS,재무상태표,dart_ElementsOfOtherStockholdersEquity,기타자본구성요소,equity,제 30 기 1분기말,-130547590332,,제 29 기말,-120432914312,,38,KRW
068270,00413046,셀트리온,2020,Q1,11013,CFS,,BS,재무상태표,ifrs-full_Equity,자본총계,equity,제 30 기 1분기말,3004634680593,,제 29 기말,2906958188321,,40,KRW
068270,00413046,셀트리온,2020,Q1,11013,CFS,,BS,재무상태표,ifrs-full_EquityAndLiabilities,자본과부채총계,equity,제 30 기 1분기말,4124016574502,,제 29 기말,3893691606446,,41,KRW
068270,00413046,셀트리온,2020,Q1,11013,CFS,,IS,손익계산서,dart_OperatingIncomeLoss,영업이익(손실),operating_profit,제 30 기 1분기,120241411124,120241411124,,,77355873875,4,KRW
068270,00413046,셀트리온,2020,Q1,11013,CFS,,IS,손익계산서,ifrs-full_ProfitLossBeforeTax,법인세비용차감전순이익(손실),net_income,제 30 기 1분기,138432112490,138432112490,,,81405629369,10,KRW
068270,00413046,셀트리온,2020,Q1,11013,CFS,,IS,손익계산서,ifrs-full_ProfitLoss,당기순이익(손실),net_income,제 30 기 1분기,105292021638,105292021638,,,63021445145,12,KRW
068270,00413046,셀트리온,2020,Q1,11013,CFS,,IS,손익계산서,ifrs-full_ProfitLossAttributableToOwnersOfParent,지배기업의 소유주에게 귀속되는 당기순이익(손실),net_income,제 30 기 1분기,104937843695,104937843695,,,63927286673,14,KRW
068270,00413046,셀트리온,2020,Q1,11013,CFS,,IS,손익계산서,ifrs-full_ProfitLossAttributableToNoncontrollingInterests,비지배지분에 귀속되는 당기순이익(손실),net_income,제 30 기 1분기,354177943,354177943,,,-905841528,15,KRW
068270,00413046,셀트리온,2020,Q1,11013,CFS,,CIS,포괄손익계산서,ifrs-full_ProfitLoss,당기순이익(손실),net_income,제 30 기 1분기,105292021638,105292021638,,,63021445145,0,KRW
068270,00413046,셀트리온,2020,Q1,11013,CFS,,CF,현금흐름표,ifrs-full_CashFlowsFromUsedInOperatingActivities,영업활동현금흐름,cfo,제 30 기 1분기,57435042736,,,,,0,KRW
068270,00413046,셀트리온,2020,Q1,11013,CFS,,CF,현금흐름표,-표준계정코드 미사용-,유형자산의 취득,capex,제 30 기 1분기,-29270164847,,,,,18,KRW
068270,00413046,셀트리온,2020,Q1,11013,CFS,,CF,현금흐름표,-표준계정코드 미사용-,무형자산의 취득,capex,제 30 기 1분기,-32258734481,,,,,19,KRW
068270,00413046,셀트리온,2020,Q1,11013,CFS,,SCE,자본변동표,dart_EquityAtBeginningOfPeriod,기초자본,equity,제 30 기 1분기,1996890683771,,,,,1,KRW
068270,00413046,셀트리온,2020,Q1,11013,CFS,,SCE,자본변동표,dart_EquityAtBeginningOfPeriod,기초자본,equity,제 30 기 1분기,128337853000,,,,,1,KRW
068270,00413046,셀트리온,2020,Q1,11013,CFS,,SCE,자본변동표,dart_EquityAtBeginningOfPeriod,기초자본,equity,제 30 기 1분기,-120432914312,,,,,1,KRW
068270,00413046,셀트리온,2020,Q1,11013,CFS,,SCE,자본변동표,dart_EquityAtBeginningOfPeriod,기초자본,equity,제 30 기 1분기,2794154340545,,,,,1,KRW
068270,00413046,셀트리온,2020,Q1,11013,CFS,,SCE,자본변동표,dart_EquityAtBeginningOfPeriod,기초자본,equity,제 30 기 1분기,112803847776,,,,,1,KRW
068270,00413046,셀트리온,2020,Q1,11013,CFS,,SCE,자본변동표,dart_EquityAtBeginningOfPeriod,기초자본,equity,제 30 기 1분기,2906958188321,,,,,1,KRW
068270,00413046,셀트리온,2020,Q1,11013,CFS,,SCE,자본변동표,dart_EquityAtBeginningOfPeriod,기초자본,equity,제 30 기 1분기,3000227548,,,,,1,KRW
068270,00413046,셀트리온,2020,Q1,11013,CFS,,SCE,자본변동표,dart_EquityAtBeginningOfPeriod,기초자본,equity,제 30 기 1분기,786358490538,,,,,1,KRW
068270,00413046,셀트리온,2020,Q1,11013,CFS,,SCE,자본변동표,ifrs-full_ProfitLoss,당기순이익(손실),net_income,제 30 기 1분기,104937843695,,,,,2,KRW
068270,00413046,셀트리온,2020,Q1,11013,CFS,,SCE,자본변동표,ifrs-full_ProfitLoss,당기순이익(손실),net_income,제 30 기 1분기,0,,,,,2,KRW
068270,00413046,셀트리온,2020,Q1,11013,CFS,,SCE,자본변동표,ifrs-full_ProfitLoss,당기순이익(손실),net_income,제 30 기 1분기,0,,,,,2,KRW
068270,00413046,셀트리온,2020,Q1,11013,CFS,,SCE,자본변동표,ifrs-full_ProfitLoss,당기순이익(손실),net_income,제 30 기 1분기,104937843695,,,,,2,KRW
068270,00413046,셀트리온,2020,Q1,11013,CFS,,SCE,자본변동표,ifrs-full_ProfitLoss,당기순이익(손실),net_income,제 30 기 1분기,354177943,,,,,2,KRW
068270,00413046,셀트리온,2020,Q1,11013,CFS,,SCE,자본변동표,ifrs-full_ProfitLoss,당기순이익(손실),net_income,제 30 기 1분기,105292021638,,,,,2,KRW
068270,00413046,셀트리온,2020,Q1,11013,CFS,,SCE,자본변동표,ifrs-full_ProfitLoss,당기순이익(손실),net_income,제 30 기 1분기,0,,,,,2,KRW
068270,00413046,셀트리온,2020,Q1,11013,CFS,,SCE,자본변동표,ifrs-full_ProfitLoss,당기순이익(손실),net_income,제 30 기 1분기,0,,,,,2,KRW
068270,00413046,셀트리온,2020,Q1,11013,CFS,,SCE,자본변동표,ifrs-full_Equity,기말자본,equity,제 30 기 1분기,786738227578,,,,,12,KRW
068270,00413046,셀트리온,2020,Q1,11013,CFS,,SCE,자본변동표,ifrs-full_Equity,기말자본,equity,제 30 기 1분기,134706932000,,,,,12,KRW
068270,00413046,셀트리온,2020,Q1,11013,CFS,,SCE,자본변동표,ifrs-full_Equity,기말자본,equity,제 30 기 1분기,2095468214466,,,,,12,KRW
068270,00413046,셀트리온,2020,Q1,11013,CFS,,SCE,자본변동표,ifrs-full_Equity,기말자본,equity,제 30 기 1분기,5931968822,,,,,12,KRW
068270,00413046,셀트리온,2020,Q1,11013,CFS,,SCE,자본변동표,ifrs-full_Equity,기말자본,equity,제 30 기 1분기,-130547590332,,,,,12,KRW
068270,00413046,셀트리온,2020,Q1,11013,CFS,,SCE,자본변동표,ifrs-full_Equity,기말자본,equity,제 30 기 1분기,2892297752534,,,,,12,KRW
068270,00413046,셀트리온,2020,Q1,11013,CFS,,SCE,자본변동표,ifrs-full_Equity,기말자본,equity,제 30 기 1분기,3004634680593,,,,,12,KRW
068270,00413046,셀트리온,2020,Q1,11013,CFS,,SCE,자본변동표,ifrs-full_Equity,기말자본,equity,제 30 기 1분기,112336928059,,,,,12,KRW
068270,00413046,셀트리온,2020,Q1,11013,OFS,,BS,재무상태표,dart_ElementsOfOtherStockholdersEquity,기타자본구성요소,equity,제 30 기 1분기말,-137364528622,,제 29 기말,-127213826083,,35,KRW
068270,00413046,셀트리온,2020,Q1,11013,OFS,,BS,재무상태표,ifrs-full_Equity,자본총계,equity,제 30 기 1분기말,3011162715213,,제 29 기말,2904711978185,,36,KRW
068270,00413046,셀트리온,2020,Q1,11013,OFS,,BS,재무상태표,ifrs-full_EquityAndLiabilities,자본과부채총계,equity,제 30 기 1분기말,3928985413043,,제 29 기말,3708567679656,,37,KRW
068270,00413046,셀트리온,2020,Q1,11013,OFS,,IS,손익계산서,dart_OperatingIncomeLoss,영업이익(손실),operating_profit,제 30 기 1분기,126206476125,126206476125,,,75855651662,4,KRW
068270,00413046,셀트리온,2020,Q1,11013,OFS,,IS,손익계산서,ifrs-full_ProfitLossBeforeTax,법인세비용차감전순이익(손실),net_income,제 30 기 1분기,148704938266,148704938266,,,81938825703,9,KRW
068270,00413046,셀트리온,2020,Q1,11013,OFS,,IS,손익계산서,ifrs-full_ProfitLoss,당기순이익(손실),net_income,제 30 기 1분기,113627350899,113627350899,,,63185196204,11,KRW
068270,00413046,셀트리온,2020,Q1,11013,OFS,,CIS,포괄손익계산서,ifrs-full_ProfitLoss,당기순이익(손실),net_income,제 30 기 1분기,113627350899,113627350899,,,63185196204,0,KRW
068270,00413046,셀트리온,2020,Q1,11013,OFS,,CF,현금흐름표,ifrs-full_CashFlowsFromUsedInOperatingActivities,영업활동현금흐름,cfo,제 30 기 1분기,38349388946,,,,,0,KRW
068270,00413046,셀트리온,2020,Q1,11013,OFS,,CF,현금흐름표,-표준계정코드 미사용-,유형자산의 취득,capex,제 30 기 1분기,-14279687163,,,,,16,KRW
068270,00413046,셀트리온,2020,Q1,11013,OFS,,CF,현금흐름표,-표준계정코드 미사용-,무형자산의 취득,capex,제 30 기 1분기,-31906709044,,,,,17,KRW
068270,00413046,셀트리온,2020,Q1,11013,OFS,,SCE,자본변동표,dart_EquityAtBeginningOfPeriod,기초자본,equity,제 30 기 1분기,128337853000,,,,,1,KRW
068270,00413046,셀트리온,2020,Q1,11013,OFS,,SCE,자본변동표,dart_EquityAtBeginningOfPeriod,기초자본,equity,제 30 기 1분기,2114638598135,,,,,1,KRW
068270,00413046,셀트리온,2020,Q1,11013,OFS,,SCE,자본변동표,dart_EquityAtBeginningOfPeriod,기초자본,equity,제 30 기 1분기,2590862595,,,,,1,KRW
068270,00413046,셀트리온,2020,Q1,11013,OFS,,SCE,자본변동표,dart_EquityAtBeginningOfPeriod,기초자본,equity,제 30 기 1분기,-127213826083,,,,,1,KRW
068270,00413046,셀트리온,2020,Q1,11013,OFS,,SCE,자본변동표,dart_EquityAtBeginningOfPeriod,기초자본,equity,제 30 기 1분기,2904711978185,,,,,1,KRW
068270,00413046,셀트리온,2020,Q1,11013,OFS,,SCE,자본변동표,dart_EquityAtBeginningOfPeriod,기초자본,equity,제 30 기 1분기,786358490538,,,,,1,KRW
068270,00413046,셀트리온,2020,Q1,11013,OFS,,SCE,자본변동표,ifrs-full_ProfitLoss,당기순이익(손실),net_income,제 30 기 1분기,0,,,,,2,KRW
068270,00413046,셀트리온,2020,Q1,11013,OFS,,SCE,자본변동표,ifrs-full_ProfitLoss,당기순이익(손실),net_income,제 30 기 1분기,113627350899,,,,,2,KRW
068270,00413046,셀트리온,2020,Q1,11013,OFS,,SCE,자본변동표,ifrs-full_ProfitLoss,당기순이익(손실),net_income,제 30 기 1분기,0,,,,,2,KRW
068270,00413046,셀트리온,2020,Q1,11013,OFS,,SCE,자본변동표,ifrs-full_ProfitLoss,당기순이익(손실),net_income,제 30 기 1분기,0,,,,,2,KRW
068270,00413046,셀트리온,2020,Q1,11013,OFS,,SCE,자본변동표,ifrs-full_ProfitLoss,당기순이익(손실),net_income,제 30 기 1분기,113627350899,,,,,2,KRW
068270,00413046,셀트리온,2020,Q1,11013,OFS,,SCE,자본변동표,ifrs-full_ProfitLoss,당기순이익(손실),net_income,제 30 기 1분기,0,,,,,2,KRW
068270,00413046,셀트리온,2020,Q1,11013,OFS,,SCE,자본변동표,ifrs-full_Equity,기말자본,equity,제 30 기 1분기,134706932000,,,,,8,KRW
068270,00413046,셀트리온,2020,Q1,11013,OFS,,SCE,자본변동표,ifrs-full_Equity,기말자본,equity,제 30 기 1분기,2221905636034,,,,,8,KRW
068270,00413046,셀트리온,2020,Q1,11013,OFS,,SCE,자본변동표,ifrs-full_Equity,기말자본,equity,제 30 기 1분기,5176448223,,,,,8,KRW
068270,00413046,셀트리온,2020,Q1,11013,OFS,,SCE,자본변동표,ifrs-full_Equity,기말자본,equity,제 30 기 1분기,-137364528622,,,,,8,KRW
068270,00413046,셀트리온,2020,Q1,11013,OFS,,SCE,자본변동표,ifrs-full_Equity,기말자본,equity,제 30 기 1분기,3011162715213,,,,,8,KRW
068270,00413046,셀트리온,2020,Q1,11013,OFS,,SCE,자본변동표,ifrs-full_Equity,기말자본,equity,제 30 기 1분기,786738227578,,,,,8,KRW
068270,00413046,셀트리온,2020,H1,11012,CFS,,BS,재무상태표,ifrs-full_EquityAttributableToOwnersOfParent,지배기업의 소유주에게 귀속되는 자본,equity,제 30 기 반기말,3052408439783,,제 29 기말,2794154340545,,34,KRW
068270,00413046,셀트리온,2020,H1,11012,CFS,,BS,재무상태표,dart_ElementsOfOtherStockholdersEquity,기타자본구성요소,equity,제 30 기 반기말,-130215886042,,제 29 기말,-120432914312,,39,KRW
068270,00413046,셀트리온,2020,H1,11012,CFS,,BS,재무상태표,ifrs-full_Equity,자본총계,equity,제 30 기 반기말,3165460175359,,제 29 기말,2906958188321,,41,KRW
068270,00413046,셀트리온,2020,H1,11012,CFS,,BS,재무상태표,ifrs-full_EquityAndLiabilities,자본과부채총계,equity,제 30 기 반기말,4349747992228,,제 29 기말,3893691606446,,42,KRW
068270,00413046,셀트리온,2020,H1,11012,CFS,,IS,손익계산서,dart_OperatingIncomeLoss,영업이익(손실),operating_profit,제 30 기 반기,181842188235,302083599359,,,160717511467,4,KRW
068270,00413046,셀트리온,2020,H1,11012,CFS,,IS,손익계산서,ifrs-full_ProfitLossBeforeTax,법인세비용차감전순이익(손실),net_income,제 30 기 반기,180587513689,319019626179,,,167112497217,10,KRW
068270,00413046,셀트리온,2020,H1,11012,CFS,,IS,손익계산서,ifrs-full_ProfitLoss,당기순이익(손실),net_income,제 30 기 반기,138607540999,243899562637,,,141312432865,12,KRW
068270,00413046,셀트리온,2020,H1,11012,CFS,,IS,손익계산서,ifrs-full_ProfitLossAttributableToOwnersOfParent,지배기업의 소유주에게 귀속되는 당기순이익(손실),net_income,제 30 기 반기,138092701298,243030544993,,,141131806281,14,KRW
068270,00413046,셀트리온,2020,H1,11012,CFS,,IS,손익계산서,ifrs-full_ProfitLossAttributableToNoncontrollingInterests,비지배지분에 귀속되는 당기순이익(손실),net_income,제 30 기 반기,514839701,869017644,,,180626584,15,KRW
068270,00413046,셀트리온,2020,H1,11012,CFS,,CIS,포괄손익계산서,ifrs-full_ProfitLoss,당기순이익(손실),net_income,제 30 기 반기,138607540999,243899562637,,,141312432865,0,KRW
068270,00413046,셀트리온,2020,H1,11012,CFS,,CF,현금흐름표,ifrs-full_CashFlowsFromUsedInOperatingActivities,영업활동현금흐름,cfo,제 30 기 반기,151384849683,,,,,0,KRW
068270,00413046,셀트리온,2020,H1,11012,CFS,,CF,현금흐름표,-표준계정코드 미사용-,유형자산의 취득,capex,제 30 기 반기,-46108076583,,,,,21,KRW
068270,00413046,셀트리온,2020,H1,11012,CFS,,CF,현금흐름표,-표준계정코드 미사용-,무형자산의 취득,capex,제 30 기 반기,-60610914029,,,,,22,KRW
068270,00413046,셀트리온,2020,H1,11012,CFS,,SCE,자본변동표,dart_EquityAtBeginningOfPeriod,기초자본,equity,제 30 기 반기,2906958188321,,,,,1,KRW
068270,00413046,셀트리온,2020,H1,11012,CFS,,SCE,자본변동표,dart_EquityAtBeginningOfPeriod,기초자본,equity,제 30 기 반기,112803847776,,,,,1,KRW
068270,00413046,셀트리온,2020,H1,11012,CFS,,SCE,자본변동표,dart_EquityAtBeginningOfPeriod,기초자본,equity,제 30 기 반기,2794154340545,,,,,1,KRW
068270,00413046,셀트리온,2020,H1,11012,CFS,,SCE,자본변동표,dart_EquityAtBeginningOfPeriod,기초자본,equity,제 30 기 반기,-120432914312,,,,,1,KRW
068270,00413046,셀트리온,2020,H1,11012,CFS,,SCE,자본변동표,dart_EquityAtBeginningOfPeriod,기초자본,equity,제 30 기 반기,3000227548,,,,,1,KRW
068270,00413046,셀트리온,2020,H1,11012,CFS,,SCE,자본변동표,dart_EquityAtBeginningOfPeriod,기초자본,equity,제 30 기 반기,1996890683771,,,,,1,KRW
068270,00413046,셀트리온,2020,H1,11012,CFS,,SCE,자본변동표,dart_EquityAtBeginningOfPeriod,기초자본,equity,제 30 기 반기,128337853000,,,,,1,KRW
068270,00413046,셀트리온,2020,H1,11012,CFS,,SCE,자본변동표,dart_EquityAtBeginningOfPeriod,기초자본,equity,제 30 기 반기,786358490538,,,,,1,KRW
068270,00413046,셀트리온,2020,H1,11012,CFS,,SCE,자본변동표,ifrs-full_ProfitLoss,당기순이익(손실),net_income,제 30 기 반기,0,,,,,2,KRW
068270,00413046,셀트리온,2020,H1,11012,CFS,,SCE,자본변동표,ifrs-full_ProfitLoss,당기순이익(손실),net_income,제 30 기 반기,138607540999,,,,,2,KRW
068270,00413046,셀트리온,2020,H1,11012,CFS,,SCE,자본변동표,ifrs-full_ProfitLoss,당기순이익(손실),net_income,제 30 기 반기,869017644,,,,,2,KRW
068270,00413046,셀트리온,2020,H1,11012,CFS,,SCE,자본변동표,ifrs-full_ProfitLoss,당기순이익(손실),net_income,제 30 기 반기,243030544993,,,,,2,KRW
068270,00413046,셀트리온,2020,H1,11012,CFS,,SCE,자본변동표,ifrs-full_ProfitLoss,당기순이익(손실),net_income,제 30 기 반기,0,,,,,2,KRW
068270,00413046,셀트리온,2020,H1,11012,CFS,,SCE,자본변동표,ifrs-full_ProfitLoss,당기순이익(손실),net_income,제 30 기 반기,0,,,,,2,KRW
068270,00413046,셀트리온,2020,H1,11012,CFS,,SCE,자본변동표,ifrs-full_ProfitLoss,당기순이익(손실),net_income,제 30 기 반기,243030544993,,,,,2,KRW
068270,00413046,셀트리온,2020,H1,11012,CFS,,SCE,자본변동표,ifrs-full_ProfitLoss,당기순이익(손실),net_income,제 30 기 반기,0,,,,,2,KRW
068270,00413046,셀트리온,2020,H1,11012,CFS,,SCE,자본변동표,ifrs-full_Equity,기말자본,equity,제 30 기 반기,807070729797,,,,,12,KRW
068270,00413046,셀트리온,2020,H1,11012,CFS,,SCE,자본변동표,ifrs-full_Equity,기말자본,equity,제 30 기 반기,134939385000,,,,,12,KRW
068270,00413046,셀트리온,2020,H1,11012,CFS,,SCE,자본변동표,ifrs-full_Equity,기말자본,equity,제 30 기 반기,2233560915764,,,,,12,KRW
068270,00413046,셀트리온,2020,H1,11012,CFS,,SCE,자본변동표,ifrs-full_Equity,기말자본,equity,제 30 기 반기,7053295264,,,,,12,KRW
068270,00413046,셀트리온,2020,H1,11012,CFS,,SCE,자본변동표,ifrs-full_Equity,기말자본,equity,제 30 기 반기,-130215886042,,,,,12,KRW
068270,00413046,셀트리온,2020,H1,11012,CFS,,SCE,자본변동표,ifrs-full_Equity,기말자본,equity,제 30 기 반기,3052408439783,,,,,12,KRW
068270,00413046,셀트리온,2020,H1,11012,CFS,,SCE,자본변동표,ifrs-full_Equity,기말자본,equity,제 30 기 반기,3165460175359,,,,,12,KRW
068270,00413046,셀트리온,2020,H1,11012,CFS,,SCE,자본변동표,ifrs-full_Equity,기말자본,equity,제 30 기 반기,113051735576,,,,,12,KRW
068270,00413046,셀트리온,2020,H1,11012,OFS,,BS,재무상태표,dart_ElementsOfOtherStockholdersEquity,기타자본구성요소,equity,제 30 기 반기말,-137177485429,,제 29 기말,-127213826083,,35,KRW
068270,00413046,셀트리온,2020,H1,11012,OFS,,BS,재무상태표,ifrs-full_Equity,자본총계,equity,제 30 기 반기말,3176686417131,,제 29 기말,2904711978185,,36,KRW
068270,00413046,셀트리온,2020,H1,11012,OFS,,BS,재무상태표,ifrs-full_EquityAndLiabilities,자본과부채총계,equity,제 30 기 반기말,4153445480616,,제 29 기말,3708567679656,,37,KRW
068270,00413046,셀트리온,2020,H1,11012,OFS,,IS,손익계산서,dart_OperatingIncomeLoss,영업이익(손실),operating_profit,제 30 기 반기,189518478864,315724954989,,,154463772016,4,KRW
068270,00413046,셀트리온,2020,H1,11012,OFS,,IS,손익계산서,ifrs-full_ProfitLossBeforeTax,법인세비용차감전순이익(손실),net_income,제 30 기 반기,186124860308,334829798574,,,164110406205,9,KRW
068270,00413046,셀트리온,2020,H1,11012,OFS,,IS,손익계산서,ifrs-full_ProfitLoss,당기순이익(손실),net_income,제 30 기 반기,143506729740,257134080639,,,138731995528,11,KRW
068270,00413046,셀트리온,2020,H1,11012,OFS,,CIS,포괄손익계산서,ifrs-full_ProfitLoss,당기순이익(손실),net_income,제 30 기 반기,143506729740,257134080639,,,138731995528,0,KRW
068270,00413046,셀트리온,2020,H1,11012,OFS,,CF,현금흐름표,ifrs-full_CashFlowsFromUsedInOperatingActivities,영업활동현금흐름,cfo,제 30 기 반기,131615676793,,,,,0,KRW
068270,00413046,셀트리온,2020,H1,11012,OFS,,CF,현금흐름표,-표준계정코드 미사용-,유형자산의 취득,capex,제 30 기 반기,-23405070232,,,,,20,KRW
068270,00413046,셀트리온,2020,H1,11012,OFS,,CF,현금흐름표,-표준계정코드 미사용-,무형자산의 취득,capex,제 30 기 반기,-59290210899,,,,,21,KRW
068270,00413046,셀트리온,2020,H1,11012,OFS,,SCE,자본변동표,dart_EquityAtBeginningOfPeriod,기초자본,equity,제 30 기 반기,786358490538,,,,,1,KRW
068270,00413046,셀트리온,2020,H1,11012,OFS,,SCE,자본변동표,dart_EquityAtBeginningOfPeriod,기초자본,equity,제 30 기 반기,128337853000,,,,,1,KRW
068270,00413046,셀트리온,2020,H1,11012,OFS,,SCE,자본변동표,dart_EquityAtBeginningOfPeriod,기초자본,equity,제 30 기 반기,2114638598135,,,,,1,KRW
068270,00413046,셀트리온,2020,H1,11012,OFS,,SCE,자본변동표,dart_EquityAtBeginningOfPeriod,기초자본,equity,제 30 기 반기,2590862595,,,,,1,KRW
068270,00413046,셀트리온,2020,H1,11012,OFS,,SCE,자본변동표,dart_EquityAtBeginningOfPeriod,기초자본,equity,제 30 기 반기,-127213826083,,,,,1,KRW
068270,00413046,셀트리온,2020,H1,11012,OFS,,SCE,자본변동표,dart_EquityAtBeginningOfPeriod,기초자본,equity,제 30 기 반기,2904711978185,,,,,1,KRW
068270,00413046,셀트리온,2020,H1,11012,OFS,,SCE,자본변동표,ifrs-full_ProfitLoss,당기순이익(손실),net_income,제 30 기 반기,0,,,,,2,KRW
068270,00413046,셀트리온,2020,H1,11012,OFS,,SCE,자본변동표,ifrs-full_ProfitLoss,당기순이익(손실),net_income,제 30 기 반기,0,,,,,2,KRW
068270,00413046,셀트리온,2020,H1,11012,OFS,,SCE,자본변동표,ifrs-full_ProfitLoss,당기순이익(손실),net_income,제 30 기 반기,257134080639,,,,,2,KRW
068270,00413046,셀트리온,2020,H1,11012,OFS,,SCE,자본변동표,ifrs-full_ProfitLoss,당기순이익(손실),net_income,제 30 기 반기,0,,,,,2,KRW
068270,00413046,셀트리온,2020,H1,11012,OFS,,SCE,자본변동표,ifrs-full_ProfitLoss,당기순이익(손실),net_income,제 30 기 반기,0,,,,,2,KRW
068270,00413046,셀트리온,2020,H1,11012,OFS,,SCE,자본변동표,ifrs-full_ProfitLoss,당기순이익(손실),net_income,제 30 기 반기,143506729740,,,,,2,KRW
068270,00413046,셀트리온,2020,H1,11012,OFS,,SCE,자본변동표,ifrs-full_Equity,기말자본,equity,제 30 기 반기,134939385000,,,,,8,KRW
068270,00413046,셀트리온,2020,H1,11012,OFS,,SCE,자본변동표,ifrs-full_Equity,기말자본,equity,제 30 기 반기,2365412365774,,,,,8,KRW
068270,00413046,셀트리온,2020,H1,11012,OFS,,SCE,자본변동표,ifrs-full_Equity,기말자본,equity,제 30 기 반기,6441421989,,,,,8,KRW
068270,00413046,셀트리온,2020,H1,11012,OFS,,SCE,자본변동표,ifrs-full_Equity,기말자본,equity,제 30 기 반기,-137177485429,,,,,8,KRW
068270,00413046,셀트리온,2020,H1,11012,OFS,,SCE,자본변동표,ifrs-full_Equity,기말자본,equity,제 30 기 반기,3176686417131,,,,,8,KRW
068270,00413046,셀트리온,2020,H1,11012,OFS,,SCE,자본변동표,ifrs-full_Equity,기말자본,equity,제 30 기 반기,807070729797,,,,,8,KRW
068270,00413046,셀트리온,2020,Q3,11014,CFS,,BS,재무상태표,ifrs-full_EquityAttributableToOwnersOfParent,지배기업의 소유주에게 귀속되는 자본,equity,제 30 기 3분기말,3236272856525,,제 29 기말,2794154340545,,32,KRW
068270,00413046,셀트리온,2020,Q3,11014,CFS,,BS,재무상태표,dart_ElementsOfOtherStockholdersEquity,기타자본구성요소,equity,제 30 기 3분기말,-125965066211,,제 29 기말,-120432914312,,37,KRW
068270,00413046,셀트리온,2020,Q3,11014,CFS,,BS,재무상태표,ifrs-full_Equity,자본총계,equity,제 30 기 3분기말,3354498631653,,제 29 기말,2906958188321,,39,KRW
068270,00413046,셀트리온,2020,Q3,11014,CFS,,BS,재무상태표,ifrs-full_EquityAndLiabilities,자본과부채총계,equity,제 30 기 3분기말,4638291092433,,제 29 기말,3893691606446,,40,KRW
068270,00413046,셀트리온,2020,Q3,11014,CFS,,IS,손익계산서,dart_OperatingIncomeLoss,영업이익(손실),operating_profit,제 30 기 3분기,245273750608,547357349967,,,263866641480,4,KRW
068270,00413046,셀트리온,2020,Q3,11014,CFS,,IS,손익계산서,ifrs-full_ProfitLossBeforeTax,법인세비용차감전순이익(손실),net_income,제 30 기 3분기,230977512959,549997139138,,,273900495832,10,KRW
068270,00413046,셀트리온,2020,Q3,11014,CFS,,IS,손익계산서,ifrs-full_ProfitLoss,당기순이익(손실),net_income,제 30 기 3분기,175820069105,419719631742,,,202907637433,12,KRW
068270,00413046,셀트리온,2020,Q3,11014,CFS,,IS,손익계산서,ifrs-full_ProfitLossAttributableToOwnersOfParent,지배기업의 소유주에게 귀속되는 당기순이익(손실),net_income,제 30 기 3분기,170686847273,413717392266,,,202565696279,14,KRW
068270,00413046,셀트리온,2020,Q3,11014,CFS,,IS,손익계산서,ifrs-full_ProfitLossAttributableToNoncontrollingInterests,비지배지분에 귀속되는 당기순이익(손실),net_income,제 30 기 3분기,5133221832,6002239476,,,341941154,15,KRW
068270,00413046,셀트리온,2020,Q3,11014,CFS,,CIS,포괄손익계산서,ifrs-full_ProfitLoss,당기순이익(손실),net_income,제 30 기 3분기,175820069105,419719631742,,,202907637433,0,KRW
068270,00413046,셀트리온,2020,Q3,11014,CFS,,CF,현금흐름표,ifrs-full_CashFlowsFromUsedInOperatingActivities,영업활동현금흐름,cfo,제 30 기 3분기,174154364704,,,,,0,KRW
068270,00413046,셀트리온,2020,Q3,11014,CFS,,CF,현금흐름표,-표준계정코드 미사용-,유형자산의 취득,capex,제 30 기 3분기,-65466518338,,,,,21,KRW
068270,00413046,셀트리온,2020,Q3,11014,CFS,,CF,현금흐름표,-표준계정코드 미사용-,무형자산의 취득,capex,제 30 기 3분기,-118150955834,,,,,22,KRW
068270,00413046,셀트리온,2020,Q3,11014,CFS,,SCE,자본변동표,dart_EquityAtBeginningOfPeriod,기초자본,equity,제 30 기 3분기,2906958188321,,,,,1,KRW
068270,00413046,셀트리온,2020,Q3,11014,CFS,,SCE,자본변동표,dart_EquityAtBeginningOfPeriod,기초자본,equity,제 30 기 3분기,112803847776,,,,,1,KRW
068270,00413046,셀트리온,2020,Q3,11014,CFS,,SCE,자본변동표,dart_EquityAtBeginningOfPeriod,기초자본,equity,제 30 기 3분기,2794154340545,,,,,1,KRW
068270,00413046,셀트리온,2020,Q3,11014,CFS,,SCE,자본변동표,dart_EquityAtBeginningOfPeriod,기초자본,equity,제 30 기 3분기,-120432914312,,,,,1,KRW
068270,00413046,셀트리온,2020,Q3,11014,CFS,,SCE,자본변동표,dart_EquityAtBeginningOfPeriod,기초자본,equity,제 30 기 3분기,3000227548,,,,,1,KRW
068270,00413046,셀트리온,2020,Q3,11014,CFS,,SCE,자본변동표,dart_EquityAtBeginningOfPeriod,기초자본,equity,제 30 기 3분기,1996890683771,,,,,1,KRW
068270,00413046,셀트리온,2020,Q3,11014,CFS,,SCE,자본변동표,dart_EquityAtBeginningOfPeriod,기초자본,equity,제 30 기 3분기,128337853000,,,,,1,KRW
068270,00413046,셀트리온,2020,Q3,11014,CFS,,SCE,자본변동표,dart_EquityAtBeginningOfPeriod,기초자본,equity,제 30 기 3분기,786358490538,,,,,1,KRW
068270,00413046,셀트리온,2020,Q3,11014,CFS,,SCE,자본변동표,ifrs-full_ProfitLoss,당기순이익(손실),net_income,제 30 기 3분기,175820069105,,,,,2,KRW
068270,00413046,셀트리온,2020,Q3,11014,CFS,,SCE,자본변동표,ifrs-full_ProfitLoss,당기순이익(손실),net_income,제 30 기 3분기,6002239476,,,,,2,KRW
068270,00413046,셀트리온,2020,Q3,11014,CFS,,SCE,자본변동표,ifrs-full_ProfitLoss,당기순이익(손실),net_income,제 30 기 3분기,413717392266,,,,,2,KRW
068270,00413046,셀트리온,2020,Q3,11014,CFS,,SCE,자본변동표,ifrs-full_ProfitLoss,당기순이익(손실),net_income,제 30 기 3분기,0,,,,,2,KRW
068270,00413046,셀트리온,2020,Q3,11014,CFS,,SCE,자본변동표,ifrs-full_ProfitLoss,당기순이익(손실),net_income,제 30 기 3분기,0,,,,,2,KRW
068270,00413046,셀트리온,2020,Q3,11014,CFS,,SCE,자본변동표,ifrs-full_ProfitLoss,당기순이익(손실),net_income,제 30 기 3분기,413717392266,,,,,2,KRW
068270,00413046,셀트리온,2020,Q3,11014,CFS,,SCE,자본변동표,ifrs-full_ProfitLoss,당기순이익(손실),net_income,제 30 기 3분기,0,,,,,2,KRW
068270,00413046,셀트리온,2020,Q3,11014,CFS,,SCE,자본변동표,ifrs-full_ProfitLoss,당기순이익(손실),net_income,제 30 기 3분기,0,,,,,2,KRW
068270,00413046,셀트리온,2020,Q3,11014,CFS,,SCE,자본변동표,ifrs-full_Equity,기말자본,equity,제 30 기 3분기,3354498631653,,,,,13,KRW
068270,00413046,셀트리온,2020,Q3,11014,CFS,,SCE,자본변동표,ifrs-full_Equity,기말자본,equity,제 30 기 3분기,118225775128,,,,,13,KRW
068270,00413046,셀트리온,2020,Q3,11014,CFS,,SCE,자본변동표,ifrs-full_Equity,기말자본,equity,제 30 기 3분기,3236272856525,,,,,13,KRW
068270,00413046,셀트리온,2020,Q3,11014,CFS,,SCE,자본변동표,ifrs-full_Equity,기말자본,equity,제 30 기 3분기,134993738000,,,,,13,KRW
068270,00413046,셀트리온,2020,Q3,11014,CFS,,SCE,자본변동표,ifrs-full_Equity,기말자본,equity,제 30 기 3분기,2404419247062,,,,,13,KRW
068270,00413046,셀트리온,2020,Q3,11014,CFS,,SCE,자본변동표,ifrs-full_Equity,기말자본,equity,제 30 기 3분기,11104386549,,,,,13,KRW
068270,00413046,셀트리온,2020,Q3,11014,CFS,,SCE,자본변동표,ifrs-full_Equity,기말자본,equity,제 30 기 3분기,-125965066211,,,,,13,KRW
068270,00413046,셀트리온,2020,Q3,11014,CFS,,SCE,자본변동표,ifrs-full_Equity,기말자본,equity,제 30 기 3분기,811720551125,,,,,13,KRW
068270,00413046,셀트리온,2020,Q3,11014,OFS,,BS,재무상태표,dart_ElementsOfOtherStockholdersEquity,기타자본구성요소,equity,제 30 기 3분기말,-132982995511,,제 29 기말,-127213826083,,35,KRW
068270,00413046,셀트리온,2020,Q3,11014,OFS,,BS,재무상태표,ifrs-full_Equity,자본총계,equity,제 30 기 3분기말,3359735971229,,제 29 기말,2904711978185,,36,KRW
068270,00413046,셀트리온,2020,Q3,11014,OFS,,BS,재무상태표,ifrs-full_EquityAndLiabilities,자본과부채총계,equity,제 30 기 3분기말,4428179144084,,제 29 기말,3708567679656,,37,KRW
068270,00413046,셀트리온,2020,Q3,11014,OFS,,IS,손익계산서,dart_OperatingIncomeLoss,영업이익(손실),operating_profit,제 30 기 3분기,234320886107,550045841096,,,252700823658,4,KRW
068270,00413046,셀트리온,2020,Q3,11014,OFS,,IS,손익계산서,ifrs-full_ProfitLossBeforeTax,법인세비용차감전순이익(손실),net_income,제 30 기 3분기,220550813172,555380611746,,,268034922607,9,KRW
068270,00413046,셀트리온,2020,Q3,11014,OFS,,IS,손익계산서,ifrs-full_ProfitLoss,당기순이익(손실),net_income,제 30 기 3분기,170109523563,427243604202,,,198245066774,11,KRW
068270,00413046,셀트리온,2020,Q3,11014,OFS,,CIS,포괄손익계산서,ifrs-full_ProfitLoss,당기순이익(손실),net_income,제 30 기 3분기,170109523563,427243604202,,,198245066774,0,KRW
068270,00413046,셀트리온,2020,Q3,11014,OFS,,CF,현금흐름표,ifrs-full_CashFlowsFromUsedInOperatingActivities,영업활동현금흐름,cfo,제 30 기 3분기,150820163521,,,,,0,KRW
068270,00413046,셀트리온,2020,Q3,11014,OFS,,CF,현금흐름표,-표준계정코드 미사용-,유형자산의 취득,capex,제 30 기 3분기,-30282701191,,,,,21,KRW
068270,00413046,셀트리온,2020,Q3,11014,OFS,,CF,현금흐름표,-표준계정코드 미사용-,무형자산의 취득,capex,제 30 기 3분기,-116243081401,,,,,22,KRW
068270,00413046,셀트리온,2020,Q3,11014,OFS,,SCE,자본변동표,dart_EquityAtBeginningOfPeriod,기초자본,equity,제 30 기 3분기,786358490538,,,,,1,KRW
068270,00413046,셀트리온,2020,Q3,11014,OFS,,SCE,자본변동표,dart_EquityAtBeginningOfPeriod,기초자본,equity,제 30 기 3분기,128337853000,,,,,1,KRW
068270,00413046,셀트리온,2020,Q3,11014,OFS,,SCE,자본변동표,dart_EquityAtBeginningOfPeriod,기초자본,equity,제 30 기 3분기,2114638598135,,,,,1,KRW
068270,00413046,셀트리온,2020,Q3,11014,OFS,,SCE,자본변동표,dart_EquityAtBeginningOfPeriod,기초자본,equity,제 30 기 3분기,2590862595,,,,,1,KRW
068270,00413046,셀트리온,2020,Q3,11014,OFS,,SCE,자본변동표,dart_EquityAtBeginningOfPeriod,기초자본,equity,제 30 기 3분기,-127213826083,,,,,1,KRW
068270,00413046,셀트리온,2020,Q3,11014,OFS,,SCE,자본변동표,dart_EquityAtBeginningOfPeriod,기초자본,equity,제 30 기 3분기,2904711978185,,,,,1,KRW
068270,00413046,셀트리온,2020,Q3,11014,OFS,,SCE,자본변동표,ifrs-full_ProfitLoss,당기순이익(손실),net_income,제 30 기 3분기,0,,,,,2,KRW
068270,00413046,셀트리온,2020,Q3,11014,OFS,,SCE,자본변동표,ifrs-full_ProfitLoss,당기순이익(손실),net_income,제 30 기 3분기,0,,,,,2,KRW
068270,00413046,셀트리온,2020,Q3,11014,OFS,,SCE,자본변동표,ifrs-full_ProfitLoss,당기순이익(손실),net_income,제 30 기 3분기,427243604202,,,,,2,KRW
068270,00413046,셀트리온,2020,Q3,11014,OFS,,SCE,자본변동표,ifrs-full_ProfitLoss,당기순이익(손실),net_income,제 30 기 3분기,0,,,,,2,KRW
068270,00413046,셀트리온,2020,Q3,11014,OFS,,SCE,자본변동표,ifrs-full_ProfitLoss,당기순이익(손실),net_income,제 30 기 3분기,0,,,,,2,KRW
068270,00413046,셀트리온,2020,Q3,11014,OFS,,SCE,자본변동표,ifrs-full_ProfitLoss,당기순이익(손실),net_income,제 30 기 3분기,170109523563,,,,,2,KRW
068270,00413046,셀트리온,2020,Q3,11014,OFS,,SCE,자본변동표,ifrs-full_Equity,기말자본,equity,제 30 기 3분기,134993738000,,,,,8,KRW
068270,00413046,셀트리온,2020,Q3,11014,OFS,,SCE,자본변동표,ifrs-full_Equity,기말자본,equity,제 30 기 3분기,2535521889337,,,,,8,KRW
068270,00413046,셀트리온,2020,Q3,11014,OFS,,SCE,자본변동표,ifrs-full_Equity,기말자본,equity,제 30 기 3분기,10482788278,,,,,8,KRW
068270,00413046,셀트리온,2020,Q3,11014,OFS,,SCE,자본변동표,ifrs-full_Equity,기말자본,equity,제 30 기 3분기,-132982995511,,,,,8,KRW
068270,00413046,셀트리온,2020,Q3,11014,OFS,,SCE,자본변동표,ifrs-full_Equity,기말자본,equity,제 30 기 3분기,3359735971229,,,,,8,KRW
068270,00413046,셀트리온,2020,Q3,11014,OFS,,SCE,자본변동표,ifrs-full_Equity,기말자본,equity,제 30 기 3분기,811720551125,,,,,8,KRW
068270,00413046,셀트리온,2020,FY,11011,CFS,,BS,재무상태표,ifrs-full_EquityAttributableToOwnersOfParent,지배기업의 소유주에게 귀속되는 자본,equity,제 30 기,3307677045157,,제 29 기,2760109363157,,33,KRW
068270,00413046,셀트리온,2020,FY,11011,CFS,,BS,재무상태표,dart_ElementsOfOtherStockholdersEquity,기타자본구성요소,equity,제 30 기,-121071590883,,제 29 기,-121314726197,,38,KRW
068270,00413046,셀트리온,2020,FY,11011,CFS,,BS,재무상태표,ifrs-full_Equity,자본총계,equity,제 30 기,3427580354138,,제 29 기,2872913210933,,40,KRW
068270,00413046,셀트리온,2020,FY,11011,CFS,,BS,재무상태표,ifrs-full_EquityAndLiabilities,자본과부채총계,equity,제 30 기,5020121254019,,제 29 기,3859646629058,,41,KRW
068270,00413046,셀트리온,2020,FY,11011,CFS,,IS,손익계산서,dart_OperatingIncomeLoss,영업이익(손실),operating_profit,제 30 기,718577359816,,제 29 기,381532472575,,4,KRW
068270,00413046,셀트리온,2020,FY,11011,CFS,,IS,손익계산서,ifrs-full_ProfitLossBeforeTax,법인세비용차감전순이익(손실),net_income,제 30 기,657152015874,,제 29 기,382031278440,,10,KRW
068270,00413046,셀트리온,2020,FY,11011,CFS,,IS,손익계산서,ifrs-full_ProfitLoss,당기순이익(손실),net_income,제 30 기,525702909620,,제 29 기,301442694249,,12,KRW
068270,00413046,셀트리온,2020,FY,11011,CFS,,IS,손익계산서,ifrs-full_ProfitLossAttributableToOwnersOfParent,지배기업의 소유주에게 귀속되는 당기순이익(손실),net_income,제 30 기,517759533401,,제 29 기,301030346627,,14,KRW
068270,00413046,셀트리온,2020,FY,11011,CFS,,IS,손익계산서,ifrs-full_ProfitLossAttributableToNoncontrollingInterests,비지배지분에 귀속되는 당기순이익(손실),net_income,제 30 기,7943376219,,제 29 기,412347622,,15,KRW
068270,00413046,셀트리온,2020,FY,11011,CFS,,CIS,포괄손익계산서,ifrs-full_ProfitLoss,당기순이익(손실),net_income,제 30 기,525702909620,,제 29 기,301442694249,,0,KRW
068270,00413046,셀트리온,2020,FY,11011,CFS,,CF,현금흐름표,ifrs-full_CashFlowsFromUsedInOperatingActivities,영업활동현금흐름,cfo,제 30 기,350746671970,,제 29 기,473993887712,,0,KRW
068270,00413046,셀트리온,2020,FY,11011,CFS,,CF,현금흐름표,-표준계정코드 미사용-,유형자산의 취득,capex,제 30 기,-87008156984,,제 29 기,-94277989303,,23,KRW
068270,00413046,셀트리온,2020,FY,11011,CFS,,CF,현금흐름표,-표준계정코드 미사용-,무형자산의 취득,capex,제 30 기,-454384294563,,제 29 기,-191859778360,,24,KRW
068270,00413046,셀트리온,2020,FY,11011,CFS,,SCE,자본변동표,dart_EquityAtBeginningOfPeriod,기초자본,equity,제 30 기,2872913210933,,제 29 기,2595259392584,,1,KRW
068270,00413046,셀트리온,2020,FY,11011,CFS,,SCE,자본변동표,dart_EquityAtBeginningOfPeriod,기초자본,equity,제 30 기,112803847776,,제 29 기,108755540845,,1,KRW
068270,00413046,셀트리온,2020,FY,11011,CFS,,SCE,자본변동표,dart_EquityAtBeginningOfPeriod,기초자본,equity,제 30 기,2760109363157,,제 29 기,2486503851739,,1,KRW
068270,00413046,셀트리온,2020,FY,11011,CFS,,SCE,자본변동표,dart_EquityAtBeginningOfPeriod,기초자본,equity,제 30 기,-121314726197,,제 29 기,-75159128990,,1,KRW
068270,00413046,셀트리온,2020,FY,11011,CFS,,SCE,자본변동표,dart_EquityAtBeginningOfPeriod,기초자본,equity,제 30 기,3000227548,,제 29 기,9970124880,,1,KRW
068270,00413046,셀트리온,2020,FY,11011,CFS,,SCE,자본변동표,dart_EquityAtBeginningOfPeriod,기초자본,equity,제 30 기,1963727518268,,제 29 기,1665189222641,,1,KRW
068270,00413046,셀트리온,2020,FY,11011,CFS,,SCE,자본변동표,dart_EquityAtBeginningOfPeriod,기초자본,equity,제 30 기,128337853000,,제 29 기,125456133000,,1,KRW
068270,00413046,셀트리온,2020,FY,11011,CFS,,SCE,자본변동표,dart_EquityAtBeginningOfPeriod,기초자본,equity,제 30 기,786358490538,,제 29 기,761047500208,,1,KRW
068270,00413046,셀트리온,2020,FY,11011,CFS,,SCE,자본변동표,ifrs-full_ProfitLoss,당기순이익(손실),net_income,제 30 기,517759533401,,제 29 기,301030346627,,3,KRW
068270,00413046,셀트리온,2020,FY,11011,CFS,,SCE,자본변동표,ifrs-full_ProfitLoss,당기순이익(손실),net_income,제 30 기,517759533401,,제 29 기,301030346627,,3,KRW
068270,00413046,셀트리온,2020,FY,11011,CFS,,SCE,자본변동표,ifrs-full_ProfitLoss,당기순이익(손실),net_income,제 30 기,525702909620,,제 29 기,301442694249,,3,KRW
068270,00413046,셀트리온,2020,FY,11011,CFS,,SCE,자본변동표,ifrs-full_ProfitLoss,당기순이익(손실),net_income,제 30 기,7943376219,,제 29 기,412347622,,3,KRW
068270,00413046,셀트리온,2020,FY,11011,CFS,,SCE,자본변동표,ifrs-full_Equity,기말자본,equity,제 30 기,3427580354138,,제 29 기,2872913210933,,15,KRW
068270,00413046,셀트리온,2020,FY,11011,CFS,,SCE,자본변동표,ifrs-full_Equity,기말자본,equity,제 30 기,119903308981,,제 29 기,112803847776,,15,KRW
068270,00413046,셀트리온,2020,FY,11011,CFS,,SCE,자본변동표,ifrs-full_Equity,기말자본,equity,제 30 기,3307677045157,,제 29 기,2760109363157,,15,KRW
068270,00413046,셀트리온,2020,FY,11011,CFS,,SCE,자본변동표,ifrs-full_Equity,기말자본,equity,제 30 기,-121071590883,,제 29 기,-121314726197,,15,KRW
068270,00413046,셀트리온,2020,FY,11011,CFS,,SCE,자본변동표,ifrs-full_Equity,기말자본,equity,제 30 기,6298419403,,제 29 기,3000227548,,15,KRW
068270,00413046,셀트리온,2020,FY,11011,CFS,,SCE,자본변동표,ifrs-full_Equity,기말자본,equity,제 30 기,2475296679338,,제 29 기,1963727518268,,15,KRW
068270,00413046,셀트리온,2020,FY,11011,CFS,,SCE,자본변동표,ifrs-full_Equity,기말자본,equity,제 30 기,134997805000,,제 29 기,128337853000,,15,KRW
068270,00413046,셀트리온,2020,FY,11011,CFS,,SCE,자본변동표,ifrs-full_Equity,기말자본,equity,제 30 기,812155732299,,제 29 기,786358490538,,15,KRW
068270,00413046,셀트리온,2020,FY,11011,OFS,,BS,재무상태표,dart_ElementsOfOtherStockholdersEquity,기타자본구성요소,equity,제 30 기,-127577855278,,제 29 기,-127213826083,,35,KRW
068270,00413046,셀트리온,2020,FY,11011,OFS,,BS,재무상태표,ifrs-full_Equity,자본총계,equity,제 30 기,3421287947021,,제 29 기,2870667000797,,36,KRW
068270,00413046,셀트리온,2020,FY,11011,OFS,,BS,재무상태표,ifrs-full_EquityAndLiabilities,자본과부채총계,equity,제 30 기,4781125289232,,제 29 기,3674522702268,,37,KRW
068270,00413046,셀트리온,2020,FY,11011,OFS,,IS,손익계산서,dart_OperatingIncomeLoss,영업이익(손실),operating_profit,제 30 기,709774140131,,제 29 기,363391097232,,4,KRW
068270,00413046,셀트리온,2020,FY,11011,OFS,,IS,손익계산서,ifrs-full_ProfitLossBeforeTax,법인세비용차감전순이익(손실),net_income,제 30 기,649888873280,,제 29 기,369106504865,,9,KRW
068270,00413046,셀트리온,2020,FY,11011,OFS,,IS,손익계산서,ifrs-full_ProfitLoss,당기순이익(손실),net_income,제 30 기,514270057774,,제 29 기,289754684653,,11,KRW
068270,00413046,셀트리온,2020,FY,11011,OFS,,CIS,포괄손익계산서,ifrs-full_ProfitLoss,당기순이익(손실),net_income,제 30 기,514270057774,,제 29 기,289754684653,,0,KRW
068270,00413046,셀트리온,2020,FY,11011,OFS,,CF,현금흐름표,ifrs-full_CashFlowsFromUsedInOperatingActivities,영업활동현금흐름,cfo,제 30 기,319161647551,,제 29 기,447415032346,,0,KRW
068270,00413046,셀트리온,2020,FY,11011,OFS,,CF,현금흐름표,-표준계정코드 미사용-,유형자산의 취득,capex,제 30 기,-45326173431,,제 29 기,-63657999673,,21,KRW
068270,00413046,셀트리온,2020,FY,11011,OFS,,CF,현금흐름표,-표준계정코드 미사용-,무형자산의 취득,capex,제 30 기,-159925049013,,제 29 기,-190291757874,,22,KRW
068270,00413046,셀트리온,2020,FY,11011,OFS,,SCE,자본변동표,dart_EquityAtBeginningOfPeriod,기초자본,equity,제 30 기,2590862595,,제 29 기,5011173208,,1,KRW
068270,00413046,셀트리온,2020,FY,11011,OFS,,SCE,자본변동표,dart_EquityAtBeginningOfPeriod,기초자본,equity,제 30 기,786358490538,,제 29 기,761047500208,,1,KRW
068270,00413046,셀트리온,2020,FY,11011,OFS,,SCE,자본변동표,dart_EquityAtBeginningOfPeriod,기초자본,equity,제 30 기,128337853000,,제 29 기,125456133000,,1,KRW
068270,00413046,셀트리온,2020,FY,11011,OFS,,SCE,자본변동표,dart_EquityAtBeginningOfPeriod,기초자본,equity,제 30 기,2080593620747,,제 29 기,1793330987094,,1,KRW
068270,00413046,셀트리온,2020,FY,11011,OFS,,SCE,자본변동표,dart_EquityAtBeginningOfPeriod,기초자본,equity,제 30 기,2870667000797,,제 29 기,2604062267595,,1,KRW
068270,00413046,셀트리온,2020,FY,11011,OFS,,SCE,자본변동표,dart_EquityAtBeginningOfPeriod,기초자본,equity,제 30 기,-127213826083,,제 29 기,-80783525915,,1,KRW
068270,00413046,셀트리온,2020,FY,11011,OFS,,SCE,자본변동표,ifrs-full_ProfitLoss,당기순이익(손실),net_income,제 30 기,514270057774,,제 29 기,289754684653,,3,KRW
068270,00413046,셀트리온,2020,FY,11011,OFS,,SCE,자본변동표,ifrs-full_ProfitLoss,당기순이익(손실),net_income,제 30 기,514270057774,,제 29 기,289754684653,,3,KRW
068270,00413046,셀트리온,2020,FY,11011,OFS,,SCE,자본변동표,ifrs-full_Equity,기말자본,equity,제 30 기,812155732299,,제 29 기,786358490538,,9,KRW
068270,00413046,셀트리온,2020,FY,11011,OFS,,SCE,자본변동표,ifrs-full_Equity,기말자본,equity,제 30 기,2588503365521,,제 29 기,2080593620747,,9,KRW
068270,00413046,셀트리온,2020,FY,11011,OFS,,SCE,자본변동표,ifrs-full_Equity,기말자본,equity,제 30 기,13208899479,,제 29 기,2590862595,,9,KRW
068270,00413046,셀트리온,2020,FY,11011,OFS,,SCE,자본변동표,ifrs-full_Equity,기말자본,equity,제 30 기,-127577855278,,제 29 기,-127213826083,,9,KRW
068270,00413046,셀트리온,2020,FY,11011,OFS,,SCE,자본변동표,ifrs-full_Equity,기말자본,equity,제 30 기,3421287947021,,제 29 기,2870667000797,,9,KRW
068270,00413046,셀트리온,2020,FY,11011,OFS,,SCE,자본변동표,ifrs-full_Equity,기말자본,equity,제 30 기,134997805000,,제 29 기,128337853000,,9,KRW
068270,00413046,셀트리온,2022,Q1,11013,CFS,,BS,재무상태표,ifrs-full_EquityAttributableToOwnersOfParent,지배기업소유주지분,equity,제 32 기 1분기말,3749624290037,,제 31 기말,3917237794242,,32,KRW
068270,00413046,셀트리온,2022,Q1,11013,CFS,,BS,재무상태표,dart_ElementsOfOtherStockholdersEquity,기타자본항목,equity,제 32 기 1분기말,-330160790548,,제 31 기말,-138508119505,,37,KRW
068270,00413046,셀트리온,2022,Q1,11013,CFS,,BS,재무상태표,ifrs-full_Equity,자본총계,equity,제 32 기 1분기말,3880998858216,,제 31 기말,4050374686795,,39,KRW
068270,00413046,셀트리온,2022,Q1,11013,CFS,,BS,재무상태표,ifrs-full_EquityAndLiabilities,부채와자본총계,equity,제 32 기 1분기말,5638194963463,,제 31 기말,5674122532472,,40,KRW
068270,00413046,셀트리온,2022,Q1,11013,CFS,,IS,손익계산서,dart_OperatingIncomeLoss,영업이익,operating_profit,제 32 기 1분기,142281190048,142281190048,,,209689467152,4,KRW
068270,00413046,셀트리온,2022,Q1,11013,CFS,,IS,손익계산서,ifrs-full_ProfitLossBeforeTax,법인세비용차감전순이익,net_income,제 32 기 1분기,140718725277,140718725277,,,260477727187,10,KRW
068270,00413046,셀트리온,2022,Q1,11013,CFS,,IS,손익계산서,ifrs-full_ProfitLoss,당기순이익,net_income,제 32 기 1분기,121240980132,121240980132,,,199262253229,12,KRW
068270,00413046,셀트리온,2022,Q1,11013,CFS,,IS,손익계산서,ifrs-full_ProfitLossAttributableToOwnersOfParent,지배기업소유주지분,net_income,제 32 기 1분기,118527580508,118527580508,,,195655006129,14,KRW
068270,00413046,셀트리온,2022,Q1,11013,CFS,,IS,손익계산서,ifrs-full_ProfitLossAttributableToNoncontrollingInterests,비지배지분,net_income,제 32 기 1분기,2713399624,2713399624,,,3607247100,15,KRW
068270,00413046,셀트리온,2022,Q1,11013,CFS,,CIS,포괄손익계산서,ifrs-full_ProfitLoss,당기순이익,net_income,제 32 기 1분기,121240980132,121240980132,,,199262253229,0,KRW
068270,00413046,셀트리온,2022,Q1,11013,CFS,,CF,현금흐름표,ifrs-full_CashFlowsFromUsedInOperatingActivities,영업활동현금흐름,cfo,제 32 기 1분기,14034415760,,,,,0,KRW
068270,00413046,셀트리온,2022,Q1,11013,CFS,,CF,현금흐름표,-표준계정코드 미사용-,유형자산의 취득,capex,제 32 기 1분기,-17557693155,,,,,21,KRW
068270,00413046,셀트리온,2022,Q1,11013,CFS,,CF,현금흐름표,-표준계정코드 미사용-,무형자산의 취득,capex,제 32 기 1분기,-46237038141,,,,,22,KRW
068270,00413046,셀트리온,2022,Q1,11013,CFS,,SCE,자본변동표,dart_EquityAtBeginningOfPeriod,기초자본,equity,제 32 기 1분기,3917237794242,,,,,1,KRW
068270,00413046,셀트리온,2022,Q1,11013,CFS,,SCE,자본변동표,dart_EquityAtBeginningOfPeriod,기초자본,equity,제 32 기 1분기,840337213525,,,,,1,KRW
068270,00413046,셀트리온,2022,Q1,11013,CFS,,SCE,자본변동표,dart_EquityAtBeginningOfPeriod,기초자본,equity,제 32 기 1분기,137947128000,,,,,1,KRW
068270,00413046,셀트리온,2022,Q1,11013,CFS,,SCE,자본변동표,dart_EquityAtBeginningOfPeriod,기초자본,equity,제 32 기 1분기,3052474447456,,,,,1,KRW
068270,00413046,셀트리온,2022,Q1,11013,CFS,,SCE,자본변동표,dart_EquityAtBeginningOfPeriod,기초자본,equity,제 32 기 1분기,4050374686795,,,,,1,KRW
068270,00413046,셀트리온,2022,Q1,11013,CFS,,SCE,자본변동표,dart_EquityAtBeginningOfPeriod,기초자본,equity,제 32 기 1분기,133136892553,,,,,1,KRW
068270,00413046,셀트리온,2022,Q1,11013,CFS,,SCE,자본변동표,dart_EquityAtBeginningOfPeriod,기초자본,equity,제 32 기 1분기,-138508119505,,,,,1,KRW
068270,00413046,셀트리온,2022,Q1,11013,CFS,,SCE,자본변동표,dart_EquityAtBeginningOfPeriod,기초자본,equity,제 32 기 1분기,24987124766,,,,,1,KRW
068270,00413046,셀트리온,2022,Q1,11013,CFS,,SCE,자본변동표,ifrs-full_ProfitLoss,당기순이익,net_income,제 32 기 1분기,118527580508,,,,,2,KRW
068270,00413046,셀트리온,2022,Q1,11013,CFS,,SCE,자본변동표,ifrs-full_ProfitLoss,당기순이익,net_income,제 32 기 1분기,118527580508,,,,,2,KRW
068270,00413046,셀트리온,2022,Q1,11013,CFS,,SCE,자본변동표,ifrs-full_ProfitLoss,당기순이익,net_income,제 32 기 1분기,2713399624,,,,,2,KRW
068270,00413046,셀트리온,2022,Q1,11013,CFS,,SCE,자본변동표,ifrs-full_ProfitLoss,당기순이익,net_income,제 32 기 1분기,121240980132,,,,,2,KRW
068270,00413046,셀트리온,2022,Q1,11013,CFS,,SCE,자본변동표,ifrs-full_Equity,기말자본,equity,제 32 기 1분기,32372722349,,,,,12,KRW
068270,00413046,셀트리온,2022,Q1,11013,CFS,,SCE,자본변동표,ifrs-full_Equity,기말자본,equity,제 32 기 1분기,3065801550464,,,,,12,KRW
068270,00413046,셀트리온,2022,Q1,11013,CFS,,SCE,자본변동표,ifrs-full_Equity,기말자본,equity,제 32 기 1분기,140688010000,,,,,12,KRW
068270,00413046,셀트리온,2022,Q1,11013,CFS,,SCE,자본변동표,ifrs-full_Equity,기말자본,equity,제 32 기 1분기,840922797772,,,,,12,KRW
068270,00413046,셀트리온,2022,Q1,11013,CFS,,SCE,자본변동표,ifrs-full_Equity,기말자본,equity,제 32 기 1분기,3749624290037,,,,,12,KRW
068270,00413046,셀트리온,2022,Q1,11013,CFS,,SCE,자본변동표,ifrs-full_Equity,기말자본,equity,제 32 기 1분기,131374568179,,,,,12,KRW
068270,00413046,셀트리온,2022,Q1,11013,CFS,,SCE,자본변동표,ifrs-full_Equity,기말자본,equity,제 32 기 1분기,3880998858216,,,,,12,KRW
068270,00413046,셀트리온,2022,Q1,11013,CFS,,SCE,자본변동표,ifrs-full_Equity,기말자본,equity,제 32 기 1분기,-330160790548,,,,,12,KRW
068270,00413046,셀트리온,2022,Q1,11013,OFS,,BS,재무상태표,dart_ElementsOfOtherStockholdersEquity,기타자본항목,equity,제 32 기 1분기말,-337484189834,,제 31 기말,-145418476019,,34,KRW
068270,00413046,셀트리온,2022,Q1,11013,OFS,,BS,재무상태표,ifrs-full_Equity,자본총계,equity,제 32 기 1분기말,3842109064391,,제 31 기말,3999807932277,,35,KRW
068270,00413046,셀트리온,2022,Q1,11013,OFS,,BS,재무상태표,ifrs-full_EquityAndLiabilities,부채와자본총계,equity,제 32 기 1분기말,5317701177005,,제 31 기말,5315369383748,,36,KRW
068270,00413046,셀트리온,2022,Q1,11013,OFS,,IS,손익계산서,dart_OperatingIncomeLoss,영업이익,operating_profit,제 32 기 1분기,153613342618,153613342618,,,198151305994,4,KRW
068270,00413046,셀트리온,2022,Q1,11013,OFS,,IS,손익계산서,ifrs-full_ProfitLossBeforeTax,법인세비용차감전순이익,net_income,제 32 기 1분기,156725784195,156725784195,,,250978680692,9,KRW
068270,00413046,셀트리온,2022,Q1,11013,OFS,,IS,손익계산서,ifrs-full_ProfitLoss,당기순이익,net_income,제 32 기 1분기,135835323575,135835323575,,,192118523826,11,KRW
068270,00413046,셀트리온,2022,Q1,11013,OFS,,CIS,포괄손익계산서,ifrs-full_ProfitLoss,당기순이익,net_income,제 32 기 1분기,135835323575,135835323575,,,192118523826,0,KRW
068270,00413046,셀트리온,2022,Q1,11013,OFS,,CF,현금흐름표,ifrs-full_CashFlowsFromUsedInOperatingActivities,영업활동현금흐름,cfo,제 32 기 1분기,35893807161,,,,,0,KRW
068270,00413046,셀트리온,2022,Q1,11013,OFS,,CF,현금흐름표,-표준계정코드 미사용-,유형자산의 취득,capex,제 32 기 1분기,-16418104356,,,,,18,KRW
068270,00413046,셀트리온,2022,Q1,11013,OFS,,CF,현금흐름표,-표준계정코드 미사용-,무형자산의 취득,capex,제 32 기 1분기,-45120120041,,,,,19,KRW
068270,00413046,셀트리온,2022,Q1,11013,OFS,,SCE,자본변동표,dart_EquityAtBeginningOfPeriod,기초자본,equity,제 32 기 1분기,3999807932277,,,,,1,KRW
068270,00413046,셀트리온,2022,Q1,11013,OFS,,SCE,자본변동표,dart_EquityAtBeginningOfPeriod,기초자본,equity,제 32 기 1분기,-145418476019,,,,,1,KRW
068270,00413046,셀트리온,2022,Q1,11013,OFS,,SCE,자본변동표,dart_EquityAtBeginningOfPeriod,기초자본,equity,제 32 기 1분기,4742714509,,,,,1,KRW
068270,00413046,셀트리온,2022,Q1,11013,OFS,,SCE,자본변동표,dart_EquityAtBeginningOfPeriod,기초자본,equity,제 32 기 1분기,3162199352262,,,,,1,KRW
068270,00413046,셀트리온,2022,Q1,11013,OFS,,SCE,자본변동표,dart_EquityAtBeginningOfPeriod,기초자본,equity,제 32 기 1분기,137947128000,,,,,1,KRW
068270,00413046,셀트리온,2022,Q1,11013,OFS,,SCE,자본변동표,dart_EquityAtBeginningOfPeriod,기초자본,equity,제 32 기 1분기,840337213525,,,,,1,KRW
068270,00413046,셀트리온,2022,Q1,11013,OFS,,SCE,자본변동표,ifrs-full_ProfitLoss,당기순이익,net_income,제 32 기 1분기,135835323575,,,,,2,KRW
068270,00413046,셀트리온,2022,Q1,11013,OFS,,SCE,자본변동표,ifrs-full_ProfitLoss,당기순이익,net_income,제 32 기 1분기,135835323575,,,,,2,KRW
068270,00413046,셀트리온,2022,Q1,11013,OFS,,SCE,자본변동표,ifrs-full_Equity,기말자본,equity,제 32 기 1분기,840922797772,,,,,9,KRW
068270,00413046,셀트리온,2022,Q1,11013,OFS,,SCE,자본변동표,ifrs-full_Equity,기말자본,equity,제 32 기 1분기,140688010000,,,,,9,KRW
068270,00413046,셀트리온,2022,Q1,11013,OFS,,SCE,자본변동표,ifrs-full_Equity,기말자본,equity,제 32 기 1분기,3192834198337,,,,,9,KRW
068270,00413046,셀트리온,2022,Q1,11013,OFS,,SCE,자본변동표,ifrs-full_Equity,기말자본,equity,제 32 기 1분기,5148248116,,,,,9,KRW
068270,00413046,셀트리온,2022,Q1,11013,OFS,,SCE,자본변동표,ifrs-full_Equity,기말자본,equity,제 32 기 1분기,-337484189834,,,,,9,KRW
068270,00413046,셀트리온,2022,Q1,11013,OFS,,SCE,자본변동표,ifrs-full_Equity,기말자본,equity,제 32 기 1분기,3842109064391,,,,,9,KRW
068270,00413046,셀트리온,2022,H1,11012,CFS,,BS,재무상태표,ifrs-full_EquityAttributableToOwnersOfParent,지배기업소유주지분,equity,제 32 기 반기말,3902901672235,,제 31 기말,3917237794242,,32,KRW
068270,00413046,셀트리온,2022,H1,11012,CFS,,BS,재무상태표,dart_ElementsOfOtherStockholdersEquity,기타자본항목,equity,제 32 기 반기말,-391217093015,,제 31 기말,-138508119505,,37,KRW
068270,00413046,셀트리온,2022,H1,11012,CFS,,BS,재무상태표,ifrs-full_Equity,자본총계,equity,제 32 기 반기말,4037935019375,,제 31 기말,4050374686795,,39,KRW
068270,00413046,셀트리온,2022,H1,11012,CFS,,BS,재무상태표,ifrs-full_EquityAndLiabilities,부채와자본총계,equity,제 32 기 반기말,5687913875523,,제 31 기말,5674122532472,,40,KRW
068270,00413046,셀트리온,2022,H1,11012,CFS,,IS,손익계산서,dart_OperatingIncomeLoss,영업이익,operating_profit,제 32 기 반기,198966519757,341247709805,,,373678783306,4,KRW
068270,00413046,셀트리온,2022,H1,11012,CFS,,IS,손익계산서,ifrs-full_ProfitLossBeforeTax,법인세비용차감전순이익,net_income,제 32 기 반기,226791347602,367510072879,,,416879523361,10,KRW
068270,00413046,셀트리온,2022,H1,11012,CFS,,IS,손익계산서,ifrs-full_ProfitLoss,당기순이익,net_income,제 32 기 반기,184025268774,305266248906,,,329579847508,12,KRW
068270,00413046,셀트리온,2022,H1,11012,CFS,,IS,손익계산서,ifrs-full_ProfitLossAttributableToOwnersOfParent,지배기업소유주지분,net_income,제 32 기 반기,183416783732,301944364240,,,321935049520,14,KRW
068270,00413046,셀트리온,2022,H1,11012,CFS,,IS,손익계산서,ifrs-full_ProfitLossAttributableToNoncontrollingInterests,비지배지분,net_income,제 32 기 반기,608485042,3321884666,,,7644797988,15,KRW
068270,00413046,셀트리온,2022,H1,11012,CFS,,CIS,포괄손익계산서,ifrs-full_ProfitLoss,당기순이익,net_income,제 32 기 반기,184025268774,305266248906,,,329579847508,0,KRW
068270,00413046,셀트리온,2022,H1,11012,CFS,,CF,현금흐름표,ifrs-full_CashFlowsFromUsedInOperatingActivities,영업활동현금흐름,cfo,제 32 기 반기,-224394322762,,,,,0,KRW
068270,00413046,셀트리온,2022,H1,11012,CFS,,CF,현금흐름표,-표준계정코드 미사용-,유형자산의 취득,capex,제 32 기 반기,-47855118560,,,,,22,KRW
068270,00413046,셀트리온,2022,H1,11012,CFS,,CF,현금흐름표,-표준계정코드 미사용-,무형자산의 취득,capex,제 32 기 반기,-86143994165,,,,,23,KRW
068270,00413046,셀트리온,2022,H1,11012,CFS,,SCE,자본변동표,dart_EquityAtBeginningOfPeriod,기초자본,equity,제 32 기 반기,3917237794242,,,,,1,KRW
068270,00413046,셀트리온,2022,H1,11012,CFS,,SCE,자본변동표,dart_EquityAtBeginningOfPeriod,기초자본,equity,제 32 기 반기,840337213525,,,,,1,KRW
068270,00413046,셀트리온,2022,H1,11012,CFS,,SCE,자본변동표,dart_EquityAtBeginningOfPeriod,기초자본,equity,제 32 기 반기,137947128000,,,,,1,KRW
068270,00413046,셀트리온,2022,H1,11012,CFS,,SCE,자본변동표,dart_EquityAtBeginningOfPeriod,기초자본,equity,제 32 기 반기,3052474447456,,,,,1,KRW
068270,00413046,셀트리온,2022,H1,11012,CFS,,SCE,자본변동표,dart_EquityAtBeginningOfPeriod,기초자본,equity,제 32 기 반기,4050374686795,,,,,1,KRW
068270,00413046,셀트리온,2022,H1,11012,CFS,,SCE,자본변동표,dart_EquityAtBeginningOfPeriod,기초자본,equity,제 32 기 반기,133136892553,,,,,1,KRW
068270,00413046,셀트리온,2022,H1,11012,CFS,,SCE,자본변동표,dart_EquityAtBeginningOfPeriod,기초자본,equity,제 32 기 반기,-138508119505,,,,,1,KRW
068270,00413046,셀트리온,2022,H1,11012,CFS,,SCE,자본변동표,dart_EquityAtBeginningOfPeriod,기초자본,equity,제 32 기 반기,24987124766,,,,,1,KRW
068270,00413046,셀트리온,2022,H1,11012,CFS,,SCE,자본변동표,ifrs-full_ProfitLoss,당기순이익,net_income,제 32 기 반기,301944364240,,,,,2,KRW
068270,00413046,셀트리온,2022,H1,11012,CFS,,SCE,자본변동표,ifrs-full_ProfitLoss,당기순이익,net_income,제 32 기 반기,301944364240,,,,,2,KRW
068270,00413046,셀트리온,2022,H1,11012,CFS,,SCE,자본변동표,ifrs-full_ProfitLoss,당기순이익,net_income,제 32 기 반기,3321884666,,,,,2,KRW
068270,00413046,셀트리온,2022,H1,11012,CFS,,SCE,자본변동표,ifrs-full_ProfitLoss,당기순이익,net_income,제 32 기 반기,184025268774,,,,,2,KRW
068270,00413046,셀트리온,2022,H1,11012,CFS,,SCE,자본변동표,ifrs-full_Equity,기말자본,equity,제 32 기 반기,55011864322,,,,,13,KRW
068270,00413046,셀트리온,2022,H1,11012,CFS,,SCE,자본변동표,ifrs-full_Equity,기말자본,equity,제 32 기 반기,3249218334196,,,,,13,KRW
068270,00413046,셀트리온,2022,H1,11012,CFS,,SCE,자본변동표,ifrs-full_Equity,기말자본,equity,제 32 기 반기,4037935019375,,,,,13,KRW
068270,00413046,셀트리온,2022,H1,11012,CFS,,SCE,자본변동표,ifrs-full_Equity,기말자본,equity,제 32 기 반기,849120715732,,,,,13,KRW
068270,00413046,셀트리온,2022,H1,11012,CFS,,SCE,자본변동표,ifrs-full_Equity,기말자본,equity,제 32 기 반기,-391217093015,,,,,13,KRW
068270,00413046,셀트리온,2022,H1,11012,CFS,,SCE,자본변동표,ifrs-full_Equity,기말자본,equity,제 32 기 반기,3902901672235,,,,,13,KRW
068270,00413046,셀트리온,2022,H1,11012,CFS,,SCE,자본변동표,ifrs-full_Equity,기말자본,equity,제 32 기 반기,135033347140,,,,,13,KRW
068270,00413046,셀트리온,2022,H1,11012,CFS,,SCE,자본변동표,ifrs-full_Equity,기말자본,equity,제 32 기 반기,140767851000,,,,,13,KRW
068270,00413046,셀트리온,2022,H1,11012,OFS,,BS,재무상태표,dart_ElementsOfOtherStockholdersEquity,기타자본항목,equity,제 32 기 반기말,-397815189881,,제 31 기말,-145418476019,,34,KRW
068270,00413046,셀트리온,2022,H1,11012,OFS,,BS,재무상태표,ifrs-full_Equity,자본총계,equity,제 32 기 반기말,3952260809235,,제 31 기말,3999807932277,,35,KRW
068270,00413046,셀트리온,2022,H1,11012,OFS,,BS,재무상태표,ifrs-full_EquityAndLiabilities,부채와자본총계,equity,제 32 기 반기말,5334547658842,,제 31 기말,5315369383748,,36,KRW
068270,00413046,셀트리온,2022,H1,11012,OFS,,IS,손익계산서,dart_OperatingIncomeLoss,영업이익,operating_profit,제 32 기 반기,184742328465,338355671083,,,340056863759,4,KRW
068270,00413046,셀트리온,2022,H1,11012,OFS,,IS,손익계산서,ifrs-full_ProfitLossBeforeTax,법인세비용차감전순이익,net_income,제 32 기 반기,203929074310,360654858505,,,390092078187,9,KRW
068270,00413046,셀트리온,2022,H1,11012,OFS,,IS,손익계산서,ifrs-full_ProfitLoss,당기순이익,net_income,제 32 기 반기,163231220312,299066543887,,,310969682641,11,KRW
068270,00413046,셀트리온,2022,H1,11012,OFS,,CIS,포괄손익계산서,ifrs-full_ProfitLoss,당기순이익,net_income,제 32 기 반기,163231220312,299066543887,,,310969682641,0,KRW
068270,00413046,셀트리온,2022,H1,11012,OFS,,CF,현금흐름표,ifrs-full_CashFlowsFromUsedInOperatingActivities,영업활동현금흐름,cfo,제 32 기 반기,-171109647556,,,,,0,KRW
068270,00413046,셀트리온,2022,H1,11012,OFS,,CF,현금흐름표,-표준계정코드 미사용-,유형자산의 취득,capex,제 32 기 반기,-45029195079,,,,,21,KRW
068270,00413046,셀트리온,2022,H1,11012,OFS,,CF,현금흐름표,-표준계정코드 미사용-,무형자산의 취득,capex,제 32 기 반기,-84242474604,,,,,22,KRW
068270,00413046,셀트리온,2022,H1,11012,OFS,,SCE,자본변동표,dart_EquityAtBeginningOfPeriod,기초자본,equity,제 32 기 반기,3999807932277,,,,,1,KRW
068270,00413046,셀트리온,2022,H1,11012,OFS,,SCE,자본변동표,dart_EquityAtBeginningOfPeriod,기초자본,equity,제 32 기 반기,-145418476019,,,,,1,KRW
068270,00413046,셀트리온,2022,H1,11012,OFS,,SCE,자본변동표,dart_EquityAtBeginningOfPeriod,기초자본,equity,제 32 기 반기,4742714509,,,,,1,KRW
068270,00413046,셀트리온,2022,H1,11012,OFS,,SCE,자본변동표,dart_EquityAtBeginningOfPeriod,기초자본,equity,제 32 기 반기,3162199352262,,,,,1,KRW
068270,00413046,셀트리온,2022,H1,11012,OFS,,SCE,자본변동표,dart_EquityAtBeginningOfPeriod,기초자본,equity,제 32 기 반기,137947128000,,,,,1,KRW
068270,00413046,셀트리온,2022,H1,11012,OFS,,SCE,자본변동표,dart_EquityAtBeginningOfPeriod,기초자본,equity,제 32 기 반기,840337213525,,,,,1,KRW
068270,00413046,셀트리온,2022,H1,11012,OFS,,SCE,자본변동표,ifrs-full_ProfitLoss,당기순이익,net_income,제 32 기 반기,163231220312,,,,,2,KRW
068270,00413046,셀트리온,2022,H1,11012,OFS,,SCE,자본변동표,ifrs-full_ProfitLoss,당기순이익,net_income,제 32 기 반기,299066543887,,,,,2,KRW
068270,00413046,셀트리온,2022,H1,11012,OFS,,SCE,자본변동표,ifrs-full_Equity,기말자본,equity,제 32 기 반기,849120715732,,,,,9,KRW
068270,00413046,셀트리온,2022,H1,11012,OFS,,SCE,자본변동표,ifrs-full_Equity,기말자본,equity,제 32 기 반기,140767851000,,,,,9,KRW
068270,00413046,셀트리온,2022,H1,11012,OFS,,SCE,자본변동표,ifrs-full_Equity,기말자본,equity,제 32 기 반기,3356065418649,,,,,9,KRW
068270,00413046,셀트리온,2022,H1,11012,OFS,,SCE,자본변동표,ifrs-full_Equity,기말자본,equity,제 32 기 반기,4122013735,,,,,9,KRW
068270,00413046,셀트리온,2022,H1,11012,OFS,,SCE,자본변동표,ifrs-full_Equity,기말자본,equity,제 32 기 반기,-397815189881,,,,,9,KRW
068270,00413046,셀트리온,2022,H1,11012,OFS,,SCE,자본변동표,ifrs-full_Equity,기말자본,equity,제 32 기 반기,3952260809235,,,,,9,KRW
068270,00413046,셀트리온,2022,Q3,11014,CFS,,BS,재무상태표,ifrs-full_EquityAttributableToOwnersOfParent,지배기업소유주지분,equity,제 32 기 3분기말,4104491734391,,제 31 기말,3917237794242,,33,KRW
068270,00413046,셀트리온,2022,Q3,11014,CFS,,BS,재무상태표,dart_ElementsOfOtherStockholdersEquity,기타자본항목,equity,제 32 기 3분기말,-397480360206,,제 31 기말,-138508119505,,38,KRW
068270,00413046,셀트리온,2022,Q3,11014,CFS,,BS,재무상태표,ifrs-full_Equity,자본총계,equity,제 32 기 3분기말,4239787632308,,제 31 기말,4050374686795,,40,KRW
068270,00413046,셀트리온,2022,Q3,11014,CFS,,BS,재무상태표,ifrs-full_EquityAndLiabilities,부채와자본총계,equity,제 32 기 3분기말,5901342280129,,제 31 기말,5674122532472,,41,KRW
068270,00413046,셀트리온,2022,Q3,11014,CFS,,IS,손익계산서,dart_OperatingIncomeLoss,영업이익,operating_profit,제 32 기 3분기,213761066890,546571881450,,,541913816412,4,KRW
068270,00413046,셀트리온,2022,Q3,11014,CFS,,IS,손익계산서,ifrs-full_ProfitLossBeforeTax,법인세비용차감전순이익,net_income,제 32 기 3분기,217311562838,577680993445,,,608777407915,10,KRW
068270,00413046,셀트리온,2022,Q3,11014,CFS,,IS,손익계산서,ifrs-full_ProfitLossFromContinuingOperations,계속영업이익,operating_profit|net_income,제 32 기 3분기,160829431134,460918714393,,,473317161408,12,KRW
068270,00413046,셀트리온,2022,Q3,11014,CFS,,IS,손익계산서,ifrs-full_ProfitLossFromDiscontinuedOperations,중단영업이익,operating_profit|net_income,제 32 기 3분기,6042563869,11219529516,,,-2525394354,13,KRW
068270,00413046,셀트리온,2022,Q3,11014,CFS,,IS,손익계산서,ifrs-full_ProfitLoss,당기순이익,net_income,제 32 기 3분기,166871995003,472138243909,,,470791767054,14,KRW
068270,00413046,셀트리온,2022,Q3,11014,CFS,,IS,손익계산서,ifrs-full_ProfitLossAttributableToOwnersOfParent,지배기업소유주지분,net_income,제 32 기 3분기,166690086856,468634451096,,,458209487591,16,KRW
068270,00413046,셀트리온,2022,Q3,11014,CFS,,IS,손익계산서,-표준계정코드 미사용-,계속영업이익,operating_profit,제 32 기 3분기,160647522987,457414921580,,,460734881945,17,KRW
068270,00413046,셀트리온,2022,Q3,11014,CFS,,IS,손익계산서,-표준계정코드 미사용-,중단영업이익,operating_profit,제 32 기 3분기,6042563869,11219529516,,,-2525394354,18,KRW
068270,00413046,셀트리온,2022,Q3,11014,CFS,,IS,손익계산서,ifrs-full_ProfitLossAttributableToNoncontrollingInterests,비지배지분,net_income,제 32 기 3분기,181908147,3503792813,,,12582279463,19,KRW
068270,00413046,셀트리온,2022,Q3,11014,CFS,,IS,손익계산서,-표준계정코드 미사용-,계속영업이익,operating_profit,제 32 기 3분기,181908147,3503792813,,,12582279463,20,KRW
068270,00413046,셀트리온,2022,Q3,11014,CFS,,CIS,포괄손익계산서,ifrs-full_ProfitLoss,당기순이익,net_income,제 32 기 3분기,166871995003,472138243909,,,470791767054,0,KRW
068270,00413046,셀트리온,2022,Q3,11014,CFS,,CF,현금흐름표,ifrs-full_CashFlowsFromUsedInOperatingActivities,영업활동현금흐름,cfo,제 32 기 3분기,-86446269660,,,,,0,KRW
068270,00413046,셀트리온,2022,Q3,11014,CFS,,CF,현금흐름표,-표준계정코드 미사용-,유형자산의 취득,capex,제 32 기 3분기,-91050939305,,,,,22,KRW
068270,00413046,셀트리온,2022,Q3,11014,CFS,,CF,현금흐름표,-표준계정코드 미사용-,무형자산의 취득,capex,제 32 기 3분기,-137541023289,,,,,23,KRW
068270,00413046,셀트리온,2022,Q3,11014,CFS,,SCE,자본변동표,dart_EquityAtBeginningOfPeriod,기초자본,equity,제 32 기 3분기,3917237794242,,,,,1,KRW
068270,00413046,셀트리온,2022,Q3,11014,CFS,,SCE,자본변동표,dart_EquityAtBeginningOfPeriod,기초자본,equity,제 32 기 3분기,840337213525,,,,,1,KRW
068270,00413046,셀트리온,2022,Q3,11014,CFS,,SCE,자본변동표,dart_EquityAtBeginningOfPeriod,기초자본,equity,제 32 기 3분기,137947128000,,,,,1,KRW
068270,00413046,셀트리온,2022,Q3,11014,CFS,,SCE,자본변동표,dart_EquityAtBeginningOfPeriod,기초자본,equity,제 32 기 3분기,3052474447456,,,,,1,KRW
068270,00413046,셀트리온,2022,Q3,11014,CFS,,SCE,자본변동표,dart_EquityAtBeginningOfPeriod,기초자본,equity,제 32 기 3분기,4050374686795,,,,,1,KRW
068270,00413046,셀트리온,2022,Q3,11014,CFS,,SCE,자본변동표,dart_EquityAtBeginningOfPeriod,기초자본,equity,제 32 기 3분기,133136892553,,,,,1,KRW
068270,00413046,셀트리온,2022,Q3,11014,CFS,,SCE,자본변동표,dart_EquityAtBeginningOfPeriod,기초자본,equity,제 32 기 3분기,-138508119505,,,,,1,KRW
068270,00413046,셀트리온,2022,Q3,11014,CFS,,SCE,자본변동표,dart_EquityAtBeginningOfPeriod,기초자본,equity,제 32 기 3분기,24987124766,,,,,1,KRW
068270,00413046,셀트리온,2022,Q3,11014,CFS,,SCE,자본변동표,ifrs-full_ProfitLoss,당기순이익,net_income,제 32 기 3분기,468634451096,,,,,2,KRW
068270,00413046,셀트리온,2022,Q3,11014,CFS,,SCE,자본변동표,ifrs-full_ProfitLoss,당기순이익,net_income,제 32 기 3분기,468634451096,,,,,2,KRW
068270,00413046,셀트리온,2022,Q3,11014,CFS,,SCE,자본변동표,ifrs-full_ProfitLoss,당기순이익,net_income,제 32 기 3분기,3503792813,,,,,2,KRW
068270,00413046,셀트리온,2022,Q3,11014,CFS,,SCE,자본변동표,ifrs-full_ProfitLoss,당기순이익,net_income,제 32 기 3분기,166871995003,,,,,2,KRW
068270,00413046,셀트리온,2022,Q3,11014,CFS,,SCE,자본변동표,ifrs-full_Equity,기말자본,equity,제 32 기 3분기,3415908421052,,,,,14,KRW
068270,00413046,셀트리온,2022,Q3,11014,CFS,,SCE,자본변동표,ifrs-full_Equity,기말자본,equity,제 32 기 3분기,93554624335,,,,,14,KRW
068270,00413046,셀트리온,2022,Q3,11014,CFS,,SCE,자본변동표,ifrs-full_Equity,기말자본,equity,제 32 기 3분기,-397480360206,,,,,14,KRW
068270,00413046,셀트리온,2022,Q3,11014,CFS,,SCE,자본변동표,ifrs-full_Equity,기말자본,equity,제 32 기 3분기,4104491734391,,,,,14,KRW
068270,00413046,셀트리온,2022,Q3,11014,CFS,,SCE,자본변동표,ifrs-full_Equity,기말자본,equity,제 32 기 3분기,135295897917,,,,,14,KRW
068270,00413046,셀트리온,2022,Q3,11014,CFS,,SCE,자본변동표,ifrs-full_Equity,기말자본,equity,제 32 기 3분기,4239787632308,,,,,14,KRW
068270,00413046,셀트리온,2022,Q3,11014,CFS,,SCE,자본변동표,ifrs-full_Equity,기말자본,equity,제 32 기 3분기,851717183210,,,,,14,KRW
068270,00413046,셀트리온,2022,Q3,11014,CFS,,SCE,자본변동표,ifrs-full_Equity,기말자본,equity,제 32 기 3분기,140791866000,,,,,14,KRW
068270,00413046,셀트리온,2022,Q3,11014,OFS,,BS,재무상태표,dart_ElementsOfOtherStockholdersEquity,기타자본항목,equity,제 32 기 3분기말,-404367975103,,제 31 기말,-145418476019,,34,KRW
068270,00413046,셀트리온,2022,Q3,11014,OFS,,BS,재무상태표,ifrs-full_Equity,자본총계,equity,제 32 기 3분기말,4104596183260,,제 31 기말,3999807932277,,35,KRW
068270,00413046,셀트리온,2022,Q3,11014,OFS,,BS,재무상태표,ifrs-full_EquityAndLiabilities,부채와자본총계,equity,제 32 기 3분기말,5499440966395,,제 31 기말,5315369383748,,36,KRW
068270,00413046,셀트리온,2022,Q3,11014,OFS,,IS,손익계산서,dart_OperatingIncomeLoss,영업이익,operating_profit,제 32 기 3분기,186087697601,524443368684,,,498226226849,4,KRW
068270,00413046,셀트리온,2022,Q3,11014,OFS,,IS,손익계산서,ifrs-full_ProfitLossBeforeTax,법인세비용차감전순이익,net_income,제 32 기 3분기,207445042450,568099900955,,,571029182499,9,KRW
068270,00413046,셀트리온,2022,Q3,11014,OFS,,IS,손익계산서,ifrs-full_ProfitLoss,당기순이익,net_income,제 32 기 3분기,157012697224,456079241111,,,447990848025,11,KRW
068270,00413046,셀트리온,2022,Q3,11014,OFS,,CIS,포괄손익계산서,ifrs-full_ProfitLoss,당기순이익,net_income,제 32 기 3분기,157012697224,456079241111,,,447990848025,0,KRW
068270,00413046,셀트리온,2022,Q3,11014,OFS,,CF,현금흐름표,ifrs-full_CashFlowsFromUsedInOperatingActivities,영업활동현금흐름,cfo,제 32 기 3분기,-36982823452,,,,,0,KRW
068270,00413046,셀트리온,2022,Q3,11014,OFS,,CF,현금흐름표,-표준계정코드 미사용-,유형자산의 취득,capex,제 32 기 3분기,-87541760412,,,,,21,KRW
068270,00413046,셀트리온,2022,Q3,11014,OFS,,CF,현금흐름표,-표준계정코드 미사용-,무형자산의 취득,capex,제 32 기 3분기,-135278719923,,,,,22,KRW
068270,00413046,셀트리온,2022,Q3,11014,OFS,,SCE,자본변동표,dart_EquityAtBeginningOfPeriod,기초자본,equity,제 32 기 3분기,3999807932277,,,,,1,KRW
068270,00413046,셀트리온,2022,Q3,11014,OFS,,SCE,자본변동표,dart_EquityAtBeginningOfPeriod,기초자본,equity,제 32 기 3분기,-145418476019,,,,,1,KRW
068270,00413046,셀트리온,2022,Q3,11014,OFS,,SCE,자본변동표,dart_EquityAtBeginningOfPeriod,기초자본,equity,제 32 기 3분기,4742714509,,,,,1,KRW
068270,00413046,셀트리온,2022,Q3,11014,OFS,,SCE,자본변동표,dart_EquityAtBeginningOfPeriod,기초자본,equity,제 32 기 3분기,3162199352262,,,,,1,KRW
068270,00413046,셀트리온,2022,Q3,11014,OFS,,SCE,자본변동표,dart_EquityAtBeginningOfPeriod,기초자본,equity,제 32 기 3분기,137947128000,,,,,1,KRW
068270,00413046,셀트리온,2022,Q3,11014,OFS,,SCE,자본변동표,dart_EquityAtBeginningOfPeriod,기초자본,equity,제 32 기 3분기,840337213525,,,,,1,KRW
068270,00413046,셀트리온,2022,Q3,11014,OFS,,SCE,자본변동표,ifrs-full_ProfitLoss,당기순이익,net_income,제 32 기 3분기,157012697224,,,,,2,KRW
068270,00413046,셀트리온,2022,Q3,11014,OFS,,SCE,자본변동표,ifrs-full_ProfitLoss,당기순이익,net_income,제 32 기 3분기,456079241111,,,,,2,KRW
068270,00413046,셀트리온,2022,Q3,11014,OFS,,SCE,자본변동표,ifrs-full_Equity,기말자본,equity,제 32 기 3분기,851717183210,,,,,10,KRW
068270,00413046,셀트리온,2022,Q3,11014,OFS,,SCE,자본변동표,ifrs-full_Equity,기말자본,equity,제 32 기 3분기,140791866000,,,,,10,KRW
068270,00413046,셀트리온,2022,Q3,11014,OFS,,SCE,자본변동표,ifrs-full_Equity,기말자본,equity,제 32 기 3분기,3513078115873,,,,,10,KRW
068270,00413046,셀트리온,2022,Q3,11014,OFS,,SCE,자본변동표,ifrs-full_Equity,기말자본,equity,제 32 기 3분기,-404367975103,,,,,10,KRW
068270,00413046,셀트리온,2022,Q3,11014,OFS,,SCE,자본변동표,ifrs-full_Equity,기말자본,equity,제 32 기 3분기,4104596183260,,,,,10,KRW
068270,00413046,셀트리온,2022,Q3,11014,OFS,,SCE,자본변동표,ifrs-full_Equity,기말자본,equity,제 32 기 3분기,3376993280,,,,,10,KRW
068270,00413046,셀트리온,2022,FY,11011,CFS,,BS,재무상태표,ifrs-full_EquityAttributableToOwnersOfParent,지배기업소유주지분,equity,제 32 기,4139360000764,,제 31 기,3917237794242,,33,KRW
068270,00413046,셀트리온,2022,FY,11011,CFS,,BS,재무상태표,dart_ElementsOfOtherStockholdersEquity,기타자본항목,equity,제 32 기,-388472413726,,제 31 기,-138508119505,,38,KRW
068270,00413046,셀트리온,2022,FY,11011,CFS,,BS,재무상태표,ifrs-full_Equity,자본총계,equity,제 32 기,4274204269789,,제 31 기,4050374686795,,40,KRW
068270,00413046,셀트리온,2022,FY,11011,CFS,,BS,재무상태표,ifrs-full_EquityAndLiabilities,부채와자본총계,equity,제 32 기,5891652311251,,제 31 기,5674122532472,,41,KRW
068270,00413046,셀트리온,2022,FY,11011,CFS,,IS,손익계산서,dart_OperatingIncomeLoss,영업이익,operating_profit,제 32 기,647198174586,,제 31 기,744176850301,,4,KRW
068270,00413046,셀트리온,2022,FY,11011,CFS,,IS,손익계산서,ifrs-full_ProfitLossBeforeTax,법인세비용차감전순이익,net_income,제 32 기,626173376626,,제 31 기,738623430512,,10,KRW
068270,00413046,셀트리온,2022,FY,11011,CFS,,IS,손익계산서,ifrs-full_ProfitLossFromContinuingOperations,계속영업이익,operating_profit|net_income,제 32 기,531346703754,,제 31 기,585802878715,,12,KRW
068270,00413046,셀트리온,2022,FY,11011,CFS,,IS,손익계산서,ifrs-full_ProfitLossFromDiscontinuedOperations,중단영업이익,operating_profit|net_income,제 32 기,11219529516,,제 31 기,9976560097,,13,KRW
068270,00413046,셀트리온,2022,FY,11011,CFS,,IS,손익계산서,ifrs-full_ProfitLoss,당기순이익,net_income,제 32 기,542566233270,,제 31 기,595779438812,,14,KRW
068270,00413046,셀트리온,2022,FY,11011,CFS,,IS,손익계산서,ifrs-full_ProfitLossAttributableToOwnersOfParent,지배기업소유주지분,net_income,제 32 기,537835568483,,제 31 기,579464583818,,16,KRW
068270,00413046,셀트리온,2022,FY,11011,CFS,,IS,손익계산서,-표준계정코드 미사용-,계속영업이익,operating_profit,제 32 기,526616038967,,제 31 기,569488023721,,17,KRW
068270,00413046,셀트리온,2022,FY,11011,CFS,,IS,손익계산서,-표준계정코드 미사용-,중단영업이익,operating_profit,제 32 기,11219529516,,제 31 기,9976560097,,18,KRW
068270,00413046,셀트리온,2022,FY,11011,CFS,,IS,손익계산서,ifrs-full_ProfitLossAttributableToNoncontrollingInterests,비지배지분,net_income,제 32 기,4730664787,,제 31 기,16314854994,,19,KRW
068270,00413046,셀트리온,2022,FY,11011,CFS,,IS,손익계산서,-표준계정코드 미사용-,계속영업이익,operating_profit,제 32 기,4730664787,,제 31 기,16314854994,,20,KRW
068270,00413046,셀트리온,2022,FY,11011,CFS,,CIS,포괄손익계산서,ifrs-full_ProfitLoss,당기순이익,net_income,제 32 기,542566233270,,제 31 기,595779438812,,0,KRW
068270,00413046,셀트리온,2022,FY,11011,CFS,,CF,현금흐름표,ifrs-full_CashFlowsFromUsedInOperatingActivities,영업활동현금흐름,cfo,제 32 기,863531984,,제 31 기,911159432327,,0,KRW
068270,00413046,셀트리온,2022,FY,11011,CFS,,CF,현금흐름표,-표준계정코드 미사용-,유형자산의 취득,capex,제 32 기,-111168804221,,제 31 기,-63379331965,,24,KRW
068270,00413046,셀트리온,2022,FY,11011,CFS,,CF,현금흐름표,-표준계정코드 미사용-,무형자산의 취득,capex,제 32 기,-200816896237,,제 31 기,-258186156593,,25,KRW
068270,00413046,셀트리온,2022,FY,11011,CFS,,SCE,자본변동표,dart_EquityAtBeginningOfPeriod,기초자본,equity,제 32 기,133136892553,,제 31 기,119903308981,,1,KRW
068270,00413046,셀트리온,2022,FY,11011,CFS,,SCE,자본변동표,dart_EquityAtBeginningOfPeriod,기초자본,equity,제 32 기,137947128000,,제 31 기,134997805000,,1,KRW
068270,00413046,셀트리온,2022,FY,11011,CFS,,SCE,자본변동표,dart_EquityAtBeginningOfPeriod,기초자본,equity,제 32 기,3052474447456,,제 31 기,2475296679338,,1,KRW
068270,00413046,셀트리온,2022,FY,11011,CFS,,SCE,자본변동표,dart_EquityAtBeginningOfPeriod,기초자본,equity,제 32 기,24987124766,,제 31 기,6298419403,,1,KRW
068270,00413046,셀트리온,2022,FY,11011,CFS,,SCE,자본변동표,dart_EquityAtBeginningOfPeriod,기초자본,equity,제 32 기,4050374686795,,제 31 기,3427580354138,,1,KRW
068270,00413046,셀트리온,2022,FY,11011,CFS,,SCE,자본변동표,dart_EquityAtBeginningOfPeriod,기초자본,equity,제 32 기,840337213525,,제 31 기,812155732299,,1,KRW
068270,00413046,셀트리온,2022,FY,11011,CFS,,SCE,자본변동표,dart_EquityAtBeginningOfPeriod,기초자본,equity,제 32 기,3917237794242,,제 31 기,3307677045157,,1,KRW
068270,00413046,셀트리온,2022,FY,11011,CFS,,SCE,자본변동표,dart_EquityAtBeginningOfPeriod,기초자본,equity,제 32 기,-138508119505,,제 31 기,-121071590883,,1,KRW
068270,00413046,셀트리온,2022,FY,11011,CFS,,SCE,자본변동표,ifrs-full_ProfitLoss,당기순이익,net_income,제 32 기,537835568483,,제 31 기,579464583818,,2,KRW
068270,00413046,셀트리온,2022,FY,11011,CFS,,SCE,자본변동표,ifrs-full_ProfitLoss,당기순이익,net_income,제 32 기,537835568483,,제 31 기,579464583818,,2,KRW
068270,00413046,셀트리온,2022,FY,11011,CFS,,SCE,자본변동표,ifrs-full_ProfitLoss,당기순이익,net_income,제 32 기,4730664787,,제 31 기,16314854994,,2,KRW
068270,00413046,셀트리온,2022,FY,11011,CFS,,SCE,자본변동표,ifrs-full_ProfitLoss,당기순이익,net_income,제 32 기,542566233270,,제 31 기,595779438812,,2,KRW
068270,00413046,셀트리온,2022,FY,11011,CFS,,SCE,자본변동표,ifrs-full_Equity,기말자본,equity,제 32 기,48745872759,,제 31 기,24987124766,,15,KRW
068270,00413046,셀트리온,2022,FY,11011,CFS,,SCE,자본변동표,ifrs-full_Equity,기말자본,equity,제 32 기,3485109538439,,제 31 기,3052474447456,,15,KRW
068270,00413046,셀트리온,2022,FY,11011,CFS,,SCE,자본변동표,ifrs-full_Equity,기말자본,equity,제 32 기,134844269025,,제 31 기,133136892553,,15,KRW
068270,00413046,셀트리온,2022,FY,11011,CFS,,SCE,자본변동표,ifrs-full_Equity,기말자본,equity,제 32 기,853171793292,,제 31 기,840337213525,,15,KRW
068270,00413046,셀트리온,2022,FY,11011,CFS,,SCE,자본변동표,ifrs-full_Equity,기말자본,equity,제 32 기,4274204269789,,제 31 기,4050374686795,,15,KRW
068270,00413046,셀트리온,2022,FY,11011,CFS,,SCE,자본변동표,ifrs-full_Equity,기말자본,equity,제 32 기,-388472413726,,제 31 기,-138508119505,,15,KRW
068270,00413046,셀트리온,2022,FY,11011,CFS,,SCE,자본변동표,ifrs-full_Equity,기말자본,equity,제 32 기,4139360000764,,제 31 기,3917237794242,,15,KRW
068270,00413046,셀트리온,2022,FY,11011,CFS,,SCE,자본변동표,ifrs-full_Equity,기말자본,equity,제 32 기,140805210000,,제 31 기,137947128000,,15,KRW
068270,00413046,셀트리온,2022,FY,11011,OFS,,BS,재무상태표,dart_ElementsOfOtherStockholdersEquity,기타자본항목,equity,제 32 기,-397344343440,,제 31 기,-145418476019,,36,KRW
068270,00413046,셀트리온,2022,FY,11011,OFS,,BS,재무상태표,ifrs-full_Equity,자본총계,equity,제 32 기,4169948802578,,제 31 기,3999807932277,,37,KRW
068270,00413046,셀트리온,2022,FY,11011,OFS,,BS,재무상태표,ifrs-full_EquityAndLiabilities,부채와자본총계,equity,제 32 기,5571483129934,,제 31 기,5315369383748,,38,KRW
068270,00413046,셀트리온,2022,FY,11011,OFS,,IS,손익계산서,dart_OperatingIncomeLoss,영업이익,operating_profit,제 32 기,618890773445,,제 31 기,717162652560,,4,KRW
068270,00413046,셀트리온,2022,FY,11011,OFS,,IS,손익계산서,ifrs-full_ProfitLossBeforeTax,법인세비용차감전순이익,net_income,제 32 기,606389938494,,제 31 기,723840498298,,9,KRW
068270,00413046,셀트리온,2022,FY,11011,OFS,,IS,손익계산서,ifrs-full_ProfitLoss,당기순이익,net_income,제 32 기,511383102268,,제 31 기,575982802441,,11,KRW
068270,00413046,셀트리온,2022,FY,11011,OFS,,CIS,포괄손익계산서,ifrs-full_ProfitLoss,당기순이익,net_income,제 32 기,511383102268,,제 31 기,575982802441,,0,KRW
068270,00413046,셀트리온,2022,FY,11011,OFS,,CF,현금흐름표,ifrs-full_CashFlowsFromUsedInOperatingActivities,영업활동현금흐름,cfo,제 32 기,27368540177,,제 31 기,802547349148,,0,KRW
068270,00413046,셀트리온,2022,FY,11011,OFS,,CF,현금흐름표,-표준계정코드 미사용-,유형자산의 취득,capex,제 32 기,-107155737359,,제 31 기,-52507708197,,21,KRW
068270,00413046,셀트리온,2022,FY,11011,OFS,,CF,현금흐름표,-표준계정코드 미사용-,무형자산의 취득,capex,제 32 기,-197838456608,,제 31 기,-245788947661,,22,KRW
068270,00413046,셀트리온,2022,FY,11011,OFS,,SCE,자본변동표,dart_EquityAtBeginningOfPeriod,기초자본,equity,제 32 기,840337213525,,제 31 기,812155732299,,1,KRW
068270,00413046,셀트리온,2022,FY,11011,OFS,,SCE,자본변동표,dart_EquityAtBeginningOfPeriod,기초자본,equity,제 32 기,137947128000,,제 31 기,134997805000,,1,KRW
068270,00413046,셀트리온,2022,FY,11011,OFS,,SCE,자본변동표,dart_EquityAtBeginningOfPeriod,기초자본,equity,제 32 기,3999807932277,,제 31 기,3421287947021,,1,KRW
068270,00413046,셀트리온,2022,FY,11011,OFS,,SCE,자본변동표,dart_EquityAtBeginningOfPeriod,기초자본,equity,제 32 기,-145418476019,,제 31 기,-127577855278,,1,KRW
068270,00413046,셀트리온,2022,FY,11011,OFS,,SCE,자본변동표,dart_EquityAtBeginningOfPeriod,기초자본,equity,제 32 기,4742714509,,제 31 기,13208899479,,1,KRW
068270,00413046,셀트리온,2022,FY,11011,OFS,,SCE,자본변동표,dart_EquityAtBeginningOfPeriod,기초자본,equity,제 32 기,3162199352262,,제 31 기,2588503365521,,1,KRW
068270,00413046,셀트리온,2022,FY,11011,OFS,,SCE,자본변동표,ifrs-full_ProfitLoss,당기순이익,net_income,제 32 기,511383102268,,제 31 기,575982802441,,2,KRW
068270,00413046,셀트리온,2022,FY,11011,OFS,,SCE,자본변동표,ifrs-full_ProfitLoss,당기순이익,net_income,제 32 기,511383102268,,제 31 기,575982802441,,2,KRW
068270,00413046,셀트리온,2022,FY,11011,OFS,,SCE,자본변동표,ifrs-full_Equity,기말자본,equity,제 32 기,853171793292,,제 31 기,840337213525,,10,KRW
068270,00413046,셀트리온,2022,FY,11011,OFS,,SCE,자본변동표,ifrs-full_Equity,기말자본,equity,제 32 기,140805210000,,제 31 기,137947128000,,10,KRW
068270,00413046,셀트리온,2022,FY,11011,OFS,,SCE,자본변동표,ifrs-full_Equity,기말자본,equity,제 32 기,3568381977030,,제 31 기,3162199352262,,10,KRW
068270,00413046,셀트리온,2022,FY,11011,OFS,,SCE,자본변동표,ifrs-full_Equity,기말자본,equity,제 32 기,-397344343440,,제 31 기,-145418476019,,10,KRW
068270,00413046,셀트리온,2022,FY,11011,OFS,,SCE,자본변동표,ifrs-full_Equity,기말자본,equity,제 32 기,4169948802578,,제 31 기,3999807932277,,10,KRW
068270,00413046,셀트리온,2022,FY,11011,OFS,,SCE,자본변동표,ifrs-full_Equity,기말자본,equity,제 32 기,4934165696,,제 31 기,4742714509,,10,KRW
091990,00554024,셀트리온헬스케어,2020,Q1,11013,CFS,,BS,재무상태표,ifrs-full_EquityAttributableToOwnersOfParent,지배기업의 소유주에게 귀속되는 자본,equity,제 21 기 1분기말,1742654164141,,제 20 기말,1665893819653,,32,KRW
091990,00554024,셀트리온헬스케어,2020,Q1,11013,CFS,,BS,재무상태표,dart_ElementsOfOtherStockholdersEquity,기타자본항목,equity,제 21 기 1분기말,-153584684641,,제 20 기말,-155016022439,,35,KRW
091990,00554024,셀트리온헬스케어,2020,Q1,11013,CFS,,BS,재무상태표,ifrs-full_Equity,분기말자본,equity,제 21 기 1분기말,1742654110761,,제 20 기말,1665893807239,,39,KRW
091990,00554024,셀트리온헬스케어,2020,Q1,11013,CFS,,BS,재무상태표,ifrs-full_EquityAndLiabilities,자본과부채총계,equity,제 21 기 1분기말,3116508031648,,제 20 기말,2848904874116,,40,KRW
091990,00554024,셀트리온헬스케어,2020,Q1,11013,CFS,,CIS,포괄손익계산서,dart_OperatingIncomeLoss,영업이익,operating_profit,제 21 기 1분기,55790084869,55790084869,,,9366690852,4,KRW
091990,00554024,셀트리온헬스케어,2020,Q1,11013,CFS,,CIS,포괄손익계산서,ifrs-full_ProfitLossBeforeTax,법인세비용차감전순이익,net_income,제 21 기 1분기,98196790539,98196790539,,,8620407282,10,KRW
091990,00554024,셀트리온헬스케어,2020,Q1,11013,CFS,,CIS,포괄손익계산서,ifrs-full_ProfitLoss,분기순이익,net_income,제 21 기 1분기,76192957052,76192957052,,,5840457240,12,KRW
091990,00554024,셀트리온헬스케어,2020,Q1,11013,CFS,,CIS,포괄손익계산서,ifrs-full_ProfitLossAttributableToOwnersOfParent,지배기업소유주지분,net_income,제 21 기 1분기,76192984182,76192984182,,,5840459395,14,KRW
091990,00554024,셀트리온헬스케어,2020,Q1,11013,CFS,,CIS,포괄손익계산서,ifrs-full_ProfitLossAttributableToNoncontrollingInterests,비지배지분,net_income,제 21 기 1분기,-27130,-27130,,,-2155,15,KRW
091990,00554024,셀트리온헬스케어,2020,Q1,11013,CFS,,CF,현금흐름표,ifrs-full_CashFlowsFromUsedInOperatingActivities,영업활동현금흐름,cfo,제 21 기 1분기,34934161409,,,,,0,KRW
091990,00554024,셀트리온헬스케어,2020,Q1,11013,CFS,,CF,현금흐름표,ifrs-full_PurchaseOfPropertyPlantAndEquipmentClassifiedAsInvestingActivities,유형자산의 취득,capex,제 21 기 1분기,69317322,,,,,15,KRW
091990,00554024,셀트리온헬스케어,2020,Q1,11013,CFS,,CF,현금흐름표,ifrs-full_PurchaseOfIntangibleAssetsClassifiedAsInvestingActivities,무형자산의 취득,capex,제 21 기 1분기,144489308,,,,,16,KRW
091990,00554024,셀트리온헬스케어,2020,Q1,11013,CFS,,SCE,자본변동표,dart_EquityAtBeginningOfPeriod,기초자본,equity,제 21 기 1분기,-43316294676,,,,,1,KRW
091990,00554024,셀트리온헬스케어,2020,Q1,11013,CFS,,SCE,자본변동표,dart_EquityAtBeginningOfPeriod,기초자본,equity,제 21 기 1분기,329641450624,,,,,1,KRW
091990,00554024,셀트리온헬스케어,2020,Q1,11013,CFS,,SCE,자본변동표,dart_EquityAtBeginningOfPeriod,기초자본,equity,제 21 기 1분기,143928048000,,,,,1,KRW
091990,00554024,셀트리온헬스케어,2020,Q1,11013,CFS,,SCE,자본변동표,dart_EquityAtBeginningOfPeriod,기초자본,equity,제 21 기 1분기,-155016022439,,,,,1,KRW
091990,00554024,셀트리온헬스케어,2020,Q1,11013,CFS,,SCE,자본변동표,dart_EquityAtBeginningOfPeriod,기초자본,equity,제 21 기 1분기,1665893819653,,,,,1,KRW
091990,00554024,셀트리온헬스케어,2020,Q1,11013,CFS,,SCE,자본변동표,dart_EquityAtBeginningOfPeriod,기초자본,equity,제 21 기 1분기,-12414,,,,,1,KRW
091990,00554024,셀트리온헬스케어,2020,Q1,11013,CFS,,SCE,자본변동표,dart_EquityAtBeginningOfPeriod,기초자본,equity,제 21 기 1분기,1665893807239,,,,,1,KRW
091990,00554024,셀트리온헬스케어,2020,Q1,11013,CFS,,SCE,자본변동표,dart_EquityAtBeginningOfPeriod,기초자본,equity,제 21 기 1분기,1390656638144,,,,,1,KRW
091990,00554024,셀트리온헬스케어,2020,Q1,11013,CFS,,SCE,자본변동표,ifrs-full_ProfitLoss,분기순이익,net_income,제 21 기 1분기,76192984182,,,,,2,KRW
091990,00554024,셀트리온헬스케어,2020,Q1,11013,CFS,,SCE,자본변동표,ifrs-full_ProfitLoss,분기순이익,net_income,제 21 기 1분기,-27130,,,,,2,KRW
091990,00554024,셀트리온헬스케어,2020,Q1,11013,CFS,,SCE,자본변동표,ifrs-full_ProfitLoss,분기순이익,net_income,제 21 기 1분기,76192957052,,,,,2,KRW
091990,00554024,셀트리온헬스케어,2020,Q1,11013,CFS,,SCE,자본변동표,ifrs-full_ProfitLoss,분기순이익,net_income,제 21 기 1분기,0,,,,,2,KRW
091990,00554024,셀트리온헬스케어,2020,Q1,11013,CFS,,SCE,자본변동표,ifrs-full_ProfitLoss,분기순이익,net_income,제 21 기 1분기,0,,,,,2,KRW
091990,00554024,셀트리온헬스케어,2020,Q1,11013,CFS,,SCE,자본변동표,ifrs-full_ProfitLoss,분기순이익,net_income,제 21 기 1분기,0,,,,,2,KRW
091990,00554024,셀트리온헬스케어,2020,Q1,11013,CFS,,SCE,자본변동표,ifrs-full_ProfitLoss,분기순이익,net_income,제 21 기 1분기,76192984182,,,,,2,KRW
091990,00554024,셀트리온헬스케어,2020,Q1,11013,CFS,,SCE,자본변동표,ifrs-full_ProfitLoss,분기순이익,net_income,제 21 기 1분기,0,,,,,2,KRW
091990,00554024,셀트리온헬스케어,2020,Q1,11013,CFS,,SCE,자본변동표,ifrs-full_Equity,분기말자본,equity,제 21 기 1분기,151062939000,,,,,11,KRW
091990,00554024,셀트리온헬스케어,2020,Q1,11013,CFS,,SCE,자본변동표,ifrs-full_Equity,분기말자본,equity,제 21 기 1분기,398718286806,,,,,11,KRW
091990,00554024,셀트리온헬스케어,2020,Q1,11013,CFS,,SCE,자본변동표,ifrs-full_Equity,분기말자본,equity,제 21 기 1분기,-44862337053,,,,,11,KRW
091990,00554024,셀트리온헬스케어,2020,Q1,11013,CFS,,SCE,자본변동표,ifrs-full_Equity,분기말자본,equity,제 21 기 1분기,1742654110761,,,,,11,KRW
091990,00554024,셀트리온헬스케어,2020,Q1,11013,CFS,,SCE,자본변동표,ifrs-full_Equity,분기말자본,equity,제 21 기 1분기,-53380,,,,,11,KRW
091990,00554024,셀트리온헬스케어,2020,Q1,11013,CFS,,SCE,자본변동표,ifrs-full_Equity,분기말자본,equity,제 21 기 1분기,1743159882181,,,,,11,KRW
091990,00554024,셀트리온헬스케어,2020,Q1,11013,CFS,,SCE,자본변동표,ifrs-full_Equity,분기말자본,equity,제 21 기 1분기,-153584684641,,,,,11,KRW
091990,00554024,셀트리온헬스케어,2020,Q1,11013,CFS,,SCE,자본변동표,ifrs-full_Equity,분기말자본,equity,제 21 기 1분기,1391319960029,,,,,11,KRW
091990,00554024,셀트리온헬스케어,2020,Q1,11013,OFS,,BS,재무상태표,dart_ElementsOfOtherStockholdersEquity,기타자본항목,equity,제 21 기 1분기말,-153584718986,,제 20 기말,-155016042233,,33,KRW
091990,00554024,셀트리온헬스케어,2020,Q1,11013,OFS,,BS,재무상태표,ifrs-full_Equity,분기말자본,equity,제 21 기 1분기말,1837848406290,,제 20 기말,1737912462678,,36,KRW
091990,00554024,셀트리온헬스케어,2020,Q1,11013,OFS,,BS,재무상태표,ifrs-full_EquityAndLiabilities,자본과부채총계,equity,제 21 기 1분기말,3003858030488,,제 20 기말,2773873519147,,37,KRW
091990,00554024,셀트리온헬스케어,2020,Q1,11013,OFS,,CIS,포괄손익계산서,dart_OperatingIncomeLoss,영업이익,operating_profit,제 21 기 1분기,77985796379,77985796379,,,11312899728,4,KRW
091990,00554024,셀트리온헬스케어,2020,Q1,11013,OFS,,CIS,포괄손익계산서,ifrs-full_ProfitLossBeforeTax,법인세비용차감전순이익,net_income,제 21 기 1분기,121434732521,121434732521,,,10584035395,9,KRW
091990,00554024,셀트리온헬스케어,2020,Q1,11013,OFS,,CIS,포괄손익계산서,ifrs-full_ProfitLoss,분기순이익,net_income,제 21 기 1분기,97371775451,97371775451,,,7974089515,11,KRW
091990,00554024,셀트리온헬스케어,2020,Q1,11013,OFS,,CF,현금흐름표,ifrs-full_CashFlowsFromUsedInOperatingActivities,영업활동현금흐름,cfo,제 21 기 1분기,57988014852,,,,,0,KRW
091990,00554024,셀트리온헬스케어,2020,Q1,11013,OFS,,CF,현금흐름표,ifrs-full_PurchaseOfPropertyPlantAndEquipmentClassifiedAsInvestingActivities,유형자산의 취득,capex,제 21 기 1분기,1254545,,,,,15,KRW
091990,00554024,셀트리온헬스케어,2020,Q1,11013,OFS,,CF,현금흐름표,ifrs-full_PurchaseOfIntangibleAssetsClassifiedAsInvestingActivities,무형자산의 취득,capex,제 21 기 1분기,144016000,,,,,16,KRW
091990,00554024,셀트리온헬스케어,2020,Q1,11013,OFS,,SCE,자본변동표,dart_EquityAtBeginningOfPeriod,기초자본,equity,제 21 기 1분기,143928048000,,,,,1,KRW
091990,00554024,셀트리온헬스케어,2020,Q1,11013,OFS,,SCE,자본변동표,dart_EquityAtBeginningOfPeriod,기초자본,equity,제 21 기 1분기,358343818767,,,,,1,KRW
091990,00554024,셀트리온헬스케어,2020,Q1,11013,OFS,,SCE,자본변동표,dart_EquityAtBeginningOfPeriod,기초자본,equity,제 21 기 1분기,0,,,,,1,KRW
091990,00554024,셀트리온헬스케어,2020,Q1,11013,OFS,,SCE,자본변동표,dart_EquityAtBeginningOfPeriod,기초자본,equity,제 21 기 1분기,-155016042233,,,,,1,KRW
091990,00554024,셀트리온헬스케어,2020,Q1,11013,OFS,,SCE,자본변동표,dart_EquityAtBeginningOfPeriod,기초자본,equity,제 21 기 1분기,1390656638144,,,,,1,KRW
091990,00554024,셀트리온헬스케어,2020,Q1,11013,OFS,,SCE,자본변동표,dart_EquityAtBeginningOfPeriod,기초자본,equity,제 21 기 1분기,1737912462678,,,,,1,KRW
091990,00554024,셀트리온헬스케어,2020,Q1,11013,OFS,,SCE,자본변동표,ifrs-full_ProfitLoss,분기순이익,net_income,제 21 기 1분기,0,,,,,2,KRW
091990,00554024,셀트리온헬스케어,2020,Q1,11013,OFS,,SCE,자본변동표,ifrs-full_ProfitLoss,분기순이익,net_income,제 21 기 1분기,0,,,,,2,KRW
091990,00554024,셀트리온헬스케어,2020,Q1,11013,OFS,,SCE,자본변동표,ifrs-full_ProfitLoss,분기순이익,net_income,제 21 기 1분기,97371775451,,,,,2,KRW
091990,00554024,셀트리온헬스케어,2020,Q1,11013,OFS,,SCE,자본변동표,ifrs-full_ProfitLoss,분기순이익,net_income,제 21 기 1분기,0,,,,,2,KRW
091990,00554024,셀트리온헬스케어,2020,Q1,11013,OFS,,SCE,자본변동표,ifrs-full_ProfitLoss,분기순이익,net_income,제 21 기 1분기,0,,,,,2,KRW
091990,00554024,셀트리온헬스케어,2020,Q1,11013,OFS,,SCE,자본변동표,ifrs-full_ProfitLoss,분기순이익,net_income,제 21 기 1분기,97371775451,,,,,2,KRW
091990,00554024,셀트리온헬스케어,2020,Q1,11013,OFS,,SCE,자본변동표,ifrs-full_Equity,분기말자본,equity,제 21 기 1분기,151062939000,,,,,8,KRW
091990,00554024,셀트리온헬스케어,2020,Q1,11013,OFS,,SCE,자본변동표,ifrs-full_Equity,분기말자본,equity,제 21 기 1분기,448599446218,,,,,8,KRW
091990,00554024,셀트리온헬스케어,2020,Q1,11013,OFS,,SCE,자본변동표,ifrs-full_Equity,분기말자본,equity,제 21 기 1분기,450780029,,,,,8,KRW
091990,00554024,셀트리온헬스케어,2020,Q1,11013,OFS,,SCE,자본변동표,ifrs-full_Equity,분기말자본,equity,제 21 기 1분기,-153584718986,,,,,8,KRW
091990,00554024,셀트리온헬스케어,2020,Q1,11013,OFS,,SCE,자본변동표,ifrs-full_Equity,분기말자본,equity,제 21 기 1분기,1837848406290,,,,,8,KRW
091990,00554024,셀트리온헬스케어,2020,Q1,11013,OFS,,SCE,자본변동표,ifrs-full_Equity,분기말자본,equity,제 21 기 1분기,1391319960029,,,,,8,KRW
091990,00554024,셀트리온헬스케어,2020,H1,11012,CFS,,BS,재무상태표,ifrs-full_EquityAttributableToOwnersOfParent,지배기업의 소유주에게 귀속되는 자본,equity,제 21 기 반기말,1788838752035,,제 20 기말,1665893819653,,32,KRW
091990,00554024,셀트리온헬스케어,2020,H1,11012,CFS,,BS,재무상태표,dart_ElementsOfOtherStockholdersEquity,기타자본항목,equity,제 21 기 반기말,-157892839369,,제 20 기말,-155016022439,,35,KRW
091990,00554024,셀트리온헬스케어,2020,H1,11012,CFS,,BS,재무상태표,ifrs-full_Equity,반기말자본,equity,제 21 기 반기말,1788838694225,,제 20 기말,1665893807239,,39,KRW
091990,00554024,셀트리온헬스케어,2020,H1,11012,CFS,,BS,재무상태표,ifrs-full_EquityAndLiabilities,자본과부채총계,equity,제 21 기 반기말,3328260604284,,제 20 기말,2848904874116,,40,KRW
091990,00554024,셀트리온헬스케어,2020,H1,11012,CFS,,CIS,포괄손익계산서,dart_OperatingIncomeLoss,영업이익,operating_profit,제 21 기 반기,86838802440,142628887309,,,18620740729,4,KRW
091990,00554024,셀트리온헬스케어,2020,H1,11012,CFS,,CIS,포괄손익계산서,ifrs-full_ProfitLossBeforeTax,법인세비용차감전순이익,net_income,제 21 기 반기,68674881767,166871672306,,,26613191096,10,KRW
091990,00554024,셀트리온헬스케어,2020,H1,11012,CFS,,CIS,포괄손익계산서,ifrs-full_ProfitLoss,반기순이익,net_income,제 21 기 반기,46425554323,122618511375,,,14318308908,12,KRW
091990,00554024,셀트리온헬스케어,2020,H1,11012,CFS,,CIS,포괄손익계산서,ifrs-full_ProfitLossAttributableToOwnersOfParent,지배기업소유주지분,net_income,제 21 기 반기,46425582031,122618566213,,,14318319889,14,KRW
091990,00554024,셀트리온헬스케어,2020,H1,11012,CFS,,CIS,포괄손익계산서,ifrs-full_ProfitLossAttributableToNoncontrollingInterests,비지배지분,net_income,제 21 기 반기,-27708,-54838,,,-10981,15,KRW
091990,00554024,셀트리온헬스케어,2020,H1,11012,CFS,,CF,현금흐름표,ifrs-full_CashFlowsFromUsedInOperatingActivities,영업활동현금흐름,cfo,제 21 기 반기,27665844127,,,,,0,KRW
091990,00554024,셀트리온헬스케어,2020,H1,11012,CFS,,CF,현금흐름표,ifrs-full_PurchaseOfPropertyPlantAndEquipmentClassifiedAsInvestingActivities,유형자산의 취득,capex,제 21 기 반기,177264987,,,,,15,KRW
091990,00554024,셀트리온헬스케어,2020,H1,11012,CFS,,CF,현금흐름표,ifrs-full_PurchaseOfIntangibleAssetsClassifiedAsInvestingActivities,무형자산의 취득,capex,제 21 기 반기,144489308,,,,,16,KRW
091990,00554024,셀트리온헬스케어,2020,H1,11012,CFS,,SCE,자본변동표,dart_EquityAtBeginningOfPeriod,기초자본,equity,제 21 기 반기,143928048000,,,,,1,KRW
091990,00554024,셀트리온헬스케어,2020,H1,11012,CFS,,SCE,자본변동표,dart_EquityAtBeginningOfPeriod,기초자본,equity,제 21 기 반기,329641450624,,,,,1,KRW
091990,00554024,셀트리온헬스케어,2020,H1,11012,CFS,,SCE,자본변동표,dart_EquityAtBeginningOfPeriod,기초자본,equity,제 21 기 반기,-43316294676,,,,,1,KRW
091990,00554024,셀트리온헬스케어,2020,H1,11012,CFS,,SCE,자본변동표,dart_EquityAtBeginningOfPeriod,기초자본,equity,제 21 기 반기,-155016022439,,,,,1,KRW
091990,00554024,셀트리온헬스케어,2020,H1,11012,CFS,,SCE,자본변동표,dart_EquityAtBeginningOfPeriod,기초자본,equity,제 21 기 반기,1665893819653,,,,,1,KRW
091990,00554024,셀트리온헬스케어,2020,H1,11012,CFS,,SCE,자본변동표,dart_EquityAtBeginningOfPeriod,기초자본,equity,제 21 기 반기,-12414,,,,,1,KRW
091990,00554024,셀트리온헬스케어,2020,H1,11012,CFS,,SCE,자본변동표,dart_EquityAtBeginningOfPeriod,기초자본,equity,제 21 기 반기,1665893807239,,,,,1,KRW
091990,00554024,셀트리온헬스케어,2020,H1,11012,CFS,,SCE,자본변동표,dart_EquityAtBeginningOfPeriod,기초자본,equity,제 21 기 반기,1390656638144,,,,,1,KRW
091990,00554024,셀트리온헬스케어,2020,H1,11012,CFS,,SCE,자본변동표,ifrs-full_ProfitLoss,반기순이익,net_income,제 21 기 반기,0,,,,,2,KRW
091990,00554024,셀트리온헬스케어,2020,H1,11012,CFS,,SCE,자본변동표,ifrs-full_ProfitLoss,반기순이익,net_income,제 21 기 반기,0,,,,,2,KRW
091990,00554024,셀트리온헬스케어,2020,H1,11012,CFS,,SCE,자본변동표,ifrs-full_ProfitLoss,반기순이익,net_income,제 21 기 반기,122618566213,,,,,2,KRW
091990,00554024,셀트리온헬스케어,2020,H1,11012,CFS,,SCE,자본변동표,ifrs-full_ProfitLoss,반기순이익,net_income,제 21 기 반기,0,,,,,2,KRW
091990,00554024,셀트리온헬스케어,2020,H1,11012,CFS,,SCE,자본변동표,ifrs-full_ProfitLoss,반기순이익,net_income,제 21 기 반기,0,,,,,2,KRW
091990,00554024,셀트리온헬스케어,2020,H1,11012,CFS,,SCE,자본변동표,ifrs-full_ProfitLoss,반기순이익,net_income,제 21 기 반기,122618566213,,,,,2,KRW
091990,00554024,셀트리온헬스케어,2020,H1,11012,CFS,,SCE,자본변동표,ifrs-full_ProfitLoss,반기순이익,net_income,제 21 기 반기,46425554323,,,,,2,KRW
091990,00554024,셀트리온헬스케어,2020,H1,11012,CFS,,SCE,자본변동표,ifrs-full_ProfitLoss,반기순이익,net_income,제 21 기 반기,-54838,,,,,2,KRW
091990,00554024,셀트리온헬스케어,2020,H1,11012,CFS,,SCE,자본변동표,ifrs-full_Equity,반기말자본,equity,제 21 기 반기,1788838694225,,,,,10,KRW
091990,00554024,셀트리온헬스케어,2020,H1,11012,CFS,,SCE,자본변동표,ifrs-full_Equity,반기말자본,equity,제 21 기 반기,-57810,,,,,10,KRW
091990,00554024,셀트리온헬스케어,2020,H1,11012,CFS,,SCE,자본변동표,ifrs-full_Equity,반기말자본,equity,제 21 기 반기,1788838752035,,,,,10,KRW
091990,00554024,셀트리온헬스케어,2020,H1,11012,CFS,,SCE,자본변동표,ifrs-full_Equity,반기말자본,equity,제 21 기 반기,-157892839369,,,,,10,KRW
091990,00554024,셀트리온헬스케어,2020,H1,11012,CFS,,SCE,자본변동표,ifrs-full_Equity,반기말자본,equity,제 21 기 반기,-50479832482,,,,,10,KRW
091990,00554024,셀트리온헬스케어,2020,H1,11012,CFS,,SCE,자본변동표,ifrs-full_Equity,반기말자본,equity,제 21 기 반기,445143868837,,,,,10,KRW
091990,00554024,셀트리온헬스케어,2020,H1,11012,CFS,,SCE,자본변동표,ifrs-full_Equity,반기말자본,equity,제 21 기 반기,1400661223049,,,,,10,KRW
091990,00554024,셀트리온헬스케어,2020,H1,11012,CFS,,SCE,자본변동표,ifrs-full_Equity,반기말자본,equity,제 21 기 반기,151406332000,,,,,10,KRW
091990,00554024,셀트리온헬스케어,2020,H1,11012,OFS,,BS,재무상태표,dart_ElementsOfOtherStockholdersEquity,기타자본항목,equity,제 21 기 반기말,-157892851496,,제 20 기말,-155016042233,,34,KRW
091990,00554024,셀트리온헬스케어,2020,H1,11012,OFS,,BS,재무상태표,ifrs-full_Equity,반기말자본,equity,제 21 기 반기말,1938190958786,,제 20 기말,1737912462678,,36,KRW
091990,00554024,셀트리온헬스케어,2020,H1,11012,OFS,,BS,재무상태표,ifrs-full_EquityAndLiabilities,자본과부채총계,equity,제 21 기 반기말,3272956214866,,제 20 기말,2773873519147,,37,KRW
091990,00554024,셀트리온헬스케어,2020,H1,11012,OFS,,CIS,포괄손익계산서,dart_OperatingIncomeLoss,영업이익,operating_profit,제 21 기 반기,138675483978,216661280357,,,40487335034,4,KRW
091990,00554024,셀트리온헬스케어,2020,H1,11012,OFS,,CIS,포괄손익계산서,ifrs-full_ProfitLossBeforeTax,법인세비용차감전순이익,net_income,제 21 기 반기,121768666159,243203398680,,,49126182038,9,KRW
091990,00554024,셀트리온헬스케어,2020,H1,11012,OFS,,CIS,포괄손익계산서,ifrs-full_ProfitLoss,반기순이익,net_income,제 21 기 반기,95416809015,192788584466,,,35512622009,11,KRW
091990,00554024,셀트리온헬스케어,2020,H1,11012,OFS,,CF,현금흐름표,ifrs-full_CashFlowsFromUsedInOperatingActivities,영업활동현금흐름,cfo,제 21 기 반기,108757425149,,,,,0,KRW
091990,00554024,셀트리온헬스케어,2020,H1,11012,OFS,,CF,현금흐름표,ifrs-full_PurchaseOfPropertyPlantAndEquipmentClassifiedAsInvestingActivities,유형자산의 취득,capex,제 21 기 반기,45354545,,,,,15,KRW
091990,00554024,셀트리온헬스케어,2020,H1,11012,OFS,,CF,현금흐름표,ifrs-full_PurchaseOfIntangibleAssetsClassifiedAsInvestingActivities,무형자산의 취득,capex,제 21 기 반기,144016000,,,,,16,KRW
091990,00554024,셀트리온헬스케어,2020,H1,11012,OFS,,SCE,자본변동표,dart_EquityAtBeginningOfPeriod,기초자본,equity,제 21 기 반기,1390656638144,,,,,1,KRW
091990,00554024,셀트리온헬스케어,2020,H1,11012,OFS,,SCE,자본변동표,dart_EquityAtBeginningOfPeriod,기초자본,equity,제 21 기 반기,1737912462678,,,,,1,KRW
091990,00554024,셀트리온헬스케어,2020,H1,11012,OFS,,SCE,자본변동표,dart_EquityAtBeginningOfPeriod,기초자본,equity,제 21 기 반기,-155016042233,,,,,1,KRW
091990,00554024,셀트리온헬스케어,2020,H1,11012,OFS,,SCE,자본변동표,dart_EquityAtBeginningOfPeriod,기초자본,equity,제 21 기 반기,358343818767,,,,,1,KRW
091990,00554024,셀트리온헬스케어,2020,H1,11012,OFS,,SCE,자본변동표,dart_EquityAtBeginningOfPeriod,기초자본,equity,제 21 기 반기,143928048000,,,,,1,KRW
091990,00554024,셀트리온헬스케어,2020,H1,11012,OFS,,SCE,자본변동표,ifrs-full_ProfitLoss,반기순이익,net_income,제 21 기 반기,0,,,,,2,KRW
091990,00554024,셀트리온헬스케어,2020,H1,11012,OFS,,SCE,자본변동표,ifrs-full_ProfitLoss,반기순이익,net_income,제 21 기 반기,0,,,,,2,KRW
091990,00554024,셀트리온헬스케어,2020,H1,11012,OFS,,SCE,자본변동표,ifrs-full_ProfitLoss,반기순이익,net_income,제 21 기 반기,192788584466,,,,,2,KRW
091990,00554024,셀트리온헬스케어,2020,H1,11012,OFS,,SCE,자본변동표,ifrs-full_ProfitLoss,반기순이익,net_income,제 21 기 반기,0,,,,,2,KRW
091990,00554024,셀트리온헬스케어,2020,H1,11012,OFS,,SCE,자본변동표,ifrs-full_ProfitLoss,반기순이익,net_income,제 21 기 반기,95416809015,,,,,2,KRW
091990,00554024,셀트리온헬스케어,2020,H1,11012,OFS,,SCE,자본변동표,ifrs-full_Equity,반기말자본,equity,제 21 기 반기,151406332000,,,,,7,KRW
091990,00554024,셀트리온헬스케어,2020,H1,11012,OFS,,SCE,자본변동표,ifrs-full_Equity,반기말자본,equity,제 21 기 반기,544016255233,,,,,7,KRW
091990,00554024,셀트리온헬스케어,2020,H1,11012,OFS,,SCE,자본변동표,ifrs-full_Equity,반기말자본,equity,제 21 기 반기,-157892851496,,,,,7,KRW
091990,00554024,셀트리온헬스케어,2020,H1,11012,OFS,,SCE,자본변동표,ifrs-full_Equity,반기말자본,equity,제 21 기 반기,1938190958786,,,,,7,KRW
091990,00554024,셀트리온헬스케어,2020,H1,11012,OFS,,SCE,자본변동표,ifrs-full_Equity,반기말자본,equity,제 21 기 반기,1400661223049,,,,,7,KRW
091990,00554024,셀트리온헬스케어,2020,Q3,11014,CFS,,BS,재무상태표,ifrs-full_EquityAttributableToOwnersOfParent,지배기업의 소유주에게 귀속되는 자본,equity,제 21 기 3분기말,1875906099848,,제 20 기말,1665893819653,,33,KRW
091990,00554024,셀트리온헬스케어,2020,Q3,11014,CFS,,BS,재무상태표,dart_ElementsOfOtherStockholdersEquity,기타자본항목,equity,제 21 기 3분기말,-157732827156,,제 20 기말,-155016022439,,36,KRW
091990,00554024,셀트리온헬스케어,2020,Q3,11014,CFS,,BS,재무상태표,ifrs-full_Equity,자본총계,equity,제 21 기 3분기말,1875906003660,,제 20 기말,1665893807239,,40,KRW
091990,00554024,셀트리온헬스케어,2020,Q3,11014,CFS,,BS,재무상태표,ifrs-full_EquityAndLiabilities,자본과부채총계,equity,제 21 기 3분기말,3595019348028,,제 20 기말,2848904874116,,41,KRW
091990,00554024,셀트리온헬스케어,2020,Q3,11014,CFS,,CIS,포괄손익계산서,dart_OperatingIncomeLoss,영업이익,operating_profit,제 21 기 3분기,127698038616,270326925925,,,39946413130,4,KRW
091990,00554024,셀트리온헬스케어,2020,Q3,11014,CFS,,CIS,포괄손익계산서,ifrs-full_ProfitLossBeforeTax,법인세비용차감전순이익,net_income,제 21 기 3분기,120614205199,287485877505,,,53006706243,10,KRW
091990,00554024,셀트리온헬스케어,2020,Q3,11014,CFS,,CIS,포괄손익계산서,ifrs-full_ProfitLoss,분기순이익,net_income,제 21 기 3분기,86095578965,208714090340,,,24459992165,12,KRW
091990,00554024,셀트리온헬스케어,2020,Q3,11014,CFS,,CIS,포괄손익계산서,ifrs-full_ProfitLossAttributableToOwnersOfParent,지배기업소유주지분,net_income,제 21 기 3분기,86095609736,208714175949,,,24460022035,14,KRW
091990,00554024,셀트리온헬스케어,2020,Q3,11014,CFS,,CIS,포괄손익계산서,ifrs-full_ProfitLossAttributableToNoncontrollingInterests,비지배지분,net_income,제 21 기 3분기,-30771,-85609,,,-29870,15,KRW
091990,00554024,셀트리온헬스케어,2020,Q3,11014,CFS,,CF,현금흐름표,ifrs-full_CashFlowsFromUsedInOperatingActivities,영업활동현금흐름,cfo,제 21 기 3분기,-15990816645,,,,,0,KRW
091990,00554024,셀트리온헬스케어,2020,Q3,11014,CFS,,CF,현금흐름표,ifrs-full_PurchaseOfPropertyPlantAndEquipmentClassifiedAsInvestingActivities,유형자산의 취득,capex,제 21 기 3분기,323934156,,,,,16,KRW
091990,00554024,셀트리온헬스케어,2020,Q3,11014,CFS,,CF,현금흐름표,ifrs-full_PurchaseOfIntangibleAssetsClassifiedAsInvestingActivities,무형자산의 취득,capex,제 21 기 3분기,2221745768,,,,,17,KRW
091990,00554024,셀트리온헬스케어,2020,Q3,11014,CFS,,SCE,자본변동표,dart_EquityAtBeginningOfPeriod,기초자본,equity,제 21 기 3분기,143928048000,,,,,1,KRW
091990,00554024,셀트리온헬스케어,2020,Q3,11014,CFS,,SCE,자본변동표,dart_EquityAtBeginningOfPeriod,기초자본,equity,제 21 기 3분기,329641450624,,,,,1,KRW
091990,00554024,셀트리온헬스케어,2020,Q3,11014,CFS,,SCE,자본변동표,dart_EquityAtBeginningOfPeriod,기초자본,equity,제 21 기 3분기,1390656638144,,,,,1,KRW
091990,00554024,셀트리온헬스케어,2020,Q3,11014,CFS,,SCE,자본변동표,dart_EquityAtBeginningOfPeriod,기초자본,equity,제 21 기 3분기,1665893807239,,,,,1,KRW
091990,00554024,셀트리온헬스케어,2020,Q3,11014,CFS,,SCE,자본변동표,dart_EquityAtBeginningOfPeriod,기초자본,equity,제 21 기 3분기,-12414,,,,,1,KRW
091990,00554024,셀트리온헬스케어,2020,Q3,11014,CFS,,SCE,자본변동표,dart_EquityAtBeginningOfPeriod,기초자본,equity,제 21 기 3분기,1665893819653,,,,,1,KRW
091990,00554024,셀트리온헬스케어,2020,Q3,11014,CFS,,SCE,자본변동표,dart_EquityAtBeginningOfPeriod,기초자본,equity,제 21 기 3분기,-155016022439,,,,,1,KRW
091990,00554024,셀트리온헬스케어,2020,Q3,11014,CFS,,SCE,자본변동표,dart_EquityAtBeginningOfPeriod,기초자본,equity,제 21 기 3분기,-43316294676,,,,,1,KRW
091990,00554024,셀트리온헬스케어,2020,Q3,11014,CFS,,SCE,자본변동표,ifrs-full_ProfitLoss,분기순이익,net_income,제 21 기 3분기,86095578965,,,,,2,KRW
091990,00554024,셀트리온헬스케어,2020,Q3,11014,CFS,,SCE,자본변동표,ifrs-full_ProfitLoss,분기순이익,net_income,제 21 기 3분기,0,,,,,2,KRW
091990,00554024,셀트리온헬스케어,2020,Q3,11014,CFS,,SCE,자본변동표,ifrs-full_ProfitLoss,분기순이익,net_income,제 21 기 3분기,208714175949,,,,,2,KRW
091990,00554024,셀트리온헬스케어,2020,Q3,11014,CFS,,SCE,자본변동표,ifrs-full_ProfitLoss,분기순이익,net_income,제 21 기 3분기,0,,,,,2,KRW
091990,00554024,셀트리온헬스케어,2020,Q3,11014,CFS,,SCE,자본변동표,ifrs-full_ProfitLoss,분기순이익,net_income,제 21 기 3분기,0,,,,,2,KRW
091990,00554024,셀트리온헬스케어,2020,Q3,11014,CFS,,SCE,자본변동표,ifrs-full_ProfitLoss,분기순이익,net_income,제 21 기 3분기,208714175949,,,,,2,KRW
091990,00554024,셀트리온헬스케어,2020,Q3,11014,CFS,,SCE,자본변동표,ifrs-full_ProfitLoss,분기순이익,net_income,제 21 기 3분기,-85609,,,,,2,KRW
091990,00554024,셀트리온헬스케어,2020,Q3,11014,CFS,,SCE,자본변동표,ifrs-full_ProfitLoss,분기순이익,net_income,제 21 기 3분기,0,,,,,2,KRW
091990,00554024,셀트리온헬스케어,2020,Q3,11014,CFS,,SCE,자본변동표,ifrs-full_Equity,기말자본,equity,제 21 기 3분기,1875906003660,,,,,11,KRW
091990,00554024,셀트리온헬스케어,2020,Q3,11014,CFS,,SCE,자본변동표,ifrs-full_Equity,기말자본,equity,제 21 기 3분기,-96188,,,,,11,KRW
091990,00554024,셀트리온헬스케어,2020,Q3,11014,CFS,,SCE,자본변동표,ifrs-full_Equity,기말자본,equity,제 21 기 3분기,1875906099848,,,,,11,KRW
091990,00554024,셀트리온헬스케어,2020,Q3,11014,CFS,,SCE,자본변동표,ifrs-full_Equity,기말자본,equity,제 21 기 3분기,-157732827156,,,,,11,KRW
091990,00554024,셀트리온헬스케어,2020,Q3,11014,CFS,,SCE,자본변동표,ifrs-full_Equity,기말자본,equity,제 21 기 3분기,-57079484572,,,,,11,KRW
091990,00554024,셀트리온헬스케어,2020,Q3,11014,CFS,,SCE,자본변동표,ifrs-full_Equity,기말자본,equity,제 21 기 3분기,531239478573,,,,,11,KRW
091990,00554024,셀트리온헬스케어,2020,Q3,11014,CFS,,SCE,자본변동표,ifrs-full_Equity,기말자본,equity,제 21 기 3분기,1407719311003,,,,,11,KRW
091990,00554024,셀트리온헬스케어,2020,Q3,11014,CFS,,SCE,자본변동표,ifrs-full_Equity,기말자본,equity,제 21 기 3분기,151759622000,,,,,11,KRW
091990,00554024,셀트리온헬스케어,2020,Q3,11014,OFS,,BS,재무상태표,dart_ElementsOfOtherStockholdersEquity,기타자본항목,equity,제 21 기 3분기말,-157732847672,,제 20 기말,-155016042233,,35,KRW
091990,00554024,셀트리온헬스케어,2020,Q3,11014,OFS,,BS,재무상태표,ifrs-full_Equity,자본총계,equity,제 21 기 3분기말,2086738199409,,제 20 기말,1737912462678,,38,KRW
091990,00554024,셀트리온헬스케어,2020,Q3,11014,OFS,,BS,재무상태표,ifrs-full_EquityAndLiabilities,자본과부채총계,equity,제 21 기 3분기말,3588004248651,,제 20 기말,2773873519147,,39,KRW
091990,00554024,셀트리온헬스케어,2020,Q3,11014,OFS,,CIS,포괄손익계산서,dart_OperatingIncomeLoss,영업이익,operating_profit,제 21 기 3분기,186389795221,403051075578,,,104176200560,4,KRW
091990,00554024,셀트리온헬스케어,2020,Q3,11014,OFS,,CIS,포괄손익계산서,ifrs-full_ProfitLossBeforeTax,법인세비용차감전순이익,net_income,제 21 기 3분기,181467502521,424670901201,,,118133256363,9,KRW
091990,00554024,셀트리온헬스케어,2020,Q3,11014,OFS,,CIS,포괄손익계산서,ifrs-full_ProfitLoss,분기순이익,net_income,제 21 기 3분기,140594987676,333383572142,,,85164737512,11,KRW
091990,00554024,셀트리온헬스케어,2020,Q3,11014,OFS,,CF,현금흐름표,ifrs-full_CashFlowsFromUsedInOperatingActivities,영업활동현금흐름,cfo,제 21 기 3분기,61283673488,,,,,0,KRW
091990,00554024,셀트리온헬스케어,2020,Q3,11014,OFS,,CF,현금흐름표,ifrs-full_PurchaseOfPropertyPlantAndEquipmentClassifiedAsInvestingActivities,유형자산의 취득,capex,제 21 기 3분기,113834545,,,,,15,KRW
091990,00554024,셀트리온헬스케어,2020,Q3,11014,OFS,,CF,현금흐름표,ifrs-full_PurchaseOfIntangibleAssetsClassifiedAsInvestingActivities,무형자산의 취득,capex,제 21 기 3분기,2220516000,,,,,16,KRW
091990,00554024,셀트리온헬스케어,2020,Q3,11014,OFS,,SCE,자본변동표,dart_EquityAtBeginningOfPeriod,기초자본,equity,제 21 기 3분기,1737912462678,,,,,1,KRW
091990,00554024,셀트리온헬스케어,2020,Q3,11014,OFS,,SCE,자본변동표,dart_EquityAtBeginningOfPeriod,기초자본,equity,제 21 기 3분기,-155016042233,,,,,1,KRW
091990,00554024,셀트리온헬스케어,2020,Q3,11014,OFS,,SCE,자본변동표,dart_EquityAtBeginningOfPeriod,기초자본,equity,제 21 기 3분기,0,,,,,1,KRW
091990,00554024,셀트리온헬스케어,2020,Q3,11014,OFS,,SCE,자본변동표,dart_EquityAtBeginningOfPeriod,기초자본,equity,제 21 기 3분기,358343818767,,,,,1,KRW
091990,00554024,셀트리온헬스케어,2020,Q3,11014,OFS,,SCE,자본변동표,dart_EquityAtBeginningOfPeriod,기초자본,equity,제 21 기 3분기,143928048000,,,,,1,KRW
091990,00554024,셀트리온헬스케어,2020,Q3,11014,OFS,,SCE,자본변동표,dart_EquityAtBeginningOfPeriod,기초자본,equity,제 21 기 3분기,1390656638144,,,,,1,KRW
091990,00554024,셀트리온헬스케어,2020,Q3,11014,OFS,,SCE,자본변동표,ifrs-full_ProfitLoss,분기순이익,net_income,제 21 기 3분기,0,,,,,2,KRW
091990,00554024,셀트리온헬스케어,2020,Q3,11014,OFS,,SCE,자본변동표,ifrs-full_ProfitLoss,분기순이익,net_income,제 21 기 3분기,0,,,,,2,KRW
091990,00554024,셀트리온헬스케어,2020,Q3,11014,OFS,,SCE,자본변동표,ifrs-full_ProfitLoss,분기순이익,net_income,제 21 기 3분기,333383572142,,,,,2,KRW
091990,00554024,셀트리온헬스케어,2020,Q3,11014,OFS,,SCE,자본변동표,ifrs-full_ProfitLoss,분기순이익,net_income,제 21 기 3분기,0,,,,,2,KRW
091990,00554024,셀트리온헬스케어,2020,Q3,11014,OFS,,SCE,자본변동표,ifrs-full_ProfitLoss,분기순이익,net_income,제 21 기 3분기,0,,,,,2,KRW
091990,00554024,셀트리온헬스케어,2020,Q3,11014,OFS,,SCE,자본변동표,ifrs-full_ProfitLoss,분기순이익,net_income,제 21 기 3분기,140594987676,,,,,2,KRW
091990,00554024,셀트리온헬스케어,2020,Q3,11014,OFS,,SCE,자본변동표,ifrs-full_Equity,기말자본,equity,제 21 기 3분기,151759622000,,,,,8,KRW
091990,00554024,셀트리온헬스케어,2020,Q3,11014,OFS,,SCE,자본변동표,ifrs-full_Equity,기말자본,equity,제 21 기 3분기,684611242909,,,,,8,KRW
091990,00554024,셀트리온헬스케어,2020,Q3,11014,OFS,,SCE,자본변동표,ifrs-full_Equity,기말자본,equity,제 21 기 3분기,380871169,,,,,8,KRW
091990,00554024,셀트리온헬스케어,2020,Q3,11014,OFS,,SCE,자본변동표,ifrs-full_Equity,기말자본,equity,제 21 기 3분기,-157732847672,,,,,8,KRW
091990,00554024,셀트리온헬스케어,2020,Q3,11014,OFS,,SCE,자본변동표,ifrs-full_Equity,기말자본,equity,제 21 기 3분기,2086738199409,,,,,8,KRW
091990,00554024,셀트리온헬스케어,2020,Q3,11014,OFS,,SCE,자본변동표,ifrs-full_Equity,기말자본,equity,제 21 기 3분기,1407719311003,,,,,8,KRW
091990,00554024,셀트리온헬스케어,2020,FY,11011,CFS,,BS,재무상태표,ifrs-full_EquityAttributableToOwnersOfParent,지배기업의 소유주에게 귀속되는 자본,equity,제 21 기,1932929872653,,제 20 기,1665893819653,,32,KRW
091990,00554024,셀트리온헬스케어,2020,FY,11011,CFS,,BS,재무상태표,dart_ElementsOfOtherStockholdersEquity,기타자본항목,equity,제 21 기,-155941870577,,제 20 기,-155016022439,,35,KRW
091990,00554024,셀트리온헬스케어,2020,FY,11011,CFS,,BS,재무상태표,ifrs-full_Equity,자본총계,equity,제 21 기,1932929744779,,제 20 기,1665893807239,,39,KRW
091990,00554024,셀트리온헬스케어,2020,FY,11011,CFS,,BS,재무상태표,ifrs-full_EquityAndLiabilities,자본과부채총계,equity,제 21 기,3739698458262,,제 20 기,2848904874116,,40,KRW
091990,00554024,셀트리온헬스케어,2020,FY,11011,CFS,,CIS,포괄손익계산서,dart_OperatingIncomeLoss,영업이익(손실),operating_profit,제 21 기,362112054668,,제 20 기,82793144838,,4,KRW
091990,00554024,셀트리온헬스케어,2020,FY,11011,CFS,,CIS,포괄손익계산서,ifrs-full_ProfitLossBeforeTax,법인세비용차감전순이익,net_income,제 21 기,314679946564,,제 20 기,75362166247,,10,KRW
091990,00554024,셀트리온헬스케어,2020,FY,11011,CFS,,CIS,포괄손익계산서,ifrs-full_ProfitLoss,당기순이익,net_income,제 21 기,240406565499,,제 20 기,64961999795,,12,KRW
091990,00554024,셀트리온헬스케어,2020,FY,11011,CFS,,CIS,포괄손익계산서,ifrs-full_ProfitLossAttributableToOwnersOfParent,지배기업소유주지분,net_income,제 21 기,240406680069,,제 20 기,64962053848,,14,KRW
091990,00554024,셀트리온헬스케어,2020,FY,11011,CFS,,CIS,포괄손익계산서,ifrs-full_ProfitLossAttributableToNoncontrollingInterests,비지배지분,net_income,제 21 기,-114570,,제 20 기,-54053,,15,KRW
091990,00554024,셀트리온헬스케어,2020,FY,11011,CFS,,CF,현금흐름표,ifrs-full_CashFlowsFromUsedInOperatingActivities,영업활동현금흐름,cfo,제 21 기,-22608112292,,제 20 기,-163839197088,,0,KRW
091990,00554024,셀트리온헬스케어,2020,FY,11011,CFS,,CF,현금흐름표,ifrs-full_PurchaseOfPropertyPlantAndEquipmentClassifiedAsInvestingActivities,유형자산의 취득,capex,제 21 기,773801895,,제 20 기,271254593,,20,KRW
091990,00554024,셀트리온헬스케어,2020,FY,11011,CFS,,CF,현금흐름표,ifrs-full_PurchaseOfIntangibleAssetsClassifiedAsInvestingActivities,무형자산의 취득,capex,제 21 기,2222664027,,제 20 기,322313050,,21,KRW
091990,00554024,셀트리온헬스케어,2020,FY,11011,CFS,,SCE,자본변동표,dart_EquityAtBeginningOfPeriod,기초자본,equity,제 21 기,143928048000,,제 20 기,140526549000,,1,KRW
091990,00554024,셀트리온헬스케어,2020,FY,11011,CFS,,SCE,자본변동표,dart_EquityAtBeginningOfPeriod,기초자본,equity,제 21 기,329641450624,,제 20 기,267462571776,,1,KRW
091990,00554024,셀트리온헬스케어,2020,FY,11011,CFS,,SCE,자본변동표,dart_EquityAtBeginningOfPeriod,기초자본,equity,제 21 기,1390656638144,,제 20 기,1377025703411,,1,KRW
091990,00554024,셀트리온헬스케어,2020,FY,11011,CFS,,SCE,자본변동표,dart_EquityAtBeginningOfPeriod,기초자본,equity,제 21 기,1665893807239,,제 20 기,1635478494404,,1,KRW
091990,00554024,셀트리온헬스케어,2020,FY,11011,CFS,,SCE,자본변동표,dart_EquityAtBeginningOfPeriod,기초자본,equity,제 21 기,-12414,,제 20 기,8049,,1,KRW
091990,00554024,셀트리온헬스케어,2020,FY,11011,CFS,,SCE,자본변동표,dart_EquityAtBeginningOfPeriod,기초자본,equity,제 21 기,1665893819653,,제 20 기,1635478486355,,1,KRW
091990,00554024,셀트리온헬스케어,2020,FY,11011,CFS,,SCE,자본변동표,dart_EquityAtBeginningOfPeriod,기초자본,equity,제 21 기,-155016022439,,제 20 기,-138109241760,,1,KRW
091990,00554024,셀트리온헬스케어,2020,FY,11011,CFS,,SCE,자본변동표,dart_EquityAtBeginningOfPeriod,기초자본,equity,제 21 기,-43316294676,,제 20 기,-11427096072,,1,KRW
091990,00554024,셀트리온헬스케어,2020,FY,11011,CFS,,SCE,자본변동표,ifrs-full_ProfitLoss,당기순이익,net_income,제 21 기,240406565499,,제 20 기,64961999795,,2,KRW
091990,00554024,셀트리온헬스케어,2020,FY,11011,CFS,,SCE,자본변동표,ifrs-full_ProfitLoss,당기순이익,net_income,제 21 기,0,,제 20 기,0,,2,KRW
091990,00554024,셀트리온헬스케어,2020,FY,11011,CFS,,SCE,자본변동표,ifrs-full_ProfitLoss,당기순이익,net_income,제 21 기,240406680069,,제 20 기,64962053848,,2,KRW
091990,00554024,셀트리온헬스케어,2020,FY,11011,CFS,,SCE,자본변동표,ifrs-full_ProfitLoss,당기순이익,net_income,제 21 기,0,,제 20 기,0,,2,KRW
091990,00554024,셀트리온헬스케어,2020,FY,11011,CFS,,SCE,자본변동표,ifrs-full_ProfitLoss,당기순이익,net_income,제 21 기,0,,제 20 기,0,,2,KRW
091990,00554024,셀트리온헬스케어,2020,FY,11011,CFS,,SCE,자본변동표,ifrs-full_ProfitLoss,당기순이익,net_income,제 21 기,240406680069,,제 20 기,64962053848,,2,KRW
091990,00554024,셀트리온헬스케어,2020,FY,11011,CFS,,SCE,자본변동표,ifrs-full_ProfitLoss,당기순이익,net_income,제 21 기,-114570,,제 20 기,-54053,,2,KRW
091990,00554024,셀트리온헬스케어,2020,FY,11011,CFS,,SCE,자본변동표,ifrs-full_ProfitLoss,당기순이익,net_income,제 21 기,0,,제 20 기,0,,2,KRW
091990,00554024,셀트리온헬스케어,2020,FY,11011,CFS,,SCE,자본변동표,ifrs-full_Equity,기말자본,equity,제 21 기,1932929744779,,제 20 기,1665893807239,,11,KRW
091990,00554024,셀트리온헬스케어,2020,FY,11011,CFS,,SCE,자본변동표,ifrs-full_Equity,기말자본,equity,제 21 기,-127874,,제 20 기,-12414,,11,KRW
091990,00554024,셀트리온헬스케어,2020,FY,11011,CFS,,SCE,자본변동표,ifrs-full_Equity,기말자본,equity,제 21 기,1932929872653,,제 20 기,1665893819653,,11,KRW
091990,00554024,셀트리온헬스케어,2020,FY,11011,CFS,,SCE,자본변동표,ifrs-full_Equity,기말자본,equity,제 21 기,-155941870577,,제 20 기,-155016022439,,11,KRW
091990,00554024,셀트리온헬스케어,2020,FY,11011,CFS,,SCE,자본변동표,ifrs-full_Equity,기말자본,equity,제 21 기,-34422560982,,제 20 기,-43316294676,,11,KRW
091990,00554024,셀트리온헬스케어,2020,FY,11011,CFS,,SCE,자본변동표,ifrs-full_Equity,기말자본,equity,제 21 기,562931982693,,제 20 기,329641450624,,11,KRW
091990,00554024,셀트리온헬스케어,2020,FY,11011,CFS,,SCE,자본변동표,ifrs-full_Equity,기말자본,equity,제 21 기,1408552499519,,제 20 기,1390656638144,,11,KRW
091990,00554024,셀트리온헬스케어,2020,FY,11011,CFS,,SCE,자본변동표,ifrs-full_Equity,기말자본,equity,제 21 기,151809822000,,제 20 기,143928048000,,11,KRW
091990,00554024,셀트리온헬스케어,2020,FY,11011,OFS,,BS,재무상태표,dart_ElementsOfOtherStockholdersEquity,기타자본항목,equity,제 21 기,-155941890986,,제 20 기,-155016042233,,34,KRW
091990,00554024,셀트리온헬스케어,2020,FY,11011,OFS,,BS,재무상태표,ifrs-full_Equity,자본총계,equity,제 21 기,2058134741447,,제 20 기,1737912462678,,36,KRW
091990,00554024,셀트리온헬스케어,2020,FY,11011,OFS,,BS,재무상태표,ifrs-full_EquityAndLiabilities,자본과부채총계,equity,제 21 기,3689038625240,,제 20 기,2773873519147,,37,KRW
091990,00554024,셀트리온헬스케어,2020,FY,11011,OFS,,CIS,포괄손익계산서,dart_OperatingIncomeLoss,영업이익(손실),operating_profit,제 21 기,427472796225,,제 20 기,83171825321,,4,KRW
091990,00554024,셀트리온헬스케어,2020,FY,11011,OFS,,CIS,포괄손익계산서,ifrs-full_ProfitLossBeforeTax,법인세비용차감전순이익,net_income,제 21 기,382707030481,,제 20 기,75779174738,,9,KRW
091990,00554024,셀트리온헬스케어,2020,FY,11011,OFS,,CIS,포괄손익계산서,ifrs-full_ProfitLoss,당기순이익,net_income,제 21 기,302486640147,,제 20 기,61198703407,,11,KRW
091990,00554024,셀트리온헬스케어,2020,FY,11011,OFS,,CF,현금흐름표,ifrs-full_CashFlowsFromUsedInOperatingActivities,영업활동현금흐름,cfo,제 21 기,175911307326,,제 20 기,-145249538502,,0,KRW
091990,00554024,셀트리온헬스케어,2020,FY,11011,OFS,,CF,현금흐름표,ifrs-full_PurchaseOfPropertyPlantAndEquipmentClassifiedAsInvestingActivities,유형자산의 취득,capex,제 21 기,400496545,,제 20 기,49540910,,19,KRW
091990,00554024,셀트리온헬스케어,2020,FY,11011,OFS,,CF,현금흐름표,ifrs-full_PurchaseOfIntangibleAssetsClassifiedAsInvestingActivities,무형자산의 취득,capex,제 21 기,2220516000,,제 20 기,320500000,,20,KRW
091990,00554024,셀트리온헬스케어,2020,FY,11011,OFS,,SCE,자본변동표,dart_EquityAtBeginningOfPeriod,기초자본,equity,제 21 기,143928048000,,제 20 기,140526549000,,1,KRW
091990,00554024,셀트리온헬스케어,2020,FY,11011,OFS,,SCE,자본변동표,dart_EquityAtBeginningOfPeriod,기초자본,equity,제 21 기,358343818767,,제 20 기,299928290360,,1,KRW
091990,00554024,셀트리온헬스케어,2020,FY,11011,OFS,,SCE,자본변동표,dart_EquityAtBeginningOfPeriod,기초자본,equity,제 21 기,0,,제 20 기,0,,1,KRW
091990,00554024,셀트리온헬스케어,2020,FY,11011,OFS,,SCE,자본변동표,dart_EquityAtBeginningOfPeriod,기초자본,equity,제 21 기,-155016042233,,제 20 기,-138109263446,,1,KRW
091990,00554024,셀트리온헬스케어,2020,FY,11011,OFS,,SCE,자본변동표,dart_EquityAtBeginningOfPeriod,기초자본,equity,제 21 기,1390656638144,,제 20 기,1377025703411,,1,KRW
091990,00554024,셀트리온헬스케어,2020,FY,11011,OFS,,SCE,자본변동표,dart_EquityAtBeginningOfPeriod,기초자본,equity,제 21 기,1737912462678,,제 20 기,1679371279325,,1,KRW
091990,00554024,셀트리온헬스케어,2020,FY,11011,OFS,,SCE,자본변동표,ifrs-full_ProfitLoss,당기순이익,net_income,제 21 기,0,,제 20 기,0,,2,KRW
091990,00554024,셀트리온헬스케어,2020,FY,11011,OFS,,SCE,자본변동표,ifrs-full_ProfitLoss,당기순이익,net_income,제 21 기,0,,제 20 기,0,,2,KRW
091990,00554024,셀트리온헬스케어,2020,FY,11011,OFS,,SCE,자본변동표,ifrs-full_ProfitLoss,당기순이익,net_income,제 21 기,302486640147,,제 20 기,61198703407,,2,KRW
091990,00554024,셀트리온헬스케어,2020,FY,11011,OFS,,SCE,자본변동표,ifrs-full_ProfitLoss,당기순이익,net_income,제 21 기,0,,제 20 기,0,,2,KRW
091990,00554024,셀트리온헬스케어,2020,FY,11011,OFS,,SCE,자본변동표,ifrs-full_ProfitLoss,당기순이익,net_income,제 21 기,0,,제 20 기,0,,2,KRW
091990,00554024,셀트리온헬스케어,2020,FY,11011,OFS,,SCE,자본변동표,ifrs-full_ProfitLoss,당기순이익,net_income,제 21 기,302486640147,,제 20 기,61198703407,,2,KRW
091990,00554024,셀트리온헬스케어,2020,FY,11011,OFS,,SCE,자본변동표,ifrs-full_Equity,기말자본,equity,제 21 기,151809822000,,제 20 기,143928048000,,8,KRW
091990,00554024,셀트리온헬스케어,2020,FY,11011,OFS,,SCE,자본변동표,ifrs-full_Equity,기말자본,equity,제 21 기,653714310914,,제 20 기,358343818767,,8,KRW
091990,00554024,셀트리온헬스케어,2020,FY,11011,OFS,,SCE,자본변동표,ifrs-full_Equity,기말자본,equity,제 21 기,0,,제 20 기,0,,8,KRW
091990,00554024,셀트리온헬스케어,2020,FY,11011,OFS,,SCE,자본변동표,ifrs-full_Equity,기말자본,equity,제 21 기,-155941890986,,제 20 기,-155016042233,,8,KRW
091990,00554024,셀트리온헬스케어,2020,FY,11011,OFS,,SCE,자본변동표,ifrs-full_Equity,기말자본,equity,제 21 기,2058134741447,,제 20 기,1737912462678,,8,KRW
091990,00554024,셀트리온헬스케어,2020,FY,11011,OFS,,SCE,자본변동표,ifrs-full_Equity,기말자본,equity,제 21 기,1408552499519,,제 20 기,1390656638144,,8,KRW
091990,00554024,셀트리온헬스케어,2022,Q1,11013,CFS,,BS,재무상태표,ifrs-full_EquityAttributableToOwnersOfParent,지배기업의 소유주에게 귀속되는 자본,equity,제 23 기 1분기말,2030177514555,,제 22 기말,2105767724138,,31,KRW
091990,00554024,셀트리온헬스케어,2022,Q1,11013,CFS,,BS,재무상태표,dart_ElementsOfOtherStockholdersEquity,기타자본항목,equity,제 23 기 1분기말,-241989526415,,제 22 기말,-159032605406,,34,KRW
091990,00554024,셀트리온헬스케어,2022,Q1,11013,CFS,,BS,재무상태표,ifrs-full_Equity,자본총계,equity,제 23 기 1분기말,2030177531184,,제 22 기말,2105767609017,,38,KRW
091990,00554024,셀트리온헬스케어,2022,Q1,11013,CFS,,BS,재무상태표,ifrs-full_EquityAndLiabilities,자본과부채총계,equity,제 23 기 1분기말,3771510543272,,제 22 기말,3914694233589,,39,KRW
091990,00554024,셀트리온헬스케어,2022,Q1,11013,CFS,,CIS,포괄손익계산서,dart_OperatingIncomeLoss,영업이익,operating_profit,제 23 기 1분기,45035321553,45035321553,,,31479378528,4,KRW
091990,00554024,셀트리온헬스케어,2022,Q1,11013,CFS,,CIS,포괄손익계산서,ifrs-full_ProfitLossBeforeTax,법인세비용차감전순이익,net_income,제 23 기 1분기,61335336931,61335336931,,,35028001568,10,KRW
091990,00554024,셀트리온헬스케어,2022,Q1,11013,CFS,,CIS,포괄손익계산서,ifrs-full_ProfitLoss,분기순이익,net_income,제 23 기 1분기,43586013111,43586013111,,,31508602260,12,KRW
091990,00554024,셀트리온헬스케어,2022,Q1,11013,CFS,,CIS,포괄손익계산서,ifrs-full_ProfitLossAttributableToOwnersOfParent,지배기업소유주지분,net_income,제 23 기 1분기,43585876217,43585876217,,,31508606882,14,KRW
091990,00554024,셀트리온헬스케어,2022,Q1,11013,CFS,,CIS,포괄손익계산서,ifrs-full_ProfitLossAttributableToNoncontrollingInterests,비지배지분,net_income,제 23 기 1분기,136894,136894,,,-4622,15,KRW
091990,00554024,셀트리온헬스케어,2022,Q1,11013,CFS,,CF,현금흐름표,ifrs-full_CashFlowsFromUsedInOperatingActivities,영업활동현금흐름,cfo,제 23 기 1분기,16116202930,,,,,0,KRW
091990,00554024,셀트리온헬스케어,2022,Q1,11013,CFS,,CF,현금흐름표,ifrs-full_PurchaseOfPropertyPlantAndEquipmentClassifiedAsInvestingActivities,유형자산의 취득,capex,제 23 기 1분기,277593188,,,,,15,KRW
091990,00554024,셀트리온헬스케어,2022,Q1,11013,CFS,,CF,현금흐름표,ifrs-full_PurchaseOfIntangibleAssetsClassifiedAsInvestingActivities,무형자산의 취득,capex,제 23 기 1분기,41991191,,,,,16,KRW
091990,00554024,셀트리온헬스케어,2022,Q1,11013,CFS,,SCE,자본변동표,dart_EquityAtBeginningOfPeriod,기초자본,equity,제 23 기 1분기,155028498000,,,,,1,KRW
091990,00554024,셀트리온헬스케어,2022,Q1,11013,CFS,,SCE,자본변동표,dart_EquityAtBeginningOfPeriod,기초자본,equity,제 23 기 1분기,712495930309,,,,,1,KRW
091990,00554024,셀트리온헬스케어,2022,Q1,11013,CFS,,SCE,자본변동표,dart_EquityAtBeginningOfPeriod,기초자본,equity,제 23 기 1분기,-15274634487,,,,,1,KRW
091990,00554024,셀트리온헬스케어,2022,Q1,11013,CFS,,SCE,자본변동표,dart_EquityAtBeginningOfPeriod,기초자본,equity,제 23 기 1분기,-159032605406,,,,,1,KRW
091990,00554024,셀트리온헬스케어,2022,Q1,11013,CFS,,SCE,자본변동표,dart_EquityAtBeginningOfPeriod,기초자본,equity,제 23 기 1분기,2105767724138,,,,,1,KRW
091990,00554024,셀트리온헬스케어,2022,Q1,11013,CFS,,SCE,자본변동표,dart_EquityAtBeginningOfPeriod,기초자본,equity,제 23 기 1분기,-115121,,,,,1,KRW
091990,00554024,셀트리온헬스케어,2022,Q1,11013,CFS,,SCE,자본변동표,dart_EquityAtBeginningOfPeriod,기초자본,equity,제 23 기 1분기,2105767609017,,,,,1,KRW
091990,00554024,셀트리온헬스케어,2022,Q1,11013,CFS,,SCE,자본변동표,dart_EquityAtBeginningOfPeriod,기초자본,equity,제 23 기 1분기,1412550535722,,,,,1,KRW
091990,00554024,셀트리온헬스케어,2022,Q1,11013,CFS,,SCE,자본변동표,ifrs-full_ProfitLoss,분기순이익,net_income,제 23 기 1분기,0,,,,,2,KRW
091990,00554024,셀트리온헬스케어,2022,Q1,11013,CFS,,SCE,자본변동표,ifrs-full_ProfitLoss,분기순이익,net_income,제 23 기 1분기,0,,,,,2,KRW
091990,00554024,셀트리온헬스케어,2022,Q1,11013,CFS,,SCE,자본변동표,ifrs-full_ProfitLoss,분기순이익,net_income,제 23 기 1분기,43585876217,,,,,2,KRW
091990,00554024,셀트리온헬스케어,2022,Q1,11013,CFS,,SCE,자본변동표,ifrs-full_ProfitLoss,분기순이익,net_income,제 23 기 1분기,0,,,,,2,KRW
091990,00554024,셀트리온헬스케어,2022,Q1,11013,CFS,,SCE,자본변동표,ifrs-full_ProfitLoss,분기순이익,net_income,제 23 기 1분기,0,,,,,2,KRW
091990,00554024,셀트리온헬스케어,2022,Q1,11013,CFS,,SCE,자본변동표,ifrs-full_ProfitLoss,분기순이익,net_income,제 23 기 1분기,43585876217,,,,,2,KRW
091990,00554024,셀트리온헬스케어,2022,Q1,11013,CFS,,SCE,자본변동표,ifrs-full_ProfitLoss,분기순이익,net_income,제 23 기 1분기,43586013111,,,,,2,KRW
091990,00554024,셀트리온헬스케어,2022,Q1,11013,CFS,,SCE,자본변동표,ifrs-full_ProfitLoss,분기순이익,net_income,제 23 기 1분기,136894,,,,,2,KRW
091990,00554024,셀트리온헬스케어,2022,Q1,11013,CFS,,SCE,자본변동표,ifrs-full_Equity,기말자본,equity,제 23 기 1분기,2030177531184,,,,,11,KRW
091990,00554024,셀트리온헬스케어,2022,Q1,11013,CFS,,SCE,자본변동표,ifrs-full_Equity,기말자본,equity,제 23 기 1분기,16629,,,,,11,KRW
091990,00554024,셀트리온헬스케어,2022,Q1,11013,CFS,,SCE,자본변동표,ifrs-full_Equity,기말자본,equity,제 23 기 1분기,2030177514555,,,,,11,KRW
091990,00554024,셀트리온헬스케어,2022,Q1,11013,CFS,,SCE,자본변동표,ifrs-full_Equity,기말자본,equity,제 23 기 1분기,-241989526415,,,,,11,KRW
091990,00554024,셀트리온헬스케어,2022,Q1,11013,CFS,,SCE,자본변동표,ifrs-full_Equity,기말자본,equity,제 23 기 1분기,-12752569617,,,,,11,KRW
091990,00554024,셀트리온헬스케어,2022,Q1,11013,CFS,,SCE,자본변동표,ifrs-full_Equity,기말자본,equity,제 23 기 1분기,713159965346,,,,,11,KRW
091990,00554024,셀트리온헬스케어,2022,Q1,11013,CFS,,SCE,자본변동표,ifrs-full_Equity,기말자본,equity,제 23 기 1분기,1413633295241,,,,,11,KRW
091990,00554024,셀트리온헬스케어,2022,Q1,11013,CFS,,SCE,자본변동표,ifrs-full_Equity,기말자본,equity,제 23 기 1분기,158126350000,,,,,11,KRW
091990,00554024,셀트리온헬스케어,2022,Q1,11013,OFS,,BS,재무상태표,dart_ElementsOfOtherStockholdersEquity,기타자본항목,equity,제 23 기 1분기말,-241989517956,,제 22 기말,-159032605668,,32,KRW
091990,00554024,셀트리온헬스케어,2022,Q1,11013,OFS,,BS,재무상태표,ifrs-full_Equity,자본총계,equity,제 23 기 1분기말,2095579838384,,제 22 기말,2135462837170,,34,KRW
091990,00554024,셀트리온헬스케어,2022,Q1,11013,OFS,,BS,재무상태표,ifrs-full_EquityAndLiabilities,자본과부채총계,equity,제 23 기 1분기말,3318644110910,,제 22 기말,3457108483675,,35,KRW
091990,00554024,셀트리온헬스케어,2022,Q1,11013,OFS,,CIS,포괄손익계산서,dart_OperatingIncomeLoss,영업이익,operating_profit,제 23 기 1분기,95105813681,95105813681,,,27148081382,4,KRW
091990,00554024,셀트리온헬스케어,2022,Q1,11013,OFS,,CIS,포괄손익계산서,ifrs-full_ProfitLossBeforeTax,법인세비용차감전순이익,net_income,제 23 기 1분기,114072589230,114072589230,,,30965794517,9,KRW
091990,00554024,셀트리온헬스케어,2022,Q1,11013,OFS,,CIS,포괄손익계산서,ifrs-full_ProfitLoss,분기순이익,net_income,제 23 기 1분기,81815143163,81815143163,,,27261782040,11,KRW
091990,00554024,셀트리온헬스케어,2022,Q1,11013,OFS,,CF,현금흐름표,ifrs-full_CashFlowsFromUsedInOperatingActivities,영업활동현금흐름,cfo,제 23 기 1분기,-22725753594,,,,,0,KRW
091990,00554024,셀트리온헬스케어,2022,Q1,11013,OFS,,CF,현금흐름표,ifrs-full_PurchaseOfPropertyPlantAndEquipmentClassifiedAsInvestingActivities,유형자산의 취득,capex,제 23 기 1분기,498000,,,,,11,KRW
091990,00554024,셀트리온헬스케어,2022,Q1,11013,OFS,,CF,현금흐름표,ifrs-full_PurchaseOfIntangibleAssetsClassifiedAsInvestingActivities,무형자산의 취득,capex,제 23 기 1분기,38067456,,,,,12,KRW
091990,00554024,셀트리온헬스케어,2022,Q1,11013,OFS,,SCE,자본변동표,dart_EquityAtBeginningOfPeriod,기초자본,equity,제 23 기 1분기,2135462837170,,,,,1,KRW
091990,00554024,셀트리온헬스케어,2022,Q1,11013,OFS,,SCE,자본변동표,dart_EquityAtBeginningOfPeriod,기초자본,equity,제 23 기 1분기,-159032605668,,,,,1,KRW
091990,00554024,셀트리온헬스케어,2022,Q1,11013,OFS,,SCE,자본변동표,dart_EquityAtBeginningOfPeriod,기초자본,equity,제 23 기 1분기,0,,,,,1,KRW
091990,00554024,셀트리온헬스케어,2022,Q1,11013,OFS,,SCE,자본변동표,dart_EquityAtBeginningOfPeriod,기초자본,equity,제 23 기 1분기,726916409116,,,,,1,KRW
091990,00554024,셀트리온헬스케어,2022,Q1,11013,OFS,,SCE,자본변동표,dart_EquityAtBeginningOfPeriod,기초자본,equity,제 23 기 1분기,155028498000,,,,,1,KRW
091990,00554024,셀트리온헬스케어,2022,Q1,11013,OFS,,SCE,자본변동표,dart_EquityAtBeginningOfPeriod,기초자본,equity,제 23 기 1분기,1412550535722,,,,,1,KRW
091990,00554024,셀트리온헬스케어,2022,Q1,11013,OFS,,SCE,자본변동표,ifrs-full_ProfitLoss,분기순이익,net_income,제 23 기 1분기,0,,,,,2,KRW
091990,00554024,셀트리온헬스케어,2022,Q1,11013,OFS,,SCE,자본변동표,ifrs-full_ProfitLoss,분기순이익,net_income,제 23 기 1분기,0,,,,,2,KRW
091990,00554024,셀트리온헬스케어,2022,Q1,11013,OFS,,SCE,자본변동표,ifrs-full_ProfitLoss,분기순이익,net_income,제 23 기 1분기,81815143163,,,,,2,KRW
091990,00554024,셀트리온헬스케어,2022,Q1,11013,OFS,,SCE,자본변동표,ifrs-full_ProfitLoss,분기순이익,net_income,제 23 기 1분기,0,,,,,2,KRW
091990,00554024,셀트리온헬스케어,2022,Q1,11013,OFS,,SCE,자본변동표,ifrs-full_ProfitLoss,분기순이익,net_income,제 23 기 1분기,0,,,,,2,KRW
091990,00554024,셀트리온헬스케어,2022,Q1,11013,OFS,,SCE,자본변동표,ifrs-full_ProfitLoss,분기순이익,net_income,제 23 기 1분기,81815143163,,,,,2,KRW
091990,00554024,셀트리온헬스케어,2022,Q1,11013,OFS,,SCE,자본변동표,ifrs-full_Equity,기말자본,equity,제 23 기 1분기,158126350000,,,,,8,KRW
091990,00554024,셀트리온헬스케어,2022,Q1,11013,OFS,,SCE,자본변동표,ifrs-full_Equity,기말자본,equity,제 23 기 1분기,765809711099,,,,,8,KRW
091990,00554024,셀트리온헬스케어,2022,Q1,11013,OFS,,SCE,자본변동표,ifrs-full_Equity,기말자본,equity,제 23 기 1분기,0,,,,,8,KRW
091990,00554024,셀트리온헬스케어,2022,Q1,11013,OFS,,SCE,자본변동표,ifrs-full_Equity,기말자본,equity,제 23 기 1분기,-241989517956,,,,,8,KRW
091990,00554024,셀트리온헬스케어,2022,Q1,11013,OFS,,SCE,자본변동표,ifrs-full_Equity,기말자본,equity,제 23 기 1분기,2095579838384,,,,,8,KRW
091990,00554024,셀트리온헬스케어,2022,Q1,11013,OFS,,SCE,자본변동표,ifrs-full_Equity,기말자본,equity,제 23 기 1분기,1413633295241,,,,,8,KRW
091990,00554024,셀트리온헬스케어,2022,H1,11012,CFS,,BS,재무상태표,ifrs-full_EquityAttributableToOwnersOfParent,지배기업의 소유주에게 귀속되는 자본,equity,제 23 기 반기말,2067283833947,,제 22 기말,2105767724138,,31,KRW
091990,00554024,셀트리온헬스케어,2022,H1,11012,CFS,,BS,재무상태표,dart_ElementsOfOtherStockholdersEquity,기타자본항목,equity,제 23 기 반기말,-246175299062,,제 22 기말,-159032605406,,34,KRW
091990,00554024,셀트리온헬스케어,2022,H1,11012,CFS,,BS,재무상태표,ifrs-full_Equity,자본총계,equity,제 23 기 반기말,2067283854182,,제 22 기말,2105767609017,,38,KRW
091990,00554024,셀트리온헬스케어,2022,H1,11012,CFS,,BS,재무상태표,ifrs-full_EquityAndLiabilities,자본과부채총계,equity,제 23 기 반기말,4154062092150,,제 22 기말,3914694233589,,39,KRW
091990,00554024,셀트리온헬스케어,2022,H1,11012,CFS,,CIS,포괄손익계산서,dart_OperatingIncomeLoss,영업이익,operating_profit,제 23 기 반기,74082852192,119118173745,,,107639991595,4,KRW
091990,00554024,셀트리온헬스케어,2022,H1,11012,CFS,,CIS,포괄손익계산서,ifrs-full_ProfitLossBeforeTax,법인세비용차감전순이익,net_income,제 23 기 반기,95216587541,156551924472,,,122861430477,10,KRW
091990,00554024,셀트리온헬스케어,2022,H1,11012,CFS,,CIS,포괄손익계산서,ifrs-full_ProfitLoss,반기순이익,net_income,제 23 기 반기,39116186907,82702200018,,,95221542285,12,KRW
091990,00554024,셀트리온헬스케어,2022,H1,11012,CFS,,CIS,포괄손익계산서,ifrs-full_ProfitLossAttributableToOwnersOfParent,지배기업소유주지분,net_income,제 23 기 반기,39116199365,82702075582,,,95221551484,14,KRW
091990,00554024,셀트리온헬스케어,2022,H1,11012,CFS,,CIS,포괄손익계산서,ifrs-full_ProfitLossAttributableToNoncontrollingInterests,비지배지분,net_income,제 23 기 반기,-12458,124436,,,-9199,15,KRW
091990,00554024,셀트리온헬스케어,2022,H1,11012,CFS,,CF,현금흐름표,ifrs-full_CashFlowsFromUsedInOperatingActivities,영업활동현금흐름,cfo,제 23 기 반기,155855539299,,,,,0,KRW
091990,00554024,셀트리온헬스케어,2022,H1,11012,CFS,,CF,현금흐름표,ifrs-full_PurchaseOfPropertyPlantAndEquipmentClassifiedAsInvestingActivities,유형자산의 취득,capex,제 23 기 반기,343312495,,,,,18,KRW
091990,00554024,셀트리온헬스케어,2022,H1,11012,CFS,,CF,현금흐름표,ifrs-full_PurchaseOfIntangibleAssetsClassifiedAsInvestingActivities,무형자산의 취득,capex,제 23 기 반기,224738414,,,,,19,KRW
091990,00554024,셀트리온헬스케어,2022,H1,11012,CFS,,SCE,자본변동표,dart_EquityAtBeginningOfPeriod,기초자본,equity,제 23 기 반기,155028498000,,,,,1,KRW
091990,00554024,셀트리온헬스케어,2022,H1,11012,CFS,,SCE,자본변동표,dart_EquityAtBeginningOfPeriod,기초자본,equity,제 23 기 반기,712495930309,,,,,1,KRW
091990,00554024,셀트리온헬스케어,2022,H1,11012,CFS,,SCE,자본변동표,dart_EquityAtBeginningOfPeriod,기초자본,equity,제 23 기 반기,-15274634487,,,,,1,KRW
091990,00554024,셀트리온헬스케어,2022,H1,11012,CFS,,SCE,자본변동표,dart_EquityAtBeginningOfPeriod,기초자본,equity,제 23 기 반기,-159032605406,,,,,1,KRW
091990,00554024,셀트리온헬스케어,2022,H1,11012,CFS,,SCE,자본변동표,dart_EquityAtBeginningOfPeriod,기초자본,equity,제 23 기 반기,2105767724138,,,,,1,KRW
091990,00554024,셀트리온헬스케어,2022,H1,11012,CFS,,SCE,자본변동표,dart_EquityAtBeginningOfPeriod,기초자본,equity,제 23 기 반기,-115121,,,,,1,KRW
091990,00554024,셀트리온헬스케어,2022,H1,11012,CFS,,SCE,자본변동표,dart_EquityAtBeginningOfPeriod,기초자본,equity,제 23 기 반기,2105767609017,,,,,1,KRW
091990,00554024,셀트리온헬스케어,2022,H1,11012,CFS,,SCE,자본변동표,dart_EquityAtBeginningOfPeriod,기초자본,equity,제 23 기 반기,1412550535722,,,,,1,KRW
091990,00554024,셀트리온헬스케어,2022,H1,11012,CFS,,SCE,자본변동표,ifrs-full_ProfitLoss,반기순이익,net_income,제 23 기 반기,0,,,,,2,KRW
091990,00554024,셀트리온헬스케어,2022,H1,11012,CFS,,SCE,자본변동표,ifrs-full_ProfitLoss,반기순이익,net_income,제 23 기 반기,0,,,,,2,KRW
091990,00554024,셀트리온헬스케어,2022,H1,11012,CFS,,SCE,자본변동표,ifrs-full_ProfitLoss,반기순이익,net_income,제 23 기 반기,82702075582,,,,,2,KRW
091990,00554024,셀트리온헬스케어,2022,H1,11012,CFS,,SCE,자본변동표,ifrs-full_ProfitLoss,반기순이익,net_income,제 23 기 반기,0,,,,,2,KRW
091990,00554024,셀트리온헬스케어,2022,H1,11012,CFS,,SCE,자본변동표,ifrs-full_ProfitLoss,반기순이익,net_income,제 23 기 반기,0,,,,,2,KRW
091990,00554024,셀트리온헬스케어,2022,H1,11012,CFS,,SCE,자본변동표,ifrs-full_ProfitLoss,반기순이익,net_income,제 23 기 반기,82702075582,,,,,2,KRW
091990,00554024,셀트리온헬스케어,2022,H1,11012,CFS,,SCE,자본변동표,ifrs-full_ProfitLoss,반기순이익,net_income,제 23 기 반기,39116186907,,,,,2,KRW
091990,00554024,셀트리온헬스케어,2022,H1,11012,CFS,,SCE,자본변동표,ifrs-full_ProfitLoss,반기순이익,net_income,제 23 기 반기,124436,,,,,2,KRW
091990,00554024,셀트리온헬스케어,2022,H1,11012,CFS,,SCE,자본변동표,ifrs-full_Equity,기말자본,equity,제 23 기 반기,2067283854182,,,,,11,KRW
091990,00554024,셀트리온헬스케어,2022,H1,11012,CFS,,SCE,자본변동표,ifrs-full_Equity,기말자본,equity,제 23 기 반기,20235,,,,,11,KRW
091990,00554024,셀트리온헬스케어,2022,H1,11012,CFS,,SCE,자본변동표,ifrs-full_Equity,기말자본,equity,제 23 기 반기,2067283833947,,,,,11,KRW
091990,00554024,셀트리온헬스케어,2022,H1,11012,CFS,,SCE,자본변동표,ifrs-full_Equity,기말자본,equity,제 23 기 반기,-246175299062,,,,,11,KRW
091990,00554024,셀트리온헬스케어,2022,H1,11012,CFS,,SCE,자본변동표,ifrs-full_Equity,기말자본,equity,제 23 기 반기,-11546335721,,,,,11,KRW
091990,00554024,셀트리온헬스케어,2022,H1,11012,CFS,,SCE,자본변동표,ifrs-full_Equity,기말자본,equity,제 23 기 반기,752276164711,,,,,11,KRW
091990,00554024,셀트리온헬스케어,2022,H1,11012,CFS,,SCE,자본변동표,ifrs-full_Equity,기말자본,equity,제 23 기 반기,1414574419019,,,,,11,KRW
091990,00554024,셀트리온헬스케어,2022,H1,11012,CFS,,SCE,자본변동표,ifrs-full_Equity,기말자본,equity,제 23 기 반기,158154885000,,,,,11,KRW
091990,00554024,셀트리온헬스케어,2022,H1,11012,OFS,,BS,재무상태표,dart_ElementsOfOtherStockholdersEquity,기타자본항목,equity,제 23 기 반기말,-246175279253,,제 22 기말,-159032605668,,32,KRW
091990,00554024,셀트리온헬스케어,2022,H1,11012,OFS,,BS,재무상태표,ifrs-full_Equity,자본총계,equity,제 23 기 반기말,2192915803585,,제 22 기말,2135462837170,,34,KRW
091990,00554024,셀트리온헬스케어,2022,H1,11012,OFS,,BS,재무상태표,ifrs-full_EquityAndLiabilities,자본과부채총계,equity,제 23 기 반기말,3748017182133,,제 22 기말,3457108483675,,35,KRW
091990,00554024,셀트리온헬스케어,2022,H1,11012,OFS,,CIS,포괄손익계산서,dart_OperatingIncomeLoss,영업이익,operating_profit,제 23 기 반기,124760878584,219866692265,,,93917866653,4,KRW
091990,00554024,셀트리온헬스케어,2022,H1,11012,OFS,,CIS,포괄손익계산서,ifrs-full_ProfitLossBeforeTax,법인세비용차감전순이익,net_income,제 23 기 반기,151098603026,265171192256,,,111694206048,9,KRW
091990,00554024,셀트리온헬스케어,2022,H1,11012,OFS,,CIS,포괄손익계산서,ifrs-full_ProfitLoss,반기순이익,net_income,제 23 기 반기,100552067720,182367210883,,,86747838664,11,KRW
091990,00554024,셀트리온헬스케어,2022,H1,11012,OFS,,CF,현금흐름표,ifrs-full_CashFlowsFromUsedInOperatingActivities,영업활동현금흐름,cfo,제 23 기 반기,118373833939,,,,,0,KRW
091990,00554024,셀트리온헬스케어,2022,H1,11012,OFS,,CF,현금흐름표,ifrs-full_PurchaseOfPropertyPlantAndEquipmentClassifiedAsInvestingActivities,유형자산의 취득,capex,제 23 기 반기,2806000,,,,,14,KRW
091990,00554024,셀트리온헬스케어,2022,H1,11012,OFS,,CF,현금흐름표,ifrs-full_PurchaseOfIntangibleAssetsClassifiedAsInvestingActivities,무형자산의 취득,capex,제 23 기 반기,220494456,,,,,15,KRW
091990,00554024,셀트리온헬스케어,2022,H1,11012,OFS,,SCE,자본변동표,dart_EquityAtBeginningOfPeriod,기초자본,equity,제 23 기 반기,2135462837170,,,,,1,KRW
091990,00554024,셀트리온헬스케어,2022,H1,11012,OFS,,SCE,자본변동표,dart_EquityAtBeginningOfPeriod,기초자본,equity,제 23 기 반기,-159032605668,,,,,1,KRW
091990,00554024,셀트리온헬스케어,2022,H1,11012,OFS,,SCE,자본변동표,dart_EquityAtBeginningOfPeriod,기초자본,equity,제 23 기 반기,0,,,,,1,KRW
091990,00554024,셀트리온헬스케어,2022,H1,11012,OFS,,SCE,자본변동표,dart_EquityAtBeginningOfPeriod,기초자본,equity,제 23 기 반기,726916409116,,,,,1,KRW
091990,00554024,셀트리온헬스케어,2022,H1,11012,OFS,,SCE,자본변동표,dart_EquityAtBeginningOfPeriod,기초자본,equity,제 23 기 반기,155028498000,,,,,1,KRW
091990,00554024,셀트리온헬스케어,2022,H1,11012,OFS,,SCE,자본변동표,dart_EquityAtBeginningOfPeriod,기초자본,equity,제 23 기 반기,1412550535722,,,,,1,KRW
091990,00554024,셀트리온헬스케어,2022,H1,11012,OFS,,SCE,자본변동표,ifrs-full_ProfitLoss,반기순이익,net_income,제 23 기 반기,0,,,,,2,KRW
091990,00554024,셀트리온헬스케어,2022,H1,11012,OFS,,SCE,자본변동표,ifrs-full_ProfitLoss,반기순이익,net_income,제 23 기 반기,0,,,,,2,KRW
091990,00554024,셀트리온헬스케어,2022,H1,11012,OFS,,SCE,자본변동표,ifrs-full_ProfitLoss,반기순이익,net_income,제 23 기 반기,182367210883,,,,,2,KRW
091990,00554024,셀트리온헬스케어,2022,H1,11012,OFS,,SCE,자본변동표,ifrs-full_ProfitLoss,반기순이익,net_income,제 23 기 반기,0,,,,,2,KRW
091990,00554024,셀트리온헬스케어,2022,H1,11012,OFS,,SCE,자본변동표,ifrs-full_ProfitLoss,반기순이익,net_income,제 23 기 반기,0,,,,,2,KRW
091990,00554024,셀트리온헬스케어,2022,H1,11012,OFS,,SCE,자본변동표,ifrs-full_ProfitLoss,반기순이익,net_income,제 23 기 반기,100552067720,,,,,2,KRW
091990,00554024,셀트리온헬스케어,2022,H1,11012,OFS,,SCE,자본변동표,ifrs-full_Equity,기말자본,equity,제 23 기 반기,158154885000,,,,,8,KRW
091990,00554024,셀트리온헬스케어,2022,H1,11012,OFS,,SCE,자본변동표,ifrs-full_Equity,기말자본,equity,제 23 기 반기,866361778819,,,,,8,KRW
091990,00554024,셀트리온헬스케어,2022,H1,11012,OFS,,SCE,자본변동표,ifrs-full_Equity,기말자본,equity,제 23 기 반기,0,,,,,8,KRW
091990,00554024,셀트리온헬스케어,2022,H1,11012,OFS,,SCE,자본변동표,ifrs-full_Equity,기말자본,equity,제 23 기 반기,-246175279253,,,,,8,KRW
091990,00554024,셀트리온헬스케어,2022,H1,11012,OFS,,SCE,자본변동표,ifrs-full_Equity,기말자본,equity,제 23 기 반기,2192915803585,,,,,8,KRW
091990,00554024,셀트리온헬스케어,2022,H1,11012,OFS,,SCE,자본변동표,ifrs-full_Equity,기말자본,equity,제 23 기 반기,1414574419019,,,,,8,KRW
091990,00554024,셀트리온헬스케어,2022,Q3,11014,CFS,,BS,재무상태표,ifrs-full_EquityAttributableToOwnersOfParent,지배기업의 소유주에게 귀속되는 자본,equity,제 23 기 3분기말,2194903179173,,제 22 기말,2105767724138,,32,KRW
091990,00554024,셀트리온헬스케어,2022,Q3,11014,CFS,,BS,재무상태표,dart_ElementsOfOtherStockholdersEquity,기타자본항목,equity,제 23 기 3분기말,-244660191196,,제 22 기말,-159032605406,,35,KRW
091990,00554024,셀트리온헬스케어,2022,Q3,11014,CFS,,BS,재무상태표,ifrs-full_Equity,자본총계,equity,제 23 기 3분기말,2194903209459,,제 22 기말,2105767609017,,39,KRW
091990,00554024,셀트리온헬스케어,2022,Q3,11014,CFS,,BS,재무상태표,ifrs-full_EquityAndLiabilities,자본과부채총계,equity,제 23 기 3분기말,4559037990647,,제 22 기말,3914694233589,,40,KRW
091990,00554024,셀트리온헬스케어,2022,Q3,11014,CFS,,CIS,포괄손익계산서,dart_OperatingIncomeLoss,영업이익,operating_profit,제 23 기 3분기,72505148354,191623322099,,,129654662821,4,KRW
091990,00554024,셀트리온헬스케어,2022,Q3,11014,CFS,,CIS,포괄손익계산서,ifrs-full_ProfitLossBeforeTax,법인세비용차감전순이익,net_income,제 23 기 3분기,185164484338,341716408810,,,175351219476,10,KRW
091990,00554024,셀트리온헬스케어,2022,Q3,11014,CFS,,CIS,포괄손익계산서,ifrs-full_ProfitLoss,분기순이익,net_income,제 23 기 3분기,137627816692,220330016710,,,135830344673,12,KRW
091990,00554024,셀트리온헬스케어,2022,Q3,11014,CFS,,CF,현금흐름표,ifrs-full_CashFlowsFromUsedInOperatingActivities,영업활동현금흐름,cfo,제 23 기 3분기,125479132134,,,,,0,KRW
091990,00554024,셀트리온헬스케어,2022,Q3,11014,CFS,,CF,현금흐름표,ifrs-full_PurchaseOfPropertyPlantAndEquipmentClassifiedAsInvestingActivities,유형자산의 취득,capex,제 23 기 3분기,459077802,,,,,18,KRW
091990,00554024,셀트리온헬스케어,2022,Q3,11014,CFS,,CF,현금흐름표,ifrs-full_PurchaseOfIntangibleAssetsClassifiedAsInvestingActivities,무형자산의 취득,capex,제 23 기 3분기,391120014,,,,,19,KRW
091990,00554024,셀트리온헬스케어,2022,Q3,11014,CFS,,SCE,자본변동표,dart_EquityAtBeginningOfPeriod,기초자본,equity,제 23 기 3분기,155028498000,,,,,1,KRW
091990,00554024,셀트리온헬스케어,2022,Q3,11014,CFS,,SCE,자본변동표,dart_EquityAtBeginningOfPeriod,기초자본,equity,제 23 기 3분기,712495930309,,,,,1,KRW
091990,00554024,셀트리온헬스케어,2022,Q3,11014,CFS,,SCE,자본변동표,dart_EquityAtBeginningOfPeriod,기초자본,equity,제 23 기 3분기,-15274634487,,,,,1,KRW
091990,00554024,셀트리온헬스케어,2022,Q3,11014,CFS,,SCE,자본변동표,dart_EquityAtBeginningOfPeriod,기초자본,equity,제 23 기 3분기,-159032605406,,,,,1,KRW
091990,00554024,셀트리온헬스케어,2022,Q3,11014,CFS,,SCE,자본변동표,dart_EquityAtBeginningOfPeriod,기초자본,equity,제 23 기 3분기,2105767724138,,,,,1,KRW
091990,00554024,셀트리온헬스케어,2022,Q3,11014,CFS,,SCE,자본변동표,dart_EquityAtBeginningOfPeriod,기초자본,equity,제 23 기 3분기,-115121,,,,,1,KRW
091990,00554024,셀트리온헬스케어,2022,Q3,11014,CFS,,SCE,자본변동표,dart_EquityAtBeginningOfPeriod,기초자본,equity,제 23 기 3분기,2105767609017,,,,,1,KRW
091990,00554024,셀트리온헬스케어,2022,Q3,11014,CFS,,SCE,자본변동표,dart_EquityAtBeginningOfPeriod,기초자본,equity,제 23 기 3분기,1412550535722,,,,,1,KRW
091990,00554024,셀트리온헬스케어,2022,Q3,11014,CFS,,SCE,자본변동표,ifrs-full_ProfitLoss,분기순이익,net_income,제 23 기 3분기,0,,,,,2,KRW
091990,00554024,셀트리온헬스케어,2022,Q3,11014,CFS,,SCE,자본변동표,ifrs-full_ProfitLoss,분기순이익,net_income,제 23 기 3분기,0,,,,,2,KRW
091990,00554024,셀트리온헬스케어,2022,Q3,11014,CFS,,SCE,자본변동표,ifrs-full_ProfitLoss,분기순이익,net_income,제 23 기 3분기,220329876567,,,,,2,KRW
091990,00554024,셀트리온헬스케어,2022,Q3,11014,CFS,,SCE,자본변동표,ifrs-full_ProfitLoss,분기순이익,net_income,제 23 기 3분기,0,,,,,2,KRW
091990,00554024,셀트리온헬스케어,2022,Q3,11014,CFS,,SCE,자본변동표,ifrs-full_ProfitLoss,분기순이익,net_income,제 23 기 3분기,0,,,,,2,KRW
091990,00554024,셀트리온헬스케어,2022,Q3,11014,CFS,,SCE,자본변동표,ifrs-full_ProfitLoss,분기순이익,net_income,제 23 기 3분기,220329876567,,,,,2,KRW
091990,00554024,셀트리온헬스케어,2022,Q3,11014,CFS,,SCE,자본변동표,ifrs-full_ProfitLoss,분기순이익,net_income,제 23 기 3분기,137627816692,,,,,2,KRW
091990,00554024,셀트리온헬스케어,2022,Q3,11014,CFS,,SCE,자본변동표,ifrs-full_ProfitLoss,분기순이익,net_income,제 23 기 3분기,140143,,,,,2,KRW
091990,00554024,셀트리온헬스케어,2022,Q3,11014,CFS,,SCE,자본변동표,ifrs-full_Equity,기말자본,equity,제 23 기 3분기,2194903209459,,,,,11,KRW
091990,00554024,셀트리온헬스케어,2022,Q3,11014,CFS,,SCE,자본변동표,ifrs-full_Equity,기말자본,equity,제 23 기 3분기,30286,,,,,11,KRW
091990,00554024,셀트리온헬스케어,2022,Q3,11014,CFS,,SCE,자본변동표,ifrs-full_Equity,기말자본,equity,제 23 기 3분기,2194903179173,,,,,11,KRW
091990,00554024,셀트리온헬스케어,2022,Q3,11014,CFS,,SCE,자본변동표,ifrs-full_Equity,기말자본,equity,제 23 기 3분기,-244660191196,,,,,11,KRW
091990,00554024,셀트리온헬스케어,2022,Q3,11014,CFS,,SCE,자본변동표,ifrs-full_Equity,기말자본,equity,제 23 기 3분기,-25855135672,,,,,11,KRW
091990,00554024,셀트리온헬스케어,2022,Q3,11014,CFS,,SCE,자본변동표,ifrs-full_Equity,기말자본,equity,제 23 기 3분기,889903965696,,,,,11,KRW
091990,00554024,셀트리온헬스케어,2022,Q3,11014,CFS,,SCE,자본변동표,ifrs-full_Equity,기말자본,equity,제 23 기 3분기,1417272218345,,,,,11,KRW
091990,00554024,셀트리온헬스케어,2022,Q3,11014,CFS,,SCE,자본변동표,ifrs-full_Equity,기말자본,equity,제 23 기 3분기,158242322000,,,,,11,KRW
091990,00554024,셀트리온헬스케어,2022,Q3,11014,OFS,,BS,재무상태표,dart_ElementsOfOtherStockholdersEquity,기타자본항목,equity,제 23 기 3분기말,-244660170236,,제 22 기말,-159032605668,,32,KRW
091990,00554024,셀트리온헬스케어,2022,Q3,11014,OFS,,BS,재무상태표,ifrs-full_Equity,자본총계,equity,제 23 기 3분기말,2309639438030,,제 22 기말,2135462837170,,34,KRW
091990,00554024,셀트리온헬스케어,2022,Q3,11014,OFS,,BS,재무상태표,ifrs-full_EquityAndLiabilities,자본과부채총계,equity,제 23 기 3분기말,3961394223611,,제 22 기말,3457108483675,,35,KRW
091990,00554024,셀트리온헬스케어,2022,Q3,11014,OFS,,CIS,포괄손익계산서,dart_OperatingIncomeLoss,영업이익,operating_profit,제 23 기 3분기,34922938056,254789630321,,,100479197509,4,KRW
091990,00554024,셀트리온헬스케어,2022,Q3,11014,OFS,,CIS,포괄손익계산서,ifrs-full_ProfitLossBeforeTax,법인세비용차감전순이익,net_income,제 23 기 3분기,156020893785,421192086041,,,152405220860,9,KRW
091990,00554024,셀트리온헬스케어,2022,Q3,11014,OFS,,CIS,포괄손익계산서,ifrs-full_ProfitLoss,분기순이익,net_income,제 23 기 3분기,112423289102,294790499985,,,116874673148,11,KRW
091990,00554024,셀트리온헬스케어,2022,Q3,11014,OFS,,CF,현금흐름표,ifrs-full_CashFlowsFromUsedInOperatingActivities,영업활동현금흐름,cfo,제 23 기 3분기,46055638126,,,,,0,KRW
091990,00554024,셀트리온헬스케어,2022,Q3,11014,OFS,,CF,현금흐름표,ifrs-full_PurchaseOfPropertyPlantAndEquipmentClassifiedAsInvestingActivities,유형자산의 취득,capex,제 23 기 3분기,3566000,,,,,17,KRW
091990,00554024,셀트리온헬스케어,2022,Q3,11014,OFS,,CF,현금흐름표,ifrs-full_PurchaseOfIntangibleAssetsClassifiedAsInvestingActivities,무형자산의 취득,capex,제 23 기 3분기,386876056,,,,,18,KRW
091990,00554024,셀트리온헬스케어,2022,Q3,11014,OFS,,SCE,자본변동표,dart_EquityAtBeginningOfPeriod,기초자본,equity,제 23 기 3분기,2135462837170,,,,,1,KRW
091990,00554024,셀트리온헬스케어,2022,Q3,11014,OFS,,SCE,자본변동표,dart_EquityAtBeginningOfPeriod,기초자본,equity,제 23 기 3분기,-159032605668,,,,,1,KRW
091990,00554024,셀트리온헬스케어,2022,Q3,11014,OFS,,SCE,자본변동표,dart_EquityAtBeginningOfPeriod,기초자본,equity,제 23 기 3분기,0,,,,,1,KRW
091990,00554024,셀트리온헬스케어,2022,Q3,11014,OFS,,SCE,자본변동표,dart_EquityAtBeginningOfPeriod,기초자본,equity,제 23 기 3분기,726916409116,,,,,1,KRW
091990,00554024,셀트리온헬스케어,2022,Q3,11014,OFS,,SCE,자본변동표,dart_EquityAtBeginningOfPeriod,기초자본,equity,제 23 기 3분기,155028498000,,,,,1,KRW
091990,00554024,셀트리온헬스케어,2022,Q3,11014,OFS,,SCE,자본변동표,dart_EquityAtBeginningOfPeriod,기초자본,equity,제 23 기 3분기,1412550535722,,,,,1,KRW
091990,00554024,셀트리온헬스케어,2022,Q3,11014,OFS,,SCE,자본변동표,ifrs-full_ProfitLoss,분기순이익,net_income,제 23 기 3분기,0,,,,,2,KRW
091990,00554024,셀트리온헬스케어,2022,Q3,11014,OFS,,SCE,자본변동표,ifrs-full_ProfitLoss,분기순이익,net_income,제 23 기 3분기,0,,,,,2,KRW
091990,00554024,셀트리온헬스케어,2022,Q3,11014,OFS,,SCE,자본변동표,ifrs-full_ProfitLoss,분기순이익,net_income,제 23 기 3분기,294790499985,,,,,2,KRW
091990,00554024,셀트리온헬스케어,2022,Q3,11014,OFS,,SCE,자본변동표,ifrs-full_ProfitLoss,분기순이익,net_income,제 23 기 3분기,0,,,,,2,KRW
091990,00554024,셀트리온헬스케어,2022,Q3,11014,OFS,,SCE,자본변동표,ifrs-full_ProfitLoss,분기순이익,net_income,제 23 기 3분기,0,,,,,2,KRW
091990,00554024,셀트리온헬스케어,2022,Q3,11014,OFS,,SCE,자본변동표,ifrs-full_ProfitLoss,분기순이익,net_income,제 23 기 3분기,112423289102,,,,,2,KRW
091990,00554024,셀트리온헬스케어,2022,Q3,11014,OFS,,SCE,자본변동표,ifrs-full_Equity,기말자본,equity,제 23 기 3분기,158242322000,,,,,8,KRW
091990,00554024,셀트리온헬스케어,2022,Q3,11014,OFS,,SCE,자본변동표,ifrs-full_Equity,기말자본,equity,제 23 기 3분기,978785067921,,,,,8,KRW
091990,00554024,셀트리온헬스케어,2022,Q3,11014,OFS,,SCE,자본변동표,ifrs-full_Equity,기말자본,equity,제 23 기 3분기,0,,,,,8,KRW
091990,00554024,셀트리온헬스케어,2022,Q3,11014,OFS,,SCE,자본변동표,ifrs-full_Equity,기말자본,equity,제 23 기 3분기,-244660170236,,,,,8,KRW
091990,00554024,셀트리온헬스케어,2022,Q3,11014,OFS,,SCE,자본변동표,ifrs-full_Equity,기말자본,equity,제 23 기 3분기,2309639438030,,,,,8,KRW
091990,00554024,셀트리온헬스케어,2022,Q3,11014,OFS,,SCE,자본변동표,ifrs-full_Equity,기말자본,equity,제 23 기 3분기,1417272218345,,,,,8,KRW
091990,00554024,셀트리온헬스케어,2022,FY,11011,CFS,,BS,재무상태표,ifrs-full_EquityAttributableToOwnersOfParent,지배기업의 소유주에게 귀속되는 자본,equity,제 23 기,2061791379795,,제 22 기,2105767724138,,32,KRW
091990,00554024,셀트리온헬스케어,2022,FY,11011,CFS,,BS,재무상태표,dart_ElementsOfOtherStockholdersEquity,기타자본항목,equity,제 23 기,-242518066079,,제 22 기,-159032605406,,35,KRW
091990,00554024,셀트리온헬스케어,2022,FY,11011,CFS,,BS,재무상태표,ifrs-full_Equity,당기말자본,equity,제 23 기,2061791406655,,제 22 기,2105767609017,,39,KRW
091990,00554024,셀트리온헬스케어,2022,FY,11011,CFS,,BS,재무상태표,ifrs-full_EquityAndLiabilities,자본과부채총계,equity,제 23 기,4454598566766,,제 22 기,3914694233589,,40,KRW
091990,00554024,셀트리온헬스케어,2022,FY,11011,CFS,,CIS,포괄손익계산서,dart_OperatingIncomeLoss,영업이익,operating_profit,제 23 기,228887112078,,제 22 기,199437459085,,4,KRW
091990,00554024,셀트리온헬스케어,2022,FY,11011,CFS,,CIS,포괄손익계산서,ifrs-full_ProfitLossBeforeTax,법인세비용차감전순이익,net_income,제 23 기,229572580126,,제 22 기,198256909181,,10,KRW
091990,00554024,셀트리온헬스케어,2022,FY,11011,CFS,,CIS,포괄손익계산서,ifrs-full_ProfitLoss,당기순이익(손실),net_income,제 23 기,147178596149,,제 22 기,152567141281,,12,KRW
091990,00554024,셀트리온헬스케어,2022,FY,11011,CFS,,CIS,포괄손익계산서,ifrs-full_ProfitLossAttributableToOwnersOfParent,지배기업소유주지분,net_income,제 23 기,147178481568,,제 22 기,152567160616,,14,KRW
091990,00554024,셀트리온헬스케어,2022,FY,11011,CFS,,CIS,포괄손익계산서,ifrs-full_ProfitLossAttributableToNoncontrollingInterests,비지배지분,net_income,제 23 기,114581,,제 22 기,-19335,,15,KRW
091990,00554024,셀트리온헬스케어,2022,FY,11011,CFS,,CF,현금흐름표,ifrs-full_CashFlowsFromUsedInOperatingActivities,영업활동현금흐름,cfo,제 23 기,202118630217,,제 22 기,-175312364521,,0,KRW
091990,00554024,셀트리온헬스케어,2022,FY,11011,CFS,,CF,현금흐름표,ifrs-full_PurchaseOfPropertyPlantAndEquipmentClassifiedAsInvestingActivities,유형자산의 취득,capex,제 23 기,881291211,,제 22 기,604126671,,20,KRW
091990,00554024,셀트리온헬스케어,2022,FY,11011,CFS,,CF,현금흐름표,ifrs-full_PurchaseOfIntangibleAssetsClassifiedAsInvestingActivities,무형자산의 취득,capex,제 23 기,898982703,,제 22 기,22203253610,,21,KRW
091990,00554024,셀트리온헬스케어,2022,FY,11011,CFS,,SCE,자본변동표,dart_EquityAtBeginningOfPeriod,기초자본,equity,제 23 기,155028498000,,제 22 기,151809822000,,1,KRW
091990,00554024,셀트리온헬스케어,2022,FY,11011,CFS,,SCE,자본변동표,dart_EquityAtBeginningOfPeriod,기초자본,equity,제 23 기,712495930309,,제 22 기,562931982693,,1,KRW
091990,00554024,셀트리온헬스케어,2022,FY,11011,CFS,,SCE,자본변동표,dart_EquityAtBeginningOfPeriod,기초자본,equity,제 23 기,-15274634487,,제 22 기,-34422560982,,1,KRW
091990,00554024,셀트리온헬스케어,2022,FY,11011,CFS,,SCE,자본변동표,dart_EquityAtBeginningOfPeriod,기초자본,equity,제 23 기,-159032605406,,제 22 기,-155941870577,,1,KRW
091990,00554024,셀트리온헬스케어,2022,FY,11011,CFS,,SCE,자본변동표,dart_EquityAtBeginningOfPeriod,기초자본,equity,제 23 기,2105767724138,,제 22 기,1932929872653,,1,KRW
091990,00554024,셀트리온헬스케어,2022,FY,11011,CFS,,SCE,자본변동표,dart_EquityAtBeginningOfPeriod,기초자본,equity,제 23 기,-115121,,제 22 기,-127874,,1,KRW
091990,00554024,셀트리온헬스케어,2022,FY,11011,CFS,,SCE,자본변동표,dart_EquityAtBeginningOfPeriod,기초자본,equity,제 23 기,2105767609017,,제 22 기,1932929744779,,1,KRW
091990,00554024,셀트리온헬스케어,2022,FY,11011,CFS,,SCE,자본변동표,dart_EquityAtBeginningOfPeriod,기초자본,equity,제 23 기,1412550535722,,제 22 기,1408552499519,,1,KRW
091990,00554024,셀트리온헬스케어,2022,FY,11011,CFS,,SCE,자본변동표,ifrs-full_ProfitLoss,당기순이익(손실),net_income,제 23 기,0,,제 22 기,0,,2,KRW
091990,00554024,셀트리온헬스케어,2022,FY,11011,CFS,,SCE,자본변동표,ifrs-full_ProfitLoss,당기순이익(손실),net_income,제 23 기,0,,제 22 기,0,,2,KRW
091990,00554024,셀트리온헬스케어,2022,FY,11011,CFS,,SCE,자본변동표,ifrs-full_ProfitLoss,당기순이익(손실),net_income,제 23 기,147178481568,,제 22 기,152567160616,,2,KRW
091990,00554024,셀트리온헬스케어,2022,FY,11011,CFS,,SCE,자본변동표,ifrs-full_ProfitLoss,당기순이익(손실),net_income,제 23 기,0,,제 22 기,0,,2,KRW
091990,00554024,셀트리온헬스케어,2022,FY,11011,CFS,,SCE,자본변동표,ifrs-full_ProfitLoss,당기순이익(손실),net_income,제 23 기,0,,제 22 기,0,,2,KRW
091990,00554024,셀트리온헬스케어,2022,FY,11011,CFS,,SCE,자본변동표,ifrs-full_ProfitLoss,당기순이익(손실),net_income,제 23 기,147178481568,,제 22 기,152567160616,,2,KRW
091990,00554024,셀트리온헬스케어,2022,FY,11011,CFS,,SCE,자본변동표,ifrs-full_ProfitLoss,당기순이익(손실),net_income,제 23 기,147178596149,,제 22 기,152567141281,,2,KRW
091990,00554024,셀트리온헬스케어,2022,FY,11011,CFS,,SCE,자본변동표,ifrs-full_ProfitLoss,당기순이익(손실),net_income,제 23 기,114581,,제 22 기,-19335,,2,KRW
091990,00554024,셀트리온헬스케어,2022,FY,11011,CFS,,SCE,자본변동표,ifrs-full_Equity,당기말자본,equity,제 23 기,2061791406655,,제 22 기,2105767609017,,11,KRW
091990,00554024,셀트리온헬스케어,2022,FY,11011,CFS,,SCE,자본변동표,ifrs-full_Equity,당기말자본,equity,제 23 기,26860,,제 22 기,-115121,,11,KRW
091990,00554024,셀트리온헬스케어,2022,FY,11011,CFS,,SCE,자본변동표,ifrs-full_Equity,당기말자본,equity,제 23 기,2061791379795,,제 22 기,2105767724138,,11,KRW
091990,00554024,셀트리온헬스케어,2022,FY,11011,CFS,,SCE,자본변동표,ifrs-full_Equity,당기말자본,equity,제 23 기,-242518066079,,제 22 기,-159032605406,,11,KRW
091990,00554024,셀트리온헬스케어,2022,FY,11011,CFS,,SCE,자본변동표,ifrs-full_Equity,당기말자본,equity,제 23 기,-87957665168,,제 22 기,-15274634487,,11,KRW
091990,00554024,셀트리온헬스케어,2022,FY,11011,CFS,,SCE,자본변동표,ifrs-full_Equity,당기말자본,equity,제 23 기,816752570697,,제 22 기,712495930309,,11,KRW
091990,00554024,셀트리온헬스케어,2022,FY,11011,CFS,,SCE,자본변동표,ifrs-full_Equity,당기말자본,equity,제 23 기,1417272218345,,제 22 기,1412550535722,,11,KRW
091990,00554024,셀트리온헬스케어,2022,FY,11011,CFS,,SCE,자본변동표,ifrs-full_Equity,당기말자본,equity,제 23 기,158242322000,,제 22 기,155028498000,,11,KRW
091990,00554024,셀트리온헬스케어,2022,FY,11011,OFS,,BS,재무상태표,dart_ElementsOfOtherStockholdersEquity,기타자본항목,equity,제 23 기,-242518052023,,제 22 기,-159032605668,,32,KRW
091990,00554024,셀트리온헬스케어,2022,FY,11011,OFS,,BS,재무상태표,ifrs-full_Equity,당기말자본,equity,제 23 기,2054771466410,,제 22 기,2135462837170,,34,KRW
091990,00554024,셀트리온헬스케어,2022,FY,11011,OFS,,BS,재무상태표,ifrs-full_EquityAndLiabilities,자본과부채총계,equity,제 23 기,3840669021273,,제 22 기,3457108483675,,35,KRW
091990,00554024,셀트리온헬스케어,2022,FY,11011,OFS,,CIS,포괄손익계산서,dart_OperatingIncomeLoss,영업이익,operating_profit,제 23 기,64120412291,,제 22 기,91338329688,,4,KRW
091990,00554024,셀트리온헬스케어,2022,FY,11011,OFS,,CIS,포괄손익계산서,ifrs-full_ProfitLossBeforeTax,법인세비용차감전순이익,net_income,제 23 기,66782928444,,제 22 기,97661746029,,9,KRW
091990,00554024,셀트리온헬스케어,2022,FY,11011,OFS,,CIS,포괄손익계산서,ifrs-full_ProfitLoss,당기순이익(손실),net_income,제 23 기,37780410152,,제 22 기,76205311202,,11,KRW
091990,00554024,셀트리온헬스케어,2022,FY,11011,OFS,,CF,현금흐름표,ifrs-full_CashFlowsFromUsedInOperatingActivities,영업활동현금흐름,cfo,제 23 기,157701022938,,제 22 기,45637339157,,0,KRW
091990,00554024,셀트리온헬스케어,2022,FY,11011,OFS,,CF,현금흐름표,ifrs-full_PurchaseOfPropertyPlantAndEquipmentClassifiedAsInvestingActivities,유형자산의 취득,capex,제 23 기,4049028,,제 22 기,18574302,,19,KRW
091990,00554024,셀트리온헬스케어,2022,FY,11011,OFS,,CF,현금흐름표,ifrs-full_PurchaseOfIntangibleAssetsClassifiedAsInvestingActivities,무형자산의 취득,capex,제 23 기,386876056,,제 22 기,22060181126,,20,KRW
091990,00554024,셀트리온헬스케어,2022,FY,11011,OFS,,SCE,자본변동표,dart_EquityAtBeginningOfPeriod,기초자본,equity,제 23 기,2135462837170,,제 22 기,2058134741447,,1,KRW
091990,00554024,셀트리온헬스케어,2022,FY,11011,OFS,,SCE,자본변동표,dart_EquityAtBeginningOfPeriod,기초자본,equity,제 23 기,-159032605668,,제 22 기,-155941890986,,1,KRW
091990,00554024,셀트리온헬스케어,2022,FY,11011,OFS,,SCE,자본변동표,dart_EquityAtBeginningOfPeriod,기초자본,equity,제 23 기,0,,제 22 기,0,,1,KRW
091990,00554024,셀트리온헬스케어,2022,FY,11011,OFS,,SCE,자본변동표,dart_EquityAtBeginningOfPeriod,기초자본,equity,제 23 기,726916409116,,제 22 기,653714310914,,1,KRW
091990,00554024,셀트리온헬스케어,2022,FY,11011,OFS,,SCE,자본변동표,dart_EquityAtBeginningOfPeriod,기초자본,equity,제 23 기,155028498000,,제 22 기,151809822000,,1,KRW
091990,00554024,셀트리온헬스케어,2022,FY,11011,OFS,,SCE,자본변동표,dart_EquityAtBeginningOfPeriod,기초자본,equity,제 23 기,1412550535722,,제 22 기,1408552499519,,1,KRW
091990,00554024,셀트리온헬스케어,2022,FY,11011,OFS,,SCE,자본변동표,ifrs-full_ProfitLoss,당기순이익(손실),net_income,제 23 기,0,,제 22 기,0,,2,KRW
091990,00554024,셀트리온헬스케어,2022,FY,11011,OFS,,SCE,자본변동표,ifrs-full_ProfitLoss,당기순이익(손실),net_income,제 23 기,0,,제 22 기,0,,2,KRW
091990,00554024,셀트리온헬스케어,2022,FY,11011,OFS,,SCE,자본변동표,ifrs-full_ProfitLoss,당기순이익(손실),net_income,제 23 기,37780410152,,제 22 기,76205311202,,2,KRW
091990,00554024,셀트리온헬스케어,2022,FY,11011,OFS,,SCE,자본변동표,ifrs-full_ProfitLoss,당기순이익(손실),net_income,제 23 기,0,,제 22 기,0,,2,KRW
091990,00554024,셀트리온헬스케어,2022,FY,11011,OFS,,SCE,자본변동표,ifrs-full_ProfitLoss,당기순이익(손실),net_income,제 23 기,0,,제 22 기,0,,2,KRW
091990,00554024,셀트리온헬스케어,2022,FY,11011,OFS,,SCE,자본변동표,ifrs-full_ProfitLoss,당기순이익(손실),net_income,제 23 기,37780410152,,제 22 기,76205311202,,2,KRW
091990,00554024,셀트리온헬스케어,2022,FY,11011,OFS,,SCE,자본변동표,ifrs-full_Equity,당기말자본,equity,제 23 기,158242322000,,제 22 기,155028498000,,8,KRW
091990,00554024,셀트리온헬스케어,2022,FY,11011,OFS,,SCE,자본변동표,ifrs-full_Equity,당기말자본,equity,제 23 기,721774978088,,제 22 기,726916409116,,8,KRW
091990,00554024,셀트리온헬스케어,2022,FY,11011,OFS,,SCE,자본변동표,ifrs-full_Equity,당기말자본,equity,제 23 기,0,,제 22 기,0,,8,KRW
091990,00554024,셀트리온헬스케어,2022,FY,11011,OFS,,SCE,자본변동표,ifrs-full_Equity,당기말자본,equity,제 23 기,-242518052023,,제 22 기,-159032605668,,8,KRW
091990,00554024,셀트리온헬스케어,2022,FY,11011,OFS,,SCE,자본변동표,ifrs-full_Equity,당기말자본,equity,제 23 기,2054771466410,,제 22 기,2135462837170,,8,KRW
091990,00554024,셀트리온헬스케어,2022,FY,11011,OFS,,SCE,자본변동표,ifrs-full_Equity,당기말자본,equity,제 23 기,1417272218345,,제 22 기,1412550535722,,8,KRW
